court_id,site_id,county,from,to,year_from,year_to,confidence,n_courts_to,flagged,flag_reasons
oh_3852671_-8266865:c001,oh_3852671_-8266865,Lawrence,tennis,removed,2015,2016,0.623,1,False,
oh_3852671_-8266865:c001,oh_3852671_-8266865,Lawrence,removed,hybrid,2017,2018,0.338,1,True,low_confidence;reversion
oh_3852671_-8266865:c001,oh_3852671_-8266865,Lawrence,hybrid,removed,2019,2020,0.301,1,True,low_confidence
oh_3852671_-8266865:c002,oh_3852671_-8266865,Lawrence,tennis,removed,2014,2015,0.469,1,True,low_confidence
oh_3852671_-8266865:c002,oh_3852671_-8266865,Lawrence,removed,hybrid,2017,2018,0.48,1,True,low_confidence;reversion
oh_3852671_-8266865:c002,oh_3852671_-8266865,Lawrence,hybrid,removed,2020,2021,0.648,1,False,
oh_3852671_-8266865:c003,oh_3852671_-8266865,Lawrence,tennis,removed,2014,2015,0.454,1,True,low_confidence
oh_3852671_-8266865:c003,oh_3852671_-8266865,Lawrence,removed,hybrid,2017,2018,0.393,1,True,low_confidence;reversion
oh_3852671_-8266865:c003,oh_3852671_-8266865,Lawrence,hybrid,removed,2021,2022,0.503,1,True,low_confidence
oh_3852671_-8266865:c004,oh_3852671_-8266865,Lawrence,tennis,removed,2015,2016,0.43,1,True,low_confidence
oh_3852671_-8266865:c004,oh_3852671_-8266865,Lawrence,removed,hybrid,2016,2017,0.539,1,True,low_confidence;reversion
oh_3852671_-8266865:c004,oh_3852671_-8266865,Lawrence,hybrid,removed,2021,2022,0.817,1,False,
oh_3853334_-8267546:c001,oh_3853334_-8267546,Lawrence,tennis,removed,2013,2014,0.358,1,True,low_confidence
oh_3853334_-8267546:c001,oh_3853334_-8267546,Lawrence,removed,hybrid,2021,2022,0.3,1,True,low_confidence;reversion
oh_3853873_-8268786:c001,oh_3853873_-8268786,Lawrence,tennis,removed,2012,2015,0.473,1,True,low_confidence
oh_3853873_-8268786:c001,oh_3853873_-8268786,Lawrence,removed,pickleball,2020,2021,0.427,3,True,low_confidence;reversion
oh_3853873_-8268786:c002,oh_3853873_-8268786,Lawrence,removed,pickleball,2020,2021,0.556,3,True,low_confidence;reversion
oh_3855592_-8271124:c001,oh_3855592_-8271124,Lawrence,removed,tennis,2012,2014,0.47,1,True,low_confidence;reversion
oh_3855592_-8271124:c001,oh_3855592_-8271124,Lawrence,tennis,removed,2014,2016,0.489,1,True,low_confidence
oh_3855592_-8271124:c002,oh_3855592_-8271124,Lawrence,removed,tennis,2016,2017,0.616,1,True,reversion
oh_3855592_-8271124:c002,oh_3855592_-8271124,Lawrence,tennis,removed,2017,2018,0.452,1,True,low_confidence
oh_3869573_-8310158:c001,oh_3869573_-8310158,Scioto,tennis,removed,2014,2015,0.784,1,False,
oh_3869573_-8310158:c001,oh_3869573_-8310158,Scioto,removed,hybrid,2017,2018,0.774,1,True,reversion
oh_3871971_-8304723:c001,oh_3871971_-8304723,Scioto,tennis,removed,2014,2015,0.872,1,False,
oh_3871971_-8304723:c001,oh_3871971_-8304723,Scioto,removed,tennis,2016,2017,0.543,1,True,low_confidence;reversion
oh_3871971_-8304723:c001,oh_3871971_-8304723,Scioto,tennis,hybrid,2017,2018,0.543,1,True,low_confidence
oh_3871971_-8304723:c001,oh_3871971_-8304723,Scioto,hybrid,removed,2018,2019,0.363,1,True,low_confidence
oh_3871971_-8304723:c001,oh_3871971_-8304723,Scioto,removed,hybrid,2020,2021,0.711,1,True,reversion
oh_3871971_-8304723:c001,oh_3871971_-8304723,Scioto,hybrid,tennis,2021,2022,0.711,1,True,reversion
oh_3871971_-8304723:c001,oh_3871971_-8304723,Scioto,tennis,hybrid,2022,2023,0.757,1,False,
oh_3871971_-8304723:c002,oh_3871971_-8304723,Scioto,tennis,removed,2019,2020,0.501,1,True,low_confidence
oh_3871971_-8304723:c002,oh_3871971_-8304723,Scioto,removed,tennis,2020,2021,0.41,1,True,low_confidence;reversion
oh_3871971_-8304723:c002,oh_3871971_-8304723,Scioto,tennis,hybrid,2022,2023,0.934,1,False,
oh_3871971_-8304723:c003,oh_3871971_-8304723,Scioto,tennis,removed,2015,2016,0.688,1,False,
oh_3871971_-8304723:c003,oh_3871971_-8304723,Scioto,removed,tennis,2016,2017,0.727,1,True,reversion
oh_3871971_-8304723:c003,oh_3871971_-8304723,Scioto,tennis,hybrid,2017,2018,0.622,1,False,
oh_3871971_-8304723:c003,oh_3871971_-8304723,Scioto,hybrid,removed,2018,2019,0.337,1,True,low_confidence
oh_3871971_-8304723:c003,oh_3871971_-8304723,Scioto,removed,tennis,2020,2021,0.385,1,True,low_confidence;reversion
oh_3871971_-8304723:c003,oh_3871971_-8304723,Scioto,tennis,hybrid,2022,2023,0.888,1,False,
oh_3872376_-8284629:c001,oh_3872376_-8284629,Scioto,removed,tennis,2016,2018,0.374,1,True,low_confidence;reversion
oh_3872376_-8284629:c001,oh_3872376_-8284629,Scioto,tennis,hybrid,2022,2023,0.847,1,False,
oh_3872376_-8284629:c002,oh_3872376_-8284629,Scioto,removed,tennis,2016,2018,0.398,1,True,low_confidence;reversion
oh_3872376_-8284629:c002,oh_3872376_-8284629,Scioto,tennis,hybrid,2022,2023,0.855,1,False,
oh_3872376_-8284629:c003,oh_3872376_-8284629,Scioto,removed,tennis,2016,2018,0.627,1,True,reversion
oh_3872376_-8284629:c003,oh_3872376_-8284629,Scioto,tennis,hybrid,2022,2023,0.725,1,False,
oh_3873055_-8298839:c002,oh_3873055_-8298839,Scioto,tennis,hybrid,2017,2018,0.784,1,False,
oh_3873055_-8298839:c002,oh_3873055_-8298839,Scioto,hybrid,tennis,2020,2021,0.755,1,True,reversion
oh_3873055_-8298839:c003,oh_3873055_-8298839,Scioto,tennis,hybrid,2017,2018,0.778,1,False,
oh_3873055_-8298839:c003,oh_3873055_-8298839,Scioto,hybrid,tennis,2020,2021,0.579,1,True,low_confidence;reversion
oh_3873055_-8298839:c004,oh_3873055_-8298839,Scioto,tennis,hybrid,2017,2018,0.812,1,False,
oh_3873055_-8298839:c004,oh_3873055_-8298839,Scioto,hybrid,tennis,2020,2021,0.853,1,True,reversion
oh_3873055_-8298839:c006,oh_3873055_-8298839,Scioto,tennis,hybrid,2017,2018,0.849,1,False,
oh_3873055_-8298839:c006,oh_3873055_-8298839,Scioto,hybrid,tennis,2019,2020,0.475,1,True,low_confidence;reversion
oh_3873461_-8285801:c001,oh_3873461_-8285801,Scioto,removed,pickleball,2017,2018,0.395,1,True,low_confidence;reversion
oh_3873461_-8285801:c002,oh_3873461_-8285801,Scioto,removed,pickleball,2017,2018,0.417,1,True,low_confidence;reversion
oh_3873882_-8384085:c001,oh_3873882_-8384085,Brown,tennis,removed,2014,2015,0.495,1,True,low_confidence
oh_3873882_-8384085:c002,oh_3873882_-8384085,Brown,tennis,removed,2012,2013,0.552,1,True,low_confidence
oh_3873882_-8384085:c002,oh_3873882_-8384085,Brown,removed,hybrid,2017,2018,0.3,1,True,low_confidence;reversion
oh_3874142_-8320479:c001,oh_3874142_-8320479,Scioto,tennis,hybrid,2019,2023,0.498,1,True,low_confidence
oh_3874142_-8320479:c002,oh_3874142_-8320479,Scioto,tennis,removed,2011,2015,0.794,1,False,
oh_3874142_-8320479:c002,oh_3874142_-8320479,Scioto,removed,tennis,2017,2019,0.456,1,True,low_confidence;reversion
oh_3874142_-8320479:c002,oh_3874142_-8320479,Scioto,tennis,hybrid,2019,2023,0.456,1,True,low_confidence
oh_3874385_-8297608:c001,oh_3874385_-8297608,Scioto,tennis,removed,2014,2016,0.507,1,True,low_confidence
oh_3874385_-8297608:c001,oh_3874385_-8297608,Scioto,removed,hybrid,2016,2017,0.332,1,True,low_confidence;reversion
oh_3874385_-8297608:c001,oh_3874385_-8297608,Scioto,hybrid,tennis,2018,2019,0.602,1,True,reversion
oh_3874385_-8297608:c002,oh_3874385_-8297608,Scioto,tennis,removed,2012,2013,0.569,1,True,low_confidence
oh_3874385_-8297608:c002,oh_3874385_-8297608,Scioto,removed,hybrid,2016,2017,0.34,1,True,low_confidence;reversion
oh_3874385_-8297608:c002,oh_3874385_-8297608,Scioto,hybrid,tennis,2018,2019,0.705,1,True,reversion
oh_3874385_-8297608:c002,oh_3874385_-8297608,Scioto,tennis,hybrid,2020,2021,0.467,1,True,low_confidence
oh_3874385_-8297608:c002,oh_3874385_-8297608,Scioto,hybrid,tennis,2021,2022,0.727,1,True,reversion
oh_3874385_-8297608:c003,oh_3874385_-8297608,Scioto,tennis,removed,2012,2013,0.452,1,True,low_confidence
oh_3874385_-8297608:c003,oh_3874385_-8297608,Scioto,removed,pickleball,2017,2018,0.483,1,True,low_confidence;reversion
oh_3874385_-8297608:c004,oh_3874385_-8297608,Scioto,tennis,removed,2014,2015,0.477,1,True,low_confidence
oh_3874385_-8297608:c004,oh_3874385_-8297608,Scioto,removed,tennis,2016,2017,0.59,1,True,low_confidence;reversion
oh_3874385_-8297608:c004,oh_3874385_-8297608,Scioto,tennis,hybrid,2017,2018,0.791,1,False,
oh_3874385_-8297608:c004,oh_3874385_-8297608,Scioto,hybrid,tennis,2018,2019,0.784,1,True,reversion
oh_3874385_-8297608:c005,oh_3874385_-8297608,Scioto,tennis,removed,2014,2015,0.467,1,True,low_confidence
oh_3874385_-8297608:c005,oh_3874385_-8297608,Scioto,removed,hybrid,2016,2017,0.343,1,True,low_confidence;reversion
oh_3874385_-8297608:c005,oh_3874385_-8297608,Scioto,hybrid,tennis,2019,2020,0.401,1,True,low_confidence;reversion
oh_3874385_-8297608:c006,oh_3874385_-8297608,Scioto,tennis,pickleball,2014,2018,0.49,1,True,low_confidence
oh_3874385_-8297608:c007,oh_3874385_-8297608,Scioto,tennis,removed,2012,2013,0.459,1,True,low_confidence
oh_3874385_-8297608:c007,oh_3874385_-8297608,Scioto,removed,pickleball,2017,2018,0.393,1,True,low_confidence;reversion
oh_3874385_-8297608:c008,oh_3874385_-8297608,Scioto,tennis,removed,2012,2013,0.406,1,True,low_confidence
oh_3874385_-8297608:c008,oh_3874385_-8297608,Scioto,removed,pickleball,2017,2018,0.384,1,True,low_confidence;reversion
oh_3874385_-8297608:c009,oh_3874385_-8297608,Scioto,tennis,removed,2012,2013,0.491,1,True,low_confidence
oh_3874385_-8297608:c009,oh_3874385_-8297608,Scioto,removed,pickleball,2017,2018,0.365,1,True,low_confidence;reversion
oh_3874385_-8297608:c010,oh_3874385_-8297608,Scioto,tennis,removed,2014,2015,0.471,1,True,low_confidence
oh_3874385_-8297608:c010,oh_3874385_-8297608,Scioto,removed,pickleball,2017,2018,0.338,1,True,low_confidence;reversion
oh_3874385_-8297608:c011,oh_3874385_-8297608,Scioto,tennis,removed,2014,2016,0.451,1,True,low_confidence
oh_3874385_-8297608:c011,oh_3874385_-8297608,Scioto,removed,pickleball,2017,2018,0.365,1,True,low_confidence;reversion
oh_3874385_-8297608:c012,oh_3874385_-8297608,Scioto,removed,tennis,2013,2014,0.492,1,True,low_confidence;reversion
oh_3874385_-8297608:c012,oh_3874385_-8297608,Scioto,tennis,pickleball,2014,2018,0.492,1,True,low_confidence
oh_3875885_-8292709:c003,oh_3875885_-8292709,Scioto,tennis,removed,2012,2017,0.344,1,True,low_confidence
oh_3875885_-8292709:c003,oh_3875885_-8292709,Scioto,removed,tennis,2017,2018,0.588,1,True,low_confidence;reversion
oh_3875885_-8292709:c003,oh_3875885_-8292709,Scioto,tennis,hybrid,2022,2023,0.394,1,True,low_confidence
oh_3875885_-8292709:c004,oh_3875885_-8292709,Scioto,tennis,hybrid,2020,2023,0.542,1,True,low_confidence
oh_3876426_-8288919:c001,oh_3876426_-8288919,Scioto,tennis,removed,2013,2014,0.482,1,True,low_confidence
oh_3876426_-8288919:c001,oh_3876426_-8288919,Scioto,removed,tennis,2017,2018,0.362,1,True,low_confidence;reversion
oh_3876426_-8288919:c001,oh_3876426_-8288919,Scioto,tennis,hybrid,2019,2020,0.74,1,False,
oh_3876426_-8288919:c001,oh_3876426_-8288919,Scioto,hybrid,tennis,2021,2022,0.326,1,True,low_confidence;reversion
oh_3876426_-8288919:c002,oh_3876426_-8288919,Scioto,tennis,removed,2012,2013,0.756,1,False,
oh_3876426_-8288919:c002,oh_3876426_-8288919,Scioto,removed,tennis,2018,2019,0.469,1,True,low_confidence;reversion
oh_3876426_-8288919:c003,oh_3876426_-8288919,Scioto,tennis,removed,2014,2016,0.635,1,False,
oh_3876426_-8288919:c003,oh_3876426_-8288919,Scioto,removed,tennis,2017,2023,0.448,1,True,low_confidence;reversion
oh_3878544_-8297793:c001,oh_3878544_-8297793,Scioto,removed,tennis,2013,2017,0.432,1,True,low_confidence;reversion
oh_3878544_-8297793:c001,oh_3878544_-8297793,Scioto,tennis,pickleball,2017,2021,0.432,,True,low_confidence
oh_3878544_-8297793:c002,oh_3878544_-8297793,Scioto,tennis,removed,2011,2013,0.458,1,True,low_confidence
oh_3878544_-8297793:c002,oh_3878544_-8297793,Scioto,removed,tennis,2013,2017,0.41,1,True,low_confidence;reversion
oh_3878544_-8297793:c002,oh_3878544_-8297793,Scioto,tennis,pickleball,2019,2021,0.426,,True,low_confidence
oh_3878603_-8297074:c001,oh_3878603_-8297074,Scioto,removed,pickleball,2017,2019,0.901,,True,reversion
oh_3878603_-8297074:c001,oh_3878603_-8297074,Scioto,pickleball,hybrid,2021,2023,0.415,1,True,low_confidence
oh_3878603_-8297074:c002,oh_3878603_-8297074,Scioto,removed,pickleball,2017,2019,0.898,,True,reversion
oh_3878603_-8297074:c002,oh_3878603_-8297074,Scioto,pickleball,hybrid,2019,2021,0.788,1,False,
oh_3881074_-8221139:c001,oh_3881074_-8221139,Gallia,tennis,removed,2015,2018,0.473,1,True,low_confidence
oh_3881074_-8221139:c001,oh_3881074_-8221139,Gallia,removed,pickleball,2020,2023,0.403,,True,low_confidence;reversion
oh_3881193_-8220553:c001,oh_3881193_-8220553,Gallia,tennis,removed,2014,2018,0.498,1,True,low_confidence
oh_3881193_-8220553:c002,oh_3881193_-8220553,Gallia,tennis,removed,2014,2015,0.542,1,True,low_confidence
oh_3882126_-8218831:c001,oh_3882126_-8218831,Gallia,tennis,removed,2020,2022,0.371,1,True,low_confidence
oh_3882126_-8218831:c002,oh_3882126_-8218831,Gallia,tennis,hybrid,2018,2019,0.57,1,True,low_confidence
oh_3882126_-8218831:c002,oh_3882126_-8218831,Gallia,hybrid,removed,2019,2020,0.553,1,True,low_confidence
oh_3885242_-8214567:c001,oh_3885242_-8214567,Gallia,removed,tennis,2011,2014,0.602,1,True,reversion
oh_3885242_-8214567:c001,oh_3885242_-8214567,Gallia,tennis,removed,2014,2015,0.672,1,False,
oh_3886580_-8391285:c001,oh_3886580_-8391285,Brown,tennis,hybrid,2021,2023,0.311,1,True,low_confidence
oh_3887702_-8347387:c001,oh_3887702_-8347387,Adams,tennis,hybrid,2011,2013,0.704,1,False,
oh_3887702_-8347387:c001,oh_3887702_-8347387,Adams,hybrid,tennis,2013,2015,0.446,1,True,low_confidence;reversion
oh_3887702_-8347387:c001,oh_3887702_-8347387,Adams,tennis,hybrid,2019,2021,0.532,1,True,low_confidence
oh_3887702_-8347387:c001,oh_3887702_-8347387,Adams,hybrid,tennis,2021,2023,0.733,1,True,reversion
oh_3888228_-8390146:c001,oh_3888228_-8390146,Brown,pickleball,hybrid,2011,2013,0.678,1,False,
oh_3888228_-8390146:c001,oh_3888228_-8390146,Brown,hybrid,removed,2013,2015,0.678,1,False,
oh_3888228_-8390146:c001,oh_3888228_-8390146,Brown,removed,pickleball,2017,2019,0.338,,True,low_confidence;reversion
oh_3888228_-8390146:c001,oh_3888228_-8390146,Brown,pickleball,hybrid,2021,2023,0.683,1,False,
oh_3888228_-8390146:c002,oh_3888228_-8390146,Brown,pickleball,hybrid,2011,2013,0.648,1,False,
oh_3888228_-8390146:c002,oh_3888228_-8390146,Brown,hybrid,tennis,2013,2015,0.648,1,True,reversion
oh_3888228_-8390146:c002,oh_3888228_-8390146,Brown,tennis,pickleball,2017,2019,0.341,1,True,low_confidence
oh_3888228_-8390146:c003,oh_3888228_-8390146,Brown,pickleball,tennis,2013,2015,0.367,1,True,low_confidence;reversion
oh_3888228_-8390146:c003,oh_3888228_-8390146,Brown,tennis,pickleball,2017,2019,0.616,,False,
oh_3888228_-8390146:c004,oh_3888228_-8390146,Brown,pickleball,tennis,2013,2015,0.411,1,True,low_confidence;reversion
oh_3888228_-8390146:c004,oh_3888228_-8390146,Brown,tennis,pickleball,2017,2019,0.358,1,True,low_confidence
oh_3888228_-8390146:c004,oh_3888228_-8390146,Brown,pickleball,hybrid,2021,2023,0.572,1,True,low_confidence
oh_3888375_-8296506:c001,oh_3888375_-8296506,Scioto,tennis,removed,2013,2015,0.54,1,True,low_confidence
oh_3888375_-8296506:c001,oh_3888375_-8296506,Scioto,removed,tennis,2015,2017,0.543,1,True,low_confidence;reversion
oh_3888375_-8296506:c001,oh_3888375_-8296506,Scioto,tennis,hybrid,2017,2019,0.57,1,True,low_confidence
oh_3888375_-8296506:c001,oh_3888375_-8296506,Scioto,hybrid,removed,2021,2023,0.816,1,False,
oh_3888375_-8296506:c002,oh_3888375_-8296506,Scioto,hybrid,removed,2011,2013,0.317,1,True,low_confidence
oh_3888375_-8296506:c002,oh_3888375_-8296506,Scioto,removed,hybrid,2017,2019,0.465,1,True,low_confidence;reversion
oh_3888375_-8296506:c002,oh_3888375_-8296506,Scioto,hybrid,removed,2021,2023,0.897,1,False,
oh_3888375_-8296506:c003,oh_3888375_-8296506,Scioto,tennis,removed,2011,2013,0.382,1,True,low_confidence
oh_3888375_-8296506:c003,oh_3888375_-8296506,Scioto,removed,hybrid,2017,2019,0.534,1,True,low_confidence;reversion
oh_3888375_-8296506:c003,oh_3888375_-8296506,Scioto,hybrid,removed,2021,2023,0.877,1,False,
oh_3888375_-8296506:c004,oh_3888375_-8296506,Scioto,tennis,removed,2011,2013,0.381,1,True,low_confidence
oh_3888375_-8296506:c004,oh_3888375_-8296506,Scioto,removed,hybrid,2017,2019,0.566,1,True,low_confidence;reversion
oh_3888375_-8296506:c004,oh_3888375_-8296506,Scioto,hybrid,removed,2021,2023,0.93,1,False,
oh_3888969_-8361618:c001,oh_3888969_-8361618,Adams,tennis,removed,2011,2013,0.553,1,True,low_confidence
oh_3888969_-8361618:c001,oh_3888969_-8361618,Adams,removed,tennis,2015,2017,0.575,1,True,low_confidence;reversion
oh_3888969_-8361618:c001,oh_3888969_-8361618,Adams,tennis,hybrid,2019,2021,0.536,1,True,low_confidence
oh_3890832_-8257287:c001,oh_3890832_-8257287,Jackson,tennis,removed,2011,2013,0.405,1,True,low_confidence
oh_3890832_-8257287:c001,oh_3890832_-8257287,Jackson,removed,hybrid,2015,2017,0.542,1,True,low_confidence;reversion
oh_3890832_-8257287:c001,oh_3890832_-8257287,Jackson,hybrid,removed,2019,2021,0.425,1,True,low_confidence
oh_3890832_-8257287:c002,oh_3890832_-8257287,Jackson,tennis,hybrid,2017,2019,0.574,1,True,low_confidence
oh_3890832_-8257287:c002,oh_3890832_-8257287,Jackson,hybrid,removed,2021,2023,0.418,1,True,low_confidence
oh_3890832_-8257287:c003,oh_3890832_-8257287,Jackson,tennis,removed,2011,2013,0.445,1,True,low_confidence
oh_3890832_-8257287:c003,oh_3890832_-8257287,Jackson,removed,tennis,2013,2017,0.604,1,True,reversion
oh_3890832_-8257287:c003,oh_3890832_-8257287,Jackson,tennis,hybrid,2017,2019,0.565,1,True,low_confidence
oh_3892772_-8377921:c001,oh_3892772_-8377921,Brown,tennis,pickleball,2019,2021,0.474,,True,low_confidence
oh_3892772_-8377921:c001,oh_3892772_-8377921,Brown,pickleball,hybrid,2021,2023,0.779,1,False,
oh_3892772_-8377921:c003,oh_3892772_-8377921,Brown,tennis,pickleball,2011,2015,0.547,2,True,low_confidence
oh_3893706_-8426303:c001,oh_3893706_-8426303,Clermont,tennis,hybrid,2017,2018,0.674,1,False,
oh_3893706_-8426303:c001,oh_3893706_-8426303,Clermont,hybrid,tennis,2020,2021,0.314,1,True,low_confidence;reversion
oh_3896248_-8408355:c001,oh_3896248_-8408355,Clermont,removed,tennis,2013,2017,0.405,1,True,low_confidence;reversion
oh_3896248_-8408355:c002,oh_3896248_-8408355,Clermont,pickleball,tennis,2019,2021,0.467,1,True,low_confidence;reversion
oh_3898015_-8428843:c001,oh_3898015_-8428843,Clermont,tennis,removed,2014,2015,0.632,1,False,
oh_3898015_-8428843:c001,oh_3898015_-8428843,Clermont,removed,tennis,2017,2018,0.514,1,True,low_confidence;reversion
oh_3899365_-8197214:c001,oh_3899365_-8197214,Meigs,tennis,hybrid,2022,2023,0.832,1,False,
oh_3899365_-8197214:c002,oh_3899365_-8197214,Meigs,tennis,removed,2020,2022,0.348,1,True,low_confidence
oh_3899365_-8197214:c002,oh_3899365_-8197214,Meigs,removed,hybrid,2022,2023,0.582,1,True,low_confidence;reversion
oh_3899461_-8255687:c001,oh_3899461_-8255687,Jackson,tennis,removed,2011,2013,0.785,1,False,
oh_3899461_-8255687:c001,oh_3899461_-8255687,Jackson,removed,tennis,2017,2019,0.412,1,True,low_confidence;reversion
oh_3899591_-8205964:c001,oh_3899591_-8205964,Meigs,tennis,removed,2014,2015,0.73,1,False,
oh_3899591_-8205964:c001,oh_3899591_-8205964,Meigs,removed,hybrid,2019,2020,0.524,1,True,low_confidence;reversion
oh_3899591_-8205964:c002,oh_3899591_-8205964,Meigs,tennis,removed,2014,2017,0.499,1,True,low_confidence
oh_3899591_-8205964:c002,oh_3899591_-8205964,Meigs,removed,hybrid,2018,2019,0.72,1,True,reversion
oh_3900417_-8422192:c001,oh_3900417_-8422192,Clermont,removed,pickleball,2013,2019,0.617,,True,reversion
oh_3900831_-8388296:c001,oh_3900831_-8388296,Brown,hybrid,tennis,2013,2015,0.754,1,True,reversion
oh_3900831_-8388296:c001,oh_3900831_-8388296,Brown,tennis,removed,2015,2021,0.839,1,False,
oh_3902461_-8303519:c001,oh_3902461_-8303519,Pike,removed,tennis,2013,2015,0.299,1,True,low_confidence;reversion
oh_3902461_-8303519:c001,oh_3902461_-8303519,Pike,tennis,removed,2019,2021,0.262,1,True,low_confidence
oh_3902923_-8427071:c001,oh_3902923_-8427071,Clermont,tennis,hybrid,2012,2013,0.854,1,False,
oh_3902923_-8427071:c001,oh_3902923_-8427071,Clermont,hybrid,tennis,2013,2014,0.854,1,True,reversion
oh_3902923_-8427071:c001,oh_3902923_-8427071,Clermont,tennis,removed,2015,2016,0.711,1,False,
oh_3902923_-8427071:c001,oh_3902923_-8427071,Clermont,removed,tennis,2016,2017,0.714,1,True,reversion
oh_3902923_-8427071:c001,oh_3902923_-8427071,Clermont,tennis,hybrid,2017,2018,0.714,1,False,
oh_3902923_-8427071:c001,oh_3902923_-8427071,Clermont,hybrid,tennis,2020,2021,0.481,1,True,low_confidence;reversion
oh_3902923_-8427071:c002,oh_3902923_-8427071,Clermont,tennis,hybrid,2012,2013,0.857,1,False,
oh_3902923_-8427071:c002,oh_3902923_-8427071,Clermont,hybrid,tennis,2013,2014,0.882,1,True,reversion
oh_3902923_-8427071:c002,oh_3902923_-8427071,Clermont,tennis,removed,2014,2015,0.638,1,False,
oh_3902923_-8427071:c002,oh_3902923_-8427071,Clermont,removed,tennis,2016,2017,0.825,1,True,reversion
oh_3902923_-8427071:c002,oh_3902923_-8427071,Clermont,tennis,hybrid,2017,2018,0.825,1,False,
oh_3902923_-8427071:c002,oh_3902923_-8427071,Clermont,hybrid,tennis,2021,2022,0.428,1,True,low_confidence;reversion
oh_3903543_-8393910:c001,oh_3903543_-8393910,Brown,tennis,removed,2015,2017,0.429,1,True,low_confidence
oh_3903543_-8393910:c001,oh_3903543_-8393910,Brown,removed,hybrid,2019,2021,0.38,1,True,low_confidence;reversion
oh_3903543_-8393910:c002,oh_3903543_-8393910,Brown,tennis,removed,2015,2017,0.583,1,True,low_confidence
oh_3903543_-8393910:c002,oh_3903543_-8393910,Brown,removed,tennis,2017,2019,0.419,1,True,low_confidence;reversion
oh_3903543_-8393910:c003,oh_3903543_-8393910,Brown,tennis,removed,2015,2017,0.623,1,False,
oh_3903543_-8393910:c003,oh_3903543_-8393910,Brown,removed,tennis,2019,2021,0.379,1,True,low_confidence;reversion
oh_3903543_-8393910:c004,oh_3903543_-8393910,Brown,tennis,removed,2015,2017,0.536,1,True,low_confidence
oh_3903543_-8393910:c004,oh_3903543_-8393910,Brown,removed,tennis,2019,2021,0.363,1,True,low_confidence;reversion
oh_3903543_-8393910:c005,oh_3903543_-8393910,Brown,tennis,removed,2013,2017,0.465,1,True,low_confidence
oh_3903543_-8393910:c005,oh_3903543_-8393910,Brown,removed,tennis,2021,2023,0.375,1,True,low_confidence;reversion
oh_3903552_-8427612:c001,oh_3903552_-8427612,Clermont,tennis,pickleball,2021,2022,0.585,,True,low_confidence
oh_3903552_-8427612:c002,oh_3903552_-8427612,Clermont,tennis,pickleball,2021,2022,0.504,,True,low_confidence
oh_3903659_-8263494:c001,oh_3903659_-8263494,Jackson,tennis,removed,2019,2023,0.396,1,True,low_confidence
oh_3904532_-8262858:c001,oh_3904532_-8262858,Jackson,tennis,removed,2017,2019,0.439,1,True,low_confidence
oh_3904532_-8262858:c002,oh_3904532_-8262858,Jackson,tennis,removed,2017,2019,0.446,1,True,low_confidence
oh_3904532_-8262858:c003,oh_3904532_-8262858,Jackson,tennis,removed,2017,2019,0.396,1,True,low_confidence
oh_3904532_-8262858:c004,oh_3904532_-8262858,Jackson,tennis,removed,2019,2021,0.34,1,True,low_confidence
oh_3904940_-8435509:c001,oh_3904940_-8435509,Hamilton,tennis,removed,2015,2016,0.6,1,False,
oh_3904940_-8435509:c001,oh_3904940_-8435509,Hamilton,removed,pickleball,2022,2023,0.322,,True,low_confidence;reversion
oh_3904966_-8434988:c002,oh_3904966_-8434988,Hamilton,tennis,hybrid,2012,2013,0.567,1,True,low_confidence
oh_3904966_-8434988:c002,oh_3904966_-8434988,Hamilton,hybrid,tennis,2013,2014,0.806,1,True,reversion
oh_3904966_-8434988:c002,oh_3904966_-8434988,Hamilton,tennis,removed,2015,2016,0.847,1,False,
oh_3904966_-8434988:c002,oh_3904966_-8434988,Hamilton,removed,tennis,2016,2017,0.736,1,True,reversion
oh_3904966_-8434988:c002,oh_3904966_-8434988,Hamilton,tennis,hybrid,2017,2018,0.736,1,False,
oh_3904966_-8434988:c003,oh_3904966_-8434988,Hamilton,tennis,hybrid,2011,2012,0.484,1,True,low_confidence
oh_3904966_-8434988:c003,oh_3904966_-8434988,Hamilton,hybrid,tennis,2013,2014,0.913,1,True,reversion
oh_3904966_-8434988:c003,oh_3904966_-8434988,Hamilton,tennis,hybrid,2016,2017,0.392,1,True,low_confidence
oh_3904966_-8434988:c004,oh_3904966_-8434988,Hamilton,tennis,hybrid,2012,2013,0.748,1,False,
oh_3904966_-8434988:c004,oh_3904966_-8434988,Hamilton,hybrid,removed,2013,2014,0.682,1,False,
oh_3904966_-8434988:c004,oh_3904966_-8434988,Hamilton,removed,tennis,2014,2015,0.682,1,True,reversion
oh_3904966_-8434988:c004,oh_3904966_-8434988,Hamilton,tennis,hybrid,2016,2017,0.405,1,True,low_confidence
oh_3904966_-8434988:c005,oh_3904966_-8434988,Hamilton,tennis,hybrid,2022,2023,0.375,1,True,low_confidence
oh_3904966_-8434988:c006,oh_3904966_-8434988,Hamilton,tennis,removed,2014,2016,0.749,1,False,
oh_3904966_-8434988:c006,oh_3904966_-8434988,Hamilton,removed,tennis,2016,2017,0.749,1,True,reversion
oh_3904966_-8434988:c006,oh_3904966_-8434988,Hamilton,tennis,pickleball,2019,2020,0.456,,True,low_confidence
oh_3905531_-8430391:c001,oh_3905531_-8430391,Clermont,removed,tennis,2022,2023,0.498,1,True,low_confidence;reversion
oh_3905694_-8431374:c001,oh_3905694_-8431374,Clermont,tennis,pickleball,2021,2022,0.505,,True,low_confidence
oh_3905694_-8431374:c001,oh_3905694_-8431374,Clermont,pickleball,tennis,2022,2023,0.686,1,True,reversion
oh_3905696_-8433418:c001,oh_3905696_-8433418,Hamilton,tennis,removed,2015,2016,0.871,1,False,
oh_3905696_-8433418:c001,oh_3905696_-8433418,Hamilton,removed,tennis,2016,2017,0.758,1,True,reversion
oh_3905696_-8433418:c001,oh_3905696_-8433418,Hamilton,tennis,hybrid,2017,2020,0.758,1,False,
oh_3905696_-8433418:c001,oh_3905696_-8433418,Hamilton,hybrid,tennis,2020,2021,0.336,1,True,low_confidence;reversion
oh_3905696_-8433418:c001,oh_3905696_-8433418,Hamilton,tennis,hybrid,2022,2023,0.73,1,False,
oh_3905696_-8433418:c002,oh_3905696_-8433418,Hamilton,tennis,removed,2015,2016,0.926,1,False,
oh_3905696_-8433418:c002,oh_3905696_-8433418,Hamilton,removed,pickleball,2018,2020,0.299,1,True,low_confidence;reversion
oh_3905696_-8433418:c002,oh_3905696_-8433418,Hamilton,pickleball,tennis,2021,2022,0.624,1,True,reversion
oh_3905696_-8433418:c002,oh_3905696_-8433418,Hamilton,tennis,hybrid,2022,2023,0.624,1,False,
oh_3905696_-8433418:c003,oh_3905696_-8433418,Hamilton,tennis,removed,2014,2016,0.433,1,True,low_confidence
oh_3905696_-8433418:c003,oh_3905696_-8433418,Hamilton,removed,tennis,2020,2021,0.253,1,True,low_confidence;reversion
oh_3905696_-8433418:c004,oh_3905696_-8433418,Hamilton,tennis,hybrid,2017,2018,0.848,1,False,
oh_3905696_-8433418:c004,oh_3905696_-8433418,Hamilton,hybrid,tennis,2019,2020,0.468,1,True,low_confidence;reversion
oh_3905696_-8433418:c005,oh_3905696_-8433418,Hamilton,tennis,pickleball,2018,2019,0.37,,True,low_confidence
oh_3905696_-8433418:c005,oh_3905696_-8433418,Hamilton,pickleball,tennis,2019,2020,0.632,1,True,reversion
oh_3905696_-8433418:c005,oh_3905696_-8433418,Hamilton,tennis,pickleball,2020,2021,0.632,,False,
oh_3905696_-8433418:c005,oh_3905696_-8433418,Hamilton,pickleball,tennis,2021,2022,0.824,1,True,reversion
oh_3905696_-8433418:c007,oh_3905696_-8433418,Hamilton,tennis,pickleball,2018,2020,0.318,1,True,low_confidence
oh_3905696_-8433418:c007,oh_3905696_-8433418,Hamilton,pickleball,removed,2021,2022,0.375,1,True,low_confidence
oh_3905696_-8433418:c008,oh_3905696_-8433418,Hamilton,tennis,removed,2014,2016,0.429,1,True,low_confidence
oh_3905696_-8433418:c008,oh_3905696_-8433418,Hamilton,removed,tennis,2016,2018,0.326,1,True,low_confidence;reversion
oh_3905696_-8433418:c008,oh_3905696_-8433418,Hamilton,tennis,pickleball,2018,2020,0.299,1,True,low_confidence
oh_3905696_-8433418:c008,oh_3905696_-8433418,Hamilton,pickleball,removed,2021,2022,0.494,1,True,low_confidence
oh_3906036_-8422960:c001,oh_3906036_-8422960,Clermont,tennis,hybrid,2011,2013,0.709,1,False,
oh_3906036_-8422960:c001,oh_3906036_-8422960,Clermont,hybrid,tennis,2013,2015,0.548,1,True,low_confidence;reversion
oh_3906036_-8422960:c001,oh_3906036_-8422960,Clermont,tennis,hybrid,2017,2019,0.828,1,False,
oh_3906036_-8422960:c001,oh_3906036_-8422960,Clermont,hybrid,tennis,2021,2023,0.801,1,True,reversion
oh_3906036_-8422960:c002,oh_3906036_-8422960,Clermont,tennis,hybrid,2011,2013,0.805,1,False,
oh_3906036_-8422960:c002,oh_3906036_-8422960,Clermont,hybrid,tennis,2013,2015,0.623,1,True,reversion
oh_3906036_-8422960:c002,oh_3906036_-8422960,Clermont,tennis,hybrid,2017,2019,0.724,1,False,
oh_3906036_-8422960:c002,oh_3906036_-8422960,Clermont,hybrid,tennis,2021,2023,0.665,1,True,reversion
oh_3906158_-8421528:c001,oh_3906158_-8421528,Clermont,removed,pickleball,2017,2019,0.256,2,True,low_confidence;reversion
oh_3906158_-8421528:c002,oh_3906158_-8421528,Clermont,removed,pickleball,2015,2017,0.285,1,True,low_confidence;reversion
oh_3906389_-8435838:c001,oh_3906389_-8435838,Hamilton,tennis,hybrid,2011,2012,0.443,1,True,low_confidence
oh_3906389_-8435838:c001,oh_3906389_-8435838,Hamilton,hybrid,tennis,2013,2014,0.827,1,True,reversion
oh_3906631_-8437916:c001,oh_3906631_-8437916,Hamilton,tennis,removed,2014,2016,0.567,1,True,low_confidence
oh_3906631_-8437916:c001,oh_3906631_-8437916,Hamilton,removed,tennis,2018,2019,0.331,1,True,low_confidence;reversion
oh_3906631_-8437916:c001,oh_3906631_-8437916,Hamilton,tennis,pickleball,2021,2023,0.542,,True,low_confidence
oh_3906748_-8428411:c001,oh_3906748_-8428411,Clermont,removed,tennis,2013,2017,0.495,1,True,low_confidence;reversion
oh_3906997_-8425113:c001,oh_3906997_-8425113,Clermont,removed,tennis,2017,2019,0.803,1,True,reversion
oh_3906997_-8425113:c002,oh_3906997_-8425113,Clermont,removed,tennis,2017,2019,0.774,1,True,reversion
oh_3906997_-8425113:c003,oh_3906997_-8425113,Clermont,removed,tennis,2017,2019,0.802,1,True,reversion
oh_3906997_-8425113:c004,oh_3906997_-8425113,Clermont,removed,tennis,2017,2019,0.784,1,True,reversion
oh_3906997_-8425113:c005,oh_3906997_-8425113,Clermont,removed,tennis,2017,2019,0.8,1,True,reversion
oh_3907455_-8430107:c001,oh_3907455_-8430107,Clermont,tennis,removed,2011,2013,0.654,1,False,
oh_3907569_-8430542:c001,oh_3907569_-8430542,Clermont,tennis,removed,2017,2019,0.678,1,False,
oh_3907580_-8412721:c001,oh_3907580_-8412721,Clermont,removed,tennis,2013,2019,0.491,1,True,low_confidence;reversion
oh_3907580_-8412721:c002,oh_3907580_-8412721,Clermont,removed,tennis,2013,2019,0.518,1,True,low_confidence;reversion
oh_3907580_-8412721:c003,oh_3907580_-8412721,Clermont,removed,hybrid,2013,2019,0.6,1,True,reversion
oh_3907924_-8419937:c001,oh_3907924_-8419937,Clermont,tennis,removed,2019,2021,0.491,1,True,low_confidence
oh_3907973_-8430152:c001,oh_3907973_-8430152,Clermont,removed,tennis,2013,2015,0.342,1,True,low_confidence;reversion
oh_3907973_-8430152:c001,oh_3907973_-8430152,Clermont,tennis,removed,2019,2021,0.678,1,False,
oh_3908015_-8461682:c001,oh_3908015_-8461682,Hamilton,removed,tennis,2011,2012,0.501,1,True,low_confidence;reversion
oh_3908015_-8461682:c001,oh_3908015_-8461682,Hamilton,tennis,removed,2012,2013,0.328,1,True,low_confidence
oh_3908015_-8461682:c001,oh_3908015_-8461682,Hamilton,removed,pickleball,2018,2019,0.259,,True,low_confidence;reversion
oh_3908015_-8461682:c001,oh_3908015_-8461682,Hamilton,pickleball,removed,2021,2022,0.397,1,True,low_confidence
oh_3908015_-8461682:c002,oh_3908015_-8461682,Hamilton,pickleball,removed,2012,2013,0.591,1,True,low_confidence
oh_3908015_-8461682:c002,oh_3908015_-8461682,Hamilton,removed,tennis,2013,2014,0.591,1,True,low_confidence;reversion
oh_3908015_-8461682:c002,oh_3908015_-8461682,Hamilton,tennis,removed,2014,2015,0.443,1,True,low_confidence
oh_3908015_-8461682:c002,oh_3908015_-8461682,Hamilton,removed,pickleball,2019,2020,0.384,,True,low_confidence;reversion
oh_3908015_-8461682:c002,oh_3908015_-8461682,Hamilton,pickleball,removed,2020,2021,0.384,1,True,low_confidence
oh_3908096_-8434610:c002,oh_3908096_-8434610,Hamilton,pickleball,tennis,2013,2015,0.352,1,True,low_confidence;reversion
oh_3908096_-8434610:c002,oh_3908096_-8434610,Hamilton,tennis,pickleball,2015,2019,0.716,5,False,
oh_3908096_-8434610:c003,oh_3908096_-8434610,Hamilton,tennis,removed,2011,2013,0.357,1,True,low_confidence
oh_3908096_-8434610:c003,oh_3908096_-8434610,Hamilton,removed,pickleball,2013,2019,0.519,2,True,low_confidence;reversion
oh_3908191_-8442032:c001,oh_3908191_-8442032,Hamilton,removed,tennis,2011,2012,0.39,1,True,low_confidence;reversion
oh_3908191_-8442032:c001,oh_3908191_-8442032,Hamilton,tennis,removed,2014,2015,0.737,1,False,
oh_3908191_-8442032:c001,oh_3908191_-8442032,Hamilton,removed,tennis,2018,2019,0.659,1,True,reversion
oh_3908191_-8442032:c001,oh_3908191_-8442032,Hamilton,tennis,removed,2020,2021,0.544,1,True,low_confidence
oh_3908282_-8462567:c001,oh_3908282_-8462567,Hamilton,tennis,removed,2015,2016,0.633,1,False,
oh_3908282_-8462567:c002,oh_3908282_-8462567,Hamilton,tennis,removed,2022,2023,0.45,1,True,low_confidence
oh_3908383_-8462934:c001,oh_3908383_-8462934,Hamilton,tennis,removed,2014,2015,0.733,1,False,
oh_3908406_-8462136:c001,oh_3908406_-8462136,Hamilton,tennis,removed,2019,2022,0.456,1,True,low_confidence
oh_3908485_-8427220:c002,oh_3908485_-8427220,Clermont,tennis,pickleball,2019,2021,0.403,,True,low_confidence
oh_3908546_-8438433:c001,oh_3908546_-8438433,Hamilton,tennis,hybrid,2017,2018,0.475,1,True,low_confidence
oh_3908546_-8438433:c002,oh_3908546_-8438433,Hamilton,tennis,hybrid,2019,2020,0.645,1,False,
oh_3908546_-8438433:c002,oh_3908546_-8438433,Hamilton,hybrid,tennis,2020,2021,0.439,1,True,low_confidence;reversion
oh_3908555_-8459768:c001,oh_3908555_-8459768,Hamilton,tennis,removed,2016,2018,0.335,1,True,low_confidence
oh_3908555_-8459768:c002,oh_3908555_-8459768,Hamilton,tennis,removed,2014,2018,0.436,1,True,low_confidence
oh_3908555_-8459768:c003,oh_3908555_-8459768,Hamilton,tennis,hybrid,2015,2016,0.45,1,True,low_confidence
oh_3908555_-8459768:c003,oh_3908555_-8459768,Hamilton,hybrid,removed,2018,2019,0.383,1,True,low_confidence
oh_3908555_-8459768:c004,oh_3908555_-8459768,Hamilton,tennis,removed,2014,2016,0.578,1,True,low_confidence
oh_3908590_-8462874:c001,oh_3908590_-8462874,Hamilton,tennis,removed,2012,2015,0.543,1,True,low_confidence
oh_3908769_-8332067:c001,oh_3908769_-8332067,Pike,tennis,removed,2011,2013,0.604,1,False,
oh_3908769_-8332067:c001,oh_3908769_-8332067,Pike,removed,tennis,2013,2015,0.842,1,True,reversion
oh_3908769_-8332067:c001,oh_3908769_-8332067,Pike,tennis,hybrid,2019,2021,0.487,1,True,low_confidence
oh_3908846_-8459179:c001,oh_3908846_-8459179,Hamilton,tennis,removed,2013,2014,0.346,1,True,low_confidence
oh_3908846_-8459179:c002,oh_3908846_-8459179,Hamilton,tennis,removed,2011,2016,0.379,1,True,low_confidence
oh_3909092_-8437299:c001,oh_3909092_-8437299,Hamilton,tennis,removed,2013,2014,0.366,1,True,low_confidence
oh_3909092_-8437299:c001,oh_3909092_-8437299,Hamilton,removed,hybrid,2017,2018,0.723,1,True,reversion
oh_3909092_-8437299:c001,oh_3909092_-8437299,Hamilton,hybrid,tennis,2019,2020,0.495,1,True,low_confidence;reversion
oh_3909092_-8437299:c001,oh_3909092_-8437299,Hamilton,tennis,removed,2021,2022,0.565,1,True,low_confidence
oh_3909092_-8437299:c001,oh_3909092_-8437299,Hamilton,removed,hybrid,2022,2023,0.565,1,True,low_confidence;reversion
oh_3909546_-8464147:c001,oh_3909546_-8464147,Hamilton,tennis,hybrid,2017,2018,0.39,1,True,low_confidence
oh_3909546_-8464147:c001,oh_3909546_-8464147,Hamilton,hybrid,removed,2018,2020,0.775,1,False,
oh_3909546_-8464147:c002,oh_3909546_-8464147,Hamilton,tennis,hybrid,2017,2018,0.758,1,False,
oh_3909546_-8464147:c002,oh_3909546_-8464147,Hamilton,hybrid,removed,2018,2019,0.638,1,False,
oh_3909546_-8464147:c003,oh_3909546_-8464147,Hamilton,tennis,hybrid,2017,2018,0.837,1,False,
oh_3909546_-8464147:c003,oh_3909546_-8464147,Hamilton,hybrid,removed,2018,2019,0.686,1,False,
oh_3909546_-8464147:c004,oh_3909546_-8464147,Hamilton,tennis,pickleball,2011,2012,0.597,,True,low_confidence
oh_3909546_-8464147:c004,oh_3909546_-8464147,Hamilton,pickleball,tennis,2014,2015,0.778,1,True,reversion
oh_3909546_-8464147:c004,oh_3909546_-8464147,Hamilton,tennis,removed,2018,2019,0.344,1,True,low_confidence
oh_3909556_-8456863:c001,oh_3909556_-8456863,Hamilton,tennis,removed,2019,2020,0.399,1,True,low_confidence
oh_3909556_-8456863:c002,oh_3909556_-8456863,Hamilton,tennis,hybrid,2017,2018,0.776,1,False,
oh_3909556_-8456863:c002,oh_3909556_-8456863,Hamilton,hybrid,tennis,2018,2019,0.634,1,True,reversion
oh_3909556_-8456863:c002,oh_3909556_-8456863,Hamilton,tennis,removed,2020,2021,0.394,1,True,low_confidence
oh_3909556_-8456863:c003,oh_3909556_-8456863,Hamilton,tennis,hybrid,2017,2018,0.602,1,False,
oh_3909556_-8456863:c003,oh_3909556_-8456863,Hamilton,hybrid,tennis,2018,2019,0.422,1,True,low_confidence;reversion
oh_3909556_-8456863:c003,oh_3909556_-8456863,Hamilton,tennis,removed,2019,2021,0.422,1,True,low_confidence
oh_3909556_-8456863:c004,oh_3909556_-8456863,Hamilton,tennis,hybrid,2016,2018,0.612,1,False,
oh_3909556_-8456863:c004,oh_3909556_-8456863,Hamilton,hybrid,tennis,2022,2023,0.353,1,True,low_confidence;reversion
oh_3909556_-8456863:c005,oh_3909556_-8456863,Hamilton,tennis,removed,2016,2017,0.472,1,True,low_confidence
oh_3909556_-8456863:c005,oh_3909556_-8456863,Hamilton,removed,hybrid,2017,2018,0.531,1,True,low_confidence;reversion
oh_3909556_-8456863:c005,oh_3909556_-8456863,Hamilton,hybrid,tennis,2018,2019,0.606,1,True,reversion
oh_3909623_-8437141:c002,oh_3909623_-8437141,Hamilton,tennis,hybrid,2021,2023,0.781,1,False,
oh_3909865_-8463312:c001,oh_3909865_-8463312,Hamilton,tennis,removed,2016,2017,0.371,1,True,low_confidence
oh_3909865_-8463312:c001,oh_3909865_-8463312,Hamilton,removed,tennis,2017,2018,0.371,1,True,low_confidence;reversion
oh_3909865_-8463312:c002,oh_3909865_-8463312,Hamilton,tennis,removed,2014,2015,0.483,1,True,low_confidence
oh_3909865_-8463312:c002,oh_3909865_-8463312,Hamilton,removed,tennis,2018,2019,0.554,1,True,low_confidence;reversion
oh_3909865_-8463312:c002,oh_3909865_-8463312,Hamilton,tennis,removed,2020,2021,0.352,1,True,low_confidence
oh_3910137_-8462545:c001,oh_3910137_-8462545,Hamilton,tennis,removed,2014,2016,0.446,1,True,low_confidence
oh_3910198_-8438140:c001,oh_3910198_-8438140,Hamilton,tennis,hybrid,2017,2018,0.558,1,True,low_confidence
oh_3910198_-8438140:c001,oh_3910198_-8438140,Hamilton,hybrid,pickleball,2020,2021,0.535,,True,low_confidence
oh_3910198_-8438140:c001,oh_3910198_-8438140,Hamilton,pickleball,tennis,2022,2023,0.307,1,True,low_confidence;reversion
oh_3910229_-8414936:c001,oh_3910229_-8414936,Clermont,removed,pickleball,2019,2021,0.462,1,True,low_confidence;reversion
oh_3910279_-8449653:c001,oh_3910279_-8449653,Hamilton,tennis,hybrid,2017,2018,0.626,1,False,
oh_3910279_-8449653:c001,oh_3910279_-8449653,Hamilton,hybrid,pickleball,2019,2020,0.531,,True,low_confidence
oh_3910279_-8449653:c001,oh_3910279_-8449653,Hamilton,pickleball,tennis,2021,2023,0.32,1,True,low_confidence;reversion
oh_3910279_-8449653:c002,oh_3910279_-8449653,Hamilton,tennis,hybrid,2017,2018,0.899,1,False,
oh_3910279_-8449653:c002,oh_3910279_-8449653,Hamilton,hybrid,pickleball,2019,2020,0.536,,True,low_confidence
oh_3910279_-8449653:c002,oh_3910279_-8449653,Hamilton,pickleball,hybrid,2021,2023,0.502,1,True,low_confidence
oh_3910279_-8449653:c003,oh_3910279_-8449653,Hamilton,tennis,hybrid,2017,2018,0.777,1,False,
oh_3910279_-8449653:c003,oh_3910279_-8449653,Hamilton,hybrid,pickleball,2019,2020,0.43,,True,low_confidence
oh_3910279_-8449653:c003,oh_3910279_-8449653,Hamilton,pickleball,hybrid,2021,2023,0.416,1,True,low_confidence
oh_3910279_-8449653:c004,oh_3910279_-8449653,Hamilton,tennis,hybrid,2017,2018,0.882,1,False,
oh_3910279_-8449653:c004,oh_3910279_-8449653,Hamilton,hybrid,pickleball,2019,2020,0.477,4,True,low_confidence
oh_3910279_-8449653:c005,oh_3910279_-8449653,Hamilton,tennis,hybrid,2017,2018,0.817,1,False,
oh_3910279_-8449653:c005,oh_3910279_-8449653,Hamilton,hybrid,pickleball,2018,2019,0.549,4,True,low_confidence
oh_3910279_-8449653:c006,oh_3910279_-8449653,Hamilton,tennis,hybrid,2017,2018,0.859,1,False,
oh_3910279_-8449653:c006,oh_3910279_-8449653,Hamilton,hybrid,pickleball,2020,2021,0.298,1,True,low_confidence
oh_3910279_-8449653:c007,oh_3910279_-8449653,Hamilton,tennis,hybrid,2017,2018,0.883,1,False,
oh_3910279_-8449653:c007,oh_3910279_-8449653,Hamilton,hybrid,pickleball,2020,2021,0.461,4,True,low_confidence
oh_3910279_-8449653:c008,oh_3910279_-8449653,Hamilton,tennis,hybrid,2017,2018,0.869,1,False,
oh_3910279_-8449653:c008,oh_3910279_-8449653,Hamilton,hybrid,pickleball,2018,2019,0.629,2,False,
oh_3910623_-8438309:c001,oh_3910623_-8438309,Hamilton,tennis,hybrid,2016,2018,0.883,1,False,
oh_3910623_-8438309:c001,oh_3910623_-8438309,Hamilton,hybrid,tennis,2018,2019,0.591,1,True,low_confidence;reversion
oh_3910623_-8438309:c002,oh_3910623_-8438309,Hamilton,tennis,hybrid,2017,2018,0.881,1,False,
oh_3910623_-8438309:c002,oh_3910623_-8438309,Hamilton,hybrid,tennis,2018,2019,0.721,1,True,reversion
oh_3910623_-8438309:c003,oh_3910623_-8438309,Hamilton,tennis,hybrid,2017,2018,0.899,1,False,
oh_3910623_-8438309:c003,oh_3910623_-8438309,Hamilton,hybrid,tennis,2018,2019,0.722,1,True,reversion
oh_3910623_-8438309:c004,oh_3910623_-8438309,Hamilton,tennis,hybrid,2017,2018,0.449,1,True,low_confidence
oh_3910623_-8438309:c004,oh_3910623_-8438309,Hamilton,hybrid,tennis,2018,2019,0.689,1,True,reversion
oh_3910623_-8438309:c005,oh_3910623_-8438309,Hamilton,tennis,hybrid,2017,2018,0.797,1,False,
oh_3910623_-8438309:c005,oh_3910623_-8438309,Hamilton,hybrid,tennis,2020,2021,0.728,1,True,reversion
oh_3911074_-8437190:c001,oh_3911074_-8437190,Hamilton,removed,pickleball,2020,2022,0.376,,True,low_confidence;reversion
oh_3911281_-8464175:c001,oh_3911281_-8464175,Hamilton,tennis,hybrid,2017,2018,0.734,1,False,
oh_3911281_-8464175:c001,oh_3911281_-8464175,Hamilton,hybrid,removed,2018,2019,0.274,1,True,low_confidence
oh_3911491_-8299375:c001,oh_3911491_-8299375,Pike,removed,hybrid,2019,2021,0.734,1,True,reversion
oh_3911603_-8441090:c001,oh_3911603_-8441090,Hamilton,tennis,removed,2015,2016,0.63,1,False,
oh_3911603_-8441090:c001,oh_3911603_-8441090,Hamilton,removed,hybrid,2017,2018,0.41,1,True,low_confidence;reversion
oh_3911603_-8441090:c002,oh_3911603_-8441090,Hamilton,tennis,hybrid,2015,2016,0.442,1,True,low_confidence
oh_3911603_-8441090:c002,oh_3911603_-8441090,Hamilton,hybrid,removed,2016,2018,0.442,1,True,low_confidence
oh_3911603_-8441090:c003,oh_3911603_-8441090,Hamilton,tennis,removed,2015,2016,0.461,1,True,low_confidence
oh_3911603_-8441090:c003,oh_3911603_-8441090,Hamilton,removed,hybrid,2017,2018,0.366,1,True,low_confidence;reversion
oh_3911603_-8441090:c003,oh_3911603_-8441090,Hamilton,hybrid,tennis,2021,2022,0.414,1,True,low_confidence;reversion
oh_3911603_-8441090:c004,oh_3911603_-8441090,Hamilton,tennis,removed,2015,2016,0.603,1,False,
oh_3911603_-8441090:c004,oh_3911603_-8441090,Hamilton,removed,hybrid,2017,2018,0.609,1,True,reversion
oh_3911603_-8441090:c005,oh_3911603_-8441090,Hamilton,tennis,removed,2015,2016,0.638,1,False,
oh_3911603_-8441090:c005,oh_3911603_-8441090,Hamilton,removed,hybrid,2016,2018,0.664,1,True,reversion
oh_3911603_-8441090:c006,oh_3911603_-8441090,Hamilton,tennis,removed,2015,2016,0.469,1,True,low_confidence
oh_3911603_-8441090:c006,oh_3911603_-8441090,Hamilton,removed,hybrid,2017,2018,0.29,1,True,low_confidence;reversion
oh_3911603_-8441090:c007,oh_3911603_-8441090,Hamilton,tennis,removed,2015,2016,0.594,1,True,low_confidence
oh_3911603_-8441090:c007,oh_3911603_-8441090,Hamilton,removed,hybrid,2017,2018,0.289,1,True,low_confidence;reversion
oh_3911603_-8441090:c008,oh_3911603_-8441090,Hamilton,tennis,hybrid,2015,2016,0.333,1,True,low_confidence
oh_3911603_-8441090:c009,oh_3911603_-8441090,Hamilton,tennis,removed,2015,2016,0.58,1,True,low_confidence
oh_3911603_-8441090:c009,oh_3911603_-8441090,Hamilton,removed,hybrid,2016,2018,0.618,1,True,reversion
oh_3911603_-8441090:c010,oh_3911603_-8441090,Hamilton,tennis,hybrid,2014,2015,0.643,1,False,
oh_3911603_-8441090:c010,oh_3911603_-8441090,Hamilton,hybrid,removed,2019,2020,0.39,1,True,low_confidence
oh_3911603_-8441090:c010,oh_3911603_-8441090,Hamilton,removed,tennis,2022,2023,0.304,1,True,low_confidence;reversion
oh_3911603_-8441090:c011,oh_3911603_-8441090,Hamilton,tennis,hybrid,2015,2016,0.491,1,True,low_confidence
oh_3911603_-8441090:c011,oh_3911603_-8441090,Hamilton,hybrid,removed,2019,2020,0.336,1,True,low_confidence
oh_3911603_-8441090:c011,oh_3911603_-8441090,Hamilton,removed,tennis,2022,2023,0.359,1,True,low_confidence;reversion
oh_3911603_-8441090:c012,oh_3911603_-8441090,Hamilton,tennis,hybrid,2014,2015,0.51,1,True,low_confidence
oh_3911603_-8441090:c012,oh_3911603_-8441090,Hamilton,hybrid,removed,2020,2021,0.633,1,False,
oh_3911603_-8441090:c013,oh_3911603_-8441090,Hamilton,tennis,hybrid,2014,2015,0.535,1,True,low_confidence
oh_3911603_-8441090:c013,oh_3911603_-8441090,Hamilton,hybrid,removed,2019,2020,0.347,1,True,low_confidence
oh_3911603_-8441090:c014,oh_3911603_-8441090,Hamilton,tennis,hybrid,2014,2015,0.532,1,True,low_confidence
oh_3911603_-8441090:c014,oh_3911603_-8441090,Hamilton,hybrid,removed,2020,2021,0.342,1,True,low_confidence
oh_3911603_-8441090:c015,oh_3911603_-8441090,Hamilton,tennis,hybrid,2014,2015,0.735,1,False,
oh_3911603_-8441090:c015,oh_3911603_-8441090,Hamilton,hybrid,removed,2019,2020,0.613,1,False,
oh_3911603_-8441090:c015,oh_3911603_-8441090,Hamilton,removed,tennis,2022,2023,0.296,1,True,low_confidence;reversion
oh_3911603_-8441090:c016,oh_3911603_-8441090,Hamilton,tennis,hybrid,2014,2015,0.536,1,True,low_confidence
oh_3911603_-8441090:c016,oh_3911603_-8441090,Hamilton,hybrid,removed,2016,2017,0.342,1,True,low_confidence
oh_3911603_-8441090:c016,oh_3911603_-8441090,Hamilton,removed,hybrid,2017,2018,0.411,1,True,low_confidence;reversion
oh_3911603_-8441090:c016,oh_3911603_-8441090,Hamilton,hybrid,removed,2019,2020,0.513,1,True,low_confidence
oh_3911816_-8455138:c002,oh_3911816_-8455138,Hamilton,tennis,hybrid,2017,2018,0.381,1,True,low_confidence
oh_3911816_-8455138:c002,oh_3911816_-8455138,Hamilton,hybrid,tennis,2019,2021,0.492,1,True,low_confidence;reversion
oh_3912297_-8434477:c001,oh_3912297_-8434477,Hamilton,tennis,removed,2021,2023,0.563,1,True,low_confidence
oh_3912297_-8434477:c002,oh_3912297_-8434477,Hamilton,tennis,hybrid,2011,2013,0.791,1,False,
oh_3912297_-8434477:c002,oh_3912297_-8434477,Hamilton,hybrid,tennis,2013,2015,0.793,1,True,reversion
oh_3912297_-8434477:c002,oh_3912297_-8434477,Hamilton,tennis,removed,2021,2023,0.575,1,True,low_confidence
oh_3912297_-8434477:c003,oh_3912297_-8434477,Hamilton,tennis,removed,2021,2023,0.397,1,True,low_confidence
oh_3912329_-8446671:c001,oh_3912329_-8446671,Hamilton,removed,tennis,2013,2014,0.5,1,True,low_confidence;reversion
oh_3912329_-8446671:c001,oh_3912329_-8446671,Hamilton,tennis,hybrid,2016,2017,0.439,1,True,low_confidence
oh_3912329_-8446671:c001,oh_3912329_-8446671,Hamilton,hybrid,tennis,2021,2022,0.407,1,True,low_confidence;reversion
oh_3912329_-8446671:c001,oh_3912329_-8446671,Hamilton,tennis,hybrid,2022,2023,0.526,1,True,low_confidence
oh_3912429_-8442980:c001,oh_3912429_-8442980,Hamilton,tennis,hybrid,2016,2018,0.308,1,True,low_confidence
oh_3912429_-8442980:c001,oh_3912429_-8442980,Hamilton,hybrid,tennis,2020,2021,0.689,1,True,reversion
oh_3912429_-8442980:c001,oh_3912429_-8442980,Hamilton,tennis,hybrid,2022,2023,0.781,1,False,
oh_3912429_-8442980:c002,oh_3912429_-8442980,Hamilton,tennis,hybrid,2018,2019,0.42,1,True,low_confidence
oh_3912429_-8442980:c002,oh_3912429_-8442980,Hamilton,hybrid,tennis,2019,2020,0.42,1,True,low_confidence;reversion
oh_3912429_-8442980:c003,oh_3912429_-8442980,Hamilton,tennis,pickleball,2020,2021,0.345,,True,low_confidence
oh_3912429_-8442980:c003,oh_3912429_-8442980,Hamilton,pickleball,tennis,2021,2022,0.662,1,True,reversion
oh_3912429_-8442980:c003,oh_3912429_-8442980,Hamilton,tennis,hybrid,2022,2023,0.598,1,True,low_confidence
oh_3912431_-8456662:c001,oh_3912431_-8456662,Hamilton,tennis,hybrid,2017,2018,0.656,1,False,
oh_3912431_-8456662:c001,oh_3912431_-8456662,Hamilton,hybrid,tennis,2018,2019,0.769,1,True,reversion
oh_3912431_-8456662:c002,oh_3912431_-8456662,Hamilton,tennis,hybrid,2017,2018,0.914,1,False,
oh_3912431_-8456662:c002,oh_3912431_-8456662,Hamilton,hybrid,tennis,2018,2019,0.935,1,True,reversion
oh_3912431_-8456662:c003,oh_3912431_-8456662,Hamilton,tennis,hybrid,2017,2018,0.831,1,False,
oh_3912431_-8456662:c003,oh_3912431_-8456662,Hamilton,hybrid,tennis,2018,2019,0.914,1,True,reversion
oh_3912431_-8456662:c004,oh_3912431_-8456662,Hamilton,tennis,hybrid,2017,2018,0.863,1,False,
oh_3912431_-8456662:c004,oh_3912431_-8456662,Hamilton,hybrid,tennis,2018,2019,0.958,1,True,reversion
oh_3912438_-8437324:c001,oh_3912438_-8437324,Hamilton,removed,pickleball,2022,2023,0.357,2,True,low_confidence;reversion
oh_3912497_-8444758:c001,oh_3912497_-8444758,Hamilton,tennis,pickleball,2021,2022,0.612,,False,
oh_3912657_-8451097:c001,oh_3912657_-8451097,Hamilton,pickleball,tennis,2013,2014,0.593,1,True,low_confidence;reversion
oh_3912657_-8451097:c001,oh_3912657_-8451097,Hamilton,tennis,pickleball,2017,2019,0.639,,False,
oh_3912657_-8451097:c001,oh_3912657_-8451097,Hamilton,pickleball,removed,2021,2022,0.34,1,True,low_confidence
oh_3912657_-8451097:c002,oh_3912657_-8451097,Hamilton,tennis,pickleball,2017,2018,0.642,,False,
oh_3912657_-8451097:c002,oh_3912657_-8451097,Hamilton,pickleball,tennis,2018,2019,0.642,1,True,reversion
oh_3912657_-8451097:c002,oh_3912657_-8451097,Hamilton,tennis,removed,2022,2023,0.818,1,False,
oh_3912657_-8451097:c003,oh_3912657_-8451097,Hamilton,tennis,removed,2015,2016,0.45,1,True,low_confidence
oh_3912657_-8451097:c003,oh_3912657_-8451097,Hamilton,removed,tennis,2017,2018,0.316,1,True,low_confidence;reversion
oh_3912657_-8451097:c003,oh_3912657_-8451097,Hamilton,tennis,pickleball,2018,2019,0.316,,True,low_confidence
oh_3912657_-8451097:c003,oh_3912657_-8451097,Hamilton,pickleball,removed,2020,2021,0.308,1,True,low_confidence
oh_3912657_-8451097:c004,oh_3912657_-8451097,Hamilton,tennis,removed,2021,2022,0.49,1,True,low_confidence
oh_3912714_-8446137:c001,oh_3912714_-8446137,Hamilton,tennis,removed,2016,2018,0.558,1,True,low_confidence
oh_3912714_-8446137:c002,oh_3912714_-8446137,Hamilton,tennis,removed,2014,2016,0.497,1,True,low_confidence
oh_3912714_-8446137:c002,oh_3912714_-8446137,Hamilton,removed,pickleball,2016,2021,0.448,,True,low_confidence;reversion
oh_3912763_-8444531:c001,oh_3912763_-8444531,Hamilton,removed,pickleball,2019,2020,0.281,,True,low_confidence;reversion
oh_3912763_-8444531:c001,oh_3912763_-8444531,Hamilton,pickleball,removed,2020,2021,0.336,1,True,low_confidence
oh_3912846_-8450078:c001,oh_3912846_-8450078,Hamilton,tennis,removed,2015,2016,0.442,1,True,low_confidence
oh_3912846_-8450078:c001,oh_3912846_-8450078,Hamilton,removed,tennis,2019,2020,0.372,1,True,low_confidence;reversion
oh_3912846_-8450078:c001,oh_3912846_-8450078,Hamilton,tennis,removed,2020,2021,0.372,1,True,low_confidence
oh_3912846_-8450078:c006,oh_3912846_-8450078,Hamilton,tennis,removed,2019,2020,0.257,1,True,low_confidence
oh_3912846_-8450078:c007,oh_3912846_-8450078,Hamilton,tennis,removed,2021,2023,0.375,1,True,low_confidence
oh_3912881_-8297695:c001,oh_3912881_-8297695,Pike,tennis,removed,2013,2015,0.376,1,True,low_confidence
oh_3912881_-8297695:c001,oh_3912881_-8297695,Pike,removed,tennis,2017,2019,0.712,1,True,reversion
oh_3912881_-8297695:c002,oh_3912881_-8297695,Pike,tennis,removed,2015,2017,0.537,1,True,low_confidence
oh_3912881_-8297695:c002,oh_3912881_-8297695,Pike,removed,tennis,2017,2019,0.649,1,True,reversion
oh_3912881_-8297695:c004,oh_3912881_-8297695,Pike,tennis,removed,2011,2013,0.515,1,True,low_confidence
oh_3912881_-8297695:c004,oh_3912881_-8297695,Pike,removed,tennis,2013,2015,0.387,1,True,low_confidence;reversion
oh_3912916_-8445396:c002,oh_3912916_-8445396,Hamilton,tennis,hybrid,2017,2019,0.376,1,True,low_confidence
oh_3912916_-8445396:c003,oh_3912916_-8445396,Hamilton,tennis,removed,2015,2017,0.524,1,True,low_confidence
oh_3912916_-8445396:c003,oh_3912916_-8445396,Hamilton,removed,tennis,2017,2019,0.578,1,True,low_confidence;reversion
oh_3912916_-8445396:c003,oh_3912916_-8445396,Hamilton,tennis,hybrid,2021,2023,0.502,1,True,low_confidence
oh_3912916_-8445396:c004,oh_3912916_-8445396,Hamilton,tennis,hybrid,2021,2023,0.568,1,True,low_confidence
oh_3912916_-8445396:c005,oh_3912916_-8445396,Hamilton,pickleball,tennis,2011,2013,0.47,1,True,low_confidence;reversion
oh_3912916_-8445396:c006,oh_3912916_-8445396,Hamilton,tennis,hybrid,2021,2023,0.824,1,False,
oh_3912916_-8445396:c007,oh_3912916_-8445396,Hamilton,tennis,removed,2015,2017,0.656,1,False,
oh_3912916_-8445396:c007,oh_3912916_-8445396,Hamilton,removed,tennis,2017,2019,0.531,1,True,low_confidence;reversion
oh_3912916_-8445396:c007,oh_3912916_-8445396,Hamilton,tennis,hybrid,2021,2023,0.508,1,True,low_confidence
oh_3912916_-8445396:c008,oh_3912916_-8445396,Hamilton,tennis,hybrid,2021,2023,0.546,1,True,low_confidence
oh_3912916_-8445396:c010,oh_3912916_-8445396,Hamilton,pickleball,removed,2013,2015,0.209,1,True,low_confidence
oh_3912916_-8445396:c010,oh_3912916_-8445396,Hamilton,removed,tennis,2015,2017,0.299,1,True,low_confidence;reversion
oh_3912916_-8445396:c010,oh_3912916_-8445396,Hamilton,tennis,hybrid,2019,2021,0.295,1,True,low_confidence
oh_3912916_-8445396:c011,oh_3912916_-8445396,Hamilton,tennis,removed,2013,2015,0.266,1,True,low_confidence
oh_3912916_-8445396:c011,oh_3912916_-8445396,Hamilton,removed,hybrid,2017,2019,0.237,1,True,low_confidence;reversion
oh_3912951_-8410246:c001,oh_3912951_-8410246,Clermont,hybrid,tennis,2011,2013,0.454,1,True,low_confidence;reversion
oh_3912951_-8410246:c001,oh_3912951_-8410246,Clermont,tennis,hybrid,2017,2019,0.689,1,False,
oh_3912951_-8410246:c002,oh_3912951_-8410246,Clermont,tennis,hybrid,2021,2023,0.483,1,True,low_confidence
oh_3912951_-8410246:c003,oh_3912951_-8410246,Clermont,tennis,hybrid,2019,2021,0.503,1,True,low_confidence
oh_3913005_-8451561:c001,oh_3913005_-8451561,Hamilton,tennis,hybrid,2017,2019,0.421,1,True,low_confidence
oh_3913005_-8451561:c002,oh_3913005_-8451561,Hamilton,tennis,hybrid,2021,2023,0.613,1,False,
oh_3913005_-8451561:c005,oh_3913005_-8451561,Hamilton,tennis,hybrid,2021,2023,0.633,1,False,
oh_3913005_-8451561:c006,oh_3913005_-8451561,Hamilton,tennis,removed,2013,2015,0.429,1,True,low_confidence
oh_3913005_-8451561:c006,oh_3913005_-8451561,Hamilton,removed,tennis,2015,2017,0.576,1,True,low_confidence;reversion
oh_3913038_-8297010:c001,oh_3913038_-8297010,Pike,tennis,removed,2017,2019,0.44,1,True,low_confidence
oh_3913038_-8297010:c001,oh_3913038_-8297010,Pike,removed,hybrid,2021,2023,0.557,1,True,low_confidence;reversion
oh_3913401_-8446908:c001,oh_3913401_-8446908,Hamilton,tennis,hybrid,2021,2023,0.721,1,False,
oh_3913401_-8446908:c002,oh_3913401_-8446908,Hamilton,tennis,hybrid,2021,2023,0.843,1,False,
oh_3913401_-8446908:c003,oh_3913401_-8446908,Hamilton,tennis,hybrid,2021,2023,0.771,1,False,
oh_3913401_-8446908:c004,oh_3913401_-8446908,Hamilton,tennis,hybrid,2011,2013,0.643,1,False,
oh_3913401_-8446908:c004,oh_3913401_-8446908,Hamilton,hybrid,tennis,2013,2015,0.643,1,True,reversion
oh_3913401_-8446908:c004,oh_3913401_-8446908,Hamilton,tennis,hybrid,2019,2021,0.477,1,True,low_confidence
oh_3913401_-8446908:c005,oh_3913401_-8446908,Hamilton,tennis,hybrid,2021,2023,0.82,1,False,
oh_3913401_-8446908:c006,oh_3913401_-8446908,Hamilton,hybrid,tennis,2013,2015,0.599,1,True,low_confidence;reversion
oh_3913401_-8446908:c006,oh_3913401_-8446908,Hamilton,tennis,hybrid,2021,2023,0.761,1,False,
oh_3913401_-8446908:c007,oh_3913401_-8446908,Hamilton,tennis,hybrid,2021,2023,0.794,1,False,
oh_3913401_-8446908:c008,oh_3913401_-8446908,Hamilton,hybrid,tennis,2013,2015,0.78,1,True,reversion
oh_3913401_-8446908:c008,oh_3913401_-8446908,Hamilton,tennis,hybrid,2019,2021,0.481,1,True,low_confidence
oh_3913401_-8446908:c009,oh_3913401_-8446908,Hamilton,tennis,hybrid,2021,2023,0.796,1,False,
oh_3913401_-8446908:c010,oh_3913401_-8446908,Hamilton,tennis,hybrid,2021,2023,0.801,1,False,
oh_3913488_-8463969:c001,oh_3913488_-8463969,Hamilton,pickleball,tennis,2011,2015,0.384,1,True,low_confidence;reversion
oh_3913488_-8463969:c001,oh_3913488_-8463969,Hamilton,tennis,pickleball,2017,2019,0.502,,True,low_confidence
oh_3913488_-8463969:c002,oh_3913488_-8463969,Hamilton,pickleball,tennis,2013,2015,0.375,1,True,low_confidence;reversion
oh_3913488_-8463969:c002,oh_3913488_-8463969,Hamilton,tennis,pickleball,2017,2019,0.28,1,True,low_confidence
oh_3913491_-8461064:c001,oh_3913491_-8461064,Hamilton,tennis,pickleball,2017,2019,0.797,,False,
oh_3913491_-8461064:c003,oh_3913491_-8461064,Hamilton,tennis,pickleball,2017,2019,0.682,,False,
oh_3913859_-8452993:c001,oh_3913859_-8452993,Hamilton,tennis,removed,2019,2023,0.514,1,True,low_confidence
oh_3914020_-8443910:c002,oh_3914020_-8443910,Hamilton,tennis,hybrid,2021,2023,0.439,1,True,low_confidence
oh_3914020_-8443910:c003,oh_3914020_-8443910,Hamilton,tennis,hybrid,2019,2021,0.396,1,True,low_confidence
oh_3914020_-8443910:c005,oh_3914020_-8443910,Hamilton,tennis,removed,2011,2013,0.38,1,True,low_confidence
oh_3914020_-8443910:c005,oh_3914020_-8443910,Hamilton,removed,tennis,2015,2017,0.418,1,True,low_confidence;reversion
oh_3914020_-8443910:c006,oh_3914020_-8443910,Hamilton,tennis,removed,2019,2021,0.35,1,True,low_confidence
oh_3914020_-8443910:c007,oh_3914020_-8443910,Hamilton,tennis,removed,2017,2019,0.407,1,True,low_confidence
oh_3914020_-8443910:c009,oh_3914020_-8443910,Hamilton,removed,pickleball,2021,2023,0.611,,True,reversion
oh_3914020_-8443910:c010,oh_3914020_-8443910,Hamilton,tennis,removed,2015,2019,0.396,1,True,low_confidence
oh_3914020_-8443910:c012,oh_3914020_-8443910,Hamilton,tennis,hybrid,2021,2023,0.525,1,True,low_confidence
oh_3914020_-8443910:c013,oh_3914020_-8443910,Hamilton,hybrid,removed,2013,2015,0.486,1,True,low_confidence
oh_3914020_-8443910:c013,oh_3914020_-8443910,Hamilton,removed,tennis,2015,2017,0.486,1,True,low_confidence;reversion
oh_3914020_-8443910:c013,oh_3914020_-8443910,Hamilton,tennis,hybrid,2017,2019,0.502,1,True,low_confidence
oh_3914020_-8443910:c013,oh_3914020_-8443910,Hamilton,hybrid,removed,2019,2021,0.35,1,True,low_confidence
oh_3914020_-8443910:c014,oh_3914020_-8443910,Hamilton,tennis,removed,2021,2023,0.289,1,True,low_confidence
oh_3914092_-8442168:c001,oh_3914092_-8442168,Hamilton,tennis,pickleball,2015,2017,0.377,,True,low_confidence
oh_3914092_-8442168:c001,oh_3914092_-8442168,Hamilton,pickleball,hybrid,2021,2023,0.421,1,True,low_confidence
oh_3914092_-8442168:c002,oh_3914092_-8442168,Hamilton,tennis,hybrid,2021,2023,0.462,1,True,low_confidence
oh_3914166_-8440929:c003,oh_3914166_-8440929,Hamilton,tennis,pickleball,2015,2019,0.321,1,True,low_confidence
oh_3914188_-8448862:c001,oh_3914188_-8448862,Hamilton,tennis,removed,2013,2015,0.657,1,False,
oh_3914188_-8448862:c001,oh_3914188_-8448862,Hamilton,removed,tennis,2017,2019,0.501,1,True,low_confidence;reversion
oh_3914188_-8448862:c002,oh_3914188_-8448862,Hamilton,tennis,removed,2013,2015,0.432,1,True,low_confidence
oh_3914188_-8448862:c002,oh_3914188_-8448862,Hamilton,removed,pickleball,2019,2021,0.299,1,True,low_confidence;reversion
oh_3914188_-8448862:c003,oh_3914188_-8448862,Hamilton,tennis,removed,2013,2015,0.507,1,True,low_confidence
oh_3914188_-8448862:c003,oh_3914188_-8448862,Hamilton,removed,pickleball,2017,2019,0.265,1,True,low_confidence;reversion
oh_3914206_-8435502:c001,oh_3914206_-8435502,Hamilton,hybrid,tennis,2013,2015,0.849,1,True,reversion
oh_3914206_-8435502:c001,oh_3914206_-8435502,Hamilton,tennis,removed,2015,2017,0.849,1,False,
oh_3914206_-8435502:c001,oh_3914206_-8435502,Hamilton,removed,hybrid,2017,2019,0.894,1,True,reversion
oh_3914277_-8447945:c001,oh_3914277_-8447945,Hamilton,tennis,removed,2021,2023,0.591,1,True,low_confidence
oh_3914277_-8447945:c003,oh_3914277_-8447945,Hamilton,tennis,removed,2011,2013,0.346,1,True,low_confidence
oh_3914277_-8447945:c003,oh_3914277_-8447945,Hamilton,removed,tennis,2015,2017,0.46,1,True,low_confidence;reversion
oh_3914277_-8447945:c003,oh_3914277_-8447945,Hamilton,tennis,removed,2021,2023,0.599,1,True,low_confidence
oh_3914277_-8447945:c004,oh_3914277_-8447945,Hamilton,removed,tennis,2015,2017,0.548,1,True,low_confidence;reversion
oh_3914277_-8447945:c004,oh_3914277_-8447945,Hamilton,tennis,removed,2021,2023,0.646,1,False,
oh_3914277_-8447945:c005,oh_3914277_-8447945,Hamilton,removed,tennis,2013,2017,0.584,1,True,low_confidence;reversion
oh_3914277_-8447945:c005,oh_3914277_-8447945,Hamilton,tennis,removed,2021,2023,0.786,1,False,
oh_3914277_-8447945:c006,oh_3914277_-8447945,Hamilton,removed,tennis,2013,2017,0.586,1,True,low_confidence;reversion
oh_3914393_-8441519:c007,oh_3914393_-8441519,Hamilton,hybrid,tennis,2021,2023,0.504,1,True,low_confidence;reversion
oh_3914393_-8441519:c009,oh_3914393_-8441519,Hamilton,removed,hybrid,2019,2021,0.375,1,True,low_confidence;reversion
oh_3914438_-8445142:c002,oh_3914438_-8445142,Hamilton,tennis,pickleball,2019,2021,0.474,,True,low_confidence
oh_3914460_-8428356:c001,oh_3914460_-8428356,Clermont,tennis,removed,2011,2013,0.316,1,True,low_confidence
oh_3914599_-8439976:c001,oh_3914599_-8439976,Hamilton,hybrid,tennis,2015,2017,0.419,1,True,low_confidence;reversion
oh_3914599_-8439976:c001,oh_3914599_-8439976,Hamilton,tennis,hybrid,2021,2023,0.848,1,False,
oh_3914599_-8439976:c002,oh_3914599_-8439976,Hamilton,hybrid,tennis,2013,2015,0.681,1,True,reversion
oh_3914599_-8439976:c003,oh_3914599_-8439976,Hamilton,tennis,hybrid,2011,2013,0.691,1,False,
oh_3914599_-8439976:c003,oh_3914599_-8439976,Hamilton,hybrid,tennis,2013,2015,0.644,1,True,reversion
oh_3914599_-8439976:c003,oh_3914599_-8439976,Hamilton,tennis,pickleball,2019,2021,0.365,,True,low_confidence
oh_3914599_-8439976:c004,oh_3914599_-8439976,Hamilton,tennis,hybrid,2011,2013,0.602,1,False,
oh_3914599_-8439976:c004,oh_3914599_-8439976,Hamilton,hybrid,tennis,2013,2015,0.8,1,True,reversion
oh_3914599_-8439976:c004,oh_3914599_-8439976,Hamilton,tennis,pickleball,2017,2019,0.408,,True,low_confidence
oh_3914599_-8439976:c005,oh_3914599_-8439976,Hamilton,pickleball,tennis,2011,2013,0.435,1,True,low_confidence;reversion
oh_3914599_-8439976:c005,oh_3914599_-8439976,Hamilton,tennis,removed,2015,2017,0.379,1,True,low_confidence
oh_3914599_-8439976:c005,oh_3914599_-8439976,Hamilton,removed,pickleball,2019,2021,0.279,1,True,low_confidence;reversion
oh_3914599_-8439976:c006,oh_3914599_-8439976,Hamilton,pickleball,tennis,2011,2013,0.543,1,True,low_confidence;reversion
oh_3914599_-8439976:c006,oh_3914599_-8439976,Hamilton,tennis,removed,2013,2015,0.485,1,True,low_confidence
oh_3914599_-8439976:c006,oh_3914599_-8439976,Hamilton,removed,pickleball,2019,2021,0.282,1,True,low_confidence;reversion
oh_3914692_-8360203:c001,oh_3914692_-8360203,Highland,hybrid,tennis,2015,2017,0.538,1,True,low_confidence;reversion
oh_3914711_-8458754:c001,oh_3914711_-8458754,Hamilton,tennis,hybrid,2019,2021,0.548,1,True,low_confidence
oh_3914711_-8458754:c002,oh_3914711_-8458754,Hamilton,tennis,hybrid,2021,2023,0.509,1,True,low_confidence
oh_3914711_-8458754:c004,oh_3914711_-8458754,Hamilton,tennis,hybrid,2021,2023,0.461,1,True,low_confidence
oh_3914711_-8458754:c005,oh_3914711_-8458754,Hamilton,tennis,hybrid,2021,2023,0.566,1,True,low_confidence
oh_3914736_-8437836:c005,oh_3914736_-8437836,Hamilton,tennis,hybrid,2021,2023,0.672,1,False,
oh_3914736_-8437836:c007,oh_3914736_-8437836,Hamilton,tennis,removed,2013,2015,0.445,1,True,low_confidence
oh_3914736_-8437836:c007,oh_3914736_-8437836,Hamilton,removed,tennis,2017,2019,0.689,1,True,reversion
oh_3914736_-8437836:c010,oh_3914736_-8437836,Hamilton,pickleball,tennis,2011,2013,0.448,1,True,low_confidence;reversion
oh_3914736_-8437836:c010,oh_3914736_-8437836,Hamilton,tennis,pickleball,2013,2015,0.415,1,True,low_confidence
oh_3914736_-8437836:c012,oh_3914736_-8437836,Hamilton,pickleball,removed,2013,2015,0.364,1,True,low_confidence
oh_3914736_-8437836:c012,oh_3914736_-8437836,Hamilton,removed,pickleball,2015,2017,0.364,,True,low_confidence;reversion
oh_3914736_-8437836:c013,oh_3914736_-8437836,Hamilton,pickleball,removed,2021,2023,0.377,1,True,low_confidence
oh_3914736_-8437836:c016,oh_3914736_-8437836,Hamilton,pickleball,hybrid,2021,2023,0.674,1,False,
oh_3914736_-8437836:c018,oh_3914736_-8437836,Hamilton,pickleball,hybrid,2021,2023,0.714,1,False,
oh_3914736_-8437836:c021,oh_3914736_-8437836,Hamilton,removed,tennis,2013,2015,0.427,1,True,low_confidence;reversion
oh_3914736_-8437836:c021,oh_3914736_-8437836,Hamilton,tennis,removed,2015,2019,0.244,1,True,low_confidence
oh_3915185_-8434722:c001,oh_3915185_-8434722,Hamilton,tennis,hybrid,2021,2023,0.637,1,False,
oh_3915311_-8466972:c002,oh_3915311_-8466972,Hamilton,pickleball,hybrid,2011,2013,0.661,1,False,
oh_3915311_-8466972:c002,oh_3915311_-8466972,Hamilton,hybrid,pickleball,2013,2015,0.823,,False,
oh_3915351_-8413205:c001,oh_3915351_-8413205,Clermont,tennis,pickleball,2021,2023,0.81,,False,
oh_3915429_-8431831:c002,oh_3915429_-8431831,Hamilton,tennis,pickleball,2017,2019,0.51,,True,low_confidence
oh_3915429_-8431831:c002,oh_3915429_-8431831,Hamilton,pickleball,tennis,2021,2023,0.626,1,True,reversion
oh_3915429_-8431831:c003,oh_3915429_-8431831,Hamilton,tennis,hybrid,2011,2013,0.63,1,False,
oh_3915429_-8431831:c003,oh_3915429_-8431831,Hamilton,hybrid,tennis,2013,2015,0.328,1,True,low_confidence;reversion
oh_3915429_-8431831:c003,oh_3915429_-8431831,Hamilton,tennis,pickleball,2017,2019,0.505,,True,low_confidence
oh_3915429_-8431831:c003,oh_3915429_-8431831,Hamilton,pickleball,tennis,2019,2021,0.519,1,True,low_confidence;reversion
oh_3915429_-8431831:c004,oh_3915429_-8431831,Hamilton,tennis,pickleball,2017,2019,0.446,1,True,low_confidence
oh_3915429_-8431831:c004,oh_3915429_-8431831,Hamilton,pickleball,tennis,2021,2023,0.808,1,True,reversion
oh_3915429_-8447109:c005,oh_3915429_-8447109,Hamilton,hybrid,tennis,2013,2015,0.693,1,True,reversion
oh_3915429_-8447109:c006,oh_3915429_-8447109,Hamilton,hybrid,tennis,2013,2015,0.839,1,True,reversion
oh_3915443_-8449093:c001,oh_3915443_-8449093,Hamilton,tennis,removed,2021,2023,0.464,1,True,low_confidence
oh_3915443_-8449093:c004,oh_3915443_-8449093,Hamilton,tennis,removed,2019,2021,0.402,1,True,low_confidence
oh_3915447_-8455078:c001,oh_3915447_-8455078,Hamilton,pickleball,hybrid,2017,2019,0.628,1,False,
oh_3915447_-8455078:c001,oh_3915447_-8455078,Hamilton,hybrid,pickleball,2021,2023,0.485,,True,low_confidence
oh_3915447_-8455078:c002,oh_3915447_-8455078,Hamilton,pickleball,hybrid,2019,2021,0.276,1,True,low_confidence
oh_3915569_-8461994:c001,oh_3915569_-8461994,Hamilton,tennis,hybrid,2019,2021,0.453,1,True,low_confidence
oh_3915610_-8429480:c001,oh_3915610_-8429480,Clermont,removed,tennis,2017,2019,0.319,1,True,low_confidence;reversion
oh_3915610_-8429480:c001,oh_3915610_-8429480,Clermont,tennis,pickleball,2019,2021,0.303,,True,low_confidence
oh_3915619_-8436503:c001,oh_3915619_-8436503,Hamilton,pickleball,hybrid,2021,2023,0.467,1,True,low_confidence
oh_3915759_-8450227:c002,oh_3915759_-8450227,Hamilton,tennis,pickleball,2019,2021,0.503,,True,low_confidence
oh_3915846_-8435136:c001,oh_3915846_-8435136,Hamilton,hybrid,tennis,2013,2015,0.815,1,True,reversion
oh_3915846_-8435136:c002,oh_3915846_-8435136,Hamilton,hybrid,tennis,2013,2019,0.569,1,True,low_confidence;reversion
oh_3915962_-8437393:c001,oh_3915962_-8437393,Hamilton,tennis,removed,2015,2017,0.593,1,True,low_confidence
oh_3915962_-8437393:c001,oh_3915962_-8437393,Hamilton,removed,tennis,2017,2019,0.424,1,True,low_confidence;reversion
oh_3915962_-8437393:c001,oh_3915962_-8437393,Hamilton,tennis,hybrid,2021,2023,0.717,1,False,
oh_3916077_-8452009:c002,oh_3916077_-8452009,Hamilton,tennis,hybrid,2021,2023,0.609,1,False,
oh_3916143_-8436473:c001,oh_3916143_-8436473,Hamilton,hybrid,tennis,2013,2019,0.671,1,True,reversion
oh_3916147_-8418269:c001,oh_3916147_-8418269,Clermont,tennis,removed,2013,2015,0.367,1,True,low_confidence
oh_3916147_-8418269:c001,oh_3916147_-8418269,Clermont,removed,tennis,2015,2017,0.412,1,True,low_confidence;reversion
oh_3916147_-8418269:c001,oh_3916147_-8418269,Clermont,tennis,removed,2021,2023,0.436,1,True,low_confidence
oh_3916319_-8437208:c001,oh_3916319_-8437208,Hamilton,tennis,hybrid,2021,2023,0.561,1,True,low_confidence
oh_3916377_-8429343:c001,oh_3916377_-8429343,Clermont,hybrid,tennis,2013,2015,0.441,1,True,low_confidence;reversion
oh_3916377_-8429343:c001,oh_3916377_-8429343,Clermont,tennis,hybrid,2017,2019,0.514,1,True,low_confidence
oh_3916557_-8433300:c001,oh_3916557_-8433300,Hamilton,tennis,removed,2015,2017,0.538,1,True,low_confidence
oh_3916557_-8433300:c001,oh_3916557_-8433300,Hamilton,removed,tennis,2017,2019,0.582,1,True,low_confidence;reversion
oh_3916574_-8432135:c001,oh_3916574_-8432135,Hamilton,removed,tennis,2013,2015,0.519,1,True,low_confidence;reversion
oh_3916581_-8439636:c004,oh_3916581_-8439636,Hamilton,tennis,removed,2021,2023,0.455,1,True,low_confidence
oh_3916586_-8435155:c001,oh_3916586_-8435155,Hamilton,removed,tennis,2013,2019,0.265,1,True,low_confidence;reversion
oh_3916690_-8437108:c001,oh_3916690_-8437108,Hamilton,tennis,removed,2017,2021,0.422,1,True,low_confidence
oh_3916720_-8436389:c001,oh_3916720_-8436389,Hamilton,tennis,removed,2011,2013,0.439,1,True,low_confidence
oh_3916720_-8436389:c001,oh_3916720_-8436389,Hamilton,removed,tennis,2015,2017,0.492,1,True,low_confidence;reversion
oh_3916720_-8436389:c001,oh_3916720_-8436389,Hamilton,tennis,removed,2017,2019,0.498,1,True,low_confidence
oh_3916801_-8419356:c001,oh_3916801_-8419356,Clermont,hybrid,tennis,2015,2017,0.615,1,True,reversion
oh_3916801_-8419356:c001,oh_3916801_-8419356,Clermont,tennis,hybrid,2017,2019,0.858,1,False,
oh_3916860_-8436178:c001,oh_3916860_-8436178,Hamilton,tennis,hybrid,2011,2013,0.442,1,True,low_confidence
oh_3916860_-8436178:c001,oh_3916860_-8436178,Hamilton,hybrid,tennis,2019,2021,0.514,1,True,low_confidence;reversion
oh_3916880_-8433065:c001,oh_3916880_-8433065,Hamilton,tennis,removed,2015,2017,0.464,1,True,low_confidence
oh_3916880_-8433065:c001,oh_3916880_-8433065,Hamilton,removed,tennis,2017,2019,0.633,1,True,reversion
oh_3916880_-8433065:c001,oh_3916880_-8433065,Hamilton,tennis,pickleball,2019,2021,0.633,,False,
oh_3916880_-8433065:c001,oh_3916880_-8433065,Hamilton,pickleball,tennis,2021,2023,0.651,1,True,reversion
oh_3916934_-8440111:c001,oh_3916934_-8440111,Hamilton,removed,tennis,2011,2013,0.327,1,True,low_confidence;reversion
oh_3916934_-8440111:c002,oh_3916934_-8440111,Hamilton,removed,tennis,2021,2023,0.621,1,True,reversion
oh_3916934_-8440111:c003,oh_3916934_-8440111,Hamilton,removed,tennis,2015,2019,0.626,1,True,reversion
oh_3916934_-8440111:c006,oh_3916934_-8440111,Hamilton,removed,tennis,2021,2023,0.658,1,True,reversion
oh_3916934_-8440111:c007,oh_3916934_-8440111,Hamilton,removed,tennis,2021,2023,0.872,1,True,reversion
oh_3916934_-8440111:c008,oh_3916934_-8440111,Hamilton,removed,tennis,2021,2023,0.796,1,True,reversion
oh_3917045_-8449215:c001,oh_3917045_-8449215,Hamilton,tennis,removed,2011,2023,0.478,1,True,low_confidence
oh_3917045_-8449215:c002,oh_3917045_-8449215,Hamilton,pickleball,tennis,2013,2015,0.441,1,True,low_confidence;reversion
oh_3917045_-8449215:c002,oh_3917045_-8449215,Hamilton,tennis,removed,2019,2021,0.528,1,True,low_confidence
oh_3917045_-8449215:c003,oh_3917045_-8449215,Hamilton,pickleball,tennis,2015,2017,0.286,1,True,low_confidence;reversion
oh_3917045_-8449215:c003,oh_3917045_-8449215,Hamilton,tennis,pickleball,2021,2023,0.315,,True,low_confidence
oh_3917102_-8430796:c001,oh_3917102_-8430796,Hamilton,tennis,pickleball,2019,2021,0.253,,True,low_confidence
oh_3917116_-8439146:c001,oh_3917116_-8439146,Hamilton,tennis,removed,2017,2019,0.468,1,True,low_confidence
oh_3917258_-8420321:c001,oh_3917258_-8420321,Clermont,removed,pickleball,2021,2023,0.894,1,True,reversion
oh_3917258_-8420321:c002,oh_3917258_-8420321,Clermont,removed,pickleball,2021,2023,0.913,1,True,reversion
oh_3917305_-8470508:c002,oh_3917305_-8470508,Hamilton,tennis,removed,2016,2017,0.368,1,True,low_confidence
oh_3917305_-8470508:c002,oh_3917305_-8470508,Hamilton,removed,hybrid,2017,2018,0.368,1,True,low_confidence;reversion
oh_3917305_-8470508:c002,oh_3917305_-8470508,Hamilton,hybrid,tennis,2018,2019,0.579,1,True,low_confidence;reversion
oh_3917305_-8470508:c003,oh_3917305_-8470508,Hamilton,tennis,removed,2014,2016,0.584,1,True,low_confidence
oh_3917305_-8470508:c003,oh_3917305_-8470508,Hamilton,removed,tennis,2018,2019,0.235,1,True,low_confidence;reversion
oh_3917305_-8470508:c003,oh_3917305_-8470508,Hamilton,tennis,pickleball,2021,2022,0.283,1,True,low_confidence
oh_3917325_-8430254:c001,oh_3917325_-8430254,Hamilton,tennis,removed,2011,2013,0.618,1,False,
oh_3917325_-8430254:c001,oh_3917325_-8430254,Hamilton,removed,tennis,2013,2015,0.572,1,True,low_confidence;reversion
oh_3917330_-8435230:c001,oh_3917330_-8435230,Hamilton,tennis,hybrid,2021,2023,0.587,1,True,low_confidence
oh_3917342_-8435595:c001,oh_3917342_-8435595,Hamilton,tennis,hybrid,2011,2013,0.739,1,False,
oh_3917342_-8435595:c001,oh_3917342_-8435595,Hamilton,hybrid,tennis,2013,2015,0.886,1,True,reversion
oh_3917402_-8474933:c001,oh_3917402_-8474933,Hamilton,removed,hybrid,2015,2016,0.71,1,True,reversion
oh_3917402_-8474933:c001,oh_3917402_-8474933,Hamilton,hybrid,tennis,2016,2017,0.721,1,True,reversion
oh_3917402_-8474933:c001,oh_3917402_-8474933,Hamilton,tennis,hybrid,2017,2018,0.783,1,False,
oh_3917402_-8474933:c001,oh_3917402_-8474933,Hamilton,hybrid,tennis,2020,2021,0.844,1,True,reversion
oh_3917402_-8474933:c002,oh_3917402_-8474933,Hamilton,removed,tennis,2015,2016,0.403,1,True,low_confidence;reversion
oh_3917402_-8474933:c002,oh_3917402_-8474933,Hamilton,tennis,hybrid,2017,2018,0.847,1,False,
oh_3917402_-8474933:c002,oh_3917402_-8474933,Hamilton,hybrid,tennis,2019,2020,0.489,1,True,low_confidence;reversion
oh_3917402_-8474933:c003,oh_3917402_-8474933,Hamilton,removed,tennis,2015,2016,0.419,1,True,low_confidence;reversion
oh_3917402_-8474933:c003,oh_3917402_-8474933,Hamilton,tennis,hybrid,2017,2018,0.646,1,False,
oh_3917402_-8474933:c003,oh_3917402_-8474933,Hamilton,hybrid,tennis,2020,2021,0.787,1,True,reversion
oh_3917478_-8447020:c001,oh_3917478_-8447020,Hamilton,tennis,removed,2011,2019,0.435,1,True,low_confidence
oh_3917478_-8447020:c002,oh_3917478_-8447020,Hamilton,tennis,removed,2019,2021,0.458,1,True,low_confidence
oh_3917478_-8447020:c003,oh_3917478_-8447020,Hamilton,tennis,removed,2019,2021,0.421,1,True,low_confidence
oh_3917747_-8436766:c001,oh_3917747_-8436766,Hamilton,tennis,removed,2021,2023,0.549,1,True,low_confidence
oh_3917747_-8436766:c002,oh_3917747_-8436766,Hamilton,tennis,hybrid,2021,2023,0.513,1,True,low_confidence
oh_3917768_-8431225:c001,oh_3917768_-8431225,Hamilton,removed,tennis,2013,2015,0.44,1,True,low_confidence;reversion
oh_3917768_-8431225:c001,oh_3917768_-8431225,Hamilton,tennis,hybrid,2019,2021,0.249,1,True,low_confidence
oh_3917812_-8451434:c001,oh_3917812_-8451434,Hamilton,pickleball,hybrid,2021,2023,0.347,1,True,low_confidence
oh_3917834_-8436675:c002,oh_3917834_-8436675,Hamilton,tennis,removed,2021,2023,0.56,1,True,low_confidence
oh_3917860_-8431053:c001,oh_3917860_-8431053,Hamilton,tennis,removed,2011,2013,0.484,1,True,low_confidence
oh_3917865_-8435746:c001,oh_3917865_-8435746,Hamilton,tennis,pickleball,2013,2019,0.338,,True,low_confidence
oh_3917865_-8435746:c001,oh_3917865_-8435746,Hamilton,pickleball,tennis,2019,2021,0.499,1,True,low_confidence;reversion
oh_3917914_-8434401:c002,oh_3917914_-8434401,Hamilton,tennis,pickleball,2017,2019,0.416,,True,low_confidence
oh_3917914_-8434401:c002,oh_3917914_-8434401,Hamilton,pickleball,tennis,2021,2023,0.532,1,True,low_confidence;reversion
oh_3917914_-8434401:c004,oh_3917914_-8434401,Hamilton,tennis,hybrid,2019,2021,0.337,1,True,low_confidence
oh_3917914_-8434401:c004,oh_3917914_-8434401,Hamilton,hybrid,tennis,2021,2023,0.345,1,True,low_confidence;reversion
oh_3917919_-8441648:c001,oh_3917919_-8441648,Hamilton,tennis,pickleball,2015,2019,0.643,1,False,
oh_3917919_-8441648:c002,oh_3917919_-8441648,Hamilton,tennis,pickleball,2015,2017,0.259,1,True,low_confidence
oh_3917919_-8441648:c003,oh_3917919_-8441648,Hamilton,removed,pickleball,2015,2019,0.539,1,True,low_confidence;reversion
oh_3917919_-8441648:c004,oh_3917919_-8441648,Hamilton,tennis,pickleball,2013,2015,0.344,1,True,low_confidence
oh_3917919_-8441648:c005,oh_3917919_-8441648,Hamilton,tennis,pickleball,2013,2019,0.559,1,True,low_confidence
oh_3917919_-8441648:c006,oh_3917919_-8441648,Hamilton,tennis,pickleball,2013,2019,0.58,1,True,low_confidence
oh_3917985_-8431611:c001,oh_3917985_-8431611,Hamilton,tennis,pickleball,2017,2019,0.324,1,True,low_confidence
oh_3917992_-8442930:c001,oh_3917992_-8442930,Hamilton,tennis,hybrid,2021,2023,0.471,1,True,low_confidence
oh_3917992_-8442930:c002,oh_3917992_-8442930,Hamilton,tennis,hybrid,2021,2023,0.803,1,False,
oh_3917992_-8442930:c003,oh_3917992_-8442930,Hamilton,tennis,hybrid,2021,2023,0.811,1,False,
oh_3917992_-8442930:c004,oh_3917992_-8442930,Hamilton,tennis,hybrid,2021,2023,0.669,1,False,
oh_3918015_-8433149:c001,oh_3918015_-8433149,Hamilton,tennis,hybrid,2011,2013,0.699,1,False,
oh_3918015_-8433149:c001,oh_3918015_-8433149,Hamilton,hybrid,tennis,2013,2015,0.815,1,True,reversion
oh_3918015_-8433149:c002,oh_3918015_-8433149,Hamilton,hybrid,tennis,2013,2015,0.841,1,True,reversion
oh_3918015_-8433149:c002,oh_3918015_-8433149,Hamilton,tennis,hybrid,2019,2021,0.38,1,True,low_confidence
oh_3918015_-8433149:c002,oh_3918015_-8433149,Hamilton,hybrid,tennis,2021,2023,0.443,1,True,low_confidence;reversion
oh_3918015_-8433149:c004,oh_3918015_-8433149,Hamilton,tennis,hybrid,2011,2013,0.72,1,False,
oh_3918015_-8433149:c004,oh_3918015_-8433149,Hamilton,hybrid,tennis,2013,2015,0.904,1,True,reversion
oh_3918015_-8433149:c005,oh_3918015_-8433149,Hamilton,tennis,hybrid,2011,2013,0.692,1,False,
oh_3918015_-8433149:c005,oh_3918015_-8433149,Hamilton,hybrid,tennis,2013,2015,0.681,1,True,reversion
oh_3918015_-8433149:c006,oh_3918015_-8433149,Hamilton,hybrid,tennis,2013,2015,0.593,1,True,low_confidence;reversion
oh_3918015_-8433149:c007,oh_3918015_-8433149,Hamilton,tennis,hybrid,2011,2013,0.776,1,False,
oh_3918015_-8433149:c007,oh_3918015_-8433149,Hamilton,hybrid,tennis,2013,2015,0.94,1,True,reversion
oh_3918069_-8446873:c001,oh_3918069_-8446873,Hamilton,tennis,removed,2017,2019,0.287,1,True,low_confidence
oh_3918069_-8446873:c001,oh_3918069_-8446873,Hamilton,removed,hybrid,2019,2021,0.287,1,True,low_confidence;reversion
oh_3918069_-8446873:c002,oh_3918069_-8446873,Hamilton,tennis,removed,2017,2019,0.299,1,True,low_confidence
oh_3918069_-8446873:c002,oh_3918069_-8446873,Hamilton,removed,hybrid,2019,2021,0.299,1,True,low_confidence;reversion
oh_3918154_-8460075:c001,oh_3918154_-8460075,Hamilton,tennis,hybrid,2019,2021,0.31,1,True,low_confidence
oh_3918154_-8460075:c002,oh_3918154_-8460075,Hamilton,tennis,hybrid,2019,2021,0.327,1,True,low_confidence
oh_3918244_-8432196:c001,oh_3918244_-8432196,Hamilton,tennis,pickleball,2013,2023,0.42,,True,low_confidence
oh_3918259_-8436274:c001,oh_3918259_-8436274,Hamilton,tennis,hybrid,2021,2023,0.614,1,False,
oh_3918259_-8436274:c002,oh_3918259_-8436274,Hamilton,tennis,pickleball,2017,2019,0.559,,True,low_confidence
oh_3918259_-8436274:c002,oh_3918259_-8436274,Hamilton,pickleball,hybrid,2021,2023,0.445,1,True,low_confidence
oh_3918266_-8361227:c003,oh_3918266_-8361227,Highland,tennis,hybrid,2013,2015,0.369,1,True,low_confidence
oh_3918266_-8361227:c003,oh_3918266_-8361227,Highland,hybrid,tennis,2015,2017,0.365,1,True,low_confidence;reversion
oh_3918266_-8361227:c004,oh_3918266_-8361227,Highland,tennis,removed,2017,2019,0.394,1,True,low_confidence
oh_3918266_-8361227:c004,oh_3918266_-8361227,Highland,removed,hybrid,2021,2023,0.6,1,True,reversion
oh_3918266_-8361227:c005,oh_3918266_-8361227,Highland,removed,tennis,2015,2019,0.543,1,True,low_confidence;reversion
oh_3918266_-8361227:c005,oh_3918266_-8361227,Highland,tennis,hybrid,2021,2023,0.518,1,True,low_confidence
oh_3918266_-8361227:c006,oh_3918266_-8361227,Highland,removed,tennis,2017,2019,0.517,1,True,low_confidence;reversion
oh_3918284_-8436143:c002,oh_3918284_-8436143,Hamilton,tennis,hybrid,2021,2023,0.85,1,False,
oh_3918285_-8443055:c001,oh_3918285_-8443055,Hamilton,tennis,hybrid,2011,2013,0.777,1,False,
oh_3918285_-8443055:c001,oh_3918285_-8443055,Hamilton,hybrid,tennis,2013,2015,0.725,1,True,reversion
oh_3918285_-8443055:c001,oh_3918285_-8443055,Hamilton,tennis,pickleball,2021,2023,0.657,,False,
oh_3918285_-8443055:c002,oh_3918285_-8443055,Hamilton,tennis,hybrid,2011,2013,0.808,1,False,
oh_3918285_-8443055:c002,oh_3918285_-8443055,Hamilton,hybrid,tennis,2013,2015,0.904,1,True,reversion
oh_3918285_-8443055:c002,oh_3918285_-8443055,Hamilton,tennis,pickleball,2021,2023,0.792,,False,
oh_3918285_-8443055:c003,oh_3918285_-8443055,Hamilton,tennis,hybrid,2011,2013,0.758,1,False,
oh_3918285_-8443055:c003,oh_3918285_-8443055,Hamilton,hybrid,tennis,2013,2015,0.828,1,True,reversion
oh_3918285_-8443055:c003,oh_3918285_-8443055,Hamilton,tennis,hybrid,2021,2023,0.673,1,False,
oh_3918285_-8443055:c004,oh_3918285_-8443055,Hamilton,tennis,hybrid,2011,2013,0.812,1,False,
oh_3918285_-8443055:c004,oh_3918285_-8443055,Hamilton,hybrid,tennis,2013,2015,0.44,1,True,low_confidence;reversion
oh_3918285_-8443055:c006,oh_3918285_-8443055,Hamilton,hybrid,tennis,2013,2015,0.582,1,True,low_confidence;reversion
oh_3918285_-8443055:c006,oh_3918285_-8443055,Hamilton,tennis,hybrid,2021,2023,0.634,1,False,
oh_3918285_-8443055:c007,oh_3918285_-8443055,Hamilton,tennis,removed,2021,2023,0.368,1,True,low_confidence
oh_3918299_-8432953:c001,oh_3918299_-8432953,Hamilton,tennis,hybrid,2019,2021,0.355,1,True,low_confidence
oh_3918327_-8431971:c001,oh_3918327_-8431971,Hamilton,tennis,removed,2011,2021,0.397,1,True,low_confidence
oh_3918357_-8436091:c002,oh_3918357_-8436091,Hamilton,tennis,removed,2021,2023,0.334,1,True,low_confidence
oh_3918392_-8423922:c001,oh_3918392_-8423922,Clermont,tennis,hybrid,2019,2021,0.442,1,True,low_confidence
oh_3918392_-8423922:c002,oh_3918392_-8423922,Clermont,tennis,hybrid,2021,2023,0.53,1,True,low_confidence
oh_3918392_-8423922:c003,oh_3918392_-8423922,Clermont,tennis,hybrid,2011,2013,0.882,1,False,
oh_3918392_-8423922:c003,oh_3918392_-8423922,Clermont,hybrid,tennis,2013,2015,0.79,1,True,reversion
oh_3918392_-8423922:c003,oh_3918392_-8423922,Clermont,tennis,hybrid,2021,2023,0.685,1,False,
oh_3918508_-8438883:c001,oh_3918508_-8438883,Hamilton,tennis,pickleball,2015,2017,0.527,,True,low_confidence
oh_3918508_-8438883:c002,oh_3918508_-8438883,Hamilton,tennis,pickleball,2013,2015,0.234,1,True,low_confidence
oh_3918508_-8438883:c002,oh_3918508_-8438883,Hamilton,pickleball,removed,2017,2019,0.475,1,True,low_confidence
oh_3918508_-8438883:c002,oh_3918508_-8438883,Hamilton,removed,pickleball,2021,2023,0.281,,True,low_confidence;reversion
oh_3918508_-8438883:c003,oh_3918508_-8438883,Hamilton,tennis,hybrid,2011,2013,0.466,1,True,low_confidence
oh_3918508_-8438883:c003,oh_3918508_-8438883,Hamilton,hybrid,tennis,2013,2015,0.855,1,True,reversion
oh_3918508_-8438883:c007,oh_3918508_-8438883,Hamilton,tennis,hybrid,2011,2013,0.68,1,False,
oh_3918508_-8438883:c007,oh_3918508_-8438883,Hamilton,hybrid,removed,2013,2015,0.372,1,True,low_confidence
oh_3918508_-8438883:c007,oh_3918508_-8438883,Hamilton,removed,pickleball,2019,2021,0.3,,True,low_confidence;reversion
oh_3918508_-8438883:c008,oh_3918508_-8438883,Hamilton,tennis,hybrid,2011,2013,0.748,1,False,
oh_3918508_-8438883:c008,oh_3918508_-8438883,Hamilton,hybrid,tennis,2013,2015,0.292,1,True,low_confidence;reversion
oh_3918508_-8438883:c008,oh_3918508_-8438883,Hamilton,tennis,pickleball,2017,2019,0.654,,False,
oh_3918529_-8351459:c001,oh_3918529_-8351459,Highland,tennis,removed,2019,2023,0.463,1,True,low_confidence
oh_3918567_-8433295:c001,oh_3918567_-8433295,Hamilton,tennis,hybrid,2021,2023,0.269,1,True,low_confidence
oh_3918567_-8433295:c003,oh_3918567_-8433295,Hamilton,removed,pickleball,2019,2023,0.282,,True,low_confidence;reversion
oh_3918602_-8458759:c002,oh_3918602_-8458759,Hamilton,removed,tennis,2017,2019,0.56,1,True,low_confidence;reversion
oh_3918602_-8458759:c003,oh_3918602_-8458759,Hamilton,removed,tennis,2017,2019,0.519,1,True,low_confidence;reversion
oh_3918602_-8458759:c004,oh_3918602_-8458759,Hamilton,removed,tennis,2013,2015,0.318,1,True,low_confidence;reversion
oh_3918602_-8458759:c005,oh_3918602_-8458759,Hamilton,tennis,removed,2013,2015,0.434,1,True,low_confidence
oh_3918602_-8458759:c005,oh_3918602_-8458759,Hamilton,removed,tennis,2017,2019,0.489,1,True,low_confidence;reversion
oh_3918631_-8432390:c001,oh_3918631_-8432390,Hamilton,tennis,removed,2019,2021,0.341,1,True,low_confidence
oh_3918631_-8432390:c001,oh_3918631_-8432390,Hamilton,removed,tennis,2021,2023,0.584,1,True,low_confidence;reversion
oh_3918634_-8433139:c001,oh_3918634_-8433139,Hamilton,removed,tennis,2011,2013,0.737,1,True,reversion
oh_3918634_-8433139:c002,oh_3918634_-8433139,Hamilton,removed,tennis,2011,2013,0.649,1,True,reversion
oh_3918638_-8436981:c001,oh_3918638_-8436981,Hamilton,hybrid,removed,2013,2019,0.302,1,True,low_confidence
oh_3918638_-8436981:c002,oh_3918638_-8436981,Hamilton,tennis,hybrid,2015,2019,0.331,1,True,low_confidence
oh_3918638_-8436981:c002,oh_3918638_-8436981,Hamilton,hybrid,removed,2019,2021,0.41,1,True,low_confidence
oh_3918680_-8431954:c001,oh_3918680_-8431954,Hamilton,hybrid,tennis,2013,2015,0.958,1,True,reversion
oh_3918750_-8434752:c001,oh_3918750_-8434752,Hamilton,tennis,removed,2017,2019,0.817,1,False,
oh_3918750_-8434752:c001,oh_3918750_-8434752,Hamilton,removed,tennis,2019,2021,0.508,1,True,low_confidence;reversion
oh_3918750_-8434752:c003,oh_3918750_-8434752,Hamilton,tennis,removed,2017,2019,0.877,1,False,
oh_3918750_-8434752:c003,oh_3918750_-8434752,Hamilton,removed,tennis,2019,2021,0.578,1,True,low_confidence;reversion
oh_3918750_-8434752:c004,oh_3918750_-8434752,Hamilton,tennis,removed,2017,2019,0.78,1,False,
oh_3918750_-8434752:c004,oh_3918750_-8434752,Hamilton,removed,tennis,2019,2021,0.466,1,True,low_confidence;reversion
oh_3918901_-8459899:c001,oh_3918901_-8459899,Hamilton,tennis,hybrid,2011,2013,0.58,1,True,low_confidence
oh_3918901_-8459899:c001,oh_3918901_-8459899,Hamilton,hybrid,tennis,2013,2015,0.701,1,True,reversion
oh_3918901_-8459899:c001,oh_3918901_-8459899,Hamilton,tennis,removed,2017,2019,0.401,1,True,low_confidence
oh_3919138_-8362600:c001,oh_3919138_-8362600,Highland,tennis,removed,2011,2013,0.572,1,True,low_confidence
oh_3919138_-8362600:c001,oh_3919138_-8362600,Highland,removed,tennis,2013,2019,0.572,1,True,low_confidence;reversion
oh_3919172_-8444999:c001,oh_3919172_-8444999,Hamilton,tennis,removed,2021,2023,0.281,1,True,low_confidence
oh_3919382_-8422272:c003,oh_3919382_-8422272,Clermont,tennis,pickleball,2019,2021,0.379,1,True,low_confidence
oh_3919382_-8422272:c004,oh_3919382_-8422272,Clermont,tennis,pickleball,2017,2019,0.638,1,False,
oh_3919382_-8422272:c004,oh_3919382_-8422272,Clermont,pickleball,tennis,2021,2023,0.298,1,True,low_confidence;reversion
oh_3919389_-8455004:c001,oh_3919389_-8455004,Hamilton,tennis,pickleball,2017,2019,0.348,1,True,low_confidence
oh_3919421_-8434708:c002,oh_3919421_-8434708,Hamilton,tennis,removed,2011,2013,0.393,1,True,low_confidence
oh_3919490_-8443937:c001,oh_3919490_-8443937,Hamilton,tennis,pickleball,2011,2017,0.407,,True,low_confidence
oh_3919501_-8431926:c001,oh_3919501_-8431926,Hamilton,tennis,removed,2019,2023,0.641,1,False,
oh_3919537_-8469903:c001,oh_3919537_-8469903,Hamilton,removed,tennis,2015,2017,0.398,1,True,low_confidence;reversion
oh_3919672_-8425648:c001,oh_3919672_-8425648,Clermont,tennis,hybrid,2011,2013,0.613,1,False,
oh_3919672_-8425648:c001,oh_3919672_-8425648,Clermont,hybrid,tennis,2013,2015,0.609,1,True,reversion
oh_3919672_-8425648:c001,oh_3919672_-8425648,Clermont,tennis,hybrid,2017,2019,0.655,1,False,
oh_3919672_-8425648:c001,oh_3919672_-8425648,Clermont,hybrid,pickleball,2019,2021,0.676,,False,
oh_3919672_-8425648:c001,oh_3919672_-8425648,Clermont,pickleball,tennis,2021,2023,0.557,1,True,low_confidence;reversion
oh_3919702_-8437095:c001,oh_3919702_-8437095,Hamilton,pickleball,tennis,2013,2015,0.422,1,True,low_confidence;reversion
oh_3919702_-8437095:c001,oh_3919702_-8437095,Hamilton,tennis,pickleball,2015,2017,0.422,,True,low_confidence
oh_3919702_-8437095:c001,oh_3919702_-8437095,Hamilton,pickleball,hybrid,2021,2023,0.62,1,False,
oh_3919702_-8437095:c002,oh_3919702_-8437095,Hamilton,pickleball,tennis,2015,2017,0.55,1,True,low_confidence;reversion
oh_3919702_-8437095:c002,oh_3919702_-8437095,Hamilton,tennis,pickleball,2019,2021,0.472,,True,low_confidence
oh_3919702_-8437095:c002,oh_3919702_-8437095,Hamilton,pickleball,hybrid,2021,2023,0.526,1,True,low_confidence
oh_3919702_-8437095:c004,oh_3919702_-8437095,Hamilton,pickleball,tennis,2019,2021,0.252,1,True,low_confidence;reversion
oh_3919702_-8437095:c004,oh_3919702_-8437095,Hamilton,tennis,hybrid,2021,2023,0.252,1,True,low_confidence
oh_3919765_-8431407:c001,oh_3919765_-8431407,Hamilton,tennis,hybrid,2021,2023,0.347,1,True,low_confidence
oh_3919780_-8431595:c001,oh_3919780_-8431595,Hamilton,tennis,hybrid,2021,2023,0.367,1,True,low_confidence
oh_3919790_-8443191:c001,oh_3919790_-8443191,Hamilton,tennis,pickleball,2017,2019,0.473,,True,low_confidence
oh_3919790_-8443191:c001,oh_3919790_-8443191,Hamilton,pickleball,tennis,2021,2023,0.638,1,True,reversion
oh_3919790_-8443191:c002,oh_3919790_-8443191,Hamilton,tennis,pickleball,2015,2017,0.524,,True,low_confidence
oh_3919790_-8443191:c002,oh_3919790_-8443191,Hamilton,pickleball,tennis,2019,2021,0.446,1,True,low_confidence;reversion
oh_3919813_-8432993:c001,oh_3919813_-8432993,Hamilton,hybrid,removed,2019,2023,0.395,1,True,low_confidence
oh_3919853_-8424768:c001,oh_3919853_-8424768,Clermont,tennis,hybrid,2017,2019,0.5,1,True,low_confidence
oh_3919868_-8457558:c002,oh_3919868_-8457558,Hamilton,tennis,hybrid,2011,2013,0.68,1,False,
oh_3919868_-8457558:c002,oh_3919868_-8457558,Hamilton,hybrid,tennis,2013,2015,0.497,1,True,low_confidence;reversion
oh_3919868_-8457558:c005,oh_3919868_-8457558,Hamilton,tennis,pickleball,2017,2023,0.403,,True,low_confidence
oh_3919916_-8434957:c001,oh_3919916_-8434957,Hamilton,hybrid,tennis,2013,2015,0.423,1,True,low_confidence;reversion
oh_3919967_-8435293:c001,oh_3919967_-8435293,Hamilton,tennis,removed,2013,2015,0.356,1,True,low_confidence
oh_3919967_-8435293:c001,oh_3919967_-8435293,Hamilton,removed,tennis,2017,2019,0.4,1,True,low_confidence;reversion
oh_3920323_-8442891:c001,oh_3920323_-8442891,Hamilton,tennis,removed,2011,2021,0.505,1,True,low_confidence
oh_3920361_-8435488:c001,oh_3920361_-8435488,Hamilton,tennis,removed,2015,2019,0.309,1,True,low_confidence
oh_3920364_-8425792:c002,oh_3920364_-8425792,Clermont,tennis,hybrid,2017,2019,0.848,1,False,
oh_3920364_-8425792:c002,oh_3920364_-8425792,Clermont,hybrid,pickleball,2019,2021,0.838,,False,
oh_3920364_-8425792:c002,oh_3920364_-8425792,Clermont,pickleball,removed,2021,2023,0.678,1,False,
oh_3920420_-8439547:c001,oh_3920420_-8439547,Hamilton,tennis,removed,2011,2013,0.298,1,True,low_confidence
oh_3920420_-8439547:c001,oh_3920420_-8439547,Hamilton,removed,tennis,2017,2019,0.528,1,True,low_confidence;reversion
oh_3920420_-8439547:c002,oh_3920420_-8439547,Hamilton,tennis,removed,2013,2015,0.476,1,True,low_confidence
oh_3920420_-8439547:c002,oh_3920420_-8439547,Hamilton,removed,tennis,2015,2017,0.422,1,True,low_confidence;reversion
oh_3920473_-8368135:c001,oh_3920473_-8368135,Highland,tennis,removed,2011,2019,0.557,1,True,low_confidence
oh_3920498_-8186384:c001,oh_3920498_-8186384,Athens,hybrid,removed,2013,2015,0.692,1,False,
oh_3920498_-8186384:c001,oh_3920498_-8186384,Athens,removed,tennis,2017,2019,0.411,1,True,low_confidence;reversion
oh_3920498_-8186384:c001,oh_3920498_-8186384,Athens,tennis,removed,2019,2021,0.411,1,True,low_confidence
oh_3920498_-8186384:c001,oh_3920498_-8186384,Athens,removed,hybrid,2021,2023,0.466,1,True,low_confidence;reversion
oh_3920536_-8436434:c001,oh_3920536_-8436434,Hamilton,tennis,removed,2013,2019,0.365,1,True,low_confidence
oh_3920625_-8442812:c002,oh_3920625_-8442812,Hamilton,tennis,hybrid,2021,2023,0.784,1,False,
oh_3920625_-8442812:c003,oh_3920625_-8442812,Hamilton,tennis,hybrid,2021,2023,0.705,1,False,
oh_3920625_-8442812:c004,oh_3920625_-8442812,Hamilton,tennis,hybrid,2021,2023,0.759,1,False,
oh_3920625_-8442812:c005,oh_3920625_-8442812,Hamilton,tennis,hybrid,2021,2023,0.753,1,False,
oh_3920650_-8442697:c001,oh_3920650_-8442697,Hamilton,tennis,hybrid,2021,2023,0.603,1,False,
oh_3920690_-8435384:c001,oh_3920690_-8435384,Hamilton,tennis,hybrid,2021,2023,0.578,1,True,low_confidence
oh_3920701_-8433103:c001,oh_3920701_-8433103,Hamilton,tennis,pickleball,2013,2019,0.231,,True,low_confidence
oh_3920701_-8433103:c001,oh_3920701_-8433103,Hamilton,pickleball,tennis,2019,2021,0.653,1,True,reversion
oh_3920789_-8437427:c002,oh_3920789_-8437427,Hamilton,pickleball,hybrid,2011,2013,0.916,1,False,
oh_3920789_-8437427:c002,oh_3920789_-8437427,Hamilton,hybrid,pickleball,2013,2015,0.874,,False,
oh_3920789_-8437427:c002,oh_3920789_-8437427,Hamilton,pickleball,hybrid,2021,2023,0.834,1,False,
oh_3920789_-8437427:c003,oh_3920789_-8437427,Hamilton,pickleball,hybrid,2021,2023,0.868,1,False,
oh_3920922_-8388675:c001,oh_3920922_-8388675,Brown,tennis,removed,2011,2015,0.426,1,True,low_confidence
oh_3920922_-8388675:c001,oh_3920922_-8388675,Brown,removed,tennis,2017,2019,0.279,1,True,low_confidence;reversion
oh_3920958_-8450663:c001,oh_3920958_-8450663,Hamilton,tennis,removed,2013,2015,0.618,1,False,
oh_3920958_-8450663:c001,oh_3920958_-8450663,Hamilton,removed,tennis,2015,2017,0.777,1,True,reversion
oh_3920958_-8450663:c003,oh_3920958_-8450663,Hamilton,tennis,removed,2013,2015,0.658,1,False,
oh_3920958_-8450663:c003,oh_3920958_-8450663,Hamilton,removed,tennis,2015,2017,0.639,1,True,reversion
oh_3920958_-8456103:c001,oh_3920958_-8456103,Hamilton,tennis,removed,2015,2017,0.57,1,True,low_confidence
oh_3921006_-8433227:c001,oh_3921006_-8433227,Hamilton,tennis,removed,2011,2019,0.502,1,True,low_confidence
oh_3921126_-8450752:c001,oh_3921126_-8450752,Hamilton,removed,tennis,2017,2019,0.901,1,True,reversion
oh_3921126_-8450752:c002,oh_3921126_-8450752,Hamilton,removed,tennis,2017,2019,0.815,1,True,reversion
oh_3921126_-8450752:c003,oh_3921126_-8450752,Hamilton,hybrid,removed,2011,2013,0.756,1,False,
oh_3921126_-8450752:c003,oh_3921126_-8450752,Hamilton,removed,tennis,2017,2019,0.871,1,True,reversion
oh_3921126_-8450752:c004,oh_3921126_-8450752,Hamilton,removed,tennis,2017,2019,0.908,1,True,reversion
oh_3921126_-8450752:c005,oh_3921126_-8450752,Hamilton,hybrid,removed,2011,2013,0.815,1,False,
oh_3921126_-8450752:c005,oh_3921126_-8450752,Hamilton,removed,tennis,2017,2019,0.854,1,True,reversion
oh_3921126_-8450752:c006,oh_3921126_-8450752,Hamilton,hybrid,removed,2011,2013,0.804,1,False,
oh_3921126_-8450752:c006,oh_3921126_-8450752,Hamilton,removed,tennis,2017,2019,0.776,1,True,reversion
oh_3921126_-8450752:c007,oh_3921126_-8450752,Hamilton,removed,tennis,2017,2019,0.898,1,True,reversion
oh_3921126_-8450752:c008,oh_3921126_-8450752,Hamilton,removed,tennis,2017,2019,0.881,1,True,reversion
oh_3921126_-8450752:c009,oh_3921126_-8450752,Hamilton,removed,tennis,2017,2019,0.91,1,True,reversion
oh_3921126_-8450752:c010,oh_3921126_-8450752,Hamilton,removed,tennis,2017,2019,0.925,1,True,reversion
oh_3921126_-8450752:c011,oh_3921126_-8450752,Hamilton,removed,tennis,2017,2019,0.941,1,True,reversion
oh_3921126_-8450752:c012,oh_3921126_-8450752,Hamilton,removed,tennis,2017,2019,0.843,1,True,reversion
oh_3921131_-8439943:c001,oh_3921131_-8439943,Hamilton,tennis,removed,2013,2015,0.338,1,True,low_confidence
oh_3921131_-8439943:c001,oh_3921131_-8439943,Hamilton,removed,tennis,2017,2019,0.363,1,True,low_confidence;reversion
oh_3921131_-8439943:c001,oh_3921131_-8439943,Hamilton,tennis,hybrid,2021,2023,0.517,1,True,low_confidence
oh_3921131_-8439943:c002,oh_3921131_-8439943,Hamilton,tennis,removed,2013,2015,0.305,1,True,low_confidence
oh_3921131_-8439943:c002,oh_3921131_-8439943,Hamilton,removed,tennis,2015,2017,0.415,1,True,low_confidence;reversion
oh_3921131_-8439943:c002,oh_3921131_-8439943,Hamilton,tennis,hybrid,2021,2023,0.365,1,True,low_confidence
oh_3921131_-8439943:c003,oh_3921131_-8439943,Hamilton,tennis,removed,2011,2013,0.277,1,True,low_confidence
oh_3921131_-8439943:c003,oh_3921131_-8439943,Hamilton,removed,tennis,2017,2019,0.423,1,True,low_confidence;reversion
oh_3921131_-8439943:c004,oh_3921131_-8439943,Hamilton,tennis,removed,2011,2015,0.414,1,True,low_confidence
oh_3921131_-8439943:c004,oh_3921131_-8439943,Hamilton,removed,tennis,2017,2021,0.586,1,True,low_confidence;reversion
oh_3921131_-8439943:c005,oh_3921131_-8439943,Hamilton,tennis,removed,2013,2015,0.323,1,True,low_confidence
oh_3921131_-8439943:c005,oh_3921131_-8439943,Hamilton,removed,tennis,2017,2019,0.522,1,True,low_confidence;reversion
oh_3921389_-8435144:c001,oh_3921389_-8435144,Hamilton,pickleball,hybrid,2011,2013,0.585,1,True,low_confidence
oh_3921389_-8435144:c001,oh_3921389_-8435144,Hamilton,hybrid,pickleball,2013,2019,0.521,,True,low_confidence
oh_3921465_-8432431:c001,oh_3921465_-8432431,Hamilton,tennis,hybrid,2011,2013,0.498,1,True,low_confidence
oh_3921465_-8432431:c001,oh_3921465_-8432431,Hamilton,hybrid,tennis,2013,2015,0.387,1,True,low_confidence;reversion
oh_3921520_-8448488:c001,oh_3921520_-8448488,Hamilton,tennis,hybrid,2019,2021,0.567,1,True,low_confidence
oh_3921520_-8448488:c002,oh_3921520_-8448488,Hamilton,tennis,hybrid,2017,2019,0.679,1,False,
oh_3921591_-8434555:c001,oh_3921591_-8434555,Hamilton,tennis,pickleball,2019,2021,0.601,,False,
oh_3921640_-8471116:c001,oh_3921640_-8471116,Hamilton,hybrid,tennis,2011,2013,0.304,1,True,low_confidence;reversion
oh_3921640_-8471116:c001,oh_3921640_-8471116,Hamilton,tennis,pickleball,2017,2019,0.739,,False,
oh_3921640_-8471116:c001,oh_3921640_-8471116,Hamilton,pickleball,removed,2019,2021,0.739,1,False,
oh_3921647_-8439014:c004,oh_3921647_-8439014,Hamilton,tennis,removed,2015,2019,0.5,1,True,low_confidence;inferred_removal
oh_3921690_-8462735:c001,oh_3921690_-8462735,Hamilton,removed,tennis,2017,2019,0.461,1,True,low_confidence;reversion
oh_3921728_-8456427:c001,oh_3921728_-8456427,Hamilton,removed,tennis,2019,2021,0.505,1,True,low_confidence;reversion
oh_3921849_-8434833:c001,oh_3921849_-8434833,Hamilton,removed,tennis,2013,2019,0.489,1,True,low_confidence;reversion
oh_3922038_-8424415:c001,oh_3922038_-8424415,Clermont,tennis,hybrid,2011,2013,0.801,1,False,
oh_3922038_-8424415:c001,oh_3922038_-8424415,Clermont,hybrid,tennis,2013,2015,0.926,1,True,reversion
oh_3922327_-8447704:c001,oh_3922327_-8447704,Hamilton,pickleball,tennis,2013,2017,0.328,1,True,low_confidence;reversion
oh_3922403_-8440693:c001,oh_3922403_-8440693,Hamilton,tennis,removed,2011,2017,0.417,1,True,low_confidence
oh_3922403_-8440693:c002,oh_3922403_-8440693,Hamilton,pickleball,removed,2011,2015,0.657,1,False,
oh_3922477_-8423447:c001,oh_3922477_-8423447,Clermont,tennis,removed,2011,2013,0.414,1,True,low_confidence
oh_3922477_-8423447:c001,oh_3922477_-8423447,Clermont,removed,tennis,2015,2017,0.668,1,True,reversion
oh_3922513_-8462281:c001,oh_3922513_-8462281,Hamilton,hybrid,tennis,2013,2015,0.28,1,True,low_confidence;reversion
oh_3922513_-8462281:c001,oh_3922513_-8462281,Hamilton,tennis,pickleball,2017,2019,0.335,,True,low_confidence
oh_3922553_-8437384:c001,oh_3922553_-8437384,Hamilton,tennis,removed,2017,2019,0.388,1,True,low_confidence
oh_3922553_-8437384:c002,oh_3922553_-8437384,Hamilton,tennis,removed,2017,2019,0.478,1,True,low_confidence
oh_3922553_-8437384:c003,oh_3922553_-8437384,Hamilton,tennis,removed,2017,2019,0.349,1,True,low_confidence
oh_3922553_-8437384:c004,oh_3922553_-8437384,Hamilton,tennis,removed,2015,2017,0.466,1,True,low_confidence
oh_3922593_-8438982:c001,oh_3922593_-8438982,Hamilton,tennis,removed,2019,2021,0.756,1,False,
oh_3922593_-8438982:c002,oh_3922593_-8438982,Hamilton,tennis,removed,2019,2021,0.485,1,True,low_confidence
oh_3922630_-8440085:c001,oh_3922630_-8440085,Hamilton,tennis,removed,2019,2021,0.628,1,False,
oh_3922630_-8440085:c002,oh_3922630_-8440085,Hamilton,tennis,removed,2019,2021,0.668,1,False,
oh_3922786_-8441229:c001,oh_3922786_-8441229,Hamilton,tennis,removed,2017,2021,0.679,1,False,
oh_3922788_-8451047:c001,oh_3922788_-8451047,Hamilton,tennis,removed,2019,2021,0.497,1,True,low_confidence
oh_3922788_-8451047:c002,oh_3922788_-8451047,Hamilton,tennis,hybrid,2017,2019,0.65,1,False,
oh_3922788_-8451047:c002,oh_3922788_-8451047,Hamilton,hybrid,removed,2019,2021,0.65,1,False,
oh_3922788_-8451047:c003,oh_3922788_-8451047,Hamilton,tennis,removed,2019,2021,0.399,1,True,low_confidence
oh_3922788_-8451047:c004,oh_3922788_-8451047,Hamilton,tennis,removed,2019,2021,0.459,1,True,low_confidence
oh_3922825_-8435839:c001,oh_3922825_-8435839,Hamilton,removed,tennis,2013,2017,0.45,1,True,low_confidence;reversion
oh_3922825_-8435839:c001,oh_3922825_-8435839,Hamilton,tennis,hybrid,2021,2023,0.639,1,False,
oh_3922905_-8436038:c001,oh_3922905_-8436038,Hamilton,hybrid,removed,2013,2015,0.423,1,True,low_confidence
oh_3922905_-8436038:c001,oh_3922905_-8436038,Hamilton,removed,pickleball,2015,2017,0.329,1,True,low_confidence;reversion
oh_3922905_-8436038:c002,oh_3922905_-8436038,Hamilton,pickleball,hybrid,2013,2015,0.277,1,True,low_confidence
oh_3922905_-8436038:c002,oh_3922905_-8436038,Hamilton,hybrid,tennis,2015,2017,0.277,1,True,low_confidence;reversion
oh_3922905_-8436038:c002,oh_3922905_-8436038,Hamilton,tennis,pickleball,2017,2019,0.563,,True,low_confidence
oh_3922918_-8463207:c001,oh_3922918_-8463207,Hamilton,tennis,hybrid,2019,2021,0.437,1,True,low_confidence
oh_3922918_-8463207:c002,oh_3922918_-8463207,Hamilton,tennis,pickleball,2017,2019,0.795,,False,
oh_3922918_-8463207:c002,oh_3922918_-8463207,Hamilton,pickleball,hybrid,2021,2023,0.359,1,True,low_confidence
oh_3922951_-8414842:c001,oh_3922951_-8414842,Clermont,removed,tennis,2015,2017,0.465,1,True,low_confidence;reversion
oh_3922951_-8414842:c003,oh_3922951_-8414842,Clermont,removed,tennis,2015,2017,0.451,1,True,low_confidence;reversion
oh_3922951_-8414842:c005,oh_3922951_-8414842,Clermont,removed,tennis,2013,2015,0.385,1,True,low_confidence;reversion
oh_3923109_-8426897:c001,oh_3923109_-8426897,Clermont,tennis,pickleball,2019,2023,0.569,,True,low_confidence
oh_3923302_-8460472:c001,oh_3923302_-8460472,Hamilton,tennis,hybrid,2019,2021,0.477,1,True,low_confidence
oh_3923302_-8460472:c002,oh_3923302_-8460472,Hamilton,tennis,hybrid,2017,2019,0.454,1,True,low_confidence
oh_3923302_-8460472:c003,oh_3923302_-8460472,Hamilton,hybrid,tennis,2011,2013,0.483,1,True,low_confidence;reversion
oh_3923302_-8460472:c003,oh_3923302_-8460472,Hamilton,tennis,hybrid,2021,2023,0.671,1,False,
oh_3923302_-8460472:c004,oh_3923302_-8460472,Hamilton,tennis,hybrid,2019,2021,0.548,1,True,low_confidence
oh_3923302_-8460472:c005,oh_3923302_-8460472,Hamilton,hybrid,tennis,2011,2013,0.465,1,True,low_confidence;reversion
oh_3923302_-8460472:c005,oh_3923302_-8460472,Hamilton,tennis,hybrid,2017,2019,0.49,1,True,low_confidence
oh_3923431_-8447041:c001,oh_3923431_-8447041,Hamilton,tennis,hybrid,2021,2023,0.849,1,False,
oh_3923431_-8447041:c002,oh_3923431_-8447041,Hamilton,tennis,hybrid,2021,2023,0.763,1,False,
oh_3923431_-8447041:c003,oh_3923431_-8447041,Hamilton,tennis,hybrid,2021,2023,0.744,1,False,
oh_3923431_-8447041:c004,oh_3923431_-8447041,Hamilton,tennis,hybrid,2021,2023,0.791,1,False,
oh_3923431_-8447041:c005,oh_3923431_-8447041,Hamilton,tennis,hybrid,2021,2023,0.663,1,False,
oh_3923609_-8447074:c001,oh_3923609_-8447074,Hamilton,tennis,hybrid,2021,2023,0.762,1,False,
oh_3923609_-8447074:c003,oh_3923609_-8447074,Hamilton,tennis,hybrid,2021,2023,0.417,1,True,low_confidence
oh_3923609_-8447074:c004,oh_3923609_-8447074,Hamilton,tennis,pickleball,2017,2019,0.672,1,False,
oh_3923609_-8447074:c005,oh_3923609_-8447074,Hamilton,tennis,pickleball,2017,2019,0.77,1,False,
oh_3923753_-8436614:c001,oh_3923753_-8436614,Hamilton,tennis,removed,2011,2013,0.607,1,False,
oh_3923777_-8424575:c001,oh_3923777_-8424575,Clermont,hybrid,tennis,2013,2015,0.696,1,True,reversion
oh_3923908_-8455635:c001,oh_3923908_-8455635,Hamilton,removed,hybrid,2011,2013,0.645,1,True,reversion
oh_3923908_-8455635:c001,oh_3923908_-8455635,Hamilton,hybrid,tennis,2013,2015,0.707,1,True,reversion
oh_3923908_-8455635:c001,oh_3923908_-8455635,Hamilton,tennis,hybrid,2019,2021,0.463,1,True,low_confidence
oh_3923908_-8455635:c002,oh_3923908_-8455635,Hamilton,removed,tennis,2011,2013,0.6,1,True,reversion
oh_3923908_-8455635:c002,oh_3923908_-8455635,Hamilton,tennis,hybrid,2021,2023,0.602,1,False,
oh_3923908_-8455635:c003,oh_3923908_-8455635,Hamilton,removed,tennis,2011,2013,0.385,1,True,low_confidence;reversion
oh_3923908_-8455635:c004,oh_3923908_-8455635,Hamilton,removed,tennis,2011,2013,0.377,1,True,low_confidence;reversion
oh_3923908_-8455635:c004,oh_3923908_-8455635,Hamilton,tennis,hybrid,2019,2021,0.38,1,True,low_confidence
oh_3923908_-8455635:c005,oh_3923908_-8455635,Hamilton,removed,tennis,2011,2013,0.54,1,True,low_confidence;reversion
oh_3923908_-8455635:c005,oh_3923908_-8455635,Hamilton,tennis,hybrid,2021,2023,0.643,1,False,
oh_3923937_-8436360:c001,oh_3923937_-8436360,Hamilton,tennis,removed,2015,2019,0.251,1,True,low_confidence
oh_3924023_-8440271:c001,oh_3924023_-8440271,Hamilton,tennis,pickleball,2013,2019,0.469,,True,low_confidence
oh_3924023_-8440271:c001,oh_3924023_-8440271,Hamilton,pickleball,tennis,2021,2023,0.251,1,True,low_confidence;reversion
oh_3924026_-8451288:c001,oh_3924026_-8451288,Hamilton,tennis,pickleball,2021,2023,0.811,1,False,
oh_3924026_-8451288:c002,oh_3924026_-8451288,Hamilton,tennis,pickleball,2021,2023,0.592,2,True,low_confidence
oh_3924100_-8440516:c001,oh_3924100_-8440516,Hamilton,hybrid,tennis,2013,2015,0.888,1,True,reversion
oh_3924100_-8440516:c001,oh_3924100_-8440516,Hamilton,tennis,pickleball,2019,2021,0.357,,True,low_confidence
oh_3924100_-8440516:c001,oh_3924100_-8440516,Hamilton,pickleball,hybrid,2021,2023,0.639,1,False,
oh_3924116_-8431330:c001,oh_3924116_-8431330,Hamilton,pickleball,removed,2017,2021,0.469,1,True,low_confidence
oh_3924215_-8433551:c001,oh_3924215_-8433551,Hamilton,tennis,pickleball,2015,2017,0.286,1,True,low_confidence
oh_3924289_-8453538:c001,oh_3924289_-8453538,Hamilton,tennis,removed,2013,2015,0.378,1,True,low_confidence
oh_3924289_-8453538:c002,oh_3924289_-8453538,Hamilton,tennis,removed,2011,2013,0.328,1,True,low_confidence
oh_3924326_-8429241:c001,oh_3924326_-8429241,Clermont,tennis,removed,2019,2021,0.572,1,True,low_confidence
oh_3924326_-8429241:c001,oh_3924326_-8429241,Clermont,removed,pickleball,2021,2023,0.572,,True,low_confidence;reversion
oh_3924326_-8429241:c002,oh_3924326_-8429241,Clermont,tennis,pickleball,2021,2023,0.341,,True,low_confidence
oh_3924341_-8431834:c001,oh_3924341_-8431834,Hamilton,removed,tennis,2017,2019,0.637,1,True,reversion
oh_3924379_-8440534:c001,oh_3924379_-8440534,Hamilton,tennis,hybrid,2011,2013,0.655,1,False,
oh_3924379_-8440534:c001,oh_3924379_-8440534,Hamilton,hybrid,tennis,2013,2015,0.772,1,True,reversion
oh_3924523_-8424823:c001,oh_3924523_-8424823,Clermont,tennis,removed,2013,2015,0.397,1,True,low_confidence
oh_3924523_-8424823:c001,oh_3924523_-8424823,Clermont,removed,tennis,2017,2019,0.385,1,True,low_confidence;reversion
oh_3924523_-8424823:c001,oh_3924523_-8424823,Clermont,tennis,hybrid,2019,2021,0.503,1,True,low_confidence
oh_3924625_-8431319:c001,oh_3924625_-8431319,Hamilton,tennis,hybrid,2019,2021,0.506,1,True,low_confidence
oh_3924625_-8431319:c002,oh_3924625_-8431319,Hamilton,tennis,hybrid,2019,2021,0.465,1,True,low_confidence
oh_3924705_-8431645:c001,oh_3924705_-8431645,Hamilton,pickleball,tennis,2019,2023,0.457,1,True,low_confidence;reversion
oh_3924740_-8441123:c001,oh_3924740_-8441123,Hamilton,tennis,removed,2013,2015,0.381,1,True,low_confidence
oh_3924740_-8441123:c001,oh_3924740_-8441123,Hamilton,removed,tennis,2015,2019,0.401,1,True,low_confidence;reversion
oh_3924864_-8434566:c002,oh_3924864_-8434566,Hamilton,hybrid,tennis,2013,2015,0.839,1,True,reversion
oh_3925002_-8248628:c001,oh_3925002_-8248628,Vinton,tennis,removed,2017,2019,0.431,1,True,low_confidence
oh_3925002_-8248628:c001,oh_3925002_-8248628,Vinton,removed,hybrid,2021,2023,0.603,1,True,reversion
oh_3925002_-8248628:c002,oh_3925002_-8248628,Vinton,tennis,hybrid,2021,2023,0.413,1,True,low_confidence
oh_3925002_-8248628:c003,oh_3925002_-8248628,Vinton,tennis,hybrid,2021,2023,0.387,1,True,low_confidence
oh_3925021_-8249232:c003,oh_3925021_-8249232,Vinton,tennis,removed,2011,2013,0.358,1,True,low_confidence
oh_3925021_-8249232:c003,oh_3925021_-8249232,Vinton,removed,tennis,2015,2017,0.515,1,True,low_confidence;reversion
oh_3925187_-8432350:c001,oh_3925187_-8432350,Hamilton,removed,hybrid,2017,2023,0.518,1,True,low_confidence;reversion
oh_3925216_-8480120:c001,oh_3925216_-8480120,Hamilton,tennis,removed,2011,2013,0.542,1,True,low_confidence
oh_3925369_-8435186:c001,oh_3925369_-8435186,Hamilton,tennis,pickleball,2019,2021,0.631,,False,
oh_3925369_-8435186:c002,oh_3925369_-8435186,Hamilton,tennis,pickleball,2017,2019,0.443,,True,low_confidence
oh_3925479_-8460863:c001,oh_3925479_-8460863,Hamilton,tennis,hybrid,2019,2021,0.303,1,True,low_confidence
oh_3925499_-8477143:c003,oh_3925499_-8477143,Hamilton,tennis,pickleball,2021,2023,0.566,,True,low_confidence
oh_3925746_-8436127:c001,oh_3925746_-8436127,Hamilton,tennis,hybrid,2011,2013,0.74,1,False,
oh_3925746_-8436127:c001,oh_3925746_-8436127,Hamilton,hybrid,tennis,2013,2015,0.915,1,True,reversion
oh_3925746_-8436127:c001,oh_3925746_-8436127,Hamilton,tennis,hybrid,2017,2019,0.609,1,False,
oh_3925746_-8436127:c002,oh_3925746_-8436127,Hamilton,tennis,hybrid,2019,2021,0.37,1,True,low_confidence
oh_3925751_-8441934:c001,oh_3925751_-8441934,Hamilton,tennis,hybrid,2011,2013,0.87,1,False,
oh_3925751_-8441934:c001,oh_3925751_-8441934,Hamilton,hybrid,tennis,2013,2015,0.625,1,True,reversion
oh_3925751_-8441934:c002,oh_3925751_-8441934,Hamilton,tennis,hybrid,2011,2013,0.778,1,False,
oh_3925751_-8441934:c002,oh_3925751_-8441934,Hamilton,hybrid,tennis,2015,2019,0.455,1,True,low_confidence;reversion
oh_3925751_-8441934:c004,oh_3925751_-8441934,Hamilton,tennis,hybrid,2011,2013,0.843,1,False,
oh_3925751_-8441934:c004,oh_3925751_-8441934,Hamilton,hybrid,tennis,2013,2015,0.623,1,True,reversion
oh_3925842_-8432642:c001,oh_3925842_-8432642,Hamilton,tennis,pickleball,2017,2019,0.261,1,True,low_confidence
oh_3925842_-8432642:c001,oh_3925842_-8432642,Hamilton,pickleball,hybrid,2021,2023,0.558,1,True,low_confidence
oh_3925918_-8481040:c001,oh_3925918_-8481040,Hamilton,tennis,hybrid,2017,2018,0.743,1,False,
oh_3925918_-8481040:c002,oh_3925918_-8481040,Hamilton,tennis,hybrid,2017,2018,0.653,1,False,
oh_3925918_-8481040:c003,oh_3925918_-8481040,Hamilton,removed,pickleball,2018,2019,0.921,1,True,reversion
oh_3925918_-8481040:c004,oh_3925918_-8481040,Hamilton,removed,pickleball,2018,2019,0.881,1,True,reversion
oh_3926122_-8435392:c001,oh_3926122_-8435392,Hamilton,tennis,hybrid,2019,2021,0.434,1,True,low_confidence
oh_3926134_-8423245:c001,oh_3926134_-8423245,Clermont,tennis,pickleball,2017,2021,0.531,,True,low_confidence
oh_3926330_-8422105:c001,oh_3926330_-8422105,Clermont,tennis,pickleball,2019,2021,0.504,,True,low_confidence
oh_3926330_-8422105:c001,oh_3926330_-8422105,Clermont,pickleball,tennis,2021,2023,0.561,1,True,low_confidence;reversion
oh_3926344_-8432088:c001,oh_3926344_-8432088,Hamilton,tennis,hybrid,2011,2013,0.654,1,False,
oh_3926344_-8432088:c001,oh_3926344_-8432088,Hamilton,hybrid,tennis,2013,2015,0.683,1,True,reversion
oh_3926344_-8432088:c001,oh_3926344_-8432088,Hamilton,tennis,pickleball,2019,2021,0.662,,False,
oh_3926344_-8432088:c001,oh_3926344_-8432088,Hamilton,pickleball,hybrid,2021,2023,0.581,1,True,low_confidence
oh_3926344_-8432088:c002,oh_3926344_-8432088,Hamilton,hybrid,tennis,2013,2015,0.87,1,True,reversion
oh_3926344_-8432088:c002,oh_3926344_-8432088,Hamilton,tennis,hybrid,2021,2023,0.399,1,True,low_confidence
oh_3926344_-8432088:c003,oh_3926344_-8432088,Hamilton,tennis,hybrid,2011,2013,0.801,1,False,
oh_3926344_-8432088:c003,oh_3926344_-8432088,Hamilton,hybrid,tennis,2013,2015,0.867,1,True,reversion
oh_3926344_-8432088:c004,oh_3926344_-8432088,Hamilton,tennis,hybrid,2011,2013,0.694,1,False,
oh_3926344_-8432088:c004,oh_3926344_-8432088,Hamilton,hybrid,tennis,2013,2015,0.844,1,True,reversion
oh_3926482_-8461194:c001,oh_3926482_-8461194,Hamilton,tennis,pickleball,2017,2019,0.315,,True,low_confidence
oh_3926616_-8436570:c001,oh_3926616_-8436570,Hamilton,removed,hybrid,2021,2023,0.443,1,True,low_confidence;reversion
oh_3926628_-8439247:c001,oh_3926628_-8439247,Hamilton,removed,tennis,2011,2013,0.324,1,True,low_confidence;reversion
oh_3926762_-8470841:c001,oh_3926762_-8470841,Hamilton,tennis,removed,2011,2013,0.611,1,False,
oh_3926807_-8434900:c001,oh_3926807_-8434900,Hamilton,tennis,hybrid,2021,2023,0.715,1,False,
oh_3926807_-8434900:c003,oh_3926807_-8434900,Hamilton,pickleball,removed,2011,2013,0.626,1,False,
oh_3926807_-8434900:c003,oh_3926807_-8434900,Hamilton,removed,tennis,2013,2015,0.646,1,True,reversion
oh_3926807_-8434900:c003,oh_3926807_-8434900,Hamilton,tennis,hybrid,2021,2023,0.674,1,False,
oh_3926807_-8434900:c005,oh_3926807_-8434900,Hamilton,tennis,hybrid,2021,2023,0.795,1,False,
oh_3926807_-8434900:c007,oh_3926807_-8434900,Hamilton,tennis,hybrid,2021,2023,0.605,1,False,
oh_3926826_-8432728:c001,oh_3926826_-8432728,Hamilton,tennis,hybrid,2019,2021,0.481,1,True,low_confidence
oh_3926950_-8447004:c002,oh_3926950_-8447004,Hamilton,tennis,hybrid,2017,2019,0.38,1,True,low_confidence
oh_3926950_-8447004:c003,oh_3926950_-8447004,Hamilton,tennis,hybrid,2019,2021,0.336,1,True,low_confidence
oh_3926950_-8447004:c004,oh_3926950_-8447004,Hamilton,tennis,hybrid,2021,2023,0.351,1,True,low_confidence
oh_3926950_-8447004:c005,oh_3926950_-8447004,Hamilton,tennis,hybrid,2021,2023,0.63,1,False,
oh_3927019_-8432558:c001,oh_3927019_-8432558,Hamilton,tennis,removed,2015,2017,0.672,1,False,
oh_3927019_-8432558:c001,oh_3927019_-8432558,Hamilton,removed,pickleball,2017,2019,0.645,,True,reversion
oh_3927019_-8432558:c001,oh_3927019_-8432558,Hamilton,pickleball,hybrid,2021,2023,0.587,1,True,low_confidence
oh_3927019_-8432558:c002,oh_3927019_-8432558,Hamilton,removed,tennis,2011,2013,0.261,1,True,low_confidence;reversion
oh_3927019_-8432558:c002,oh_3927019_-8432558,Hamilton,tennis,hybrid,2019,2021,0.369,1,True,low_confidence
oh_3927019_-8432558:c003,oh_3927019_-8432558,Hamilton,hybrid,tennis,2013,2015,0.502,1,True,low_confidence;reversion
oh_3927019_-8432558:c003,oh_3927019_-8432558,Hamilton,tennis,pickleball,2015,2017,0.518,,True,low_confidence
oh_3927019_-8432558:c003,oh_3927019_-8432558,Hamilton,pickleball,hybrid,2021,2023,0.341,1,True,low_confidence
oh_3927019_-8432558:c004,oh_3927019_-8432558,Hamilton,tennis,hybrid,2011,2013,0.695,1,False,
oh_3927019_-8432558:c004,oh_3927019_-8432558,Hamilton,hybrid,tennis,2013,2015,0.514,1,True,low_confidence;reversion
oh_3927019_-8432558:c004,oh_3927019_-8432558,Hamilton,tennis,pickleball,2015,2017,0.514,,True,low_confidence
oh_3927019_-8432558:c004,oh_3927019_-8432558,Hamilton,pickleball,hybrid,2021,2023,0.635,1,False,
oh_3927019_-8432558:c005,oh_3927019_-8432558,Hamilton,tennis,hybrid,2019,2021,0.372,1,True,low_confidence
oh_3927019_-8432558:c006,oh_3927019_-8432558,Hamilton,tennis,hybrid,2011,2013,0.536,1,True,low_confidence
oh_3927019_-8432558:c006,oh_3927019_-8432558,Hamilton,hybrid,tennis,2013,2015,0.52,1,True,low_confidence;reversion
oh_3927019_-8432558:c006,oh_3927019_-8432558,Hamilton,tennis,hybrid,2019,2021,0.339,1,True,low_confidence
oh_3927159_-8457489:c001,oh_3927159_-8457489,Hamilton,hybrid,tennis,2013,2015,0.623,1,True,reversion
oh_3927159_-8457489:c003,oh_3927159_-8457489,Hamilton,tennis,hybrid,2011,2013,0.468,1,True,low_confidence
oh_3927159_-8457489:c003,oh_3927159_-8457489,Hamilton,hybrid,tennis,2013,2015,0.738,1,True,reversion
oh_3927159_-8457489:c004,oh_3927159_-8457489,Hamilton,hybrid,tennis,2013,2015,0.756,1,True,reversion
oh_3927159_-8457489:c005,oh_3927159_-8457489,Hamilton,hybrid,tennis,2013,2015,0.705,1,True,reversion
oh_3927189_-8428681:c001,oh_3927189_-8428681,Hamilton,tennis,hybrid,2021,2023,0.353,1,True,low_confidence
oh_3927189_-8428681:c002,oh_3927189_-8428681,Hamilton,tennis,hybrid,2021,2023,0.405,1,True,low_confidence
oh_3927210_-8476723:c001,oh_3927210_-8476723,Hamilton,removed,pickleball,2017,2023,0.405,,True,low_confidence;reversion
oh_3927231_-8449569:c001,oh_3927231_-8449569,Hamilton,tennis,removed,2019,2021,0.397,1,True,low_confidence
oh_3927351_-8446187:c001,oh_3927351_-8446187,Hamilton,removed,pickleball,2017,2021,0.459,,True,low_confidence;reversion
oh_3927351_-8446187:c001,oh_3927351_-8446187,Hamilton,pickleball,tennis,2021,2023,0.63,1,True,reversion
oh_3927366_-8444324:c001,oh_3927366_-8444324,Hamilton,removed,tennis,2015,2017,0.456,1,True,low_confidence;reversion
oh_3927366_-8444324:c002,oh_3927366_-8444324,Hamilton,removed,tennis,2015,2017,0.438,1,True,low_confidence;reversion
oh_3927366_-8444324:c003,oh_3927366_-8444324,Hamilton,removed,tennis,2011,2017,0.488,1,True,low_confidence;reversion
oh_3927366_-8444324:c004,oh_3927366_-8444324,Hamilton,removed,tennis,2015,2017,0.545,1,True,low_confidence;reversion
oh_3927366_-8444324:c005,oh_3927366_-8444324,Hamilton,removed,pickleball,2021,2023,0.553,,True,low_confidence;reversion
oh_3927366_-8444324:c006,oh_3927366_-8444324,Hamilton,removed,pickleball,2017,2019,0.441,,True,low_confidence;reversion
oh_3927366_-8444324:c007,oh_3927366_-8444324,Hamilton,removed,pickleball,2021,2023,0.76,,True,reversion
oh_3927366_-8444324:c008,oh_3927366_-8444324,Hamilton,tennis,removed,2013,2015,0.337,1,True,low_confidence
oh_3927366_-8444324:c008,oh_3927366_-8444324,Hamilton,removed,tennis,2017,2019,0.358,1,True,low_confidence;reversion
oh_3927366_-8444324:c008,oh_3927366_-8444324,Hamilton,tennis,removed,2019,2021,0.419,1,True,low_confidence
oh_3927366_-8444324:c008,oh_3927366_-8444324,Hamilton,removed,pickleball,2021,2023,0.543,,True,low_confidence;reversion
oh_3927366_-8444324:c009,oh_3927366_-8444324,Hamilton,removed,tennis,2013,2017,0.603,1,True,reversion
oh_3927366_-8444324:c010,oh_3927366_-8444324,Hamilton,removed,pickleball,2021,2023,0.627,,True,reversion
oh_3927366_-8444324:c016,oh_3927366_-8444324,Hamilton,pickleball,removed,2013,2015,0.501,1,True,low_confidence
oh_3927366_-8444324:c017,oh_3927366_-8444324,Hamilton,removed,pickleball,2017,2019,0.406,,True,low_confidence;reversion
oh_3927366_-8444324:c017,oh_3927366_-8444324,Hamilton,pickleball,removed,2019,2021,0.474,1,True,low_confidence
oh_3927366_-8444324:c018,oh_3927366_-8444324,Hamilton,pickleball,removed,2013,2015,0.536,1,True,low_confidence
oh_3927366_-8444324:c018,oh_3927366_-8444324,Hamilton,removed,pickleball,2017,2019,0.531,,True,low_confidence;reversion
oh_3927366_-8444324:c018,oh_3927366_-8444324,Hamilton,pickleball,hybrid,2021,2023,0.262,1,True,low_confidence
oh_3927462_-8159118:c001,oh_3927462_-8159118,Washington,tennis,hybrid,2018,2019,0.547,1,True,low_confidence
oh_3927462_-8159118:c001,oh_3927462_-8159118,Washington,hybrid,tennis,2022,2023,0.662,1,True,reversion
oh_3927462_-8159118:c002,oh_3927462_-8159118,Washington,tennis,removed,2018,2019,0.321,1,True,low_confidence
oh_3927462_-8159118:c002,oh_3927462_-8159118,Washington,removed,tennis,2020,2021,0.395,1,True,low_confidence;reversion
oh_3927462_-8159118:c002,oh_3927462_-8159118,Washington,tennis,removed,2022,2023,0.404,1,True,low_confidence
oh_3927487_-8430547:c001,oh_3927487_-8430547,Hamilton,tennis,removed,2019,2021,0.326,1,True,low_confidence
oh_3927487_-8430547:c002,oh_3927487_-8430547,Hamilton,tennis,removed,2019,2021,0.365,1,True,low_confidence
oh_3927731_-8449707:c001,oh_3927731_-8449707,Hamilton,tennis,removed,2019,2021,0.43,1,True,low_confidence
oh_3927740_-8444537:c002,oh_3927740_-8444537,Hamilton,tennis,hybrid,2011,2013,0.645,1,False,
oh_3927740_-8444537:c002,oh_3927740_-8444537,Hamilton,hybrid,tennis,2013,2015,0.473,1,True,low_confidence;reversion
oh_3927740_-8444537:c002,oh_3927740_-8444537,Hamilton,tennis,removed,2015,2017,0.473,1,True,low_confidence
oh_3927740_-8444537:c002,oh_3927740_-8444537,Hamilton,removed,tennis,2017,2019,0.346,1,True,low_confidence;reversion
oh_3927740_-8444537:c003,oh_3927740_-8444537,Hamilton,tennis,hybrid,2011,2013,0.694,1,False,
oh_3927740_-8444537:c003,oh_3927740_-8444537,Hamilton,hybrid,tennis,2013,2015,0.668,1,True,reversion
oh_3927740_-8444537:c006,oh_3927740_-8444537,Hamilton,tennis,hybrid,2017,2019,0.38,1,True,low_confidence
oh_3927740_-8444537:c006,oh_3927740_-8444537,Hamilton,hybrid,tennis,2019,2021,0.566,1,True,low_confidence;reversion
oh_3927753_-8456662:c001,oh_3927753_-8456662,Hamilton,tennis,removed,2011,2013,0.485,1,True,low_confidence
oh_3928140_-8434140:c002,oh_3928140_-8434140,Hamilton,hybrid,tennis,2013,2015,0.752,1,True,reversion
oh_3928140_-8434140:c002,oh_3928140_-8434140,Hamilton,tennis,hybrid,2017,2019,0.735,1,False,
oh_3928220_-8431738:c001,oh_3928220_-8431738,Hamilton,tennis,hybrid,2019,2021,0.508,1,True,low_confidence
oh_3928220_-8431738:c002,oh_3928220_-8431738,Hamilton,tennis,hybrid,2019,2021,0.447,1,True,low_confidence
oh_3928276_-8427539:c001,oh_3928276_-8427539,Hamilton,removed,tennis,2013,2017,0.744,1,True,reversion
oh_3928276_-8427539:c002,oh_3928276_-8427539,Hamilton,removed,tennis,2013,2017,0.799,1,True,reversion
oh_3928276_-8427539:c003,oh_3928276_-8427539,Hamilton,removed,tennis,2013,2017,0.696,1,True,reversion
oh_3928402_-8433063:c004,oh_3928402_-8433063,Hamilton,tennis,hybrid,2021,2023,0.449,1,True,low_confidence
oh_3928402_-8433063:c005,oh_3928402_-8433063,Hamilton,removed,tennis,2011,2015,0.476,1,True,low_confidence;reversion
oh_3928402_-8433063:c005,oh_3928402_-8433063,Hamilton,tennis,removed,2021,2023,0.586,1,True,low_confidence
oh_3928402_-8433063:c006,oh_3928402_-8433063,Hamilton,tennis,removed,2021,2023,0.671,1,False,
oh_3928402_-8433063:c007,oh_3928402_-8433063,Hamilton,tennis,removed,2019,2021,0.419,1,True,low_confidence
oh_3928402_-8433063:c008,oh_3928402_-8433063,Hamilton,tennis,hybrid,2021,2023,0.469,1,True,low_confidence
oh_3928652_-8438189:c002,oh_3928652_-8438189,Hamilton,tennis,pickleball,2017,2019,0.882,,False,
oh_3928652_-8438189:c002,oh_3928652_-8438189,Hamilton,pickleball,tennis,2019,2021,0.702,1,True,reversion
oh_3928701_-8452419:c001,oh_3928701_-8452419,Hamilton,tennis,hybrid,2019,2021,0.687,1,False,
oh_3928701_-8452419:c002,oh_3928701_-8452419,Hamilton,tennis,pickleball,2017,2019,0.611,,False,
oh_3928701_-8452419:c002,oh_3928701_-8452419,Hamilton,pickleball,tennis,2021,2023,0.523,1,True,low_confidence;reversion
oh_3928701_-8452419:c005,oh_3928701_-8452419,Hamilton,tennis,hybrid,2021,2023,0.699,1,False,
oh_3928701_-8452419:c006,oh_3928701_-8452419,Hamilton,tennis,hybrid,2021,2023,0.681,1,False,
oh_3928707_-8429798:c001,oh_3928707_-8429798,Hamilton,removed,tennis,2013,2019,0.586,1,True,low_confidence;reversion
oh_3928707_-8429798:c002,oh_3928707_-8429798,Hamilton,tennis,pickleball,2019,2021,0.435,,True,low_confidence
oh_3928707_-8429798:c002,oh_3928707_-8429798,Hamilton,pickleball,hybrid,2021,2023,0.477,1,True,low_confidence
oh_3928994_-8429292:c001,oh_3928994_-8429292,Hamilton,tennis,pickleball,2015,2017,0.604,,False,
oh_3928994_-8429292:c001,oh_3928994_-8429292,Hamilton,pickleball,removed,2021,2023,0.896,1,False,
oh_3928994_-8429292:c002,oh_3928994_-8429292,Hamilton,hybrid,tennis,2013,2015,0.352,1,True,low_confidence;reversion
oh_3928994_-8429292:c002,oh_3928994_-8429292,Hamilton,tennis,pickleball,2015,2017,0.352,,True,low_confidence
oh_3928994_-8429292:c002,oh_3928994_-8429292,Hamilton,pickleball,tennis,2019,2021,0.624,1,True,reversion
oh_3928994_-8429292:c002,oh_3928994_-8429292,Hamilton,tennis,removed,2021,2023,0.624,1,False,
oh_3929021_-8433533:c001,oh_3929021_-8433533,Hamilton,tennis,pickleball,2013,2021,0.548,,True,low_confidence
oh_3929059_-8432359:c001,oh_3929059_-8432359,Hamilton,tennis,hybrid,2017,2021,0.457,1,True,low_confidence
oh_3929059_-8432359:c002,oh_3929059_-8432359,Hamilton,tennis,pickleball,2017,2021,0.252,,True,low_confidence
oh_3929059_-8432359:c002,oh_3929059_-8432359,Hamilton,pickleball,removed,2021,2023,0.595,1,True,low_confidence
oh_3929178_-8436874:c001,oh_3929178_-8436874,Hamilton,removed,tennis,2013,2015,0.318,1,True,low_confidence;reversion
oh_3929178_-8436874:c001,oh_3929178_-8436874,Hamilton,tennis,hybrid,2021,2023,0.572,1,True,low_confidence
oh_3929303_-8430002:c001,oh_3929303_-8430002,Warren,pickleball,tennis,2011,2013,0.292,1,True,low_confidence;reversion
oh_3929303_-8430002:c001,oh_3929303_-8430002,Warren,tennis,removed,2021,2023,0.535,1,True,low_confidence
oh_3929303_-8430002:c002,oh_3929303_-8430002,Warren,pickleball,removed,2011,2013,0.535,1,True,low_confidence
oh_3929303_-8430002:c002,oh_3929303_-8430002,Warren,removed,tennis,2013,2015,0.535,1,True,low_confidence;reversion
oh_3929303_-8430002:c002,oh_3929303_-8430002,Warren,tennis,removed,2021,2023,0.441,1,True,low_confidence
oh_3929365_-8437855:c001,oh_3929365_-8437855,Hamilton,tennis,hybrid,2021,2023,0.447,1,True,low_confidence
oh_3929412_-8445296:c001,oh_3929412_-8445296,Hamilton,tennis,removed,2011,2015,0.394,1,True,low_confidence
oh_3929412_-8445296:c001,oh_3929412_-8445296,Hamilton,removed,tennis,2017,2019,0.552,1,True,low_confidence;reversion
oh_3929474_-8435842:c001,oh_3929474_-8435842,Butler,tennis,removed,2019,2021,0.695,1,False,
oh_3929874_-8444245:c001,oh_3929874_-8444245,Hamilton,tennis,removed,2019,2021,0.518,1,True,low_confidence
oh_3929968_-8448874:c001,oh_3929968_-8448874,Hamilton,tennis,removed,2019,2021,0.412,1,True,low_confidence
oh_3929993_-8396849:c001,oh_3929993_-8396849,Clinton,tennis,removed,2011,2013,0.502,1,True,low_confidence
oh_3929993_-8396849:c001,oh_3929993_-8396849,Clinton,removed,tennis,2015,2017,0.869,1,True,reversion
oh_3929993_-8396849:c002,oh_3929993_-8396849,Clinton,tennis,removed,2021,2023,0.414,1,True,low_confidence
oh_3930005_-8429267:c001,oh_3930005_-8429267,Warren,pickleball,hybrid,2011,2013,0.747,1,False,
oh_3930005_-8429267:c001,oh_3930005_-8429267,Warren,hybrid,pickleball,2013,2015,0.433,1,True,low_confidence
oh_3930435_-8456228:c001,oh_3930435_-8456228,Hamilton,tennis,hybrid,2011,2013,0.739,1,False,
oh_3930435_-8456228:c001,oh_3930435_-8456228,Hamilton,hybrid,tennis,2013,2015,0.862,1,True,reversion
oh_3930435_-8456228:c001,oh_3930435_-8456228,Hamilton,tennis,removed,2019,2021,0.637,1,False,
oh_3930530_-8440494:c001,oh_3930530_-8440494,Butler,tennis,removed,2021,2023,0.414,1,True,low_confidence
oh_3930530_-8440494:c003,oh_3930530_-8440494,Butler,tennis,removed,2021,2023,0.432,1,True,low_confidence
oh_3930598_-8459923:c001,oh_3930598_-8459923,Hamilton,hybrid,tennis,2013,2015,0.841,1,True,reversion
oh_3930598_-8459923:c001,oh_3930598_-8459923,Hamilton,tennis,hybrid,2017,2019,0.461,1,True,low_confidence
oh_3930598_-8459923:c001,oh_3930598_-8459923,Hamilton,hybrid,removed,2019,2021,0.37,1,True,low_confidence
oh_3930662_-8166556:c001,oh_3930662_-8166556,Washington,tennis,removed,2018,2020,0.524,1,True,low_confidence
oh_3930729_-8427396:c001,oh_3930729_-8427396,Warren,tennis,removed,2011,2013,0.532,1,True,low_confidence
oh_3930729_-8427396:c001,oh_3930729_-8427396,Warren,removed,pickleball,2013,2015,0.296,1,True,low_confidence;reversion
oh_3930729_-8427396:c001,oh_3930729_-8427396,Warren,pickleball,removed,2019,2023,0.352,1,True,low_confidence
oh_3930729_-8427396:c002,oh_3930729_-8427396,Warren,tennis,removed,2011,2013,0.763,1,False,
oh_3930729_-8427396:c002,oh_3930729_-8427396,Warren,removed,pickleball,2013,2015,0.597,,True,low_confidence;reversion
oh_3930729_-8427396:c002,oh_3930729_-8427396,Warren,pickleball,removed,2019,2023,0.424,1,True,low_confidence
oh_3930762_-8450045:c001,oh_3930762_-8450045,Butler,tennis,removed,2021,2023,0.562,1,True,low_confidence
oh_3930806_-8450698:c001,oh_3930806_-8450698,Butler,tennis,removed,2013,2015,0.451,1,True,low_confidence
oh_3930925_-8429106:c002,oh_3930925_-8429106,Warren,tennis,hybrid,2019,2021,0.455,1,True,low_confidence
oh_3931035_-8450494:c001,oh_3931035_-8450494,Butler,tennis,hybrid,2011,2013,0.618,1,False,
oh_3931035_-8450494:c001,oh_3931035_-8450494,Butler,hybrid,tennis,2013,2015,0.556,1,True,low_confidence;reversion
oh_3931035_-8450494:c001,oh_3931035_-8450494,Butler,tennis,pickleball,2017,2023,0.571,3,True,low_confidence
oh_3931035_-8450494:c002,oh_3931035_-8450494,Butler,tennis,pickleball,2017,2023,0.828,3,False,
oh_3931508_-8426244:c001,oh_3931508_-8426244,Warren,tennis,hybrid,2017,2019,0.75,1,False,
oh_3931508_-8426244:c001,oh_3931508_-8426244,Warren,hybrid,removed,2019,2021,0.774,1,False,
oh_3931508_-8426244:c001,oh_3931508_-8426244,Warren,removed,pickleball,2021,2023,0.717,,True,reversion
oh_3931508_-8426244:c002,oh_3931508_-8426244,Warren,hybrid,removed,2019,2021,0.728,1,False,
oh_3931508_-8426244:c002,oh_3931508_-8426244,Warren,removed,pickleball,2021,2023,0.483,,True,low_confidence;reversion
oh_3931603_-8427097:c001,oh_3931603_-8427097,Warren,tennis,hybrid,2011,2013,0.645,1,False,
oh_3931603_-8427097:c001,oh_3931603_-8427097,Warren,hybrid,tennis,2013,2015,0.891,1,True,reversion
oh_3931603_-8427097:c001,oh_3931603_-8427097,Warren,tennis,hybrid,2017,2019,0.452,1,True,low_confidence
oh_3931603_-8427097:c002,oh_3931603_-8427097,Warren,tennis,hybrid,2011,2013,0.709,1,False,
oh_3931603_-8427097:c002,oh_3931603_-8427097,Warren,hybrid,tennis,2013,2015,0.842,1,True,reversion
oh_3931603_-8427097:c002,oh_3931603_-8427097,Warren,tennis,hybrid,2017,2019,0.714,1,False,
oh_3931603_-8427097:c002,oh_3931603_-8427097,Warren,hybrid,tennis,2019,2021,0.44,1,True,low_confidence;reversion
oh_3931603_-8431550:c001,oh_3931603_-8431550,Warren,hybrid,tennis,2013,2015,0.334,1,True,low_confidence;reversion
oh_3931603_-8431550:c001,oh_3931603_-8431550,Warren,tennis,removed,2019,2021,0.546,1,True,low_confidence
oh_3931610_-8442143:c001,oh_3931610_-8442143,Butler,removed,tennis,2015,2017,0.731,1,True,reversion
oh_3931611_-8457137:c001,oh_3931611_-8457137,Butler,removed,hybrid,2011,2013,0.311,1,True,low_confidence;reversion
oh_3931611_-8457137:c001,oh_3931611_-8457137,Butler,hybrid,tennis,2013,2015,0.53,1,True,low_confidence;reversion
oh_3931611_-8457137:c001,oh_3931611_-8457137,Butler,tennis,removed,2017,2021,0.438,1,True,low_confidence
oh_3931623_-8428146:c001,oh_3931623_-8428146,Warren,tennis,hybrid,2011,2013,0.709,1,False,
oh_3931623_-8428146:c001,oh_3931623_-8428146,Warren,hybrid,tennis,2013,2015,0.709,1,True,reversion
oh_3931623_-8428146:c001,oh_3931623_-8428146,Warren,tennis,hybrid,2015,2017,0.481,1,True,low_confidence
oh_3931623_-8428146:c001,oh_3931623_-8428146,Warren,hybrid,pickleball,2021,2023,0.834,,False,
oh_3931623_-8428146:c002,oh_3931623_-8428146,Warren,tennis,hybrid,2017,2019,0.622,1,False,
oh_3931667_-8430311:c001,oh_3931667_-8430311,Warren,tennis,removed,2011,2013,0.496,1,True,low_confidence
oh_3931698_-8457242:c001,oh_3931698_-8457242,Butler,removed,pickleball,2021,2023,0.837,2,True,reversion
oh_3931698_-8457242:c002,oh_3931698_-8457242,Butler,removed,pickleball,2021,2023,0.739,2,True,reversion
oh_3931698_-8457242:c003,oh_3931698_-8457242,Butler,removed,pickleball,2021,2023,0.568,4,True,low_confidence;reversion
oh_3931717_-8423658:c001,oh_3931717_-8423658,Warren,tennis,hybrid,2017,2019,0.556,1,True,low_confidence
oh_3931717_-8423658:c002,oh_3931717_-8423658,Warren,tennis,pickleball,2019,2021,0.396,,True,low_confidence
oh_3931717_-8423658:c002,oh_3931717_-8423658,Warren,pickleball,hybrid,2021,2023,0.466,1,True,low_confidence
oh_3931808_-8451108:c002,oh_3931808_-8451108,Butler,tennis,pickleball,2017,2019,0.474,1,True,low_confidence
oh_3931808_-8451108:c003,oh_3931808_-8451108,Butler,tennis,pickleball,2017,2019,0.394,1,True,low_confidence
oh_3931846_-8428896:c001,oh_3931846_-8428896,Warren,removed,tennis,2013,2017,0.36,1,True,low_confidence;reversion
oh_3931846_-8428896:c001,oh_3931846_-8428896,Warren,tennis,hybrid,2021,2023,0.587,1,True,low_confidence
oh_3932055_-8432269:c001,oh_3932055_-8432269,Warren,hybrid,removed,2013,2015,0.572,1,True,low_confidence
oh_3932055_-8432269:c001,oh_3932055_-8432269,Warren,removed,pickleball,2015,2017,0.484,,True,low_confidence;reversion
oh_3932055_-8432269:c001,oh_3932055_-8432269,Warren,pickleball,tennis,2021,2023,0.381,1,True,low_confidence;reversion
oh_3932113_-8209757:c001,oh_3932113_-8209757,Athens,tennis,removed,2013,2015,0.421,1,True,low_confidence
oh_3932113_-8209757:c001,oh_3932113_-8209757,Athens,removed,tennis,2015,2017,0.681,1,True,reversion
oh_3932113_-8209757:c001,oh_3932113_-8209757,Athens,tennis,hybrid,2021,2023,0.57,1,True,low_confidence
oh_3932113_-8209757:c002,oh_3932113_-8209757,Athens,tennis,removed,2013,2015,0.409,1,True,low_confidence
oh_3932113_-8209757:c002,oh_3932113_-8209757,Athens,removed,tennis,2015,2017,0.633,1,True,reversion
oh_3932113_-8209757:c002,oh_3932113_-8209757,Athens,tennis,hybrid,2021,2023,0.602,1,False,
oh_3932113_-8209757:c003,oh_3932113_-8209757,Athens,tennis,removed,2011,2013,0.606,1,False,
oh_3932113_-8209757:c003,oh_3932113_-8209757,Athens,removed,tennis,2015,2017,0.738,1,True,reversion
oh_3932113_-8209757:c004,oh_3932113_-8209757,Athens,tennis,removed,2013,2015,0.454,1,True,low_confidence
oh_3932113_-8209757:c004,oh_3932113_-8209757,Athens,removed,tennis,2015,2017,0.729,1,True,reversion
oh_3932113_-8209757:c004,oh_3932113_-8209757,Athens,tennis,hybrid,2021,2023,0.56,1,True,low_confidence
oh_3932113_-8209757:c005,oh_3932113_-8209757,Athens,tennis,removed,2013,2015,0.473,1,True,low_confidence
oh_3932113_-8209757:c005,oh_3932113_-8209757,Athens,removed,tennis,2015,2017,0.667,1,True,reversion
oh_3932113_-8209757:c005,oh_3932113_-8209757,Athens,tennis,hybrid,2021,2023,0.462,1,True,low_confidence
oh_3932113_-8209757:c006,oh_3932113_-8209757,Athens,tennis,removed,2013,2015,0.465,1,True,low_confidence
oh_3932113_-8209757:c006,oh_3932113_-8209757,Athens,removed,tennis,2017,2019,0.644,1,True,reversion
oh_3932113_-8209757:c006,oh_3932113_-8209757,Athens,tennis,hybrid,2021,2023,0.552,1,True,low_confidence
oh_3932508_-8455465:c001,oh_3932508_-8455465,Butler,hybrid,tennis,2013,2015,0.733,1,True,reversion
oh_3932508_-8455465:c001,oh_3932508_-8455465,Butler,tennis,hybrid,2019,2021,0.44,1,True,low_confidence
oh_3932508_-8455465:c003,oh_3932508_-8455465,Butler,tennis,hybrid,2021,2023,0.399,1,True,low_confidence
oh_3932508_-8455465:c004,oh_3932508_-8455465,Butler,tennis,hybrid,2011,2013,0.739,1,False,
oh_3932508_-8455465:c004,oh_3932508_-8455465,Butler,hybrid,tennis,2013,2015,0.88,1,True,reversion
oh_3932508_-8455465:c004,oh_3932508_-8455465,Butler,tennis,hybrid,2017,2019,0.882,1,False,
oh_3932508_-8455465:c005,oh_3932508_-8455465,Butler,hybrid,tennis,2013,2015,0.755,1,True,reversion
oh_3932508_-8455465:c005,oh_3932508_-8455465,Butler,tennis,hybrid,2017,2021,0.604,1,False,
oh_3932516_-8434071:c001,oh_3932516_-8434071,Warren,hybrid,tennis,2013,2015,0.668,1,True,reversion
oh_3932593_-8368573:c001,oh_3932593_-8368573,Clinton,hybrid,tennis,2013,2015,0.312,1,True,low_confidence;reversion
oh_3932593_-8368573:c001,oh_3932593_-8368573,Clinton,tennis,hybrid,2015,2019,0.469,1,True,low_confidence
oh_3932593_-8368573:c001,oh_3932593_-8368573,Clinton,hybrid,tennis,2021,2023,0.286,1,True,low_confidence;reversion
oh_3932673_-8430022:c001,oh_3932673_-8430022,Warren,tennis,hybrid,2021,2023,0.52,1,True,low_confidence
oh_3932842_-8427875:c001,oh_3932842_-8427875,Warren,tennis,hybrid,2019,2021,0.493,1,True,low_confidence
oh_3932842_-8427875:c002,oh_3932842_-8427875,Warren,tennis,hybrid,2019,2021,0.425,1,True,low_confidence
oh_3932977_-8441859:c001,oh_3932977_-8441859,Butler,tennis,hybrid,2011,2019,0.489,1,True,low_confidence
oh_3932977_-8441859:c001,oh_3932977_-8441859,Butler,hybrid,tennis,2019,2021,0.491,1,True,low_confidence;reversion
oh_3933014_-8300224:c001,oh_3933014_-8300224,Ross,tennis,hybrid,2011,2013,0.598,1,True,low_confidence
oh_3933014_-8300224:c001,oh_3933014_-8300224,Ross,hybrid,removed,2013,2015,0.616,1,False,
oh_3933014_-8300224:c001,oh_3933014_-8300224,Ross,removed,tennis,2015,2017,0.616,1,True,reversion
oh_3933014_-8300224:c005,oh_3933014_-8300224,Ross,hybrid,removed,2013,2015,0.737,1,False,
oh_3933014_-8300224:c005,oh_3933014_-8300224,Ross,removed,tennis,2015,2017,0.704,1,True,reversion
oh_3933014_-8300224:c005,oh_3933014_-8300224,Ross,tennis,removed,2019,2021,0.412,1,True,low_confidence
oh_3933076_-8427797:c001,oh_3933076_-8427797,Warren,tennis,removed,2019,2021,0.385,1,True,low_confidence
oh_3933152_-8443277:c001,oh_3933152_-8443277,Butler,tennis,removed,2011,2015,0.46,1,True,low_confidence
oh_3933152_-8443277:c001,oh_3933152_-8443277,Butler,removed,tennis,2017,2019,0.432,1,True,low_confidence;reversion
oh_3933152_-8443277:c002,oh_3933152_-8443277,Butler,tennis,removed,2011,2015,0.4,1,True,low_confidence
oh_3933152_-8443277:c002,oh_3933152_-8443277,Butler,removed,tennis,2017,2019,0.481,1,True,low_confidence;reversion
oh_3933152_-8443277:c003,oh_3933152_-8443277,Butler,tennis,removed,2011,2015,0.478,1,True,low_confidence
oh_3933152_-8443277:c003,oh_3933152_-8443277,Butler,removed,tennis,2017,2019,0.522,1,True,low_confidence;reversion
oh_3933152_-8443277:c004,oh_3933152_-8443277,Butler,tennis,removed,2011,2015,0.478,1,True,low_confidence
oh_3933152_-8443277:c004,oh_3933152_-8443277,Butler,removed,tennis,2017,2019,0.503,1,True,low_confidence;reversion
oh_3933208_-8463422:c003,oh_3933208_-8463422,Butler,tennis,hybrid,2019,2021,0.549,1,True,low_confidence
oh_3933208_-8463422:c003,oh_3933208_-8463422,Butler,hybrid,tennis,2021,2023,0.6,1,True,reversion
oh_3933352_-8453245:c001,oh_3933352_-8453245,Butler,removed,tennis,2015,2021,0.659,1,True,reversion
oh_3933531_-8437778:c001,oh_3933531_-8437778,Butler,tennis,hybrid,2021,2023,0.762,1,False,
oh_3933531_-8437778:c002,oh_3933531_-8437778,Butler,pickleball,tennis,2013,2015,0.402,1,True,low_confidence;reversion
oh_3933531_-8437778:c002,oh_3933531_-8437778,Butler,tennis,pickleball,2015,2017,0.473,2,True,low_confidence
oh_3933531_-8437778:c003,oh_3933531_-8437778,Butler,pickleball,tennis,2017,2019,0.331,1,True,low_confidence;reversion
oh_3933531_-8437778:c003,oh_3933531_-8437778,Butler,tennis,pickleball,2021,2023,0.515,2,True,low_confidence
oh_3933640_-8423550:c001,oh_3933640_-8423550,Warren,tennis,removed,2015,2017,0.396,1,True,low_confidence
oh_3933640_-8423550:c001,oh_3933640_-8423550,Warren,removed,pickleball,2017,2019,0.309,1,True,low_confidence;reversion
oh_3933668_-8453549:c001,oh_3933668_-8453549,Butler,tennis,removed,2013,2015,0.33,1,True,low_confidence
oh_3933668_-8453549:c001,oh_3933668_-8453549,Butler,removed,tennis,2015,2017,0.33,1,True,low_confidence;reversion
oh_3933668_-8453549:c001,oh_3933668_-8453549,Butler,tennis,hybrid,2019,2021,0.52,1,True,low_confidence
oh_3933668_-8453549:c002,oh_3933668_-8453549,Butler,hybrid,tennis,2019,2021,0.582,1,True,low_confidence;reversion
oh_3933821_-8451753:c002,oh_3933821_-8451753,Butler,tennis,removed,2013,2015,0.485,1,True,low_confidence
oh_3933821_-8451753:c002,oh_3933821_-8451753,Butler,removed,tennis,2019,2021,0.368,1,True,low_confidence;reversion
oh_3933821_-8451753:c003,oh_3933821_-8451753,Butler,tennis,removed,2013,2015,0.5,1,True,low_confidence
oh_3933821_-8451753:c003,oh_3933821_-8451753,Butler,removed,tennis,2017,2019,0.458,1,True,low_confidence;reversion
oh_3933821_-8451753:c005,oh_3933821_-8451753,Butler,tennis,hybrid,2021,2023,0.519,1,True,low_confidence
oh_3933821_-8451753:c006,oh_3933821_-8451753,Butler,tennis,hybrid,2021,2023,0.487,1,True,low_confidence
oh_3933847_-8298164:c001,oh_3933847_-8298164,Ross,tennis,removed,2011,2013,0.561,1,True,low_confidence
oh_3933847_-8298164:c001,oh_3933847_-8298164,Ross,removed,tennis,2013,2015,0.391,1,True,low_confidence;reversion
oh_3933847_-8298164:c003,oh_3933847_-8298164,Ross,tennis,removed,2013,2015,0.348,1,True,low_confidence
oh_3933847_-8298164:c003,oh_3933847_-8298164,Ross,removed,tennis,2015,2017,0.353,1,True,low_confidence;reversion
oh_3933903_-8424287:c002,oh_3933903_-8424287,Warren,hybrid,pickleball,2013,2015,0.705,,False,
oh_3934001_-8458543:c001,oh_3934001_-8458543,Butler,pickleball,tennis,2011,2013,0.286,1,True,low_confidence;reversion
oh_3934001_-8458543:c001,oh_3934001_-8458543,Butler,tennis,pickleball,2015,2017,0.431,,True,low_confidence
oh_3934001_-8458543:c001,oh_3934001_-8458543,Butler,pickleball,hybrid,2021,2023,0.406,1,True,low_confidence
oh_3934001_-8458543:c002,oh_3934001_-8458543,Butler,pickleball,hybrid,2021,2023,0.543,1,True,low_confidence
oh_3934001_-8458543:c003,oh_3934001_-8458543,Butler,pickleball,removed,2011,2013,0.298,1,True,low_confidence
oh_3934001_-8458543:c003,oh_3934001_-8458543,Butler,removed,tennis,2013,2015,0.298,1,True,low_confidence;reversion
oh_3934001_-8458543:c003,oh_3934001_-8458543,Butler,tennis,pickleball,2015,2017,0.372,1,True,low_confidence
oh_3934001_-8458543:c003,oh_3934001_-8458543,Butler,pickleball,hybrid,2021,2023,0.388,1,True,low_confidence
oh_3934001_-8458543:c004,oh_3934001_-8458543,Butler,pickleball,tennis,2011,2013,0.449,1,True,low_confidence;reversion
oh_3934001_-8458543:c004,oh_3934001_-8458543,Butler,tennis,pickleball,2015,2017,0.335,1,True,low_confidence
oh_3934001_-8458543:c004,oh_3934001_-8458543,Butler,pickleball,hybrid,2021,2023,0.694,1,False,
oh_3934017_-8430163:c001,oh_3934017_-8430163,Warren,pickleball,tennis,2013,2017,0.269,1,True,low_confidence;reversion
oh_3934017_-8430163:c002,oh_3934017_-8430163,Warren,pickleball,tennis,2013,2015,0.368,1,True,low_confidence;reversion
oh_3934017_-8430163:c002,oh_3934017_-8430163,Warren,tennis,pickleball,2021,2023,0.314,,True,low_confidence
oh_3934133_-8437411:c001,oh_3934133_-8437411,Butler,tennis,removed,2013,2019,0.328,1,True,low_confidence
oh_3934133_-8437411:c003,oh_3934133_-8437411,Butler,removed,tennis,2013,2015,0.417,1,True,low_confidence;reversion
oh_3934224_-8454756:c001,oh_3934224_-8454756,Butler,tennis,pickleball,2019,2021,0.446,,True,low_confidence
oh_3934257_-8434321:c001,oh_3934257_-8434321,Warren,hybrid,removed,2011,2013,0.433,1,True,low_confidence
oh_3934257_-8434321:c001,oh_3934257_-8434321,Warren,removed,pickleball,2019,2021,0.404,,True,low_confidence;reversion
oh_3934257_-8434321:c002,oh_3934257_-8434321,Warren,hybrid,removed,2011,2013,0.405,1,True,low_confidence
oh_3934257_-8434321:c002,oh_3934257_-8434321,Warren,removed,hybrid,2017,2021,0.335,1,True,low_confidence;reversion
oh_3934274_-8456196:c001,oh_3934274_-8456196,Butler,hybrid,tennis,2013,2015,0.462,1,True,low_confidence;reversion
oh_3934300_-8436307:c001,oh_3934300_-8436307,Butler,tennis,hybrid,2021,2023,0.631,1,False,
oh_3934300_-8436307:c002,oh_3934300_-8436307,Butler,tennis,hybrid,2021,2023,0.792,1,False,
oh_3934300_-8436307:c003,oh_3934300_-8436307,Butler,tennis,hybrid,2021,2023,0.714,1,False,
oh_3934300_-8436307:c004,oh_3934300_-8436307,Butler,tennis,hybrid,2019,2021,0.408,1,True,low_confidence
oh_3934300_-8436307:c005,oh_3934300_-8436307,Butler,tennis,hybrid,2019,2021,0.422,1,True,low_confidence
oh_3934300_-8436307:c006,oh_3934300_-8436307,Butler,tennis,hybrid,2021,2023,0.696,1,False,
oh_3934315_-8441805:c001,oh_3934315_-8441805,Butler,tennis,removed,2017,2021,0.781,1,False,
oh_3934315_-8441805:c002,oh_3934315_-8441805,Butler,tennis,hybrid,2011,2013,0.842,1,False,
oh_3934315_-8441805:c002,oh_3934315_-8441805,Butler,hybrid,tennis,2015,2017,0.484,1,True,low_confidence;reversion
oh_3934315_-8441805:c002,oh_3934315_-8441805,Butler,tennis,removed,2017,2019,0.628,1,False,
oh_3934315_-8441805:c003,oh_3934315_-8441805,Butler,tennis,hybrid,2011,2013,0.584,1,True,low_confidence
oh_3934315_-8441805:c003,oh_3934315_-8441805,Butler,hybrid,tennis,2013,2015,0.486,1,True,low_confidence;reversion
oh_3934315_-8441805:c003,oh_3934315_-8441805,Butler,tennis,removed,2017,2021,0.817,1,False,
oh_3934315_-8441805:c004,oh_3934315_-8441805,Butler,tennis,hybrid,2011,2013,0.693,1,False,
oh_3934315_-8441805:c004,oh_3934315_-8441805,Butler,hybrid,tennis,2013,2015,0.518,1,True,low_confidence;reversion
oh_3934315_-8441805:c004,oh_3934315_-8441805,Butler,tennis,removed,2017,2019,0.541,1,True,low_confidence
oh_3934583_-8438077:c001,oh_3934583_-8438077,Butler,tennis,removed,2021,2023,0.581,1,True,low_confidence
oh_3934695_-8441650:c001,oh_3934695_-8441650,Butler,tennis,removed,2011,2013,0.555,1,True,low_confidence
oh_3934695_-8441650:c001,oh_3934695_-8441650,Butler,removed,tennis,2017,2019,0.414,1,True,low_confidence;reversion
oh_3934695_-8441650:c001,oh_3934695_-8441650,Butler,tennis,removed,2021,2023,0.778,1,False,
oh_3934742_-8430554:c001,oh_3934742_-8430554,Warren,tennis,hybrid,2011,2013,0.758,1,False,
oh_3934742_-8430554:c001,oh_3934742_-8430554,Warren,hybrid,tennis,2013,2015,0.343,1,True,low_confidence;reversion
oh_3934742_-8430554:c001,oh_3934742_-8430554,Warren,tennis,hybrid,2021,2023,0.545,1,True,low_confidence
oh_3934742_-8430554:c002,oh_3934742_-8430554,Warren,tennis,hybrid,2011,2013,0.746,1,False,
oh_3934742_-8430554:c002,oh_3934742_-8430554,Warren,hybrid,tennis,2013,2015,0.344,1,True,low_confidence;reversion
oh_3934742_-8430554:c003,oh_3934742_-8430554,Warren,tennis,hybrid,2011,2013,0.613,1,False,
oh_3934742_-8430554:c003,oh_3934742_-8430554,Warren,hybrid,tennis,2013,2015,0.414,1,True,low_confidence;reversion
oh_3934742_-8430554:c004,oh_3934742_-8430554,Warren,tennis,removed,2013,2015,0.364,1,True,low_confidence
oh_3934742_-8430554:c004,oh_3934742_-8430554,Warren,removed,tennis,2015,2017,0.712,1,True,reversion
oh_3934742_-8430554:c005,oh_3934742_-8430554,Warren,tennis,hybrid,2021,2023,0.535,1,True,low_confidence
oh_3934742_-8430554:c006,oh_3934742_-8430554,Warren,tennis,hybrid,2011,2013,0.773,1,False,
oh_3934742_-8430554:c006,oh_3934742_-8430554,Warren,hybrid,tennis,2013,2015,0.364,1,True,low_confidence;reversion
oh_3934742_-8430554:c007,oh_3934742_-8430554,Warren,tennis,hybrid,2011,2013,0.839,1,False,
oh_3934742_-8430554:c007,oh_3934742_-8430554,Warren,hybrid,tennis,2013,2015,0.381,1,True,low_confidence;reversion
oh_3934742_-8430554:c008,oh_3934742_-8430554,Warren,tennis,hybrid,2011,2013,0.821,1,False,
oh_3934742_-8430554:c008,oh_3934742_-8430554,Warren,hybrid,tennis,2013,2015,0.346,1,True,low_confidence;reversion
oh_3934742_-8430554:c009,oh_3934742_-8430554,Warren,tennis,hybrid,2011,2013,0.706,1,False,
oh_3934742_-8430554:c009,oh_3934742_-8430554,Warren,hybrid,removed,2013,2015,0.677,1,False,
oh_3934742_-8430554:c009,oh_3934742_-8430554,Warren,removed,tennis,2015,2017,0.579,1,True,low_confidence;reversion
oh_3934742_-8430554:c013,oh_3934742_-8430554,Warren,tennis,hybrid,2011,2013,0.76,1,False,
oh_3934742_-8430554:c013,oh_3934742_-8430554,Warren,hybrid,removed,2013,2015,0.595,1,True,low_confidence
oh_3934742_-8430554:c013,oh_3934742_-8430554,Warren,removed,tennis,2015,2017,0.595,1,True,low_confidence;reversion
oh_3934742_-8430554:c014,oh_3934742_-8430554,Warren,tennis,removed,2013,2015,0.358,1,True,low_confidence
oh_3934742_-8430554:c014,oh_3934742_-8430554,Warren,removed,tennis,2015,2017,0.742,1,True,reversion
oh_3934742_-8430554:c015,oh_3934742_-8430554,Warren,tennis,hybrid,2011,2013,0.783,1,False,
oh_3934742_-8430554:c015,oh_3934742_-8430554,Warren,hybrid,tennis,2013,2015,0.39,1,True,low_confidence;reversion
oh_3934742_-8430554:c016,oh_3934742_-8430554,Warren,tennis,hybrid,2011,2013,0.822,1,False,
oh_3934742_-8430554:c016,oh_3934742_-8430554,Warren,hybrid,tennis,2013,2015,0.381,1,True,low_confidence;reversion
oh_3934840_-8440351:c001,oh_3934840_-8440351,Butler,tennis,removed,2013,2015,0.432,1,True,low_confidence
oh_3934840_-8440351:c001,oh_3934840_-8440351,Butler,removed,tennis,2017,2019,0.438,1,True,low_confidence;reversion
oh_3934840_-8440351:c001,oh_3934840_-8440351,Butler,tennis,removed,2019,2023,0.45,1,True,low_confidence
oh_3934848_-8444274:c001,oh_3934848_-8444274,Butler,tennis,removed,2019,2021,0.538,1,True,low_confidence
oh_3934848_-8444274:c002,oh_3934848_-8444274,Butler,tennis,removed,2019,2021,0.424,1,True,low_confidence
oh_3934891_-8427577:c002,oh_3934891_-8427577,Warren,tennis,hybrid,2011,2013,0.727,1,False,
oh_3934891_-8427577:c002,oh_3934891_-8427577,Warren,hybrid,removed,2013,2015,0.827,1,False,
oh_3934891_-8427577:c002,oh_3934891_-8427577,Warren,removed,tennis,2015,2017,0.613,1,True,reversion
oh_3934891_-8427577:c009,oh_3934891_-8427577,Warren,tennis,pickleball,2019,2021,0.245,1,True,low_confidence
oh_3934891_-8427577:c009,oh_3934891_-8427577,Warren,pickleball,removed,2021,2023,0.245,1,True,low_confidence
oh_3934891_-8427577:c012,oh_3934891_-8427577,Warren,tennis,pickleball,2017,2019,0.425,,True,low_confidence
oh_3934974_-8445312:c001,oh_3934974_-8445312,Butler,tennis,removed,2013,2015,0.424,1,True,low_confidence
oh_3934974_-8445312:c001,oh_3934974_-8445312,Butler,removed,tennis,2015,2017,0.512,1,True,low_confidence;reversion
oh_3935035_-8437350:c001,oh_3935035_-8437350,Butler,tennis,hybrid,2021,2023,0.579,1,True,low_confidence
oh_3935063_-8445656:c001,oh_3935063_-8445656,Butler,hybrid,tennis,2013,2015,0.88,1,True,reversion
oh_3935197_-8437266:c001,oh_3935197_-8437266,Butler,tennis,removed,2013,2015,0.391,1,True,low_confidence
oh_3935197_-8437266:c001,oh_3935197_-8437266,Butler,removed,tennis,2015,2017,0.608,1,True,reversion
oh_3935197_-8437266:c001,oh_3935197_-8437266,Butler,tennis,removed,2019,2021,0.346,1,True,low_confidence
oh_3935197_-8437266:c002,oh_3935197_-8437266,Butler,tennis,removed,2013,2015,0.396,1,True,low_confidence
oh_3935197_-8437266:c002,oh_3935197_-8437266,Butler,removed,hybrid,2017,2019,0.365,1,True,low_confidence;reversion
oh_3935197_-8437266:c002,oh_3935197_-8437266,Butler,hybrid,removed,2019,2021,0.514,1,True,low_confidence
oh_3935197_-8437266:c003,oh_3935197_-8437266,Butler,tennis,hybrid,2011,2013,0.651,1,False,
oh_3935197_-8437266:c003,oh_3935197_-8437266,Butler,hybrid,removed,2013,2015,0.651,1,False,
oh_3935197_-8437266:c003,oh_3935197_-8437266,Butler,removed,hybrid,2015,2019,0.623,1,True,reversion
oh_3935197_-8437266:c003,oh_3935197_-8437266,Butler,hybrid,removed,2021,2023,0.469,1,True,low_confidence
oh_3935246_-8428428:c001,oh_3935246_-8428428,Warren,tennis,hybrid,2017,2019,0.671,1,False,
oh_3935354_-8426634:c001,oh_3935354_-8426634,Warren,tennis,removed,2019,2021,0.37,1,True,low_confidence
oh_3935354_-8426634:c002,oh_3935354_-8426634,Warren,tennis,hybrid,2011,2013,0.715,1,False,
oh_3935354_-8426634:c002,oh_3935354_-8426634,Warren,hybrid,tennis,2013,2015,0.694,1,True,reversion
oh_3935354_-8426634:c002,oh_3935354_-8426634,Warren,tennis,hybrid,2017,2019,0.47,1,True,low_confidence
oh_3935354_-8426634:c002,oh_3935354_-8426634,Warren,hybrid,removed,2019,2021,0.479,1,True,low_confidence
oh_3935372_-8425383:c001,oh_3935372_-8425383,Warren,tennis,hybrid,2021,2023,0.47,1,True,low_confidence
oh_3935372_-8425383:c002,oh_3935372_-8425383,Warren,tennis,hybrid,2021,2023,0.593,1,True,low_confidence
oh_3935372_-8425383:c003,oh_3935372_-8425383,Warren,tennis,hybrid,2021,2023,0.592,1,True,low_confidence
oh_3935372_-8425383:c004,oh_3935372_-8425383,Warren,tennis,hybrid,2021,2023,0.567,1,True,low_confidence
oh_3935372_-8425383:c005,oh_3935372_-8425383,Warren,tennis,hybrid,2021,2023,0.655,1,False,
oh_3935820_-8298046:c001,oh_3935820_-8298046,Ross,hybrid,tennis,2015,2017,0.685,1,True,reversion
oh_3935820_-8298046:c001,oh_3935820_-8298046,Ross,tennis,removed,2017,2019,0.459,1,True,low_confidence
oh_3935852_-8446547:c001,oh_3935852_-8446547,Butler,tennis,hybrid,2019,2021,0.46,1,True,low_confidence
oh_3935852_-8446547:c002,oh_3935852_-8446547,Butler,hybrid,tennis,2013,2015,0.696,1,True,reversion
oh_3935852_-8446547:c002,oh_3935852_-8446547,Butler,tennis,hybrid,2021,2023,0.592,1,True,low_confidence
oh_3936112_-8422262:c001,oh_3936112_-8422262,Warren,tennis,hybrid,2011,2013,0.73,1,False,
oh_3936112_-8422262:c001,oh_3936112_-8422262,Warren,hybrid,tennis,2013,2015,0.855,1,True,reversion
oh_3936112_-8422262:c001,oh_3936112_-8422262,Warren,tennis,hybrid,2017,2019,0.854,1,False,
oh_3936112_-8422262:c001,oh_3936112_-8422262,Warren,hybrid,tennis,2021,2023,0.513,1,True,low_confidence;reversion
oh_3936112_-8422262:c002,oh_3936112_-8422262,Warren,tennis,hybrid,2011,2013,0.627,1,False,
oh_3936112_-8422262:c002,oh_3936112_-8422262,Warren,hybrid,tennis,2013,2015,0.695,1,True,reversion
oh_3936112_-8422262:c004,oh_3936112_-8422262,Warren,hybrid,tennis,2013,2015,0.783,1,True,reversion
oh_3936113_-8438441:c002,oh_3936113_-8438441,Butler,tennis,removed,2021,2023,0.576,1,True,low_confidence
oh_3936113_-8438441:c004,oh_3936113_-8438441,Butler,tennis,removed,2021,2023,0.683,1,False,
oh_3936440_-8450367:c001,oh_3936440_-8450367,Butler,tennis,removed,2015,2023,0.493,1,True,low_confidence
oh_3936628_-8455388:c001,oh_3936628_-8455388,Butler,tennis,removed,2011,2013,0.379,1,True,low_confidence
oh_3936724_-8430117:c001,oh_3936724_-8430117,Warren,tennis,hybrid,2017,2019,0.654,1,False,
oh_3936724_-8430117:c002,oh_3936724_-8430117,Warren,tennis,hybrid,2019,2021,0.486,1,True,low_confidence
oh_3936724_-8430117:c003,oh_3936724_-8430117,Warren,tennis,hybrid,2017,2019,0.597,1,True,low_confidence
oh_3936724_-8430117:c004,oh_3936724_-8430117,Warren,tennis,hybrid,2019,2021,0.478,1,True,low_confidence
oh_3936724_-8430117:c005,oh_3936724_-8430117,Warren,tennis,hybrid,2019,2021,0.517,1,True,low_confidence
oh_3936724_-8430117:c006,oh_3936724_-8430117,Warren,tennis,hybrid,2019,2021,0.496,1,True,low_confidence
oh_3936724_-8430117:c007,oh_3936724_-8430117,Warren,tennis,hybrid,2019,2021,0.523,1,True,low_confidence
oh_3936724_-8430117:c008,oh_3936724_-8430117,Warren,tennis,hybrid,2019,2021,0.509,1,True,low_confidence
oh_3936724_-8430117:c009,oh_3936724_-8430117,Warren,tennis,hybrid,2017,2019,0.649,1,False,
oh_3936724_-8430117:c010,oh_3936724_-8430117,Warren,tennis,hybrid,2019,2021,0.454,1,True,low_confidence
oh_3936724_-8430117:c011,oh_3936724_-8430117,Warren,tennis,hybrid,2017,2019,0.773,1,False,
oh_3937253_-8456332:c001,oh_3937253_-8456332,Butler,tennis,pickleball,2011,2013,0.42,2,True,low_confidence
oh_3937253_-8456332:c002,oh_3937253_-8456332,Butler,tennis,pickleball,2011,2013,0.387,2,True,low_confidence
oh_3937253_-8456332:c003,oh_3937253_-8456332,Butler,removed,pickleball,2017,2021,0.348,2,True,low_confidence;reversion
oh_3937354_-8212811:c001,oh_3937354_-8212811,Athens,tennis,removed,2011,2013,0.337,1,True,low_confidence
oh_3937354_-8212811:c001,oh_3937354_-8212811,Athens,removed,tennis,2017,2019,0.566,1,True,low_confidence;reversion
oh_3937354_-8212811:c001,oh_3937354_-8212811,Athens,tennis,hybrid,2021,2023,0.699,1,False,
oh_3937354_-8212811:c002,oh_3937354_-8212811,Athens,tennis,removed,2011,2013,0.712,1,False,
oh_3937354_-8212811:c002,oh_3937354_-8212811,Athens,removed,tennis,2017,2019,0.385,1,True,low_confidence;reversion
oh_3937354_-8212811:c002,oh_3937354_-8212811,Athens,tennis,hybrid,2019,2021,0.385,1,True,low_confidence
oh_3937354_-8212811:c003,oh_3937354_-8212811,Athens,tennis,removed,2011,2013,0.411,1,True,low_confidence
oh_3937354_-8212811:c003,oh_3937354_-8212811,Athens,removed,hybrid,2017,2019,0.588,1,True,low_confidence;reversion
oh_3937354_-8212811:c004,oh_3937354_-8212811,Athens,tennis,removed,2011,2013,0.665,1,False,
oh_3937354_-8212811:c004,oh_3937354_-8212811,Athens,removed,hybrid,2017,2019,0.477,1,True,low_confidence;reversion
oh_3937540_-8478298:c001,oh_3937540_-8478298,Butler,tennis,removed,2019,2021,0.347,1,True,low_confidence
oh_3937540_-8478298:c001,oh_3937540_-8478298,Butler,removed,tennis,2021,2023,0.623,1,True,reversion
oh_3937599_-8456289:c001,oh_3937599_-8456289,Butler,removed,tennis,2013,2015,0.446,1,True,low_confidence;reversion
oh_3937599_-8456289:c001,oh_3937599_-8456289,Butler,tennis,removed,2019,2021,0.358,1,True,low_confidence
oh_3937599_-8456289:c002,oh_3937599_-8456289,Butler,removed,tennis,2015,2017,0.366,1,True,low_confidence;reversion
oh_3937599_-8456289:c002,oh_3937599_-8456289,Butler,tennis,removed,2019,2021,0.424,1,True,low_confidence
oh_3937599_-8456289:c002,oh_3937599_-8456289,Butler,removed,pickleball,2021,2023,0.424,,True,low_confidence;reversion
oh_3937749_-8456079:c001,oh_3937749_-8456079,Butler,tennis,hybrid,2015,2019,0.504,1,True,low_confidence
oh_3937749_-8456079:c001,oh_3937749_-8456079,Butler,hybrid,removed,2019,2021,0.585,1,True,low_confidence
oh_3937749_-8456079:c002,oh_3937749_-8456079,Butler,removed,tennis,2011,2015,0.355,1,True,low_confidence;reversion
oh_3937749_-8456079:c002,oh_3937749_-8456079,Butler,tennis,removed,2019,2021,0.409,1,True,low_confidence
oh_3937786_-8436768:c001,oh_3937786_-8436768,Butler,tennis,removed,2013,2015,0.331,1,True,low_confidence
oh_3937786_-8436768:c001,oh_3937786_-8436768,Butler,removed,tennis,2015,2017,0.648,1,True,reversion
oh_3937786_-8436768:c002,oh_3937786_-8436768,Butler,tennis,hybrid,2011,2013,0.862,1,False,
oh_3937786_-8436768:c002,oh_3937786_-8436768,Butler,hybrid,removed,2013,2015,0.75,1,False,
oh_3937786_-8436768:c002,oh_3937786_-8436768,Butler,removed,tennis,2015,2017,0.512,1,True,low_confidence;reversion
oh_3937786_-8436768:c002,oh_3937786_-8436768,Butler,tennis,hybrid,2021,2023,0.717,1,False,
oh_3937786_-8436768:c003,oh_3937786_-8436768,Butler,tennis,hybrid,2011,2013,0.799,1,False,
oh_3937786_-8436768:c003,oh_3937786_-8436768,Butler,hybrid,removed,2013,2015,0.729,1,False,
oh_3937786_-8436768:c003,oh_3937786_-8436768,Butler,removed,tennis,2015,2017,0.661,1,True,reversion
oh_3937786_-8436768:c004,oh_3937786_-8436768,Butler,tennis,hybrid,2011,2013,0.633,1,False,
oh_3937786_-8436768:c004,oh_3937786_-8436768,Butler,hybrid,removed,2013,2015,0.633,1,False,
oh_3937786_-8436768:c004,oh_3937786_-8436768,Butler,removed,tennis,2015,2017,0.704,1,True,reversion
oh_3937786_-8436768:c004,oh_3937786_-8436768,Butler,tennis,hybrid,2021,2023,0.731,1,False,
oh_3937786_-8436768:c005,oh_3937786_-8436768,Butler,tennis,hybrid,2011,2013,0.673,1,False,
oh_3937786_-8436768:c005,oh_3937786_-8436768,Butler,hybrid,removed,2013,2015,0.638,1,False,
oh_3937786_-8436768:c005,oh_3937786_-8436768,Butler,removed,tennis,2015,2017,0.638,1,True,reversion
oh_3937786_-8436768:c005,oh_3937786_-8436768,Butler,tennis,hybrid,2021,2023,0.829,1,False,
oh_3937812_-8434674:c002,oh_3937812_-8434674,Butler,tennis,hybrid,2021,2023,0.644,1,False,
oh_3937812_-8434674:c003,oh_3937812_-8434674,Butler,tennis,hybrid,2021,2023,0.871,1,False,
oh_3937812_-8434674:c004,oh_3937812_-8434674,Butler,tennis,hybrid,2021,2023,0.415,1,True,low_confidence
oh_3937812_-8434674:c005,oh_3937812_-8434674,Butler,tennis,hybrid,2011,2013,0.896,1,False,
oh_3937812_-8434674:c005,oh_3937812_-8434674,Butler,hybrid,tennis,2013,2015,0.783,1,True,reversion
oh_3937812_-8434674:c006,oh_3937812_-8434674,Butler,pickleball,removed,2013,2015,0.318,1,True,low_confidence
oh_3937812_-8434674:c006,oh_3937812_-8434674,Butler,removed,pickleball,2015,2017,0.763,1,True,reversion
oh_3937812_-8434674:c007,oh_3937812_-8434674,Butler,tennis,removed,2013,2015,0.467,1,True,low_confidence
oh_3937812_-8434674:c008,oh_3937812_-8434674,Butler,tennis,removed,2013,2017,0.454,1,True,low_confidence
oh_3937812_-8434674:c009,oh_3937812_-8434674,Butler,tennis,pickleball,2015,2017,0.251,1,True,low_confidence
oh_3937901_-8449482:c001,oh_3937901_-8449482,Butler,hybrid,tennis,2013,2015,0.518,1,True,low_confidence;reversion
oh_3937901_-8449482:c001,oh_3937901_-8449482,Butler,tennis,removed,2019,2021,0.405,1,True,low_confidence
oh_3937970_-8461735:c004,oh_3937970_-8461735,Butler,tennis,hybrid,2019,2021,0.523,1,True,low_confidence
oh_3937970_-8461735:c005,oh_3937970_-8461735,Butler,tennis,hybrid,2019,2021,0.638,1,False,
oh_3937970_-8461735:c006,oh_3937970_-8461735,Butler,tennis,pickleball,2019,2021,0.5,,True,low_confidence
oh_3937970_-8461735:c006,oh_3937970_-8461735,Butler,pickleball,tennis,2021,2023,0.576,1,True,low_confidence;reversion
oh_3937970_-8461735:c007,oh_3937970_-8461735,Butler,tennis,hybrid,2017,2019,0.523,1,True,low_confidence
oh_3938202_-8458198:c001,oh_3938202_-8458198,Butler,pickleball,tennis,2011,2013,0.453,1,True,low_confidence;reversion
oh_3938202_-8458198:c001,oh_3938202_-8458198,Butler,tennis,pickleball,2017,2019,0.443,,True,low_confidence
oh_3938221_-8439968:c001,oh_3938221_-8439968,Butler,tennis,hybrid,2011,2013,0.606,1,False,
oh_3938221_-8439968:c001,oh_3938221_-8439968,Butler,hybrid,pickleball,2015,2017,0.362,,True,low_confidence
oh_3938221_-8439968:c001,oh_3938221_-8439968,Butler,pickleball,hybrid,2017,2019,0.362,1,True,low_confidence
oh_3938541_-8457297:c003,oh_3938541_-8457297,Butler,tennis,removed,2017,2019,0.448,1,True,low_confidence
oh_3938541_-8457297:c005,oh_3938541_-8457297,Butler,hybrid,tennis,2013,2015,0.733,1,True,reversion
oh_3938541_-8457297:c005,oh_3938541_-8457297,Butler,tennis,removed,2015,2017,0.658,1,False,
oh_3938541_-8457297:c005,oh_3938541_-8457297,Butler,removed,tennis,2019,2021,0.448,1,True,low_confidence;reversion
oh_3938541_-8457297:c007,oh_3938541_-8457297,Butler,pickleball,tennis,2013,2015,0.267,1,True,low_confidence;reversion
oh_3938541_-8457297:c007,oh_3938541_-8457297,Butler,tennis,pickleball,2015,2017,0.267,1,True,low_confidence
oh_3938541_-8457297:c008,oh_3938541_-8457297,Butler,pickleball,tennis,2011,2013,0.288,1,True,low_confidence;reversion
oh_3938541_-8457297:c008,oh_3938541_-8457297,Butler,tennis,removed,2013,2017,0.288,1,True,low_confidence
oh_3938541_-8457297:c008,oh_3938541_-8457297,Butler,removed,pickleball,2017,2019,0.432,2,True,low_confidence;reversion
oh_3938564_-8430547:c001,oh_3938564_-8430547,Warren,pickleball,hybrid,2017,2019,0.586,1,True,low_confidence
oh_3938746_-8435841:c001,oh_3938746_-8435841,Butler,tennis,hybrid,2011,2013,0.652,1,False,
oh_3938746_-8435841:c001,oh_3938746_-8435841,Butler,hybrid,tennis,2013,2015,0.686,1,True,reversion
oh_3938746_-8435841:c001,oh_3938746_-8435841,Butler,tennis,hybrid,2019,2021,0.686,1,False,
oh_3938814_-8456894:c001,oh_3938814_-8456894,Butler,tennis,hybrid,2021,2023,0.402,1,True,low_confidence
oh_3938895_-8443615:c001,oh_3938895_-8443615,Butler,hybrid,tennis,2013,2015,0.81,1,True,reversion
oh_3938895_-8443615:c001,oh_3938895_-8443615,Butler,tennis,hybrid,2019,2021,0.52,1,True,low_confidence
oh_3938895_-8443615:c002,oh_3938895_-8443615,Butler,tennis,hybrid,2011,2013,0.845,1,False,
oh_3938895_-8443615:c002,oh_3938895_-8443615,Butler,hybrid,tennis,2013,2015,0.698,1,True,reversion
oh_3938895_-8443615:c002,oh_3938895_-8443615,Butler,tennis,hybrid,2021,2023,0.666,1,False,
oh_3938895_-8443615:c003,oh_3938895_-8443615,Butler,tennis,hybrid,2011,2013,0.833,1,False,
oh_3938895_-8443615:c003,oh_3938895_-8443615,Butler,hybrid,tennis,2013,2015,0.747,1,True,reversion
oh_3938895_-8443615:c003,oh_3938895_-8443615,Butler,tennis,hybrid,2021,2023,0.751,1,False,
oh_3938895_-8443615:c004,oh_3938895_-8443615,Butler,tennis,hybrid,2011,2013,0.778,1,False,
oh_3938895_-8443615:c004,oh_3938895_-8443615,Butler,hybrid,tennis,2013,2015,0.706,1,True,reversion
oh_3938895_-8443615:c004,oh_3938895_-8443615,Butler,tennis,hybrid,2021,2023,0.855,1,False,
oh_3939490_-8451745:c001,oh_3939490_-8451745,Butler,removed,tennis,2011,2013,0.809,1,True,reversion
oh_3939490_-8451745:c001,oh_3939490_-8451745,Butler,tennis,hybrid,2021,2023,0.704,1,False,
oh_3939490_-8451745:c002,oh_3939490_-8451745,Butler,removed,tennis,2011,2013,0.815,1,True,reversion
oh_3939539_-8139943:c001,oh_3939539_-8139943,Washington,tennis,removed,2020,2021,0.368,1,True,low_confidence
oh_3939539_-8139943:c002,oh_3939539_-8139943,Washington,tennis,removed,2020,2021,0.438,1,True,low_confidence
oh_3939539_-8139943:c003,oh_3939539_-8139943,Washington,tennis,removed,2020,2021,0.445,1,True,low_confidence
oh_3940001_-8410621:c001,oh_3940001_-8410621,Warren,tennis,removed,2015,2017,0.662,1,False,
oh_3940001_-8410621:c002,oh_3940001_-8410621,Warren,pickleball,removed,2011,2013,0.462,1,True,low_confidence
oh_3940001_-8410621:c002,oh_3940001_-8410621,Warren,removed,tennis,2013,2015,0.462,1,True,low_confidence;reversion
oh_3940001_-8410621:c002,oh_3940001_-8410621,Warren,tennis,removed,2015,2017,0.719,1,False,
oh_3940843_-8387851:c001,oh_3940843_-8387851,Clinton,removed,tennis,2015,2017,0.809,1,True,reversion
oh_3940843_-8387851:c001,oh_3940843_-8387851,Clinton,tennis,hybrid,2019,2021,0.492,1,True,low_confidence
oh_3940961_-8421241:c001,oh_3940961_-8421241,Warren,hybrid,tennis,2013,2015,0.69,1,True,reversion
oh_3940961_-8421241:c001,oh_3940961_-8421241,Warren,tennis,hybrid,2019,2021,0.454,1,True,low_confidence
oh_3940961_-8421241:c002,oh_3940961_-8421241,Warren,hybrid,tennis,2013,2015,0.383,1,True,low_confidence;reversion
oh_3940961_-8421241:c002,oh_3940961_-8421241,Warren,tennis,hybrid,2019,2021,0.563,1,True,low_confidence
oh_3940961_-8421241:c003,oh_3940961_-8421241,Warren,tennis,hybrid,2019,2021,0.511,1,True,low_confidence
oh_3940961_-8421241:c003,oh_3940961_-8421241,Warren,hybrid,removed,2021,2023,0.511,1,True,low_confidence
oh_3940961_-8421241:c005,oh_3940961_-8421241,Warren,hybrid,tennis,2013,2015,0.755,1,True,reversion
oh_3940961_-8421241:c005,oh_3940961_-8421241,Warren,tennis,hybrid,2017,2019,0.776,1,False,
oh_3940961_-8421241:c005,oh_3940961_-8421241,Warren,hybrid,removed,2021,2023,0.443,1,True,low_confidence
oh_3940961_-8421241:c006,oh_3940961_-8421241,Warren,tennis,hybrid,2017,2019,0.589,1,True,low_confidence
oh_3940961_-8421241:c006,oh_3940961_-8421241,Warren,hybrid,removed,2021,2023,0.385,1,True,low_confidence
oh_3941064_-8304045:c001,oh_3941064_-8304045,Ross,removed,tennis,2019,2021,0.805,1,True,reversion
oh_3941214_-8141923:c001,oh_3941214_-8141923,Washington,tennis,removed,2013,2014,0.395,1,True,low_confidence
oh_3941214_-8141923:c001,oh_3941214_-8141923,Washington,removed,tennis,2016,2017,0.329,1,True,low_confidence;reversion
oh_3941214_-8141923:c002,oh_3941214_-8141923,Washington,tennis,removed,2013,2014,0.381,1,True,low_confidence
oh_3941214_-8141923:c002,oh_3941214_-8141923,Washington,removed,tennis,2017,2018,0.448,1,True,low_confidence;reversion
oh_3941214_-8141923:c002,oh_3941214_-8141923,Washington,tennis,removed,2019,2020,0.485,1,True,low_confidence
oh_3941359_-8439698:c001,oh_3941359_-8439698,Butler,pickleball,removed,2011,2013,0.335,1,True,low_confidence
oh_3941359_-8439698:c001,oh_3941359_-8439698,Butler,removed,tennis,2015,2019,0.288,1,True,low_confidence;reversion
oh_3941415_-8144832:c001,oh_3941415_-8144832,Washington,tennis,removed,2014,2015,0.647,1,False,
oh_3941415_-8144832:c001,oh_3941415_-8144832,Washington,removed,tennis,2015,2016,0.602,1,True,reversion
oh_3941415_-8144832:c003,oh_3941415_-8144832,Washington,tennis,removed,2014,2015,0.74,1,False,
oh_3941415_-8144832:c003,oh_3941415_-8144832,Washington,removed,tennis,2016,2017,0.443,1,True,low_confidence;reversion
oh_3941864_-8146970:c002,oh_3941864_-8146970,Washington,tennis,removed,2014,2015,0.662,1,False,
oh_3941864_-8146970:c002,oh_3941864_-8146970,Washington,removed,tennis,2017,2018,0.444,1,True,low_confidence;reversion
oh_3941864_-8146970:c002,oh_3941864_-8146970,Washington,tennis,removed,2019,2020,0.642,1,False,
oh_3941864_-8146970:c002,oh_3941864_-8146970,Washington,removed,tennis,2021,2022,0.534,1,True,low_confidence;reversion
oh_3941864_-8146970:c003,oh_3941864_-8146970,Washington,tennis,hybrid,2019,2020,0.485,1,True,low_confidence
oh_3941864_-8146970:c003,oh_3941864_-8146970,Washington,hybrid,tennis,2022,2023,0.31,1,True,low_confidence;reversion
oh_3942055_-8446925:c001,oh_3942055_-8446925,Butler,tennis,removed,2011,2015,0.547,1,True,low_confidence
oh_3942055_-8446925:c003,oh_3942055_-8446925,Butler,hybrid,removed,2011,2015,0.514,1,True,low_confidence
oh_3943034_-8420435:c001,oh_3943034_-8420435,Warren,tennis,hybrid,2019,2021,0.405,1,True,low_confidence
oh_3943034_-8420435:c002,oh_3943034_-8420435,Warren,tennis,hybrid,2021,2023,0.324,1,True,low_confidence
oh_3943034_-8420435:c003,oh_3943034_-8420435,Warren,tennis,hybrid,2019,2021,0.471,1,True,low_confidence
oh_3943034_-8420435:c004,oh_3943034_-8420435,Warren,pickleball,tennis,2011,2015,0.543,1,True,low_confidence;reversion
oh_3943034_-8420435:c004,oh_3943034_-8420435,Warren,tennis,hybrid,2017,2019,0.374,1,True,low_confidence
oh_3943386_-8146916:c002,oh_3943386_-8146916,Washington,removed,tennis,2018,2020,0.499,1,True,low_confidence;reversion
oh_3943996_-8381774:c001,oh_3943996_-8381774,Clinton,tennis,removed,2013,2015,0.418,1,True,low_confidence
oh_3943996_-8381774:c001,oh_3943996_-8381774,Clinton,removed,pickleball,2017,2019,0.402,,True,low_confidence;reversion
oh_3943996_-8381774:c001,oh_3943996_-8381774,Clinton,pickleball,hybrid,2021,2023,0.462,1,True,low_confidence
oh_3943996_-8381774:c002,oh_3943996_-8381774,Clinton,tennis,removed,2011,2013,0.704,1,False,
oh_3943996_-8381774:c002,oh_3943996_-8381774,Clinton,removed,pickleball,2017,2019,0.576,,True,low_confidence;reversion
oh_3943996_-8381774:c003,oh_3943996_-8381774,Clinton,tennis,removed,2013,2015,0.348,1,True,low_confidence
oh_3943996_-8381774:c003,oh_3943996_-8381774,Clinton,removed,pickleball,2017,2019,0.357,,True,low_confidence;reversion
oh_3943996_-8381774:c004,oh_3943996_-8381774,Clinton,tennis,pickleball,2015,2019,0.47,,True,low_confidence
oh_3943996_-8381774:c005,oh_3943996_-8381774,Clinton,tennis,removed,2015,2019,0.408,1,True,low_confidence
oh_3944122_-8222194:c001,oh_3944122_-8222194,Athens,removed,hybrid,2015,2017,0.35,1,True,low_confidence;reversion
oh_3944122_-8222194:c001,oh_3944122_-8222194,Athens,hybrid,pickleball,2019,2021,0.694,,False,
oh_3944122_-8222194:c002,oh_3944122_-8222194,Athens,tennis,removed,2011,2013,0.588,1,True,low_confidence
oh_3944122_-8222194:c002,oh_3944122_-8222194,Athens,removed,hybrid,2017,2019,0.361,1,True,low_confidence;reversion
oh_3944122_-8222194:c002,oh_3944122_-8222194,Athens,hybrid,pickleball,2019,2021,0.829,,False,
oh_3944655_-8380894:c001,oh_3944655_-8380894,Clinton,tennis,removed,2011,2013,0.541,1,True,low_confidence
oh_3944655_-8380894:c001,oh_3944655_-8380894,Clinton,removed,tennis,2015,2017,0.431,1,True,low_confidence;reversion
oh_3944927_-8384151:c005,oh_3944927_-8384151,Clinton,tennis,hybrid,2021,2023,0.607,1,False,
oh_3945151_-8419699:c001,oh_3945151_-8419699,Warren,tennis,hybrid,2017,2019,0.733,1,False,
oh_3945151_-8419699:c001,oh_3945151_-8419699,Warren,hybrid,removed,2019,2021,0.682,1,False,
oh_3945569_-8427845:c002,oh_3945569_-8427845,Warren,removed,tennis,2011,2013,0.325,1,True,low_confidence;reversion
oh_3945675_-8386212:c001,oh_3945675_-8386212,Clinton,tennis,removed,2011,2013,0.577,1,True,low_confidence
oh_3946209_-8387594:c001,oh_3946209_-8387594,Clinton,tennis,removed,2011,2013,0.607,1,False,
oh_3946209_-8387594:c001,oh_3946209_-8387594,Clinton,removed,tennis,2017,2019,0.266,1,True,low_confidence;reversion
oh_3946246_-8146118:c001,oh_3946246_-8146118,Washington,tennis,removed,2017,2019,0.477,1,True,low_confidence
oh_3946497_-8417872:c001,oh_3946497_-8417872,Warren,removed,tennis,2015,2017,0.366,1,True,low_confidence;reversion
oh_3946497_-8417872:c002,oh_3946497_-8417872,Warren,removed,tennis,2017,2019,0.446,1,True,low_confidence;reversion
oh_3946497_-8417872:c003,oh_3946497_-8417872,Warren,tennis,removed,2011,2013,0.293,1,True,low_confidence
oh_3946497_-8417872:c003,oh_3946497_-8417872,Warren,removed,tennis,2015,2017,0.408,1,True,low_confidence;reversion
oh_3946497_-8417872:c004,oh_3946497_-8417872,Warren,tennis,removed,2013,2015,0.397,1,True,low_confidence
oh_3946497_-8417872:c004,oh_3946497_-8417872,Warren,removed,tennis,2015,2017,0.382,1,True,low_confidence;reversion
oh_3946497_-8417872:c004,oh_3946497_-8417872,Warren,tennis,hybrid,2021,2023,0.492,1,True,low_confidence
oh_3946497_-8417872:c005,oh_3946497_-8417872,Warren,removed,tennis,2015,2017,0.445,1,True,low_confidence;reversion
oh_3946636_-8147286:c001,oh_3946636_-8147286,Washington,tennis,removed,2011,2013,0.595,1,True,low_confidence
oh_3946636_-8147286:c001,oh_3946636_-8147286,Washington,removed,tennis,2017,2019,0.704,1,True,reversion
oh_3946636_-8147286:c001,oh_3946636_-8147286,Washington,tennis,hybrid,2021,2023,0.458,1,True,low_confidence
oh_3946737_-8148094:c001,oh_3946737_-8148094,Washington,tennis,removed,2013,2015,0.383,1,True,low_confidence
oh_3946737_-8148094:c001,oh_3946737_-8148094,Washington,removed,tennis,2015,2017,0.555,1,True,low_confidence;reversion
oh_3946989_-8420383:c001,oh_3946989_-8420383,Warren,tennis,removed,2011,2019,0.66,1,False,
oh_3947209_-8422829:c001,oh_3947209_-8422829,Warren,tennis,removed,2011,2023,0.447,1,True,low_confidence
oh_3948047_-8466560:c001,oh_3948047_-8466560,Butler,tennis,removed,2013,2015,0.388,1,True,low_confidence
oh_3948047_-8466560:c001,oh_3948047_-8466560,Butler,removed,tennis,2017,2019,0.723,1,True,reversion
oh_3948866_-8473374:c001,oh_3948866_-8473374,Butler,removed,tennis,2011,2013,0.599,1,True,low_confidence;reversion
oh_3948866_-8473374:c002,oh_3948866_-8473374,Butler,removed,tennis,2011,2013,0.782,1,True,reversion
oh_3948866_-8473374:c003,oh_3948866_-8473374,Butler,removed,tennis,2011,2013,0.75,1,True,reversion
oh_3948866_-8473374:c004,oh_3948866_-8473374,Butler,removed,tennis,2011,2013,0.811,1,True,reversion
oh_3948866_-8473374:c005,oh_3948866_-8473374,Butler,removed,tennis,2011,2013,0.804,1,True,reversion
oh_3949042_-8391996:c001,oh_3949042_-8391996,Clinton,tennis,removed,2011,2013,0.58,1,True,low_confidence
oh_3949042_-8391996:c001,oh_3949042_-8391996,Clinton,removed,hybrid,2017,2023,0.389,1,True,low_confidence;reversion
oh_3949106_-8429745:c002,oh_3949106_-8429745,Warren,tennis,hybrid,2011,2013,0.91,1,False,
oh_3949106_-8429745:c002,oh_3949106_-8429745,Warren,hybrid,removed,2013,2017,0.483,1,True,low_confidence
oh_3949106_-8429745:c002,oh_3949106_-8429745,Warren,removed,tennis,2017,2019,0.483,1,True,low_confidence;reversion
oh_3949106_-8429745:c003,oh_3949106_-8429745,Warren,tennis,hybrid,2011,2013,0.775,1,False,
oh_3949106_-8429745:c003,oh_3949106_-8429745,Warren,hybrid,removed,2013,2017,0.48,1,True,low_confidence
oh_3949106_-8429745:c003,oh_3949106_-8429745,Warren,removed,tennis,2017,2019,0.48,1,True,low_confidence;reversion
oh_3949106_-8429745:c004,oh_3949106_-8429745,Warren,tennis,hybrid,2011,2013,0.795,1,False,
oh_3949106_-8429745:c004,oh_3949106_-8429745,Warren,hybrid,removed,2013,2017,0.49,1,True,low_confidence
oh_3949106_-8429745:c004,oh_3949106_-8429745,Warren,removed,tennis,2017,2019,0.49,1,True,low_confidence;reversion
oh_3949208_-8435294:c001,oh_3949208_-8435294,Butler,tennis,pickleball,2011,2013,0.327,3,True,low_confidence
oh_3949208_-8435294:c002,oh_3949208_-8435294,Butler,tennis,pickleball,2013,2015,0.303,1,True,low_confidence
oh_3950656_-8475476:c001,oh_3950656_-8475476,Butler,removed,pickleball,2019,2021,0.32,,True,low_confidence;reversion
oh_3950656_-8475476:c002,oh_3950656_-8475476,Butler,tennis,removed,2011,2013,0.564,1,True,low_confidence
oh_3950656_-8475476:c002,oh_3950656_-8475476,Butler,removed,pickleball,2017,2019,0.451,1,True,low_confidence;reversion
oh_3950656_-8475476:c003,oh_3950656_-8475476,Butler,removed,pickleball,2017,2019,0.413,1,True,low_confidence;reversion
oh_3950944_-8472593:c001,oh_3950944_-8472593,Butler,tennis,pickleball,2019,2021,0.565,,True,low_confidence
oh_3950944_-8472593:c001,oh_3950944_-8472593,Butler,pickleball,hybrid,2021,2023,0.609,1,False,
oh_3950944_-8472593:c002,oh_3950944_-8472593,Butler,tennis,pickleball,2017,2019,0.419,,True,low_confidence
oh_3950944_-8472593:c003,oh_3950944_-8472593,Butler,tennis,hybrid,2011,2013,0.739,1,False,
oh_3950944_-8472593:c003,oh_3950944_-8472593,Butler,hybrid,tennis,2013,2015,0.687,1,True,reversion
oh_3950944_-8472593:c003,oh_3950944_-8472593,Butler,tennis,pickleball,2017,2019,0.406,,True,low_confidence
oh_3950944_-8472593:c003,oh_3950944_-8472593,Butler,pickleball,hybrid,2021,2023,0.884,1,False,
oh_3951110_-8440925:c001,oh_3951110_-8440925,Butler,tennis,removed,2013,2015,0.323,1,True,low_confidence
oh_3951110_-8440925:c001,oh_3951110_-8440925,Butler,removed,tennis,2015,2023,0.417,1,True,low_confidence;reversion
oh_3951147_-8408981:c001,oh_3951147_-8408981,Warren,hybrid,tennis,2013,2015,0.83,1,True,reversion
oh_3951405_-8237330:c001,oh_3951405_-8237330,Hocking,hybrid,removed,2013,2015,0.775,1,False,
oh_3951405_-8237330:c001,oh_3951405_-8237330,Hocking,removed,tennis,2015,2017,0.753,1,True,reversion
oh_3951405_-8237330:c001,oh_3951405_-8237330,Hocking,tennis,hybrid,2017,2019,0.753,1,False,
oh_3951405_-8237330:c002,oh_3951405_-8237330,Hocking,tennis,hybrid,2011,2013,0.573,1,True,low_confidence
oh_3951405_-8237330:c002,oh_3951405_-8237330,Hocking,hybrid,removed,2013,2015,0.625,1,False,
oh_3951405_-8237330:c002,oh_3951405_-8237330,Hocking,removed,tennis,2015,2017,0.656,1,True,reversion
oh_3951405_-8237330:c002,oh_3951405_-8237330,Hocking,tennis,hybrid,2019,2021,0.442,1,True,low_confidence
oh_3951405_-8237330:c003,oh_3951405_-8237330,Hocking,tennis,hybrid,2011,2013,0.639,1,False,
oh_3951405_-8237330:c003,oh_3951405_-8237330,Hocking,hybrid,tennis,2013,2015,0.349,1,True,low_confidence;reversion
oh_3951405_-8237330:c003,oh_3951405_-8237330,Hocking,tennis,hybrid,2019,2021,0.416,1,True,low_confidence
oh_3951405_-8237330:c004,oh_3951405_-8237330,Hocking,tennis,hybrid,2011,2013,0.627,1,False,
oh_3951405_-8237330:c004,oh_3951405_-8237330,Hocking,hybrid,tennis,2013,2015,0.458,1,True,low_confidence;reversion
oh_3951405_-8237330:c004,oh_3951405_-8237330,Hocking,tennis,hybrid,2019,2021,0.404,1,True,low_confidence
oh_3951405_-8237330:c005,oh_3951405_-8237330,Hocking,tennis,removed,2011,2013,0.405,1,True,low_confidence
oh_3951405_-8237330:c005,oh_3951405_-8237330,Hocking,removed,tennis,2015,2017,0.716,1,True,reversion
oh_3951405_-8237330:c005,oh_3951405_-8237330,Hocking,tennis,hybrid,2021,2023,0.64,1,False,
oh_3952096_-8473522:c001,oh_3952096_-8473522,Butler,removed,tennis,2011,2013,0.284,1,True,low_confidence;reversion
oh_3952096_-8473522:c001,oh_3952096_-8473522,Butler,tennis,hybrid,2021,2023,0.817,1,False,
oh_3952096_-8473522:c002,oh_3952096_-8473522,Butler,hybrid,removed,2011,2013,0.258,1,True,low_confidence
oh_3952096_-8473522:c002,oh_3952096_-8473522,Butler,removed,tennis,2017,2019,0.309,1,True,low_confidence;reversion
oh_3952096_-8473522:c002,oh_3952096_-8473522,Butler,tennis,hybrid,2021,2023,0.808,1,False,
oh_3952096_-8473522:c003,oh_3952096_-8473522,Butler,tennis,hybrid,2021,2023,0.824,1,False,
oh_3952096_-8473522:c004,oh_3952096_-8473522,Butler,hybrid,tennis,2013,2019,0.594,1,True,low_confidence;reversion
oh_3952096_-8473522:c004,oh_3952096_-8473522,Butler,tennis,hybrid,2021,2023,0.746,1,False,
oh_3952096_-8473522:c005,oh_3952096_-8473522,Butler,hybrid,tennis,2011,2017,0.743,1,True,reversion
oh_3952096_-8473522:c006,oh_3952096_-8473522,Butler,hybrid,tennis,2011,2013,0.258,1,True,low_confidence;reversion
oh_3952096_-8473522:c006,oh_3952096_-8473522,Butler,tennis,hybrid,2021,2023,0.774,1,False,
oh_3952096_-8473522:c007,oh_3952096_-8473522,Butler,hybrid,removed,2013,2017,0.583,1,True,low_confidence
oh_3952096_-8473522:c007,oh_3952096_-8473522,Butler,removed,hybrid,2017,2019,0.467,1,True,low_confidence;reversion
oh_3952096_-8473522:c008,oh_3952096_-8473522,Butler,removed,pickleball,2015,2017,0.786,,True,reversion
oh_3952324_-8435119:c001,oh_3952324_-8435119,Butler,tennis,hybrid,2021,2023,0.681,1,False,
oh_3952324_-8435119:c002,oh_3952324_-8435119,Butler,hybrid,removed,2013,2015,0.336,1,True,low_confidence
oh_3952324_-8435119:c002,oh_3952324_-8435119,Butler,removed,tennis,2017,2019,0.478,1,True,low_confidence;reversion
oh_3952324_-8435119:c003,oh_3952324_-8435119,Butler,hybrid,removed,2013,2015,0.428,1,True,low_confidence
oh_3952324_-8435119:c003,oh_3952324_-8435119,Butler,removed,tennis,2017,2019,0.584,1,True,low_confidence;reversion
oh_3952324_-8435119:c003,oh_3952324_-8435119,Butler,tennis,hybrid,2021,2023,0.483,1,True,low_confidence
oh_3952324_-8435119:c004,oh_3952324_-8435119,Butler,tennis,hybrid,2011,2013,0.577,1,True,low_confidence
oh_3952324_-8435119:c004,oh_3952324_-8435119,Butler,hybrid,tennis,2015,2017,0.439,1,True,low_confidence;reversion
oh_3952324_-8435119:c005,oh_3952324_-8435119,Butler,hybrid,tennis,2013,2015,0.788,1,True,reversion
oh_3952513_-8344619:c002,oh_3952513_-8344619,Fayette,pickleball,removed,2013,2015,0.318,1,True,low_confidence
oh_3952513_-8344619:c002,oh_3952513_-8344619,Fayette,removed,pickleball,2015,2019,0.541,,True,low_confidence;reversion
oh_3952513_-8344619:c002,oh_3952513_-8344619,Fayette,pickleball,tennis,2019,2021,0.515,1,True,low_confidence;reversion
oh_3952513_-8344619:c003,oh_3952513_-8344619,Fayette,tennis,removed,2013,2015,0.418,1,True,low_confidence
oh_3952513_-8344619:c003,oh_3952513_-8344619,Fayette,removed,tennis,2015,2017,0.565,1,True,low_confidence;reversion
oh_3952966_-8203352:c002,oh_3952966_-8203352,Morgan,tennis,removed,2021,2023,0.532,1,True,low_confidence
oh_3953190_-8444846:c001,oh_3953190_-8444846,Butler,tennis,hybrid,2011,2013,0.382,1,True,low_confidence
oh_3953190_-8444846:c001,oh_3953190_-8444846,Butler,hybrid,removed,2019,2021,0.26,1,True,low_confidence
oh_3953190_-8444846:c002,oh_3953190_-8444846,Butler,tennis,removed,2013,2021,0.655,1,False,
oh_3953190_-8444846:c003,oh_3953190_-8444846,Butler,tennis,removed,2019,2021,0.386,1,True,low_confidence
oh_3953319_-8423301:c001,oh_3953319_-8423301,Warren,tennis,hybrid,2021,2023,0.407,1,True,low_confidence
oh_3953319_-8423301:c002,oh_3953319_-8423301,Warren,tennis,pickleball,2019,2021,0.468,,True,low_confidence
oh_3953787_-8253799:c001,oh_3953787_-8253799,Hocking,tennis,removed,2011,2013,0.543,1,True,low_confidence
oh_3953787_-8253799:c001,oh_3953787_-8253799,Hocking,removed,tennis,2013,2015,0.485,1,True,low_confidence;reversion
oh_3953787_-8253799:c001,oh_3953787_-8253799,Hocking,tennis,hybrid,2017,2019,0.453,1,True,low_confidence
oh_3953800_-8163908:c001,oh_3953800_-8163908,Washington,tennis,removed,2011,2013,0.777,1,False,
oh_3953800_-8163908:c001,oh_3953800_-8163908,Washington,removed,tennis,2013,2015,0.61,1,True,reversion
oh_3953800_-8163908:c001,oh_3953800_-8163908,Washington,tennis,hybrid,2017,2019,0.734,1,False,
oh_3953941_-8344536:c001,oh_3953941_-8344536,Fayette,tennis,removed,2011,2013,0.606,1,False,
oh_3953941_-8344536:c001,oh_3953941_-8344536,Fayette,removed,pickleball,2019,2021,0.423,1,True,low_confidence;reversion
oh_3953941_-8344536:c002,oh_3953941_-8344536,Fayette,tennis,removed,2011,2013,0.424,1,True,low_confidence
oh_3953941_-8344536:c002,oh_3953941_-8344536,Fayette,removed,pickleball,2015,2019,0.732,1,True,reversion
oh_3953941_-8344536:c003,oh_3953941_-8344536,Fayette,tennis,removed,2013,2015,0.513,1,True,low_confidence
oh_3953941_-8344536:c003,oh_3953941_-8344536,Fayette,removed,pickleball,2015,2019,0.637,1,True,reversion
oh_3953941_-8344536:c004,oh_3953941_-8344536,Fayette,tennis,removed,2013,2015,0.428,1,True,low_confidence
oh_3953941_-8344536:c004,oh_3953941_-8344536,Fayette,removed,tennis,2015,2017,0.462,1,True,low_confidence;reversion
oh_3953941_-8344536:c004,oh_3953941_-8344536,Fayette,tennis,pickleball,2017,2019,0.462,1,True,low_confidence
oh_3954011_-8416712:c001,oh_3954011_-8416712,Warren,tennis,hybrid,2011,2013,0.765,1,False,
oh_3954011_-8416712:c001,oh_3954011_-8416712,Warren,hybrid,tennis,2013,2015,0.758,1,True,reversion
oh_3954011_-8416712:c002,oh_3954011_-8416712,Warren,tennis,hybrid,2011,2013,0.808,1,False,
oh_3954011_-8416712:c002,oh_3954011_-8416712,Warren,hybrid,tennis,2013,2015,0.744,1,True,reversion
oh_3954194_-8421362:c001,oh_3954194_-8421362,Warren,tennis,removed,2019,2021,0.377,1,True,low_confidence
oh_3954462_-8240690:c001,oh_3954462_-8240690,Hocking,removed,hybrid,2021,2023,0.525,1,True,low_confidence;reversion
oh_3954462_-8240690:c002,oh_3954462_-8240690,Hocking,removed,hybrid,2021,2023,0.687,1,True,reversion
oh_3954483_-8342363:c001,oh_3954483_-8342363,Fayette,removed,hybrid,2021,2023,0.442,1,True,low_confidence;reversion
oh_3954483_-8342363:c002,oh_3954483_-8342363,Fayette,removed,tennis,2021,2023,0.647,1,True,reversion
oh_3954483_-8342363:c003,oh_3954483_-8342363,Fayette,removed,tennis,2021,2023,0.534,1,True,low_confidence;reversion
oh_3954483_-8342363:c004,oh_3954483_-8342363,Fayette,removed,tennis,2021,2023,0.679,1,True,reversion
oh_3954483_-8342363:c005,oh_3954483_-8342363,Fayette,removed,hybrid,2021,2023,0.353,1,True,low_confidence;reversion
oh_3954543_-8422264:c001,oh_3954543_-8422264,Warren,hybrid,tennis,2013,2015,0.887,1,True,reversion
oh_3955324_-8429837:c001,oh_3955324_-8429837,Warren,removed,hybrid,2011,2013,0.344,1,True,low_confidence;reversion
oh_3955324_-8429837:c001,oh_3955324_-8429837,Warren,hybrid,tennis,2013,2015,0.618,1,True,reversion
oh_3955324_-8429837:c004,oh_3955324_-8429837,Warren,removed,tennis,2011,2013,0.468,1,True,low_confidence;reversion
oh_3955324_-8429837:c005,oh_3955324_-8429837,Warren,removed,tennis,2011,2013,0.377,1,True,low_confidence;reversion
oh_3955534_-8439793:c001,oh_3955534_-8439793,Butler,hybrid,tennis,2013,2015,0.537,1,True,low_confidence;reversion
oh_3955534_-8439793:c001,oh_3955534_-8439793,Butler,tennis,removed,2019,2021,0.516,1,True,low_confidence
oh_3955534_-8439793:c001,oh_3955534_-8439793,Butler,removed,hybrid,2021,2023,0.477,1,True,low_confidence;reversion
oh_3955534_-8439793:c002,oh_3955534_-8439793,Butler,tennis,hybrid,2011,2013,0.545,1,True,low_confidence
oh_3955534_-8439793:c002,oh_3955534_-8439793,Butler,hybrid,removed,2013,2015,0.632,1,False,
oh_3955534_-8439793:c002,oh_3955534_-8439793,Butler,removed,tennis,2015,2017,0.632,1,True,reversion
oh_3955534_-8439793:c003,oh_3955534_-8439793,Butler,tennis,hybrid,2011,2013,0.55,1,True,low_confidence
oh_3955534_-8439793:c003,oh_3955534_-8439793,Butler,hybrid,removed,2013,2015,0.324,1,True,low_confidence
oh_3955534_-8439793:c003,oh_3955534_-8439793,Butler,removed,hybrid,2021,2023,0.598,1,True,low_confidence;reversion
oh_3955534_-8439793:c004,oh_3955534_-8439793,Butler,tennis,hybrid,2011,2013,0.838,1,False,
oh_3955534_-8439793:c004,oh_3955534_-8439793,Butler,hybrid,tennis,2013,2015,0.647,1,True,reversion
oh_3955534_-8439793:c004,oh_3955534_-8439793,Butler,tennis,removed,2019,2021,0.318,1,True,low_confidence
oh_3955534_-8439793:c004,oh_3955534_-8439793,Butler,removed,tennis,2021,2023,0.489,1,True,low_confidence;reversion
oh_3955825_-8424399:c001,oh_3955825_-8424399,Warren,pickleball,hybrid,2021,2023,0.563,1,True,low_confidence
oh_3955825_-8424399:c002,oh_3955825_-8424399,Warren,pickleball,hybrid,2021,2023,0.823,1,False,
oh_3955895_-8285340:c001,oh_3955895_-8285340,Pickaway,removed,tennis,2013,2015,0.629,1,True,reversion
oh_3955895_-8285340:c002,oh_3955895_-8285340,Pickaway,removed,tennis,2013,2015,0.546,1,True,low_confidence;reversion
oh_3955895_-8285340:c003,oh_3955895_-8285340,Pickaway,removed,tennis,2013,2015,0.604,1,True,reversion
oh_3955895_-8285340:c004,oh_3955895_-8285340,Pickaway,removed,tennis,2013,2015,0.693,1,True,reversion
oh_3956156_-8428522:c001,oh_3956156_-8428522,Warren,tennis,removed,2011,2013,0.379,1,True,low_confidence
oh_3956156_-8428522:c001,oh_3956156_-8428522,Warren,removed,tennis,2013,2017,0.352,1,True,low_confidence;reversion
oh_3956264_-8421914:c002,oh_3956264_-8421914,Warren,tennis,pickleball,2019,2021,0.45,,True,low_confidence
oh_3956264_-8421914:c002,oh_3956264_-8421914,Warren,pickleball,tennis,2021,2023,0.359,1,True,low_confidence;reversion
oh_3956716_-8430618:c001,oh_3956716_-8430618,Warren,tennis,removed,2011,2013,0.425,1,True,low_confidence
oh_3956716_-8430618:c001,oh_3956716_-8430618,Warren,removed,tennis,2015,2017,0.354,1,True,low_confidence;reversion
oh_3956787_-8423999:c001,oh_3956787_-8423999,Warren,tennis,hybrid,2019,2021,0.422,1,True,low_confidence
oh_3957415_-8421539:c001,oh_3957415_-8421539,Warren,tennis,pickleball,2019,2021,0.485,,True,low_confidence
oh_3957415_-8421539:c002,oh_3957415_-8421539,Warren,hybrid,tennis,2013,2015,0.856,1,True,reversion
oh_3957610_-8346969:c001,oh_3957610_-8346969,Fayette,removed,pickleball,2017,2019,0.644,,True,reversion
oh_3957610_-8346969:c002,oh_3957610_-8346969,Fayette,removed,pickleball,2013,2017,0.467,,True,low_confidence;reversion
oh_3957610_-8346969:c003,oh_3957610_-8346969,Fayette,removed,pickleball,2015,2017,0.27,1,True,low_confidence;reversion
oh_3957610_-8346969:c004,oh_3957610_-8346969,Fayette,removed,pickleball,2013,2017,0.626,,True,reversion
oh_3958661_-8412952:c001,oh_3958661_-8412952,Montgomery,tennis,hybrid,2019,2021,0.467,1,True,low_confidence
oh_3958661_-8412952:c002,oh_3958661_-8412952,Montgomery,tennis,hybrid,2019,2021,0.393,1,True,low_confidence
oh_3958661_-8412952:c003,oh_3958661_-8412952,Montgomery,tennis,hybrid,2021,2023,0.37,1,True,low_confidence
oh_3958826_-8423258:c001,oh_3958826_-8423258,Montgomery,tennis,hybrid,2021,2023,0.665,1,False,
oh_3959059_-8414822:c001,oh_3959059_-8414822,Montgomery,tennis,removed,2017,2019,0.579,1,True,low_confidence
oh_3959074_-8428968:c001,oh_3959074_-8428968,Montgomery,hybrid,tennis,2015,2017,0.295,1,True,low_confidence;reversion
oh_3959074_-8428968:c001,oh_3959074_-8428968,Montgomery,tennis,hybrid,2017,2019,0.318,1,True,low_confidence
oh_3959074_-8428968:c001,oh_3959074_-8428968,Montgomery,hybrid,pickleball,2019,2021,0.512,,True,low_confidence
oh_3959074_-8428968:c001,oh_3959074_-8428968,Montgomery,pickleball,removed,2021,2023,0.416,1,True,low_confidence
oh_3959074_-8428968:c002,oh_3959074_-8428968,Montgomery,tennis,hybrid,2013,2019,0.36,1,True,low_confidence
oh_3959074_-8428968:c002,oh_3959074_-8428968,Montgomery,hybrid,pickleball,2019,2021,0.441,,True,low_confidence
oh_3959074_-8428968:c002,oh_3959074_-8428968,Montgomery,pickleball,removed,2021,2023,0.405,1,True,low_confidence
oh_3959960_-8413198:c001,oh_3959960_-8413198,Montgomery,pickleball,tennis,2013,2015,0.378,1,True,low_confidence;reversion
oh_3959960_-8413198:c001,oh_3959960_-8413198,Montgomery,tennis,pickleball,2017,2019,0.986,,False,
oh_3959960_-8413198:c002,oh_3959960_-8413198,Montgomery,pickleball,tennis,2013,2015,0.494,1,True,low_confidence;reversion
oh_3959960_-8413198:c002,oh_3959960_-8413198,Montgomery,tennis,pickleball,2017,2019,0.866,,False,
oh_3960450_-8416051:c001,oh_3960450_-8416051,Montgomery,tennis,removed,2019,2021,0.438,1,True,low_confidence
oh_3960450_-8416051:c002,oh_3960450_-8416051,Montgomery,tennis,removed,2019,2021,0.617,1,False,
oh_3960450_-8416051:c003,oh_3960450_-8416051,Montgomery,tennis,pickleball,2011,2013,0.725,,False,
oh_3960450_-8416051:c003,oh_3960450_-8416051,Montgomery,pickleball,removed,2019,2021,0.715,1,False,
oh_3960450_-8416051:c004,oh_3960450_-8416051,Montgomery,tennis,removed,2019,2021,0.314,1,True,low_confidence
oh_3960883_-8411195:c001,oh_3960883_-8411195,Montgomery,removed,tennis,2013,2015,0.392,1,True,low_confidence;reversion
oh_3960883_-8411195:c001,oh_3960883_-8411195,Montgomery,tennis,removed,2017,2019,0.358,1,True,low_confidence
oh_3961016_-8417706:c001,oh_3961016_-8417706,Montgomery,tennis,hybrid,2017,2019,0.697,1,False,
oh_3961016_-8417706:c003,oh_3961016_-8417706,Montgomery,tennis,pickleball,2019,2021,0.679,,False,
oh_3961016_-8417706:c003,oh_3961016_-8417706,Montgomery,pickleball,hybrid,2021,2023,0.893,1,False,
oh_3961016_-8417706:c004,oh_3961016_-8417706,Montgomery,tennis,hybrid,2019,2021,0.473,1,True,low_confidence
oh_3961116_-8291962:c001,oh_3961116_-8291962,Pickaway,removed,tennis,2019,2021,0.411,1,True,low_confidence;reversion
oh_3961116_-8291962:c002,oh_3961116_-8291962,Pickaway,removed,tennis,2017,2019,0.392,1,True,low_confidence;reversion
oh_3961116_-8291962:c003,oh_3961116_-8291962,Pickaway,removed,tennis,2017,2019,0.404,1,True,low_confidence;reversion
oh_3961588_-8422072:c001,oh_3961588_-8422072,Montgomery,tennis,hybrid,2019,2021,0.492,1,True,low_confidence
oh_3961592_-8418088:c001,oh_3961592_-8418088,Montgomery,tennis,removed,2019,2021,0.34,1,True,low_confidence
oh_3961598_-8416134:c001,oh_3961598_-8416134,Montgomery,tennis,removed,2011,2015,0.365,1,True,low_confidence
oh_3961642_-8421799:c001,oh_3961642_-8421799,Montgomery,tennis,removed,2017,2021,0.513,1,True,low_confidence
oh_3961703_-8422538:c001,oh_3961703_-8422538,Montgomery,tennis,removed,2021,2023,0.707,1,False,
oh_3961703_-8422538:c002,oh_3961703_-8422538,Montgomery,tennis,removed,2021,2023,0.812,1,False,
oh_3961843_-8417744:c001,oh_3961843_-8417744,Montgomery,tennis,removed,2019,2021,0.661,1,False,
oh_3961843_-8417744:c002,oh_3961843_-8417744,Montgomery,tennis,removed,2019,2021,0.77,1,False,
oh_3961920_-8418218:c001,oh_3961920_-8418218,Montgomery,tennis,hybrid,2021,2023,0.405,1,True,low_confidence
oh_3962178_-8419758:c001,oh_3962178_-8419758,Montgomery,tennis,hybrid,2011,2013,0.789,1,False,
oh_3962178_-8419758:c001,oh_3962178_-8419758,Montgomery,hybrid,tennis,2013,2015,0.883,1,True,reversion
oh_3962178_-8419758:c001,oh_3962178_-8419758,Montgomery,tennis,hybrid,2017,2019,0.835,1,False,
oh_3962273_-8414816:c001,oh_3962273_-8414816,Montgomery,tennis,hybrid,2019,2021,0.374,1,True,low_confidence
oh_3962352_-8323664:c001,oh_3962352_-8323664,Pickaway,tennis,hybrid,2019,2021,0.637,1,False,
oh_3962352_-8323664:c001,oh_3962352_-8323664,Pickaway,hybrid,tennis,2021,2023,0.804,1,True,reversion
oh_3962352_-8323664:c002,oh_3962352_-8323664,Pickaway,tennis,removed,2021,2023,0.378,1,True,low_confidence
oh_3962352_-8323664:c003,oh_3962352_-8323664,Pickaway,tennis,pickleball,2019,2021,0.339,1,True,low_confidence
oh_3962471_-8417542:c002,oh_3962471_-8417542,Montgomery,hybrid,tennis,2013,2015,0.719,1,True,reversion
oh_3962474_-8420512:c001,oh_3962474_-8420512,Montgomery,tennis,hybrid,2019,2021,0.46,1,True,low_confidence
oh_3962514_-8412076:c001,oh_3962514_-8412076,Montgomery,tennis,hybrid,2011,2013,0.913,1,False,
oh_3962514_-8412076:c001,oh_3962514_-8412076,Montgomery,hybrid,tennis,2013,2015,0.7,1,True,reversion
oh_3962514_-8412076:c001,oh_3962514_-8412076,Montgomery,tennis,hybrid,2019,2021,0.491,1,True,low_confidence
oh_3962514_-8412076:c002,oh_3962514_-8412076,Montgomery,tennis,hybrid,2011,2013,0.911,1,False,
oh_3962514_-8412076:c002,oh_3962514_-8412076,Montgomery,hybrid,tennis,2013,2015,0.808,1,True,reversion
oh_3962514_-8412076:c002,oh_3962514_-8412076,Montgomery,tennis,hybrid,2019,2021,0.464,1,True,low_confidence
oh_3962514_-8412076:c003,oh_3962514_-8412076,Montgomery,tennis,hybrid,2011,2013,0.938,1,False,
oh_3962514_-8412076:c003,oh_3962514_-8412076,Montgomery,hybrid,tennis,2013,2015,0.884,1,True,reversion
oh_3962514_-8412076:c003,oh_3962514_-8412076,Montgomery,tennis,hybrid,2019,2021,0.461,1,True,low_confidence
oh_3963193_-8416947:c001,oh_3963193_-8416947,Montgomery,tennis,pickleball,2019,2021,0.401,,True,low_confidence
oh_3963193_-8416947:c001,oh_3963193_-8416947,Montgomery,pickleball,tennis,2021,2023,0.616,1,True,reversion
oh_3963516_-8408244:c001,oh_3963516_-8408244,Greene,hybrid,tennis,2013,2015,0.592,1,True,low_confidence;reversion
oh_3963516_-8408244:c002,oh_3963516_-8408244,Greene,tennis,pickleball,2019,2021,0.474,1,True,low_confidence
oh_3963516_-8408244:c003,oh_3963516_-8408244,Greene,tennis,removed,2019,2023,0.382,1,True,low_confidence
oh_3963546_-8416232:c001,oh_3963546_-8416232,Montgomery,tennis,removed,2015,2017,0.843,1,False,
oh_3963546_-8416232:c001,oh_3963546_-8416232,Montgomery,removed,pickleball,2017,2019,0.806,1,True,reversion
oh_3963546_-8416232:c002,oh_3963546_-8416232,Montgomery,tennis,removed,2015,2017,0.753,1,False,
oh_3963546_-8416232:c002,oh_3963546_-8416232,Montgomery,removed,pickleball,2017,2019,0.537,1,True,low_confidence;reversion
oh_3963546_-8416232:c003,oh_3963546_-8416232,Montgomery,tennis,pickleball,2017,2019,0.349,1,True,low_confidence
oh_3963546_-8416232:c004,oh_3963546_-8416232,Montgomery,tennis,removed,2015,2017,0.731,1,False,
oh_3963546_-8416232:c004,oh_3963546_-8416232,Montgomery,removed,pickleball,2017,2019,0.731,1,True,reversion
oh_3963546_-8416232:c004,oh_3963546_-8416232,Montgomery,pickleball,removed,2021,2023,0.435,1,True,low_confidence
oh_3963546_-8416232:c005,oh_3963546_-8416232,Montgomery,tennis,pickleball,2017,2019,0.687,1,False,
oh_3963546_-8416232:c006,oh_3963546_-8416232,Montgomery,tennis,pickleball,2017,2019,0.805,1,False,
oh_3963933_-8419860:c003,oh_3963933_-8419860,Montgomery,tennis,hybrid,2019,2021,0.455,1,True,low_confidence
oh_3963933_-8419860:c003,oh_3963933_-8419860,Montgomery,hybrid,removed,2021,2023,0.364,1,True,low_confidence
oh_3964348_-8412861:c001,oh_3964348_-8412861,Montgomery,pickleball,tennis,2011,2013,0.377,1,True,low_confidence;reversion
oh_3964348_-8412861:c001,oh_3964348_-8412861,Montgomery,tennis,pickleball,2019,2021,0.361,,True,low_confidence
oh_3964619_-8413392:c001,oh_3964619_-8413392,Montgomery,tennis,removed,2019,2021,0.306,1,True,low_confidence
oh_3964647_-8420521:c001,oh_3964647_-8420521,Montgomery,tennis,removed,2017,2021,0.444,1,True,low_confidence
oh_3964692_-8413195:c001,oh_3964692_-8413195,Montgomery,hybrid,tennis,2013,2015,0.654,1,True,reversion
oh_3964859_-8416946:c001,oh_3964859_-8416946,Montgomery,tennis,removed,2017,2019,0.462,1,True,low_confidence
oh_3964901_-8422999:c001,oh_3964901_-8422999,Montgomery,removed,tennis,2013,2015,0.447,1,True,low_confidence;reversion
oh_3964901_-8422999:c001,oh_3964901_-8422999,Montgomery,tennis,hybrid,2019,2021,0.509,1,True,low_confidence
oh_3964901_-8422999:c001,oh_3964901_-8422999,Montgomery,hybrid,tennis,2021,2023,0.709,1,True,reversion
oh_3964901_-8422999:c002,oh_3964901_-8422999,Montgomery,removed,tennis,2013,2015,0.466,1,True,low_confidence;reversion
oh_3964901_-8422999:c002,oh_3964901_-8422999,Montgomery,tennis,hybrid,2019,2021,0.442,1,True,low_confidence
oh_3964958_-8423494:c001,oh_3964958_-8423494,Montgomery,tennis,removed,2011,2013,0.372,1,True,low_confidence
oh_3964958_-8423494:c002,oh_3964958_-8423494,Montgomery,tennis,removed,2013,2017,0.282,1,True,low_confidence
oh_3964989_-8412234:c001,oh_3964989_-8412234,Montgomery,removed,tennis,2013,2015,0.513,1,True,low_confidence;reversion
oh_3964989_-8412234:c001,oh_3964989_-8412234,Montgomery,tennis,removed,2017,2021,0.514,1,True,low_confidence
oh_3965085_-8423718:c001,oh_3965085_-8423718,Montgomery,removed,tennis,2015,2017,0.578,1,True,low_confidence;reversion
oh_3965085_-8423718:c001,oh_3965085_-8423718,Montgomery,tennis,hybrid,2017,2019,0.61,1,False,
oh_3965085_-8423718:c001,oh_3965085_-8423718,Montgomery,hybrid,tennis,2019,2021,0.657,1,True,reversion
oh_3965085_-8423718:c001,oh_3965085_-8423718,Montgomery,tennis,hybrid,2021,2023,0.63,1,False,
oh_3965112_-8185594:c001,oh_3965112_-8185594,Morgan,tennis,hybrid,2021,2023,0.708,1,False,
oh_3965112_-8185594:c002,oh_3965112_-8185594,Morgan,tennis,hybrid,2021,2023,0.668,1,False,
oh_3965152_-8414844:c001,oh_3965152_-8414844,Montgomery,tennis,pickleball,2017,2019,0.758,,False,
oh_3965152_-8414844:c002,oh_3965152_-8414844,Montgomery,tennis,pickleball,2019,2021,0.408,,True,low_confidence
oh_3965152_-8414844:c002,oh_3965152_-8414844,Montgomery,pickleball,tennis,2021,2023,0.479,1,True,low_confidence;reversion
oh_3965169_-8420023:c001,oh_3965169_-8420023,Montgomery,tennis,pickleball,2019,2021,0.586,,True,low_confidence
oh_3965169_-8420023:c001,oh_3965169_-8420023,Montgomery,pickleball,tennis,2021,2023,0.606,1,True,reversion
oh_3965536_-8425662:c001,oh_3965536_-8425662,Montgomery,tennis,hybrid,2011,2013,0.807,1,False,
oh_3965536_-8425662:c001,oh_3965536_-8425662,Montgomery,hybrid,tennis,2013,2015,0.839,1,True,reversion
oh_3965536_-8425662:c001,oh_3965536_-8425662,Montgomery,tennis,hybrid,2021,2023,0.583,1,True,low_confidence
oh_3965536_-8425662:c003,oh_3965536_-8425662,Montgomery,tennis,hybrid,2021,2023,0.542,1,True,low_confidence
oh_3965642_-8410117:c001,oh_3965642_-8410117,Greene,tennis,hybrid,2017,2021,0.598,1,True,low_confidence
oh_3965642_-8410117:c002,oh_3965642_-8410117,Greene,tennis,hybrid,2011,2013,0.552,1,True,low_confidence
oh_3965642_-8410117:c002,oh_3965642_-8410117,Greene,hybrid,tennis,2013,2015,0.708,1,True,reversion
oh_3965642_-8410117:c002,oh_3965642_-8410117,Greene,tennis,hybrid,2019,2021,0.344,1,True,low_confidence
oh_3965642_-8410117:c004,oh_3965642_-8410117,Greene,tennis,hybrid,2021,2023,0.509,1,True,low_confidence
oh_3965642_-8410117:c005,oh_3965642_-8410117,Greene,tennis,hybrid,2021,2023,0.538,1,True,low_confidence
oh_3965711_-8411425:c001,oh_3965711_-8411425,Montgomery,tennis,hybrid,2019,2021,0.459,1,True,low_confidence
oh_3965768_-8411730:c001,oh_3965768_-8411730,Montgomery,tennis,pickleball,2019,2021,0.771,,False,
oh_3965768_-8411730:c001,oh_3965768_-8411730,Montgomery,pickleball,tennis,2021,2023,0.492,1,True,low_confidence;reversion
oh_3965768_-8411730:c002,oh_3965768_-8411730,Montgomery,tennis,removed,2021,2023,0.389,1,True,low_confidence
oh_3965770_-8375675:c001,oh_3965770_-8375675,Greene,tennis,hybrid,2011,2013,0.808,1,False,
oh_3965770_-8375675:c001,oh_3965770_-8375675,Greene,hybrid,tennis,2015,2017,0.407,1,True,low_confidence;reversion
oh_3965770_-8375675:c002,oh_3965770_-8375675,Greene,tennis,hybrid,2011,2013,0.874,1,False,
oh_3965770_-8375675:c002,oh_3965770_-8375675,Greene,hybrid,tennis,2013,2017,0.864,1,True,reversion
oh_3965770_-8375675:c005,oh_3965770_-8375675,Greene,tennis,hybrid,2011,2013,0.731,1,False,
oh_3965770_-8375675:c005,oh_3965770_-8375675,Greene,hybrid,removed,2013,2015,0.763,1,False,
oh_3965770_-8375675:c005,oh_3965770_-8375675,Greene,removed,tennis,2015,2017,0.763,1,True,reversion
oh_3965770_-8375675:c006,oh_3965770_-8375675,Greene,hybrid,tennis,2015,2017,0.303,1,True,low_confidence;reversion
oh_3965804_-8419325:c001,oh_3965804_-8419325,Montgomery,removed,tennis,2017,2019,0.441,1,True,low_confidence;reversion
oh_3965804_-8419325:c001,oh_3965804_-8419325,Montgomery,tennis,removed,2019,2021,0.441,1,True,low_confidence
oh_3965829_-8245295:c001,oh_3965829_-8245295,Hocking,hybrid,tennis,2013,2015,0.351,1,True,low_confidence;reversion
oh_3965829_-8245295:c001,oh_3965829_-8245295,Hocking,tennis,hybrid,2017,2019,0.738,1,False,
oh_3965829_-8245295:c002,oh_3965829_-8245295,Hocking,tennis,removed,2013,2015,0.539,1,True,low_confidence
oh_3965829_-8245295:c002,oh_3965829_-8245295,Hocking,removed,tennis,2015,2017,0.921,1,True,reversion
oh_3965829_-8245295:c002,oh_3965829_-8245295,Hocking,tennis,hybrid,2019,2021,0.522,1,True,low_confidence
oh_3965916_-8413528:c001,oh_3965916_-8413528,Montgomery,tennis,removed,2011,2013,0.39,1,True,low_confidence
oh_3965916_-8413528:c002,oh_3965916_-8413528,Montgomery,tennis,removed,2011,2013,0.513,1,True,low_confidence
oh_3966329_-8414936:c001,oh_3966329_-8414936,Montgomery,tennis,removed,2019,2021,0.432,1,True,low_confidence
oh_3966329_-8414936:c002,oh_3966329_-8414936,Montgomery,tennis,removed,2019,2021,0.309,1,True,low_confidence
oh_3966521_-8420243:c001,oh_3966521_-8420243,Montgomery,hybrid,tennis,2013,2015,0.744,1,True,reversion
oh_3966789_-8410437:c001,oh_3966789_-8410437,Greene,tennis,pickleball,2019,2021,0.445,,True,low_confidence
oh_3966789_-8410437:c001,oh_3966789_-8410437,Greene,pickleball,tennis,2021,2023,0.471,1,True,low_confidence;reversion
oh_3966876_-8410304:c001,oh_3966876_-8410304,Greene,tennis,pickleball,2011,2013,0.473,,True,low_confidence
oh_3966876_-8410304:c001,oh_3966876_-8410304,Greene,pickleball,removed,2013,2015,0.624,1,False,
oh_3966876_-8410304:c002,oh_3966876_-8410304,Greene,tennis,removed,2015,2021,0.441,1,True,low_confidence
oh_3967130_-8412897:c001,oh_3967130_-8412897,Montgomery,tennis,removed,2015,2017,0.747,1,False,
oh_3967130_-8412897:c001,oh_3967130_-8412897,Montgomery,removed,pickleball,2021,2023,0.657,2,True,reversion
oh_3967130_-8412897:c002,oh_3967130_-8412897,Montgomery,tennis,removed,2015,2017,0.644,1,False,
oh_3967130_-8412897:c002,oh_3967130_-8412897,Montgomery,removed,pickleball,2019,2021,0.497,1,True,low_confidence;reversion
oh_3967130_-8412897:c003,oh_3967130_-8412897,Montgomery,tennis,removed,2015,2017,0.703,1,False,
oh_3967130_-8412897:c003,oh_3967130_-8412897,Montgomery,removed,pickleball,2019,2021,0.501,1,True,low_confidence;reversion
oh_3967130_-8412897:c004,oh_3967130_-8412897,Montgomery,removed,pickleball,2021,2023,0.486,2,True,low_confidence;reversion
oh_3967130_-8412897:c005,oh_3967130_-8412897,Montgomery,removed,pickleball,2021,2023,0.734,2,True,reversion
oh_3967130_-8412897:c006,oh_3967130_-8412897,Montgomery,removed,pickleball,2021,2023,0.658,2,True,reversion
oh_3967178_-8425097:c001,oh_3967178_-8425097,Montgomery,removed,tennis,2013,2015,0.442,1,True,low_confidence;reversion
oh_3967178_-8425097:c001,oh_3967178_-8425097,Montgomery,tennis,hybrid,2015,2017,0.451,1,True,low_confidence
oh_3967178_-8425097:c001,oh_3967178_-8425097,Montgomery,hybrid,pickleball,2021,2023,0.353,,True,low_confidence
oh_3967241_-8087144:c001,oh_3967241_-8087144,Monroe,tennis,removed,2018,2020,0.338,1,True,low_confidence
oh_3967241_-8087144:c002,oh_3967241_-8087144,Monroe,removed,tennis,2013,2014,0.552,1,True,low_confidence;reversion
oh_3967241_-8087144:c002,oh_3967241_-8087144,Monroe,tennis,removed,2014,2015,0.552,1,True,low_confidence
oh_3967493_-8421679:c001,oh_3967493_-8421679,Montgomery,tennis,removed,2019,2021,0.345,1,True,low_confidence
oh_3967609_-8420552:c001,oh_3967609_-8420552,Montgomery,tennis,pickleball,2019,2023,0.563,1,True,low_confidence
oh_3967873_-8413312:c001,oh_3967873_-8413312,Montgomery,tennis,hybrid,2021,2023,0.408,1,True,low_confidence
oh_3967873_-8413312:c002,oh_3967873_-8413312,Montgomery,tennis,hybrid,2017,2019,0.434,1,True,low_confidence
oh_3967873_-8413312:c003,oh_3967873_-8413312,Montgomery,tennis,hybrid,2011,2013,0.484,1,True,low_confidence
oh_3967873_-8413312:c003,oh_3967873_-8413312,Montgomery,hybrid,removed,2013,2015,0.523,1,True,low_confidence
oh_3967873_-8413312:c003,oh_3967873_-8413312,Montgomery,removed,tennis,2015,2017,0.523,1,True,low_confidence;reversion
oh_3967873_-8413312:c003,oh_3967873_-8413312,Montgomery,tennis,removed,2017,2019,0.557,1,True,low_confidence
oh_3967873_-8413312:c003,oh_3967873_-8413312,Montgomery,removed,hybrid,2019,2021,0.37,1,True,low_confidence;reversion
oh_3967873_-8413312:c004,oh_3967873_-8413312,Montgomery,hybrid,tennis,2013,2015,0.422,1,True,low_confidence;reversion
oh_3967873_-8413312:c004,oh_3967873_-8413312,Montgomery,tennis,hybrid,2017,2019,0.65,1,False,
oh_3967873_-8413312:c005,oh_3967873_-8413312,Montgomery,tennis,removed,2017,2019,0.487,1,True,low_confidence
oh_3967873_-8413312:c005,oh_3967873_-8413312,Montgomery,removed,hybrid,2019,2021,0.487,1,True,low_confidence;reversion
oh_3967873_-8413312:c006,oh_3967873_-8413312,Montgomery,tennis,hybrid,2019,2021,0.449,1,True,low_confidence
oh_3967873_-8413312:c007,oh_3967873_-8413312,Montgomery,tennis,hybrid,2011,2013,0.727,1,False,
oh_3967873_-8413312:c007,oh_3967873_-8413312,Montgomery,hybrid,tennis,2013,2015,0.626,1,True,reversion
oh_3967873_-8413312:c007,oh_3967873_-8413312,Montgomery,tennis,hybrid,2017,2021,0.636,1,False,
oh_3967873_-8413312:c008,oh_3967873_-8413312,Montgomery,hybrid,tennis,2013,2015,0.638,1,True,reversion
oh_3967873_-8413312:c008,oh_3967873_-8413312,Montgomery,tennis,pickleball,2017,2021,0.66,,False,
oh_3967873_-8413312:c008,oh_3967873_-8413312,Montgomery,pickleball,hybrid,2021,2023,0.603,1,False,
oh_3967873_-8413312:c009,oh_3967873_-8413312,Montgomery,tennis,hybrid,2021,2023,0.371,1,True,low_confidence
oh_3967873_-8413312:c010,oh_3967873_-8413312,Montgomery,removed,tennis,2013,2015,0.482,1,True,low_confidence;reversion
oh_3967873_-8413312:c010,oh_3967873_-8413312,Montgomery,tennis,pickleball,2017,2021,0.751,,False,
oh_3967873_-8413312:c010,oh_3967873_-8413312,Montgomery,pickleball,hybrid,2021,2023,0.541,1,True,low_confidence
oh_3967937_-8420725:c001,oh_3967937_-8420725,Montgomery,removed,tennis,2011,2013,0.383,1,True,low_confidence;reversion
oh_3967937_-8420725:c001,oh_3967937_-8420725,Montgomery,tennis,removed,2015,2017,0.53,1,True,low_confidence
oh_3968083_-8414899:c001,oh_3968083_-8414899,Montgomery,removed,tennis,2011,2013,0.496,1,True,low_confidence;reversion
oh_3968108_-8409411:c001,oh_3968108_-8409411,Greene,tennis,removed,2017,2019,0.434,1,True,low_confidence
oh_3968108_-8409411:c001,oh_3968108_-8409411,Greene,removed,pickleball,2021,2023,0.774,,True,reversion
oh_3968503_-8410420:c002,oh_3968503_-8410420,Greene,tennis,hybrid,2019,2021,0.546,1,True,low_confidence
oh_3969132_-8419528:c001,oh_3969132_-8419528,Montgomery,removed,tennis,2013,2015,0.524,1,True,low_confidence;reversion
oh_3969132_-8419528:c001,oh_3969132_-8419528,Montgomery,tennis,removed,2017,2019,0.332,1,True,low_confidence
oh_3969132_-8419528:c002,oh_3969132_-8419528,Montgomery,tennis,removed,2017,2019,0.633,1,False,
oh_3969150_-8411565:c001,oh_3969150_-8411565,Montgomery,tennis,hybrid,2021,2023,0.346,1,True,low_confidence
oh_3969236_-8410846:c001,oh_3969236_-8410846,Montgomery,tennis,removed,2015,2017,0.554,1,True,low_confidence
oh_3969236_-8410846:c002,oh_3969236_-8410846,Montgomery,tennis,removed,2015,2017,0.472,1,True,low_confidence
oh_3969236_-8410846:c003,oh_3969236_-8410846,Montgomery,tennis,removed,2015,2017,0.464,1,True,low_confidence
oh_3969236_-8410846:c004,oh_3969236_-8410846,Montgomery,tennis,removed,2013,2015,0.406,1,True,low_confidence
oh_3969236_-8410846:c005,oh_3969236_-8410846,Montgomery,tennis,removed,2013,2015,0.371,1,True,low_confidence
oh_3969391_-8402334:c001,oh_3969391_-8402334,Greene,tennis,hybrid,2011,2013,0.511,1,True,low_confidence
oh_3969391_-8402334:c001,oh_3969391_-8402334,Greene,hybrid,tennis,2013,2015,0.872,1,True,reversion
oh_3969391_-8402334:c001,oh_3969391_-8402334,Greene,tennis,hybrid,2019,2021,0.498,1,True,low_confidence
oh_3969391_-8402334:c001,oh_3969391_-8402334,Greene,hybrid,removed,2021,2023,0.654,1,False,
oh_3969391_-8402334:c002,oh_3969391_-8402334,Greene,hybrid,tennis,2013,2015,0.931,1,True,reversion
oh_3969391_-8402334:c002,oh_3969391_-8402334,Greene,tennis,hybrid,2017,2019,0.754,1,False,
oh_3969391_-8402334:c002,oh_3969391_-8402334,Greene,hybrid,removed,2019,2021,0.57,1,True,low_confidence
oh_3969633_-8316162:c001,oh_3969633_-8316162,Pickaway,removed,hybrid,2017,2021,0.392,1,True,low_confidence;reversion
oh_3969750_-8416632:c001,oh_3969750_-8416632,Montgomery,tennis,hybrid,2021,2023,0.579,1,True,low_confidence
oh_3969750_-8416632:c002,oh_3969750_-8416632,Montgomery,tennis,hybrid,2021,2023,0.538,1,True,low_confidence
oh_3969750_-8416632:c003,oh_3969750_-8416632,Montgomery,tennis,hybrid,2021,2023,0.658,1,False,
oh_3969750_-8416632:c004,oh_3969750_-8416632,Montgomery,tennis,hybrid,2011,2013,0.798,1,False,
oh_3969750_-8416632:c004,oh_3969750_-8416632,Montgomery,hybrid,tennis,2013,2015,0.816,1,True,reversion
oh_3969750_-8416632:c004,oh_3969750_-8416632,Montgomery,tennis,hybrid,2021,2023,0.715,1,False,
oh_3969750_-8416632:c005,oh_3969750_-8416632,Montgomery,tennis,hybrid,2011,2013,0.607,1,False,
oh_3969750_-8416632:c005,oh_3969750_-8416632,Montgomery,hybrid,tennis,2013,2015,0.747,1,True,reversion
oh_3969750_-8416632:c005,oh_3969750_-8416632,Montgomery,tennis,hybrid,2021,2023,0.66,1,False,
oh_3969750_-8416632:c006,oh_3969750_-8416632,Montgomery,tennis,hybrid,2011,2013,0.695,1,False,
oh_3969750_-8416632:c006,oh_3969750_-8416632,Montgomery,hybrid,tennis,2013,2015,0.816,1,True,reversion
oh_3969826_-8415678:c001,oh_3969826_-8415678,Montgomery,tennis,hybrid,2019,2021,0.49,1,True,low_confidence
oh_3970163_-8242235:c001,oh_3970163_-8242235,Fairfield,tennis,removed,2011,2013,0.788,1,False,
oh_3970163_-8242235:c001,oh_3970163_-8242235,Fairfield,removed,tennis,2015,2017,0.371,1,True,low_confidence;reversion
oh_3970163_-8242235:c001,oh_3970163_-8242235,Fairfield,tennis,hybrid,2021,2023,0.554,1,True,low_confidence
oh_3970212_-8394022:c001,oh_3970212_-8394022,Greene,hybrid,tennis,2015,2017,0.392,1,True,low_confidence;reversion
oh_3970212_-8394022:c002,oh_3970212_-8394022,Greene,tennis,hybrid,2011,2013,0.451,1,True,low_confidence
oh_3970212_-8394022:c002,oh_3970212_-8394022,Greene,hybrid,tennis,2013,2015,0.376,1,True,low_confidence;reversion
oh_3970212_-8394022:c003,oh_3970212_-8394022,Greene,tennis,hybrid,2011,2013,0.387,1,True,low_confidence
oh_3970212_-8394022:c003,oh_3970212_-8394022,Greene,hybrid,tennis,2013,2015,0.843,1,True,reversion
oh_3970212_-8394022:c004,oh_3970212_-8394022,Greene,hybrid,tennis,2015,2017,0.364,1,True,low_confidence;reversion
oh_3970212_-8394022:c005,oh_3970212_-8394022,Greene,hybrid,removed,2013,2015,0.609,1,False,
oh_3970212_-8394022:c005,oh_3970212_-8394022,Greene,removed,tennis,2015,2017,0.609,1,True,reversion
oh_3970212_-8394022:c006,oh_3970212_-8394022,Greene,hybrid,tennis,2013,2015,0.394,1,True,low_confidence;reversion
oh_3970587_-8260894:c001,oh_3970587_-8260894,Fairfield,tennis,hybrid,2013,2015,0.314,1,True,low_confidence
oh_3970587_-8260894:c002,oh_3970587_-8260894,Fairfield,pickleball,hybrid,2011,2013,0.474,1,True,low_confidence
oh_3970587_-8260894:c002,oh_3970587_-8260894,Fairfield,hybrid,tennis,2013,2015,0.576,1,True,low_confidence;reversion
oh_3970587_-8260894:c002,oh_3970587_-8260894,Fairfield,tennis,pickleball,2017,2019,0.439,1,True,low_confidence
oh_3970587_-8260894:c002,oh_3970587_-8260894,Fairfield,pickleball,hybrid,2019,2021,0.558,1,True,low_confidence
oh_3970587_-8260894:c003,oh_3970587_-8260894,Fairfield,tennis,removed,2011,2013,0.415,1,True,low_confidence
oh_3970587_-8260894:c003,oh_3970587_-8260894,Fairfield,removed,tennis,2015,2017,0.373,1,True,low_confidence;reversion
oh_3970587_-8260894:c003,oh_3970587_-8260894,Fairfield,tennis,hybrid,2017,2019,0.375,1,True,low_confidence
oh_3970802_-8416517:c002,oh_3970802_-8416517,Montgomery,tennis,pickleball,2021,2023,0.746,,False,
oh_3970906_-8408485:c001,oh_3970906_-8408485,Greene,tennis,hybrid,2019,2021,0.463,1,True,low_confidence
oh_3970906_-8408485:c003,oh_3970906_-8408485,Greene,tennis,hybrid,2021,2023,0.695,1,False,
oh_3970906_-8408485:c004,oh_3970906_-8408485,Greene,tennis,hybrid,2021,2023,0.652,1,False,
oh_3971623_-8294748:c001,oh_3971623_-8294748,Pickaway,removed,pickleball,2021,2023,0.564,3,True,low_confidence;reversion
oh_3971680_-8415680:c001,oh_3971680_-8415680,Montgomery,removed,tennis,2011,2015,0.546,1,True,low_confidence;reversion
oh_3971680_-8415680:c002,oh_3971680_-8415680,Montgomery,removed,tennis,2013,2015,0.451,1,True,low_confidence;reversion
oh_3971995_-8299144:c001,oh_3971995_-8299144,Pickaway,hybrid,removed,2011,2013,0.597,1,True,low_confidence
oh_3972079_-8403198:c001,oh_3972079_-8403198,Greene,tennis,hybrid,2011,2013,0.777,1,False,
oh_3972079_-8403198:c001,oh_3972079_-8403198,Greene,hybrid,tennis,2013,2015,0.881,1,True,reversion
oh_3972079_-8403198:c001,oh_3972079_-8403198,Greene,tennis,removed,2017,2019,0.346,1,True,low_confidence
oh_3972079_-8403198:c002,oh_3972079_-8403198,Greene,tennis,removed,2019,2023,0.475,1,True,low_confidence
oh_3972079_-8403198:c003,oh_3972079_-8403198,Greene,tennis,removed,2019,2021,0.412,1,True,low_confidence
oh_3972079_-8403198:c004,oh_3972079_-8403198,Greene,hybrid,tennis,2013,2015,0.847,1,True,reversion
oh_3972079_-8403198:c004,oh_3972079_-8403198,Greene,tennis,removed,2019,2021,0.441,1,True,low_confidence
oh_3972079_-8403198:c005,oh_3972079_-8403198,Greene,tennis,removed,2017,2019,0.479,1,True,low_confidence
oh_3972227_-8399070:c001,oh_3972227_-8399070,Greene,tennis,pickleball,2019,2021,0.737,,False,
oh_3972227_-8399070:c001,oh_3972227_-8399070,Greene,pickleball,hybrid,2021,2023,0.737,1,False,
oh_3972227_-8399070:c002,oh_3972227_-8399070,Greene,tennis,pickleball,2017,2019,0.674,,False,
oh_3972280_-8406618:c001,oh_3972280_-8406618,Greene,tennis,pickleball,2017,2019,0.612,,False,
oh_3972280_-8406618:c001,oh_3972280_-8406618,Greene,pickleball,tennis,2021,2023,0.611,1,True,reversion
oh_3972280_-8406618:c002,oh_3972280_-8406618,Greene,tennis,pickleball,2021,2023,0.48,,True,low_confidence
oh_3972280_-8406618:c003,oh_3972280_-8406618,Greene,tennis,pickleball,2017,2019,0.758,,False,
oh_3972696_-8259509:c001,oh_3972696_-8259509,Fairfield,tennis,hybrid,2011,2013,0.647,1,False,
oh_3972696_-8259509:c001,oh_3972696_-8259509,Fairfield,hybrid,tennis,2013,2015,0.483,1,True,low_confidence;reversion
oh_3972696_-8259509:c001,oh_3972696_-8259509,Fairfield,tennis,hybrid,2019,2021,0.356,1,True,low_confidence
oh_3972696_-8259509:c002,oh_3972696_-8259509,Fairfield,tennis,hybrid,2021,2023,0.46,1,True,low_confidence
oh_3972696_-8259509:c003,oh_3972696_-8259509,Fairfield,pickleball,removed,2011,2013,0.355,1,True,low_confidence
oh_3972696_-8259509:c003,oh_3972696_-8259509,Fairfield,removed,tennis,2013,2015,0.363,1,True,low_confidence;reversion
oh_3972696_-8259509:c003,oh_3972696_-8259509,Fairfield,tennis,pickleball,2019,2021,0.49,,True,low_confidence
oh_3972696_-8259509:c003,oh_3972696_-8259509,Fairfield,pickleball,hybrid,2021,2023,0.62,1,False,
oh_3972696_-8259509:c004,oh_3972696_-8259509,Fairfield,tennis,hybrid,2021,2023,0.637,1,False,
oh_3972696_-8259509:c005,oh_3972696_-8259509,Fairfield,tennis,hybrid,2011,2013,0.409,1,True,low_confidence
oh_3972696_-8259509:c005,oh_3972696_-8259509,Fairfield,hybrid,tennis,2015,2017,0.544,1,True,low_confidence;reversion
oh_3972696_-8259509:c005,oh_3972696_-8259509,Fairfield,tennis,hybrid,2021,2023,0.489,1,True,low_confidence
oh_3972696_-8259509:c006,oh_3972696_-8259509,Fairfield,tennis,hybrid,2021,2023,0.536,1,True,low_confidence
oh_3972704_-8263916:c001,oh_3972704_-8263916,Fairfield,tennis,hybrid,2017,2021,0.442,1,True,low_confidence
oh_3972704_-8263916:c002,oh_3972704_-8263916,Fairfield,tennis,removed,2011,2015,0.49,1,True,low_confidence
oh_3972704_-8263916:c002,oh_3972704_-8263916,Fairfield,removed,pickleball,2017,2019,0.333,1,True,low_confidence;reversion
oh_3972704_-8263916:c002,oh_3972704_-8263916,Fairfield,pickleball,hybrid,2021,2023,0.746,1,False,
oh_3972704_-8263916:c003,oh_3972704_-8263916,Fairfield,tennis,pickleball,2019,2021,0.287,1,True,low_confidence
oh_3972704_-8263916:c003,oh_3972704_-8263916,Fairfield,pickleball,hybrid,2021,2023,0.546,1,True,low_confidence
oh_3972704_-8418670:c001,oh_3972704_-8418670,Montgomery,tennis,hybrid,2017,2019,0.429,1,True,low_confidence
oh_3972704_-8418670:c001,oh_3972704_-8418670,Montgomery,hybrid,tennis,2021,2023,0.564,1,True,low_confidence;reversion
oh_3972704_-8418670:c002,oh_3972704_-8418670,Montgomery,tennis,hybrid,2017,2019,0.69,1,False,
oh_3972704_-8418670:c003,oh_3972704_-8418670,Montgomery,tennis,hybrid,2017,2019,0.761,1,False,
oh_3972704_-8418670:c003,oh_3972704_-8418670,Montgomery,hybrid,tennis,2021,2023,0.519,1,True,low_confidence;reversion
oh_3972704_-8418670:c004,oh_3972704_-8418670,Montgomery,tennis,hybrid,2017,2019,0.71,1,False,
oh_3972704_-8418670:c004,oh_3972704_-8418670,Montgomery,hybrid,tennis,2021,2023,0.616,1,True,reversion
oh_3972922_-8258395:c004,oh_3972922_-8258395,Fairfield,tennis,pickleball,2021,2023,0.647,,False,
oh_3972922_-8258395:c005,oh_3972922_-8258395,Fairfield,tennis,pickleball,2021,2023,0.473,,True,low_confidence
oh_3973131_-8416868:c001,oh_3973131_-8416868,Montgomery,tennis,hybrid,2021,2023,0.521,1,True,low_confidence
oh_3973131_-8416868:c002,oh_3973131_-8416868,Montgomery,tennis,hybrid,2021,2023,0.825,1,False,
oh_3973131_-8416868:c003,oh_3973131_-8416868,Montgomery,tennis,hybrid,2021,2023,0.724,1,False,
oh_3973131_-8416868:c005,oh_3973131_-8416868,Montgomery,tennis,pickleball,2019,2021,0.402,,True,low_confidence
oh_3973131_-8416868:c005,oh_3973131_-8416868,Montgomery,pickleball,hybrid,2021,2023,0.402,1,True,low_confidence
oh_3973131_-8416868:c006,oh_3973131_-8416868,Montgomery,tennis,hybrid,2021,2023,0.715,1,False,
oh_3973131_-8416868:c007,oh_3973131_-8416868,Montgomery,tennis,hybrid,2021,2023,0.494,1,True,low_confidence
oh_3973136_-8406979:c001,oh_3973136_-8406979,Greene,tennis,removed,2019,2021,0.6,1,False,
oh_3973136_-8406979:c001,oh_3973136_-8406979,Greene,removed,tennis,2021,2023,0.492,1,True,low_confidence;reversion
oh_3973220_-8413772:c001,oh_3973220_-8413772,Montgomery,removed,tennis,2013,2015,0.637,1,True,reversion
oh_3973220_-8413772:c001,oh_3973220_-8413772,Montgomery,tennis,hybrid,2021,2023,0.453,1,True,low_confidence
oh_3973220_-8413772:c002,oh_3973220_-8413772,Montgomery,removed,tennis,2013,2015,0.504,1,True,low_confidence;reversion
oh_3973457_-8464993:c001,oh_3973457_-8464993,Preble,removed,hybrid,2019,2021,0.468,1,True,low_confidence;reversion
oh_3973457_-8464993:c001,oh_3973457_-8464993,Preble,hybrid,tennis,2021,2023,0.583,1,True,low_confidence;reversion
oh_3973457_-8464993:c002,oh_3973457_-8464993,Preble,removed,tennis,2019,2021,0.499,1,True,low_confidence;reversion
oh_3973457_-8464993:c003,oh_3973457_-8464993,Preble,removed,tennis,2019,2021,0.467,1,True,low_confidence;reversion
oh_3973457_-8464993:c004,oh_3973457_-8464993,Preble,removed,hybrid,2019,2021,0.512,1,True,low_confidence;reversion
oh_3973457_-8464993:c005,oh_3973457_-8464993,Preble,removed,tennis,2019,2021,0.694,1,True,reversion
oh_3973457_-8464993:c006,oh_3973457_-8464993,Preble,removed,tennis,2019,2021,0.707,1,True,reversion
oh_3973476_-8418455:c001,oh_3973476_-8418455,Montgomery,tennis,removed,2017,2023,0.62,1,False,
oh_3973518_-8418907:c002,oh_3973518_-8418907,Montgomery,tennis,removed,2021,2023,0.489,1,True,low_confidence
oh_3973518_-8418907:c003,oh_3973518_-8418907,Montgomery,tennis,removed,2021,2023,0.429,1,True,low_confidence
oh_3973518_-8418907:c004,oh_3973518_-8418907,Montgomery,tennis,removed,2019,2021,0.424,1,True,low_confidence
oh_3973518_-8418907:c005,oh_3973518_-8418907,Montgomery,tennis,removed,2021,2023,0.368,1,True,low_confidence
oh_3973518_-8418907:c006,oh_3973518_-8418907,Montgomery,tennis,removed,2021,2023,0.441,1,True,low_confidence
oh_3973578_-8422937:c001,oh_3973578_-8422937,Montgomery,tennis,hybrid,2017,2019,0.756,1,False,
oh_3973578_-8422937:c001,oh_3973578_-8422937,Montgomery,hybrid,tennis,2019,2021,0.475,1,True,low_confidence;reversion
oh_3973578_-8422937:c002,oh_3973578_-8422937,Montgomery,tennis,hybrid,2011,2013,0.806,1,False,
oh_3973578_-8422937:c002,oh_3973578_-8422937,Montgomery,hybrid,tennis,2013,2015,0.554,1,True,low_confidence;reversion
oh_3973578_-8422937:c002,oh_3973578_-8422937,Montgomery,tennis,hybrid,2017,2019,0.783,1,False,
oh_3973578_-8422937:c002,oh_3973578_-8422937,Montgomery,hybrid,tennis,2021,2023,0.707,1,True,reversion
oh_3973578_-8422937:c003,oh_3973578_-8422937,Montgomery,tennis,hybrid,2017,2019,0.714,1,False,
oh_3973578_-8422937:c003,oh_3973578_-8422937,Montgomery,hybrid,tennis,2021,2023,0.694,1,True,reversion
oh_3973578_-8422937:c004,oh_3973578_-8422937,Montgomery,tennis,hybrid,2017,2019,0.845,1,False,
oh_3973578_-8422937:c004,oh_3973578_-8422937,Montgomery,hybrid,tennis,2021,2023,0.537,1,True,low_confidence;reversion
oh_3973672_-8410282:c001,oh_3973672_-8410282,Montgomery,tennis,removed,2013,2015,0.74,1,False,
oh_3973672_-8410282:c002,oh_3973672_-8410282,Montgomery,tennis,removed,2013,2015,0.739,1,False,
oh_3973756_-8274811:c001,oh_3973756_-8274811,Fairfield,tennis,hybrid,2019,2021,0.474,1,True,low_confidence
oh_3973758_-8428500:c001,oh_3973758_-8428500,Montgomery,tennis,hybrid,2017,2019,0.683,1,False,
oh_3973758_-8428500:c002,oh_3973758_-8428500,Montgomery,tennis,hybrid,2017,2019,0.519,1,True,low_confidence
oh_3973758_-8428500:c002,oh_3973758_-8428500,Montgomery,hybrid,tennis,2021,2023,0.499,1,True,low_confidence;reversion
oh_3973758_-8428500:c003,oh_3973758_-8428500,Montgomery,tennis,hybrid,2017,2019,0.584,1,True,low_confidence
oh_3973758_-8428500:c003,oh_3973758_-8428500,Montgomery,hybrid,tennis,2021,2023,0.501,1,True,low_confidence;reversion
oh_3973758_-8428500:c004,oh_3973758_-8428500,Montgomery,tennis,pickleball,2019,2021,0.515,,True,low_confidence
oh_3973758_-8428500:c005,oh_3973758_-8428500,Montgomery,tennis,hybrid,2017,2019,0.451,1,True,low_confidence
oh_3973758_-8428500:c005,oh_3973758_-8428500,Montgomery,hybrid,removed,2019,2021,0.611,1,False,
oh_3973758_-8428500:c006,oh_3973758_-8428500,Montgomery,tennis,removed,2019,2021,0.565,1,True,low_confidence
oh_3973758_-8428500:c007,oh_3973758_-8428500,Montgomery,tennis,hybrid,2017,2019,0.418,1,True,low_confidence
oh_3973758_-8428500:c008,oh_3973758_-8428500,Montgomery,tennis,hybrid,2019,2021,0.34,1,True,low_confidence
oh_3973758_-8428500:c008,oh_3973758_-8428500,Montgomery,hybrid,tennis,2021,2023,0.34,1,True,low_confidence;reversion
oh_3973814_-8418411:c005,oh_3973814_-8418411,Montgomery,hybrid,tennis,2011,2013,0.437,1,True,low_confidence;reversion
oh_3973814_-8418411:c006,oh_3973814_-8418411,Montgomery,hybrid,tennis,2011,2013,0.486,1,True,low_confidence;reversion
oh_3974032_-8403635:c001,oh_3974032_-8403635,Greene,tennis,hybrid,2019,2021,0.327,1,True,low_confidence
oh_3974088_-8416067:c001,oh_3974088_-8416067,Montgomery,removed,tennis,2019,2021,0.311,1,True,low_confidence;reversion
oh_3974088_-8416067:c001,oh_3974088_-8416067,Montgomery,tennis,removed,2021,2023,0.311,1,True,low_confidence
oh_3974088_-8416067:c002,oh_3974088_-8416067,Montgomery,removed,pickleball,2017,2019,0.542,,True,low_confidence;reversion
oh_3974088_-8416067:c002,oh_3974088_-8416067,Montgomery,pickleball,removed,2021,2023,0.412,1,True,low_confidence
oh_3974088_-8416067:c003,oh_3974088_-8416067,Montgomery,removed,pickleball,2017,2019,0.434,,True,low_confidence;reversion
oh_3974088_-8416067:c003,oh_3974088_-8416067,Montgomery,pickleball,tennis,2019,2021,0.434,1,True,low_confidence;reversion
oh_3974088_-8416067:c003,oh_3974088_-8416067,Montgomery,tennis,hybrid,2021,2023,0.437,1,True,low_confidence
oh_3974088_-8416067:c004,oh_3974088_-8416067,Montgomery,removed,tennis,2017,2019,0.477,1,True,low_confidence;reversion
oh_3974088_-8416067:c004,oh_3974088_-8416067,Montgomery,tennis,hybrid,2021,2023,0.57,1,True,low_confidence
oh_3974108_-8380416:c002,oh_3974108_-8380416,Greene,removed,tennis,2015,2017,0.476,1,True,low_confidence;reversion
oh_3974108_-8380416:c002,oh_3974108_-8380416,Greene,tennis,removed,2017,2019,0.303,1,True,low_confidence
oh_3974151_-8440752:c001,oh_3974151_-8440752,Montgomery,tennis,removed,2021,2023,0.6,1,False,
oh_3974151_-8440752:c002,oh_3974151_-8440752,Montgomery,tennis,removed,2021,2023,0.602,1,False,
oh_3974151_-8440752:c004,oh_3974151_-8440752,Montgomery,tennis,removed,2021,2023,0.552,1,True,low_confidence
oh_3974192_-8152748:c001,oh_3974192_-8152748,Noble,tennis,removed,2011,2013,0.483,1,True,low_confidence
oh_3974192_-8152748:c001,oh_3974192_-8152748,Noble,removed,tennis,2015,2017,0.539,1,True,low_confidence;reversion
oh_3974306_-8264875:c001,oh_3974306_-8264875,Fairfield,hybrid,removed,2011,2013,0.56,1,True,low_confidence
oh_3974306_-8264875:c001,oh_3974306_-8264875,Fairfield,removed,tennis,2015,2017,0.396,1,True,low_confidence;reversion
oh_3974306_-8264875:c001,oh_3974306_-8264875,Fairfield,tennis,hybrid,2017,2019,0.354,1,True,low_confidence
oh_3974306_-8264875:c002,oh_3974306_-8264875,Fairfield,tennis,hybrid,2019,2021,0.602,1,False,
oh_3975122_-8403610:c001,oh_3975122_-8403610,Greene,tennis,pickleball,2017,2019,0.848,,False,
oh_3975122_-8403610:c001,oh_3975122_-8403610,Greene,pickleball,hybrid,2021,2023,0.391,1,True,low_confidence
oh_3975122_-8403610:c002,oh_3975122_-8403610,Greene,tennis,pickleball,2017,2019,0.939,1,False,
oh_3975194_-8420770:c001,oh_3975194_-8420770,Montgomery,tennis,removed,2017,2019,0.382,1,True,low_confidence
oh_3975230_-8418113:c001,oh_3975230_-8418113,Montgomery,removed,tennis,2013,2017,0.531,1,True,low_confidence;reversion
oh_3975376_-8419256:c009,oh_3975376_-8419256,Montgomery,tennis,pickleball,2019,2021,0.51,,True,low_confidence
oh_3975376_-8419256:c012,oh_3975376_-8419256,Montgomery,tennis,removed,2021,2023,0.458,1,True,low_confidence
oh_3975376_-8419256:c014,oh_3975376_-8419256,Montgomery,tennis,removed,2021,2023,0.323,1,True,low_confidence
oh_3975422_-8381393:c001,oh_3975422_-8381393,Greene,hybrid,tennis,2013,2015,0.458,1,True,low_confidence;reversion
oh_3975422_-8381393:c003,oh_3975422_-8381393,Greene,tennis,hybrid,2021,2023,0.433,1,True,low_confidence
oh_3975690_-8275904:c001,oh_3975690_-8275904,Fairfield,tennis,removed,2011,2013,0.673,1,False,
oh_3975690_-8275904:c001,oh_3975690_-8275904,Fairfield,removed,tennis,2017,2019,0.608,1,True,reversion
oh_3975690_-8275904:c001,oh_3975690_-8275904,Fairfield,tennis,removed,2021,2023,0.418,1,True,low_confidence
oh_3975707_-8417509:c001,oh_3975707_-8417509,Montgomery,removed,tennis,2013,2017,0.462,1,True,low_confidence;reversion
oh_3975707_-8417509:c002,oh_3975707_-8417509,Montgomery,removed,tennis,2013,2017,0.532,1,True,low_confidence;reversion
oh_3975707_-8417509:c003,oh_3975707_-8417509,Montgomery,removed,tennis,2013,2017,0.661,1,True,reversion
oh_3975877_-8405769:c001,oh_3975877_-8405769,Greene,tennis,hybrid,2017,2019,0.45,1,True,low_confidence
oh_3975877_-8405769:c001,oh_3975877_-8405769,Greene,hybrid,tennis,2021,2023,0.549,1,True,low_confidence;reversion
oh_3975917_-8110813:c001,oh_3975917_-8110813,Monroe,removed,tennis,2015,2017,0.696,1,True,reversion
oh_3975917_-8110813:c001,oh_3975917_-8110813,Monroe,tennis,removed,2019,2021,0.326,1,True,low_confidence
oh_3975917_-8110813:c001,oh_3975917_-8110813,Monroe,removed,hybrid,2021,2023,0.594,1,True,low_confidence;reversion
oh_3975917_-8110813:c002,oh_3975917_-8110813,Monroe,removed,tennis,2015,2017,0.718,1,True,reversion
oh_3975917_-8110813:c002,oh_3975917_-8110813,Monroe,tennis,removed,2019,2021,0.382,1,True,low_confidence
oh_3976060_-8404663:c001,oh_3976060_-8404663,Greene,tennis,hybrid,2017,2019,0.445,1,True,low_confidence
oh_3976060_-8404663:c001,oh_3976060_-8404663,Greene,hybrid,tennis,2021,2023,0.583,1,True,low_confidence;reversion
oh_3976060_-8404663:c002,oh_3976060_-8404663,Greene,tennis,removed,2011,2015,0.393,1,True,low_confidence
oh_3976180_-8415116:c001,oh_3976180_-8415116,Montgomery,removed,tennis,2015,2017,0.506,1,True,low_confidence;reversion
oh_3976180_-8415116:c001,oh_3976180_-8415116,Montgomery,tennis,removed,2017,2019,0.555,1,True,low_confidence
oh_3976260_-8403125:c001,oh_3976260_-8403125,Greene,tennis,removed,2011,2013,0.457,1,True,low_confidence
oh_3976260_-8403125:c002,oh_3976260_-8403125,Greene,tennis,removed,2011,2013,0.324,1,True,low_confidence
oh_3976260_-8403125:c002,oh_3976260_-8403125,Greene,removed,hybrid,2021,2023,0.312,1,True,low_confidence;reversion
oh_3976260_-8403125:c003,oh_3976260_-8403125,Greene,removed,hybrid,2017,2021,0.326,1,True,low_confidence;reversion
oh_3976260_-8403125:c004,oh_3976260_-8403125,Greene,removed,pickleball,2021,2023,0.471,,True,low_confidence;reversion
oh_3976260_-8403125:c005,oh_3976260_-8403125,Greene,removed,hybrid,2021,2023,0.366,1,True,low_confidence;reversion
oh_3976260_-8403125:c006,oh_3976260_-8403125,Greene,removed,hybrid,2017,2019,0.766,1,True,reversion
oh_3976322_-8411818:c001,oh_3976322_-8411818,Montgomery,tennis,removed,2013,2015,0.338,1,True,low_confidence
oh_3976322_-8411818:c001,oh_3976322_-8411818,Montgomery,removed,tennis,2015,2017,0.408,1,True,low_confidence;reversion
oh_3976322_-8411818:c001,oh_3976322_-8411818,Montgomery,tennis,removed,2021,2023,0.383,1,True,low_confidence
oh_3976539_-8425989:c001,oh_3976539_-8425989,Montgomery,tennis,hybrid,2017,2019,0.483,1,True,low_confidence
oh_3976539_-8425989:c002,oh_3976539_-8425989,Montgomery,tennis,hybrid,2017,2019,0.596,1,True,low_confidence
oh_3976539_-8425989:c003,oh_3976539_-8425989,Montgomery,tennis,hybrid,2017,2019,0.418,1,True,low_confidence
oh_3976539_-8425989:c004,oh_3976539_-8425989,Montgomery,tennis,hybrid,2017,2019,0.56,1,True,low_confidence
oh_3976539_-8425989:c005,oh_3976539_-8425989,Montgomery,tennis,hybrid,2017,2019,0.531,1,True,low_confidence
oh_3976571_-8419992:c001,oh_3976571_-8419992,Montgomery,tennis,removed,2011,2013,0.394,1,True,low_confidence
oh_3976571_-8419992:c002,oh_3976571_-8419992,Montgomery,tennis,removed,2011,2013,0.698,1,False,
oh_3976571_-8419992:c002,oh_3976571_-8419992,Montgomery,removed,pickleball,2017,2019,0.723,6,True,reversion
oh_3976571_-8419992:c003,oh_3976571_-8419992,Montgomery,tennis,removed,2011,2013,0.722,1,False,
oh_3976571_-8419992:c003,oh_3976571_-8419992,Montgomery,removed,tennis,2017,2019,0.708,1,True,reversion
oh_3976571_-8419992:c003,oh_3976571_-8419992,Montgomery,tennis,pickleball,2021,2023,0.296,6,True,low_confidence
oh_3976705_-8464528:c001,oh_3976705_-8464528,Preble,removed,tennis,2013,2015,0.458,1,True,low_confidence;reversion
oh_3976705_-8464528:c001,oh_3976705_-8464528,Preble,tennis,pickleball,2017,2019,0.605,,False,
oh_3976872_-8414450:c001,oh_3976872_-8414450,Montgomery,removed,hybrid,2021,2023,0.724,1,True,reversion
oh_3977029_-8407391:c001,oh_3977029_-8407391,Greene,tennis,pickleball,2021,2023,0.689,,False,
oh_3977723_-8418023:c001,oh_3977723_-8418023,Montgomery,removed,pickleball,2011,2019,0.536,1,True,low_confidence;reversion
oh_3977723_-8418023:c001,oh_3977723_-8418023,Montgomery,pickleball,removed,2019,2021,0.454,1,True,low_confidence
oh_3977860_-8407249:c001,oh_3977860_-8407249,Greene,tennis,pickleball,2019,2021,0.326,1,True,low_confidence
oh_3977876_-8407523:c002,oh_3977876_-8407523,Greene,tennis,hybrid,2021,2023,0.534,1,True,low_confidence
oh_3977942_-8209827:c001,oh_3977942_-8209827,Perry,tennis,removed,2011,2013,0.621,1,False,
oh_3977942_-8209827:c002,oh_3977942_-8209827,Perry,tennis,removed,2011,2019,0.419,1,True,low_confidence
oh_3978092_-8416855:c001,oh_3978092_-8416855,Montgomery,removed,tennis,2013,2015,0.495,1,True,low_confidence;reversion
oh_3978092_-8416855:c001,oh_3978092_-8416855,Montgomery,tennis,hybrid,2021,2023,0.71,1,False,
oh_3978136_-8418128:c001,oh_3978136_-8418128,Montgomery,tennis,removed,2011,2013,0.327,1,True,low_confidence
oh_3978136_-8418128:c002,oh_3978136_-8418128,Montgomery,pickleball,removed,2019,2021,0.304,1,True,low_confidence
oh_3978394_-8404696:c001,oh_3978394_-8404696,Greene,tennis,hybrid,2019,2021,0.356,1,True,low_confidence
oh_3978394_-8404696:c002,oh_3978394_-8404696,Greene,tennis,hybrid,2019,2021,0.596,1,True,low_confidence
oh_3978394_-8404696:c003,oh_3978394_-8404696,Greene,tennis,hybrid,2017,2019,0.517,1,True,low_confidence
oh_3978394_-8404696:c004,oh_3978394_-8404696,Greene,tennis,hybrid,2017,2019,0.667,1,False,
oh_3978394_-8404696:c005,oh_3978394_-8404696,Greene,tennis,hybrid,2017,2019,0.619,1,False,
oh_3978546_-8420199:c004,oh_3978546_-8420199,Montgomery,tennis,hybrid,2019,2021,0.5,1,True,low_confidence
oh_3978546_-8420199:c005,oh_3978546_-8420199,Montgomery,tennis,hybrid,2019,2021,0.462,1,True,low_confidence
oh_3978546_-8420199:c006,oh_3978546_-8420199,Montgomery,tennis,hybrid,2019,2021,0.5,1,True,low_confidence
oh_3978546_-8420199:c006,oh_3978546_-8420199,Montgomery,hybrid,tennis,2021,2023,0.559,1,True,low_confidence;reversion
oh_3978546_-8420199:c007,oh_3978546_-8420199,Montgomery,hybrid,tennis,2011,2013,0.442,1,True,low_confidence;reversion
oh_3978546_-8420199:c008,oh_3978546_-8420199,Montgomery,tennis,hybrid,2021,2023,0.519,1,True,low_confidence
oh_3978546_-8420199:c009,oh_3978546_-8420199,Montgomery,tennis,hybrid,2019,2021,0.546,1,True,low_confidence
oh_3979134_-8430962:c001,oh_3979134_-8430962,Montgomery,tennis,removed,2017,2019,0.35,1,True,low_confidence
oh_3979134_-8430962:c004,oh_3979134_-8430962,Montgomery,tennis,removed,2013,2021,0.456,1,True,low_confidence
oh_3979650_-8462403:c001,oh_3979650_-8462403,Preble,tennis,pickleball,2017,2019,0.39,,True,low_confidence
oh_3979650_-8462403:c001,oh_3979650_-8462403,Preble,pickleball,tennis,2021,2023,0.395,1,True,low_confidence;reversion
oh_3979832_-8269034:c001,oh_3979832_-8269034,Fairfield,removed,tennis,2019,2021,0.643,1,True,reversion
oh_3979832_-8269034:c002,oh_3979832_-8269034,Fairfield,removed,tennis,2019,2021,0.674,1,True,reversion
oh_3979832_-8269034:c003,oh_3979832_-8269034,Fairfield,removed,tennis,2019,2021,0.702,1,True,reversion
oh_3979832_-8269034:c004,oh_3979832_-8269034,Fairfield,removed,tennis,2019,2021,0.705,1,True,reversion
oh_3979832_-8269034:c005,oh_3979832_-8269034,Fairfield,removed,tennis,2019,2021,0.79,1,True,reversion
oh_3979884_-8290074:c001,oh_3979884_-8290074,Pickaway,tennis,removed,2011,2013,0.388,1,True,low_confidence
oh_3979884_-8290074:c001,oh_3979884_-8290074,Pickaway,removed,tennis,2021,2023,0.301,1,True,low_confidence;reversion
oh_3980577_-8411944:c002,oh_3980577_-8411944,Montgomery,tennis,hybrid,2019,2021,0.437,1,True,low_confidence
oh_3980577_-8411944:c002,oh_3980577_-8411944,Montgomery,hybrid,tennis,2021,2023,0.573,1,True,low_confidence;reversion
oh_3980911_-8388779:c001,oh_3980911_-8388779,Greene,tennis,removed,2011,2013,0.449,1,True,low_confidence
oh_3981058_-8404394:c001,oh_3981058_-8404394,Greene,tennis,hybrid,2021,2023,0.429,1,True,low_confidence
oh_3981288_-8424984:c001,oh_3981288_-8424984,Montgomery,tennis,hybrid,2011,2013,0.89,1,False,
oh_3981288_-8424984:c001,oh_3981288_-8424984,Montgomery,hybrid,tennis,2021,2023,0.732,1,True,reversion
oh_3981288_-8424984:c002,oh_3981288_-8424984,Montgomery,tennis,hybrid,2011,2013,0.803,1,False,
oh_3981288_-8424984:c002,oh_3981288_-8424984,Montgomery,hybrid,tennis,2021,2023,0.778,1,True,reversion
oh_3981288_-8424984:c003,oh_3981288_-8424984,Montgomery,tennis,hybrid,2011,2013,0.907,1,False,
oh_3981288_-8424984:c003,oh_3981288_-8424984,Montgomery,hybrid,tennis,2015,2017,0.495,1,True,low_confidence;reversion
oh_3981288_-8424984:c003,oh_3981288_-8424984,Montgomery,tennis,hybrid,2017,2019,0.859,1,False,
oh_3981288_-8424984:c003,oh_3981288_-8424984,Montgomery,hybrid,tennis,2021,2023,0.846,1,True,reversion
oh_3981400_-8423140:c001,oh_3981400_-8423140,Montgomery,tennis,removed,2021,2023,0.494,1,True,low_confidence
oh_3981400_-8423140:c002,oh_3981400_-8423140,Montgomery,tennis,removed,2019,2021,0.351,1,True,low_confidence
oh_3981422_-8423604:c001,oh_3981422_-8423604,Montgomery,tennis,removed,2017,2021,0.45,1,True,low_confidence
oh_3981422_-8423604:c001,oh_3981422_-8423604,Montgomery,removed,tennis,2021,2023,0.509,1,True,low_confidence;reversion
oh_3981422_-8423604:c002,oh_3981422_-8423604,Montgomery,removed,tennis,2017,2019,0.358,1,True,low_confidence;reversion
oh_3981422_-8423604:c003,oh_3981422_-8423604,Montgomery,removed,tennis,2015,2017,0.751,1,True,reversion
oh_3981422_-8423604:c003,oh_3981422_-8423604,Montgomery,tennis,hybrid,2017,2019,0.868,1,False,
oh_3981422_-8423604:c004,oh_3981422_-8423604,Montgomery,removed,tennis,2015,2017,0.756,1,True,reversion
oh_3981426_-8207466:c001,oh_3981426_-8207466,Perry,removed,hybrid,2019,2021,0.376,1,True,low_confidence;reversion
oh_3981557_-8419375:c001,oh_3981557_-8419375,Montgomery,tennis,hybrid,2019,2021,0.47,1,True,low_confidence
oh_3981557_-8419375:c001,oh_3981557_-8419375,Montgomery,hybrid,tennis,2021,2023,0.367,1,True,low_confidence;reversion
oh_3981557_-8419375:c002,oh_3981557_-8419375,Montgomery,tennis,hybrid,2019,2021,0.529,1,True,low_confidence
oh_3981557_-8419375:c002,oh_3981557_-8419375,Montgomery,hybrid,tennis,2021,2023,0.661,1,True,reversion
oh_3981557_-8419375:c003,oh_3981557_-8419375,Montgomery,tennis,hybrid,2019,2021,0.47,1,True,low_confidence
oh_3981557_-8419375:c003,oh_3981557_-8419375,Montgomery,hybrid,tennis,2021,2023,0.509,1,True,low_confidence;reversion
oh_3981557_-8419375:c004,oh_3981557_-8419375,Montgomery,tennis,hybrid,2017,2019,0.651,1,False,
oh_3981557_-8419375:c004,oh_3981557_-8419375,Montgomery,hybrid,tennis,2021,2023,0.427,1,True,low_confidence;reversion
oh_3981557_-8419375:c005,oh_3981557_-8419375,Montgomery,tennis,hybrid,2017,2019,0.654,1,False,
oh_3981557_-8419375:c005,oh_3981557_-8419375,Montgomery,hybrid,tennis,2021,2023,0.614,1,True,reversion
oh_3981557_-8419375:c006,oh_3981557_-8419375,Montgomery,tennis,hybrid,2019,2021,0.521,1,True,low_confidence
oh_3981557_-8419375:c006,oh_3981557_-8419375,Montgomery,hybrid,tennis,2021,2023,0.458,1,True,low_confidence;reversion
oh_3981807_-8424442:c001,oh_3981807_-8424442,Montgomery,tennis,hybrid,2017,2019,0.681,1,False,
oh_3981807_-8424442:c001,oh_3981807_-8424442,Montgomery,hybrid,tennis,2021,2023,0.35,1,True,low_confidence;reversion
oh_3981932_-8429402:c001,oh_3981932_-8429402,Montgomery,removed,tennis,2011,2015,0.427,1,True,low_confidence;reversion
oh_3981932_-8429402:c001,oh_3981932_-8429402,Montgomery,tennis,removed,2017,2019,0.437,1,True,low_confidence
oh_3981968_-8430000:c001,oh_3981968_-8430000,Montgomery,tennis,removed,2015,2019,0.345,1,True,low_confidence
oh_3981968_-8430000:c002,oh_3981968_-8430000,Montgomery,tennis,removed,2019,2021,0.328,1,True,low_confidence
oh_3982248_-8400950:c001,oh_3982248_-8400950,Greene,tennis,removed,2011,2023,0.589,1,True,low_confidence
oh_3982456_-8412473:c007,oh_3982456_-8412473,Montgomery,tennis,pickleball,2021,2023,0.87,,False,
oh_3982470_-8428367:c001,oh_3982470_-8428367,Montgomery,tennis,hybrid,2021,2023,0.589,1,True,low_confidence
oh_3982906_-8363354:c001,oh_3982906_-8363354,Clark,tennis,hybrid,2019,2021,0.474,1,True,low_confidence
oh_3982906_-8363354:c002,oh_3982906_-8363354,Clark,tennis,hybrid,2017,2019,0.922,1,False,
oh_3982906_-8363354:c003,oh_3982906_-8363354,Clark,tennis,hybrid,2019,2021,0.445,1,True,low_confidence
oh_3983274_-8441668:c001,oh_3983274_-8441668,Montgomery,tennis,removed,2011,2013,0.279,1,True,low_confidence
oh_3983274_-8441668:c004,oh_3983274_-8441668,Montgomery,tennis,removed,2013,2019,0.266,1,True,low_confidence
oh_3983291_-8442207:c001,oh_3983291_-8442207,Montgomery,tennis,hybrid,2021,2023,0.797,1,False,
oh_3983291_-8442207:c002,oh_3983291_-8442207,Montgomery,tennis,hybrid,2021,2023,0.706,1,False,
oh_3983434_-8402291:c001,oh_3983434_-8402291,Greene,tennis,removed,2017,2019,0.383,1,True,low_confidence
oh_3983458_-8413711:c001,oh_3983458_-8413711,Montgomery,tennis,removed,2013,2017,0.41,1,True,low_confidence
oh_3983893_-8422053:c001,oh_3983893_-8422053,Montgomery,tennis,hybrid,2019,2021,0.475,1,True,low_confidence
oh_3983893_-8422053:c001,oh_3983893_-8422053,Montgomery,hybrid,tennis,2021,2023,0.475,1,True,low_confidence;reversion
oh_3983897_-8281119:c001,oh_3983897_-8281119,Franklin,removed,tennis,2011,2015,0.783,1,True,reversion
oh_3983897_-8281119:c002,oh_3983897_-8281119,Franklin,removed,tennis,2011,2015,0.75,1,True,reversion
oh_3983897_-8281119:c003,oh_3983897_-8281119,Franklin,removed,tennis,2013,2015,0.412,1,True,low_confidence;reversion
oh_3983897_-8281119:c004,oh_3983897_-8281119,Franklin,removed,tennis,2017,2019,0.705,1,True,reversion
oh_3983897_-8281119:c005,oh_3983897_-8281119,Franklin,removed,tennis,2017,2019,0.474,1,True,low_confidence;reversion
oh_3984494_-8421336:c001,oh_3984494_-8421336,Montgomery,hybrid,tennis,2013,2015,0.782,1,True,reversion
oh_3984494_-8421336:c003,oh_3984494_-8421336,Montgomery,hybrid,tennis,2011,2015,0.732,1,True,reversion
oh_3984494_-8421336:c004,oh_3984494_-8421336,Montgomery,hybrid,tennis,2013,2015,0.898,1,True,reversion
oh_3984494_-8421336:c005,oh_3984494_-8421336,Montgomery,hybrid,tennis,2013,2015,0.87,1,True,reversion
oh_3984494_-8421336:c006,oh_3984494_-8421336,Montgomery,tennis,hybrid,2011,2013,0.421,1,True,low_confidence
oh_3984494_-8421336:c006,oh_3984494_-8421336,Montgomery,hybrid,tennis,2013,2015,0.814,1,True,reversion
oh_3984494_-8421336:c006,oh_3984494_-8421336,Montgomery,tennis,pickleball,2019,2021,0.429,,True,low_confidence
oh_3984494_-8421336:c006,oh_3984494_-8421336,Montgomery,pickleball,tennis,2021,2023,0.507,1,True,low_confidence;reversion
oh_3984580_-8307415:c001,oh_3984580_-8307415,Franklin,tennis,removed,2011,2013,0.711,1,False,
oh_3984580_-8307415:c001,oh_3984580_-8307415,Franklin,removed,hybrid,2017,2019,0.629,1,True,reversion
oh_3984580_-8307415:c001,oh_3984580_-8307415,Franklin,hybrid,removed,2019,2021,0.88,1,False,
oh_3984610_-8385416:c001,oh_3984610_-8385416,Clark,tennis,removed,2011,2013,0.602,1,False,
oh_3984980_-8413037:c001,oh_3984980_-8413037,Montgomery,removed,pickleball,2013,2017,0.4,6,True,low_confidence;reversion
oh_3984980_-8413037:c002,oh_3984980_-8413037,Montgomery,removed,pickleball,2013,2017,0.374,4,True,low_confidence;reversion
oh_3984981_-8289389:c001,oh_3984981_-8289389,Franklin,pickleball,tennis,2011,2013,0.58,1,True,low_confidence;reversion
oh_3984981_-8289389:c001,oh_3984981_-8289389,Franklin,tennis,pickleball,2017,2019,0.665,,False,
oh_3984981_-8289389:c002,oh_3984981_-8289389,Franklin,pickleball,hybrid,2011,2013,0.771,1,False,
oh_3984981_-8289389:c002,oh_3984981_-8289389,Franklin,hybrid,removed,2013,2015,0.613,1,False,
oh_3984981_-8289389:c002,oh_3984981_-8289389,Franklin,removed,tennis,2015,2017,0.613,1,True,reversion
oh_3984981_-8289389:c002,oh_3984981_-8289389,Franklin,tennis,pickleball,2017,2019,0.866,,False,
oh_3984981_-8289389:c002,oh_3984981_-8289389,Franklin,pickleball,hybrid,2021,2023,0.806,1,False,
oh_3985007_-8418880:c001,oh_3985007_-8418880,Montgomery,tennis,removed,2011,2013,0.402,1,True,low_confidence
oh_3985368_-8427473:c001,oh_3985368_-8427473,Montgomery,hybrid,tennis,2013,2017,0.775,1,True,reversion
oh_3985368_-8427473:c001,oh_3985368_-8427473,Montgomery,tennis,pickleball,2019,2021,0.437,,True,low_confidence
oh_3985585_-8190901:c001,oh_3985585_-8190901,Muskingum,pickleball,removed,2011,2013,0.524,1,True,low_confidence
oh_3985585_-8190901:c001,oh_3985585_-8190901,Muskingum,removed,pickleball,2021,2023,0.557,1,True,low_confidence;reversion
oh_3985585_-8190901:c002,oh_3985585_-8190901,Muskingum,pickleball,removed,2011,2013,0.425,1,True,low_confidence
oh_3985585_-8190901:c002,oh_3985585_-8190901,Muskingum,removed,pickleball,2021,2023,0.409,2,True,low_confidence;reversion
oh_3985872_-8289236:c001,oh_3985872_-8289236,Franklin,tennis,removed,2011,2013,0.516,1,True,low_confidence
oh_3985872_-8289236:c002,oh_3985872_-8289236,Franklin,tennis,removed,2011,2015,0.822,1,False,
oh_3985872_-8289236:c003,oh_3985872_-8289236,Franklin,tennis,removed,2011,2015,0.786,1,False,
oh_3985872_-8289236:c004,oh_3985872_-8289236,Franklin,tennis,removed,2011,2013,0.631,1,False,
oh_3985904_-8297240:c003,oh_3985904_-8297240,Franklin,tennis,hybrid,2011,2013,0.714,1,False,
oh_3985904_-8297240:c003,oh_3985904_-8297240,Franklin,hybrid,tennis,2013,2015,0.366,1,True,low_confidence;reversion
oh_3986294_-8430734:c001,oh_3986294_-8430734,Montgomery,tennis,hybrid,2011,2013,0.819,1,False,
oh_3986294_-8430734:c001,oh_3986294_-8430734,Montgomery,hybrid,tennis,2013,2015,0.433,1,True,low_confidence;reversion
oh_3986294_-8430734:c001,oh_3986294_-8430734,Montgomery,tennis,removed,2015,2017,0.391,1,True,low_confidence
oh_3986858_-8304896:c001,oh_3986858_-8304896,Franklin,removed,hybrid,2015,2017,0.73,1,True,reversion
oh_3986858_-8304896:c001,oh_3986858_-8304896,Franklin,hybrid,removed,2017,2019,0.35,1,True,low_confidence
oh_3986858_-8304896:c002,oh_3986858_-8304896,Franklin,tennis,removed,2011,2013,0.344,1,True,low_confidence
oh_3986858_-8304896:c002,oh_3986858_-8304896,Franklin,removed,hybrid,2015,2017,0.526,1,True,low_confidence;reversion
oh_3986858_-8304896:c002,oh_3986858_-8304896,Franklin,hybrid,pickleball,2019,2021,0.284,1,True,low_confidence
oh_3986858_-8304896:c002,oh_3986858_-8304896,Franklin,pickleball,removed,2021,2023,0.284,1,True,low_confidence
oh_3986939_-8378006:c001,oh_3986939_-8378006,Clark,hybrid,tennis,2013,2015,0.566,1,True,low_confidence;reversion
oh_3986939_-8378006:c001,oh_3986939_-8378006,Clark,tennis,hybrid,2019,2021,0.429,1,True,low_confidence
oh_3986939_-8378006:c002,oh_3986939_-8378006,Clark,tennis,hybrid,2011,2013,0.671,1,False,
oh_3986939_-8378006:c002,oh_3986939_-8378006,Clark,hybrid,tennis,2013,2015,0.663,1,True,reversion
oh_3986939_-8378006:c002,oh_3986939_-8378006,Clark,tennis,hybrid,2017,2019,0.804,1,False,
oh_3986939_-8378006:c003,oh_3986939_-8378006,Clark,hybrid,tennis,2013,2015,0.426,1,True,low_confidence;reversion
oh_3986939_-8378006:c003,oh_3986939_-8378006,Clark,tennis,hybrid,2017,2019,0.6,1,False,
oh_3986939_-8378006:c004,oh_3986939_-8378006,Clark,hybrid,tennis,2013,2015,0.638,1,True,reversion
oh_3986939_-8378006:c004,oh_3986939_-8378006,Clark,tennis,hybrid,2017,2019,0.77,1,False,
oh_3986939_-8378006:c005,oh_3986939_-8378006,Clark,tennis,hybrid,2017,2019,0.772,1,False,
oh_3987306_-8434346:c001,oh_3987306_-8434346,Montgomery,removed,tennis,2011,2013,0.558,1,True,low_confidence;reversion
oh_3987306_-8434346:c001,oh_3987306_-8434346,Montgomery,tennis,hybrid,2021,2023,0.579,1,True,low_confidence
oh_3987306_-8434346:c002,oh_3987306_-8434346,Montgomery,removed,tennis,2011,2013,0.36,1,True,low_confidence;reversion
oh_3987306_-8434346:c002,oh_3987306_-8434346,Montgomery,tennis,hybrid,2019,2021,0.401,1,True,low_confidence
oh_3987306_-8434346:c003,oh_3987306_-8434346,Montgomery,removed,tennis,2011,2013,0.385,1,True,low_confidence;reversion
oh_3987306_-8434346:c003,oh_3987306_-8434346,Montgomery,tennis,hybrid,2021,2023,0.643,1,False,
oh_3987306_-8434346:c004,oh_3987306_-8434346,Montgomery,removed,tennis,2011,2013,0.378,1,True,low_confidence;reversion
oh_3987306_-8434346:c004,oh_3987306_-8434346,Montgomery,tennis,hybrid,2021,2023,0.433,1,True,low_confidence
oh_3987306_-8434346:c005,oh_3987306_-8434346,Montgomery,removed,tennis,2011,2013,0.651,1,True,reversion
oh_3987306_-8434346:c006,oh_3987306_-8434346,Montgomery,removed,tennis,2011,2013,0.493,1,True,low_confidence;reversion
oh_3987306_-8434346:c006,oh_3987306_-8434346,Montgomery,tennis,hybrid,2021,2023,0.634,1,False,
oh_3987306_-8434346:c007,oh_3987306_-8434346,Montgomery,removed,tennis,2011,2013,0.526,1,True,low_confidence;reversion
oh_3987306_-8434346:c007,oh_3987306_-8434346,Montgomery,tennis,hybrid,2021,2023,0.751,1,False,
oh_3987306_-8434346:c008,oh_3987306_-8434346,Montgomery,removed,tennis,2011,2013,0.724,1,True,reversion
oh_3987306_-8434346:c008,oh_3987306_-8434346,Montgomery,tennis,hybrid,2021,2023,0.545,1,True,low_confidence
oh_3987424_-8309625:c001,oh_3987424_-8309625,Franklin,removed,pickleball,2019,2021,0.622,1,True,reversion
oh_3987424_-8309625:c002,oh_3987424_-8309625,Franklin,removed,pickleball,2015,2021,0.697,2,True,reversion
oh_3987424_-8309625:c003,oh_3987424_-8309625,Franklin,removed,pickleball,2015,2021,0.811,1,True,reversion
oh_3987424_-8309625:c004,oh_3987424_-8309625,Franklin,removed,pickleball,2015,2021,0.734,2,True,reversion
oh_3987470_-8406483:c001,oh_3987470_-8406483,Montgomery,tennis,removed,2017,2019,0.457,1,True,low_confidence
oh_3987508_-8309387:c001,oh_3987508_-8309387,Franklin,tennis,removed,2013,2015,0.404,1,True,low_confidence
oh_3987508_-8309387:c001,oh_3987508_-8309387,Franklin,removed,tennis,2015,2017,0.743,1,True,reversion
oh_3987508_-8309387:c002,oh_3987508_-8309387,Franklin,tennis,removed,2013,2015,0.349,1,True,low_confidence
oh_3987508_-8309387:c002,oh_3987508_-8309387,Franklin,removed,tennis,2015,2017,0.559,1,True,low_confidence;reversion
oh_3987508_-8309387:c003,oh_3987508_-8309387,Franklin,tennis,hybrid,2021,2023,0.619,1,False,
oh_3987803_-8275475:c001,oh_3987803_-8275475,Fairfield,tennis,hybrid,2019,2021,0.559,1,True,low_confidence
oh_3987803_-8275475:c003,oh_3987803_-8275475,Fairfield,tennis,hybrid,2021,2023,0.59,1,True,low_confidence
oh_3987803_-8275475:c004,oh_3987803_-8275475,Fairfield,tennis,hybrid,2021,2023,0.668,1,False,
oh_3987803_-8275475:c007,oh_3987803_-8275475,Fairfield,tennis,hybrid,2021,2023,0.52,1,True,low_confidence
oh_3987803_-8275475:c009,oh_3987803_-8275475,Fairfield,tennis,hybrid,2021,2023,0.677,1,False,
oh_3987803_-8275475:c010,oh_3987803_-8275475,Fairfield,tennis,hybrid,2021,2023,0.492,1,True,low_confidence
oh_3987803_-8275475:c011,oh_3987803_-8275475,Fairfield,tennis,hybrid,2021,2023,0.555,1,True,low_confidence
oh_3987803_-8275475:c012,oh_3987803_-8275475,Fairfield,tennis,hybrid,2021,2023,0.541,1,True,low_confidence
oh_3987819_-8274340:c001,oh_3987819_-8274340,Fairfield,tennis,hybrid,2011,2013,0.796,1,False,
oh_3987819_-8274340:c001,oh_3987819_-8274340,Fairfield,hybrid,tennis,2013,2015,0.602,1,True,reversion
oh_3987819_-8274340:c001,oh_3987819_-8274340,Fairfield,tennis,hybrid,2019,2021,0.511,1,True,low_confidence
oh_3987819_-8274340:c002,oh_3987819_-8274340,Fairfield,tennis,hybrid,2019,2021,0.661,1,False,
oh_3987819_-8274340:c003,oh_3987819_-8274340,Fairfield,tennis,pickleball,2021,2023,0.383,1,True,low_confidence
oh_3987819_-8274340:c004,oh_3987819_-8274340,Fairfield,tennis,pickleball,2021,2023,0.465,1,True,low_confidence
oh_3988081_-8421509:c007,oh_3988081_-8421509,Montgomery,tennis,pickleball,2017,2019,0.737,4,False,
oh_3988081_-8421509:c008,oh_3988081_-8421509,Montgomery,tennis,pickleball,2017,2019,0.907,4,False,
oh_3988216_-8298960:c001,oh_3988216_-8298960,Franklin,hybrid,tennis,2013,2015,0.633,1,True,reversion
oh_3988216_-8298960:c002,oh_3988216_-8298960,Franklin,hybrid,tennis,2013,2015,0.425,1,True,low_confidence;reversion
oh_3988216_-8298960:c003,oh_3988216_-8298960,Franklin,hybrid,tennis,2013,2015,0.404,1,True,low_confidence;reversion
oh_3988216_-8298960:c004,oh_3988216_-8298960,Franklin,hybrid,tennis,2013,2015,0.397,1,True,low_confidence;reversion
oh_3988842_-8310357:c001,oh_3988842_-8310357,Franklin,removed,pickleball,2021,2023,0.704,1,True,reversion
oh_3989633_-8271068:c001,oh_3989633_-8271068,Fairfield,tennis,removed,2011,2013,0.662,1,False,
oh_3989633_-8271068:c001,oh_3989633_-8271068,Fairfield,removed,tennis,2013,2015,0.802,1,True,reversion
oh_3989692_-8311634:c001,oh_3989692_-8311634,Franklin,tennis,removed,2011,2013,0.628,1,False,
oh_3989692_-8311634:c001,oh_3989692_-8311634,Franklin,removed,tennis,2013,2015,0.462,1,True,low_confidence;reversion
oh_3989692_-8311634:c001,oh_3989692_-8311634,Franklin,tennis,hybrid,2017,2019,0.321,1,True,low_confidence
oh_3989692_-8311634:c001,oh_3989692_-8311634,Franklin,hybrid,tennis,2021,2023,0.707,1,True,reversion
oh_3989692_-8311634:c002,oh_3989692_-8311634,Franklin,tennis,hybrid,2019,2021,0.333,1,True,low_confidence
oh_3989692_-8311634:c002,oh_3989692_-8311634,Franklin,hybrid,tennis,2021,2023,0.629,1,True,reversion
oh_3989692_-8311634:c004,oh_3989692_-8311634,Franklin,tennis,hybrid,2019,2021,0.347,1,True,low_confidence
oh_3989692_-8311634:c004,oh_3989692_-8311634,Franklin,hybrid,tennis,2021,2023,0.645,1,True,reversion
oh_3989692_-8311634:c005,oh_3989692_-8311634,Franklin,tennis,hybrid,2013,2015,0.346,1,True,low_confidence
oh_3989692_-8311634:c005,oh_3989692_-8311634,Franklin,hybrid,tennis,2015,2017,0.579,1,True,low_confidence;reversion
oh_3989692_-8311634:c005,oh_3989692_-8311634,Franklin,tennis,hybrid,2017,2019,0.464,1,True,low_confidence
oh_3989692_-8311634:c005,oh_3989692_-8311634,Franklin,hybrid,tennis,2021,2023,0.843,1,True,reversion
oh_3989692_-8311634:c008,oh_3989692_-8311634,Franklin,tennis,hybrid,2019,2021,0.437,1,True,low_confidence
oh_3989692_-8311634:c008,oh_3989692_-8311634,Franklin,hybrid,tennis,2021,2023,0.72,1,True,reversion
oh_3989749_-8306061:c001,oh_3989749_-8306061,Franklin,tennis,removed,2011,2013,0.578,1,True,low_confidence
oh_3989749_-8306061:c001,oh_3989749_-8306061,Franklin,removed,tennis,2013,2015,0.434,1,True,low_confidence;reversion
oh_3989844_-8379964:c001,oh_3989844_-8379964,Clark,tennis,hybrid,2021,2023,0.513,1,True,low_confidence
oh_3989844_-8379964:c002,oh_3989844_-8379964,Clark,tennis,hybrid,2021,2023,0.612,1,False,
oh_3989855_-8201459:c001,oh_3989855_-8201459,Muskingum,tennis,hybrid,2015,2017,0.463,1,True,low_confidence
oh_3989855_-8201459:c001,oh_3989855_-8201459,Muskingum,hybrid,removed,2019,2021,0.691,1,False,
oh_3989855_-8201459:c002,oh_3989855_-8201459,Muskingum,tennis,hybrid,2015,2017,0.351,1,True,low_confidence
oh_3989855_-8201459:c002,oh_3989855_-8201459,Muskingum,hybrid,removed,2019,2021,0.678,1,False,
oh_3989858_-8418335:c002,oh_3989858_-8418335,Montgomery,tennis,removed,2017,2021,0.532,1,True,low_confidence
oh_3989970_-8270254:c001,oh_3989970_-8270254,Fairfield,tennis,removed,2011,2013,0.757,1,False,
oh_3989970_-8270254:c001,oh_3989970_-8270254,Fairfield,removed,tennis,2015,2017,0.73,1,True,reversion
oh_3990460_-8344667:c001,oh_3990460_-8344667,Madison,tennis,hybrid,2011,2013,0.833,1,False,
oh_3990460_-8344667:c001,oh_3990460_-8344667,Madison,hybrid,removed,2013,2015,0.609,1,False,
oh_3990460_-8344667:c001,oh_3990460_-8344667,Madison,removed,tennis,2015,2017,0.4,1,True,low_confidence;reversion
oh_3990460_-8344667:c001,oh_3990460_-8344667,Madison,tennis,hybrid,2017,2019,0.4,1,True,low_confidence
oh_3990460_-8344667:c002,oh_3990460_-8344667,Madison,tennis,hybrid,2017,2019,0.426,1,True,low_confidence
oh_3990460_-8344667:c003,oh_3990460_-8344667,Madison,tennis,removed,2013,2015,0.326,1,True,low_confidence
oh_3990460_-8344667:c003,oh_3990460_-8344667,Madison,removed,tennis,2015,2017,0.495,1,True,low_confidence;reversion
oh_3990460_-8344667:c003,oh_3990460_-8344667,Madison,tennis,hybrid,2017,2019,0.452,1,True,low_confidence
oh_3990460_-8344667:c004,oh_3990460_-8344667,Madison,tennis,removed,2011,2013,0.449,1,True,low_confidence
oh_3990460_-8344667:c004,oh_3990460_-8344667,Madison,removed,tennis,2015,2017,0.363,1,True,low_confidence;reversion
oh_3990460_-8344667:c004,oh_3990460_-8344667,Madison,tennis,hybrid,2017,2019,0.33,1,True,low_confidence
oh_3990460_-8344667:c005,oh_3990460_-8344667,Madison,tennis,removed,2011,2013,0.734,1,False,
oh_3990460_-8344667:c005,oh_3990460_-8344667,Madison,removed,tennis,2015,2017,0.836,1,True,reversion
oh_3990460_-8344667:c005,oh_3990460_-8344667,Madison,tennis,hybrid,2017,2019,0.45,1,True,low_confidence
oh_3990856_-8296791:c001,oh_3990856_-8296791,Franklin,removed,tennis,2017,2019,0.501,1,True,low_confidence;reversion
oh_3990856_-8296791:c001,oh_3990856_-8296791,Franklin,tennis,hybrid,2021,2023,0.551,1,True,low_confidence
oh_3990856_-8296791:c002,oh_3990856_-8296791,Franklin,removed,tennis,2017,2019,0.372,1,True,low_confidence;reversion
oh_3990856_-8296791:c002,oh_3990856_-8296791,Franklin,tennis,pickleball,2019,2021,0.372,,True,low_confidence
oh_3990856_-8296791:c003,oh_3990856_-8296791,Franklin,removed,pickleball,2017,2019,0.462,,True,low_confidence;reversion
oh_3990856_-8296791:c004,oh_3990856_-8296791,Franklin,removed,pickleball,2017,2019,0.412,1,True,low_confidence;reversion
oh_3990856_-8296791:c005,oh_3990856_-8296791,Franklin,removed,tennis,2015,2017,0.518,1,True,low_confidence;reversion
oh_3990856_-8296791:c005,oh_3990856_-8296791,Franklin,tennis,hybrid,2019,2021,0.389,1,True,low_confidence
oh_3991146_-8273173:c001,oh_3991146_-8273173,Fairfield,tennis,hybrid,2021,2023,0.561,1,True,low_confidence
oh_3991146_-8273173:c002,oh_3991146_-8273173,Fairfield,tennis,hybrid,2021,2023,0.596,1,True,low_confidence
oh_3991146_-8273173:c003,oh_3991146_-8273173,Fairfield,tennis,hybrid,2021,2023,0.51,1,True,low_confidence
oh_3991146_-8273173:c004,oh_3991146_-8273173,Fairfield,tennis,hybrid,2021,2023,0.539,1,True,low_confidence
oh_3991146_-8273173:c006,oh_3991146_-8273173,Fairfield,tennis,removed,2021,2023,0.311,1,True,low_confidence
oh_3991337_-8273422:c002,oh_3991337_-8273422,Fairfield,tennis,hybrid,2021,2023,0.578,1,True,low_confidence
oh_3991337_-8273422:c003,oh_3991337_-8273422,Fairfield,tennis,hybrid,2021,2023,0.699,1,False,
oh_3991337_-8273422:c004,oh_3991337_-8273422,Fairfield,tennis,hybrid,2021,2023,0.542,1,True,low_confidence
oh_3991337_-8273422:c006,oh_3991337_-8273422,Fairfield,tennis,hybrid,2021,2023,0.602,1,False,
oh_3991341_-8399458:c001,oh_3991341_-8399458,Clark,tennis,hybrid,2021,2023,0.843,1,False,
oh_3991341_-8399458:c002,oh_3991341_-8399458,Clark,tennis,hybrid,2021,2023,0.741,1,False,
oh_3991341_-8399458:c003,oh_3991341_-8399458,Clark,tennis,hybrid,2021,2023,0.813,1,False,
oh_3991341_-8399458:c004,oh_3991341_-8399458,Clark,tennis,hybrid,2021,2023,0.785,1,False,
oh_3991341_-8399458:c005,oh_3991341_-8399458,Clark,tennis,hybrid,2021,2023,0.827,1,False,
oh_3991480_-8380788:c001,oh_3991480_-8380788,Clark,removed,tennis,2013,2017,0.795,1,True,reversion
oh_3991480_-8380788:c001,oh_3991480_-8380788,Clark,tennis,hybrid,2019,2021,0.525,1,True,low_confidence
oh_3991480_-8380788:c002,oh_3991480_-8380788,Clark,removed,tennis,2013,2017,0.86,1,True,reversion
oh_3991480_-8380788:c002,oh_3991480_-8380788,Clark,tennis,hybrid,2019,2021,0.382,1,True,low_confidence
oh_3991480_-8380788:c003,oh_3991480_-8380788,Clark,removed,tennis,2013,2017,0.85,1,True,reversion
oh_3991480_-8380788:c004,oh_3991480_-8380788,Clark,removed,tennis,2013,2017,0.842,1,True,reversion
oh_3991480_-8380788:c005,oh_3991480_-8380788,Clark,removed,tennis,2013,2017,0.92,1,True,reversion
oh_3991827_-8241952:c001,oh_3991827_-8241952,Perry,tennis,hybrid,2017,2019,0.601,1,False,
oh_3992713_-8417605:c001,oh_3992713_-8417605,Miami,tennis,hybrid,2021,2023,0.63,1,False,
oh_3992865_-8275554:c001,oh_3992865_-8275554,Fairfield,tennis,removed,2013,2015,0.369,1,True,low_confidence
oh_3992865_-8275554:c001,oh_3992865_-8275554,Fairfield,removed,tennis,2015,2017,0.84,1,True,reversion
oh_3992865_-8275554:c001,oh_3992865_-8275554,Fairfield,tennis,hybrid,2019,2021,0.567,1,True,low_confidence
oh_3992872_-8284105:c001,oh_3992872_-8284105,Franklin,tennis,hybrid,2019,2021,0.44,1,True,low_confidence
oh_3992872_-8284105:c002,oh_3992872_-8284105,Franklin,tennis,hybrid,2019,2021,0.485,1,True,low_confidence
oh_3992872_-8284105:c003,oh_3992872_-8284105,Franklin,tennis,hybrid,2021,2023,0.736,1,False,
oh_3992872_-8284105:c004,oh_3992872_-8284105,Franklin,tennis,hybrid,2021,2023,0.522,1,True,low_confidence
oh_3992872_-8284105:c006,oh_3992872_-8284105,Franklin,tennis,removed,2011,2013,0.603,1,False,
oh_3992872_-8284105:c008,oh_3992872_-8284105,Franklin,tennis,removed,2011,2013,0.424,1,True,low_confidence
oh_3992872_-8284105:c016,oh_3992872_-8284105,Franklin,tennis,removed,2011,2013,0.722,1,False,
oh_3992872_-8284105:c022,oh_3992872_-8284105,Franklin,pickleball,tennis,2011,2013,0.454,1,True,low_confidence;reversion
oh_3992872_-8284105:c022,oh_3992872_-8284105,Franklin,tennis,pickleball,2013,2015,0.439,3,True,low_confidence
oh_3993021_-8322723:c001,oh_3993021_-8322723,Franklin,tennis,removed,2015,2017,0.5,1,True,low_confidence
oh_3993021_-8322723:c001,oh_3993021_-8322723,Franklin,removed,hybrid,2017,2019,0.688,1,True,reversion
oh_3993305_-8327670:c001,oh_3993305_-8327670,Madison,tennis,removed,2011,2013,0.505,1,True,low_confidence
oh_3993305_-8327670:c001,oh_3993305_-8327670,Madison,removed,tennis,2015,2017,0.489,1,True,low_confidence;reversion
oh_3993305_-8327670:c001,oh_3993305_-8327670,Madison,tennis,hybrid,2019,2021,0.509,1,True,low_confidence
oh_3993305_-8327670:c002,oh_3993305_-8327670,Madison,tennis,hybrid,2019,2021,0.555,1,True,low_confidence
oh_3993305_-8327670:c003,oh_3993305_-8327670,Madison,tennis,hybrid,2019,2021,0.502,1,True,low_confidence
oh_3993305_-8327670:c004,oh_3993305_-8327670,Madison,tennis,hybrid,2019,2021,0.538,1,True,low_confidence
oh_3993305_-8327670:c005,oh_3993305_-8327670,Madison,tennis,hybrid,2019,2021,0.52,1,True,low_confidence
oh_3993341_-8309245:c001,oh_3993341_-8309245,Franklin,removed,tennis,2015,2017,0.89,1,True,reversion
oh_3993341_-8309245:c002,oh_3993341_-8309245,Franklin,removed,tennis,2015,2017,0.864,1,True,reversion
oh_3993341_-8309245:c003,oh_3993341_-8309245,Franklin,removed,tennis,2015,2017,0.771,1,True,reversion
oh_3993341_-8309245:c004,oh_3993341_-8309245,Franklin,removed,tennis,2015,2017,0.72,1,True,reversion
oh_3993341_-8309245:c005,oh_3993341_-8309245,Franklin,removed,tennis,2015,2017,0.814,1,True,reversion
oh_3993341_-8309245:c006,oh_3993341_-8309245,Franklin,removed,tennis,2015,2017,0.881,1,True,reversion
oh_3993341_-8309245:c007,oh_3993341_-8309245,Franklin,removed,tennis,2015,2017,0.783,1,True,reversion
oh_3993341_-8309245:c008,oh_3993341_-8309245,Franklin,removed,tennis,2015,2017,0.813,1,True,reversion
oh_3993387_-8384055:c001,oh_3993387_-8384055,Clark,tennis,removed,2011,2015,0.456,1,True,low_confidence
oh_3993387_-8384055:c001,oh_3993387_-8384055,Clark,removed,tennis,2015,2017,0.456,1,True,low_confidence;reversion
oh_3993487_-8244730:c001,oh_3993487_-8244730,Licking,tennis,hybrid,2021,2023,0.684,1,False,
oh_3993675_-8403448:c002,oh_3993675_-8403448,Clark,removed,tennis,2011,2015,0.444,1,True,low_confidence;reversion
oh_3993721_-8286270:c001,oh_3993721_-8286270,Franklin,tennis,removed,2019,2023,0.469,1,True,low_confidence
oh_3993804_-8381480:c002,oh_3993804_-8381480,Clark,tennis,removed,2017,2019,0.611,1,False,
oh_3993804_-8381480:c003,oh_3993804_-8381480,Clark,tennis,removed,2017,2019,0.397,1,True,low_confidence
oh_3993804_-8381480:c004,oh_3993804_-8381480,Clark,tennis,removed,2017,2019,0.797,1,False,
oh_3993804_-8381480:c005,oh_3993804_-8381480,Clark,tennis,removed,2019,2021,0.39,1,True,low_confidence
oh_3993804_-8381480:c007,oh_3993804_-8381480,Clark,tennis,removed,2019,2021,0.566,1,True,low_confidence
oh_3993804_-8381480:c012,oh_3993804_-8381480,Clark,tennis,hybrid,2021,2023,0.615,1,False,
oh_3993936_-8298028:c003,oh_3993936_-8298028,Franklin,tennis,hybrid,2021,2023,0.606,1,False,
oh_3993936_-8298028:c004,oh_3993936_-8298028,Franklin,tennis,hybrid,2021,2023,0.552,1,True,low_confidence
oh_3993936_-8298028:c005,oh_3993936_-8298028,Franklin,tennis,removed,2011,2013,0.624,1,False,
oh_3993936_-8298028:c005,oh_3993936_-8298028,Franklin,removed,tennis,2015,2017,0.594,1,True,low_confidence;reversion
oh_3993936_-8298028:c005,oh_3993936_-8298028,Franklin,tennis,hybrid,2019,2021,0.491,1,True,low_confidence
oh_3993950_-8368158:c001,oh_3993950_-8368158,Clark,tennis,hybrid,2011,2013,0.808,1,False,
oh_3993950_-8368158:c001,oh_3993950_-8368158,Clark,hybrid,tennis,2015,2017,0.639,1,True,reversion
oh_3993950_-8368158:c002,oh_3993950_-8368158,Clark,tennis,hybrid,2011,2013,0.774,1,False,
oh_3993950_-8368158:c002,oh_3993950_-8368158,Clark,hybrid,tennis,2013,2015,0.555,1,True,low_confidence;reversion
oh_3993950_-8368158:c003,oh_3993950_-8368158,Clark,tennis,hybrid,2011,2013,0.752,1,False,
oh_3993950_-8368158:c003,oh_3993950_-8368158,Clark,hybrid,tennis,2013,2015,0.63,1,True,reversion
oh_3993950_-8368158:c005,oh_3993950_-8368158,Clark,hybrid,tennis,2015,2017,0.65,1,True,reversion
oh_3993950_-8368158:c006,oh_3993950_-8368158,Clark,hybrid,tennis,2015,2017,0.546,1,True,low_confidence;reversion
oh_3994117_-8328946:c001,oh_3994117_-8328946,Madison,tennis,removed,2011,2013,0.415,1,True,low_confidence
oh_3994117_-8328946:c001,oh_3994117_-8328946,Madison,removed,tennis,2017,2019,0.301,1,True,low_confidence;reversion
oh_3994117_-8328946:c002,oh_3994117_-8328946,Madison,tennis,removed,2011,2015,0.544,1,True,low_confidence
oh_3994117_-8328946:c002,oh_3994117_-8328946,Madison,removed,tennis,2017,2021,0.345,1,True,low_confidence;reversion
oh_3994144_-8286582:c001,oh_3994144_-8286582,Franklin,removed,pickleball,2019,2021,0.562,,True,low_confidence;reversion
oh_3994144_-8286582:c001,oh_3994144_-8286582,Franklin,pickleball,hybrid,2021,2023,0.782,1,False,
oh_3994144_-8286582:c002,oh_3994144_-8286582,Franklin,tennis,removed,2011,2013,0.537,1,True,low_confidence
oh_3994144_-8286582:c002,oh_3994144_-8286582,Franklin,removed,hybrid,2019,2023,0.421,1,True,low_confidence;reversion
oh_3994144_-8286582:c003,oh_3994144_-8286582,Franklin,tennis,removed,2019,2023,0.383,1,True,low_confidence
oh_3994144_-8286582:c004,oh_3994144_-8286582,Franklin,tennis,hybrid,2017,2019,0.632,1,False,
oh_3994144_-8286582:c005,oh_3994144_-8286582,Franklin,removed,hybrid,2017,2021,0.343,1,True,low_confidence;reversion
oh_3994144_-8286582:c006,oh_3994144_-8286582,Franklin,removed,hybrid,2017,2021,0.455,1,True,low_confidence;reversion
oh_3994229_-8299180:c002,oh_3994229_-8299180,Franklin,tennis,hybrid,2019,2021,0.342,1,True,low_confidence
oh_3994229_-8299180:c003,oh_3994229_-8299180,Franklin,tennis,removed,2011,2013,0.521,1,True,low_confidence
oh_3994229_-8299180:c003,oh_3994229_-8299180,Franklin,removed,tennis,2017,2019,0.45,1,True,low_confidence;reversion
oh_3994229_-8299180:c003,oh_3994229_-8299180,Franklin,tennis,hybrid,2021,2023,0.608,1,False,
oh_3994229_-8299180:c004,oh_3994229_-8299180,Franklin,removed,hybrid,2019,2023,0.306,1,True,low_confidence;reversion
oh_3994473_-8294894:c002,oh_3994473_-8294894,Franklin,tennis,hybrid,2021,2023,0.364,1,True,low_confidence
oh_3994614_-8308222:c001,oh_3994614_-8308222,Franklin,tennis,removed,2011,2013,0.402,1,True,low_confidence
oh_3994614_-8308222:c001,oh_3994614_-8308222,Franklin,removed,tennis,2015,2017,0.44,1,True,low_confidence;reversion
oh_3994614_-8308222:c002,oh_3994614_-8308222,Franklin,tennis,removed,2011,2013,0.413,1,True,low_confidence
oh_3994614_-8308222:c002,oh_3994614_-8308222,Franklin,removed,tennis,2015,2017,0.444,1,True,low_confidence;reversion
oh_3994614_-8308222:c004,oh_3994614_-8308222,Franklin,tennis,removed,2013,2015,0.329,1,True,low_confidence
oh_3994614_-8308222:c004,oh_3994614_-8308222,Franklin,removed,tennis,2015,2017,0.487,1,True,low_confidence;reversion
oh_3994614_-8308222:c005,oh_3994614_-8308222,Franklin,tennis,pickleball,2015,2017,0.292,1,True,low_confidence
oh_3994614_-8308222:c005,oh_3994614_-8308222,Franklin,pickleball,tennis,2017,2019,0.295,1,True,low_confidence;reversion
oh_3994843_-8290720:c001,oh_3994843_-8290720,Franklin,tennis,removed,2019,2023,0.592,1,True,low_confidence
oh_3994843_-8290720:c002,oh_3994843_-8290720,Franklin,tennis,removed,2019,2021,0.439,1,True,low_confidence
oh_3994843_-8290720:c003,oh_3994843_-8290720,Franklin,tennis,removed,2011,2015,0.451,1,True,low_confidence
oh_3994843_-8290720:c003,oh_3994843_-8290720,Franklin,removed,tennis,2015,2017,0.546,1,True,low_confidence;reversion
oh_3994843_-8290720:c003,oh_3994843_-8290720,Franklin,tennis,removed,2019,2021,0.348,1,True,low_confidence
oh_3994843_-8290720:c004,oh_3994843_-8290720,Franklin,tennis,removed,2011,2013,0.386,1,True,low_confidence
oh_3994843_-8290720:c006,oh_3994843_-8290720,Franklin,removed,tennis,2015,2017,0.518,1,True,low_confidence;reversion
oh_3994843_-8290720:c006,oh_3994843_-8290720,Franklin,tennis,removed,2019,2023,0.456,1,True,low_confidence
oh_3994880_-8379260:c005,oh_3994880_-8379260,Clark,tennis,hybrid,2019,2021,0.785,1,False,
oh_3994880_-8379260:c005,oh_3994880_-8379260,Clark,hybrid,tennis,2021,2023,0.861,1,True,reversion
oh_3995016_-8195186:c001,oh_3995016_-8195186,Muskingum,tennis,removed,2011,2013,0.492,1,True,low_confidence
oh_3995016_-8195186:c001,oh_3995016_-8195186,Muskingum,removed,tennis,2015,2017,0.48,1,True,low_confidence;reversion
oh_3995016_-8195186:c002,oh_3995016_-8195186,Muskingum,removed,tennis,2015,2019,0.525,1,True,low_confidence;reversion
oh_3995300_-8293687:c001,oh_3995300_-8293687,Franklin,pickleball,removed,2011,2015,0.461,1,True,low_confidence
oh_3995300_-8293687:c001,oh_3995300_-8293687,Franklin,removed,pickleball,2017,2019,0.433,,True,low_confidence;reversion
oh_3995300_-8293687:c002,oh_3995300_-8293687,Franklin,pickleball,removed,2011,2013,0.72,1,False,
oh_3995300_-8293687:c002,oh_3995300_-8293687,Franklin,removed,pickleball,2019,2021,0.38,,True,low_confidence;reversion
oh_3995300_-8293687:c003,oh_3995300_-8293687,Franklin,removed,pickleball,2019,2021,0.393,1,True,low_confidence;reversion
oh_3995300_-8293687:c004,oh_3995300_-8293687,Franklin,pickleball,removed,2011,2013,0.494,1,True,low_confidence
oh_3995300_-8293687:c005,oh_3995300_-8293687,Franklin,pickleball,removed,2011,2013,0.539,1,True,low_confidence
oh_3995300_-8293687:c006,oh_3995300_-8293687,Franklin,pickleball,removed,2011,2013,0.68,1,False,
oh_3995300_-8293687:c006,oh_3995300_-8293687,Franklin,removed,pickleball,2015,2017,0.462,,True,low_confidence;reversion
oh_3995300_-8293687:c007,oh_3995300_-8293687,Franklin,pickleball,removed,2011,2013,0.62,1,False,
oh_3995300_-8293687:c007,oh_3995300_-8293687,Franklin,removed,pickleball,2017,2019,0.617,,True,reversion
oh_3995300_-8293687:c008,oh_3995300_-8293687,Franklin,pickleball,removed,2011,2013,0.523,1,True,low_confidence
oh_3995300_-8293687:c008,oh_3995300_-8293687,Franklin,removed,pickleball,2017,2019,0.448,,True,low_confidence;reversion
oh_3995300_-8293687:c009,oh_3995300_-8293687,Franklin,pickleball,removed,2011,2013,0.6,1,False,
oh_3995300_-8293687:c009,oh_3995300_-8293687,Franklin,removed,pickleball,2019,2021,0.377,,True,low_confidence;reversion
oh_3995300_-8293687:c009,oh_3995300_-8293687,Franklin,pickleball,hybrid,2021,2023,0.441,1,True,low_confidence
oh_3995300_-8293687:c010,oh_3995300_-8293687,Franklin,pickleball,removed,2011,2013,0.581,1,True,low_confidence
oh_3995300_-8293687:c010,oh_3995300_-8293687,Franklin,removed,pickleball,2015,2017,0.581,,True,low_confidence;reversion
oh_3995311_-8285830:c001,oh_3995311_-8285830,Franklin,tennis,hybrid,2019,2021,0.444,1,True,low_confidence
oh_3995311_-8285830:c002,oh_3995311_-8285830,Franklin,tennis,removed,2011,2013,0.506,1,True,low_confidence
oh_3995311_-8285830:c002,oh_3995311_-8285830,Franklin,removed,tennis,2015,2017,0.449,1,True,low_confidence;reversion
oh_3995311_-8285830:c003,oh_3995311_-8285830,Franklin,pickleball,hybrid,2017,2019,0.515,1,True,low_confidence
oh_3995311_-8285830:c004,oh_3995311_-8285830,Franklin,pickleball,removed,2011,2013,0.506,1,True,low_confidence
oh_3995311_-8285830:c004,oh_3995311_-8285830,Franklin,removed,pickleball,2015,2017,0.282,,True,low_confidence;reversion
oh_3995311_-8285830:c004,oh_3995311_-8285830,Franklin,pickleball,hybrid,2019,2021,0.547,1,True,low_confidence
oh_3995356_-8307660:c001,oh_3995356_-8307660,Franklin,tennis,hybrid,2019,2021,0.661,1,False,
oh_3995356_-8307660:c002,oh_3995356_-8307660,Franklin,tennis,hybrid,2019,2021,0.52,1,True,low_confidence
oh_3995356_-8307660:c003,oh_3995356_-8307660,Franklin,tennis,hybrid,2021,2023,0.536,1,True,low_confidence
oh_3995468_-8380935:c002,oh_3995468_-8380935,Clark,tennis,hybrid,2017,2019,0.459,1,True,low_confidence
oh_3995468_-8380935:c003,oh_3995468_-8380935,Clark,tennis,removed,2013,2015,0.353,1,True,low_confidence
oh_3995468_-8380935:c003,oh_3995468_-8380935,Clark,removed,hybrid,2017,2019,0.611,1,True,reversion
oh_3995468_-8380935:c004,oh_3995468_-8380935,Clark,tennis,removed,2011,2013,0.714,1,False,
oh_3995468_-8380935:c004,oh_3995468_-8380935,Clark,removed,hybrid,2017,2019,0.475,1,True,low_confidence;reversion
oh_3995468_-8380935:c005,oh_3995468_-8380935,Clark,tennis,hybrid,2011,2013,0.828,1,False,
oh_3995468_-8380935:c006,oh_3995468_-8380935,Clark,tennis,hybrid,2019,2021,0.656,1,False,
oh_3995559_-8349054:c001,oh_3995559_-8349054,Madison,tennis,removed,2011,2013,0.487,1,True,low_confidence
oh_3995559_-8349054:c001,oh_3995559_-8349054,Madison,removed,hybrid,2015,2017,0.504,1,True,low_confidence;reversion
oh_3995559_-8349054:c001,oh_3995559_-8349054,Madison,hybrid,tennis,2019,2021,0.468,1,True,low_confidence;reversion
oh_3995559_-8349054:c001,oh_3995559_-8349054,Madison,tennis,pickleball,2021,2023,0.468,,True,low_confidence
oh_3995559_-8349054:c002,oh_3995559_-8349054,Madison,removed,pickleball,2017,2019,0.378,1,True,low_confidence;reversion
oh_3995559_-8349054:c003,oh_3995559_-8349054,Madison,removed,pickleball,2017,2019,0.421,1,True,low_confidence;reversion
oh_3995676_-8382124:c001,oh_3995676_-8382124,Clark,tennis,removed,2013,2015,0.588,1,True,low_confidence
oh_3995676_-8382124:c001,oh_3995676_-8382124,Clark,removed,tennis,2015,2017,0.714,1,True,reversion
oh_3995676_-8382124:c001,oh_3995676_-8382124,Clark,tennis,hybrid,2019,2023,0.663,1,False,
oh_3995676_-8382124:c002,oh_3995676_-8382124,Clark,tennis,removed,2011,2015,0.501,1,True,low_confidence
oh_3995676_-8382124:c002,oh_3995676_-8382124,Clark,removed,tennis,2015,2017,0.813,1,True,reversion
oh_3995676_-8382124:c003,oh_3995676_-8382124,Clark,pickleball,tennis,2011,2015,0.558,1,True,low_confidence;reversion
oh_3995676_-8382124:c003,oh_3995676_-8382124,Clark,tennis,hybrid,2019,2021,0.478,1,True,low_confidence
oh_3995813_-8280577:c001,oh_3995813_-8280577,Franklin,tennis,removed,2011,2013,0.545,1,True,low_confidence
oh_3995813_-8280577:c001,oh_3995813_-8280577,Franklin,removed,tennis,2013,2015,0.413,1,True,low_confidence;reversion
oh_3995813_-8280577:c003,oh_3995813_-8280577,Franklin,tennis,removed,2011,2015,0.609,1,False,
oh_3995813_-8280577:c003,oh_3995813_-8280577,Franklin,removed,tennis,2015,2017,0.531,1,True,low_confidence;reversion
oh_3995813_-8280577:c004,oh_3995813_-8280577,Franklin,tennis,removed,2011,2015,0.751,1,False,
oh_3995813_-8280577:c004,oh_3995813_-8280577,Franklin,removed,tennis,2015,2017,0.398,1,True,low_confidence;reversion
oh_3995878_-8288121:c001,oh_3995878_-8288121,Franklin,tennis,removed,2011,2013,0.483,1,True,low_confidence
oh_3995881_-8297586:c001,oh_3995881_-8297586,Franklin,hybrid,tennis,2013,2015,0.57,1,True,low_confidence;reversion
oh_3995881_-8297586:c001,oh_3995881_-8297586,Franklin,tennis,hybrid,2019,2023,0.416,1,True,low_confidence
oh_3995884_-8244099:c001,oh_3995884_-8244099,Licking,tennis,removed,2011,2013,0.56,1,True,low_confidence
oh_3995884_-8244099:c001,oh_3995884_-8244099,Licking,removed,tennis,2015,2017,0.709,1,True,reversion
oh_3995884_-8244099:c001,oh_3995884_-8244099,Licking,tennis,removed,2019,2021,0.268,1,True,low_confidence
oh_3995922_-8433166:c002,oh_3995922_-8433166,Miami,tennis,removed,2019,2021,0.42,1,True,low_confidence
oh_3995959_-8288866:c001,oh_3995959_-8288866,Franklin,tennis,hybrid,2011,2013,0.85,1,False,
oh_3995959_-8288866:c001,oh_3995959_-8288866,Franklin,hybrid,tennis,2013,2015,0.929,1,True,reversion
oh_3996091_-8381065:c001,oh_3996091_-8381065,Clark,removed,tennis,2015,2017,0.514,1,True,low_confidence;reversion
oh_3996091_-8381065:c002,oh_3996091_-8381065,Clark,tennis,removed,2011,2013,0.475,1,True,low_confidence
oh_3996091_-8381065:c002,oh_3996091_-8381065,Clark,removed,tennis,2015,2017,0.533,1,True,low_confidence;reversion
oh_3996178_-8306725:c001,oh_3996178_-8306725,Franklin,removed,hybrid,2017,2019,0.358,1,True,low_confidence;reversion
oh_3996178_-8306725:c002,oh_3996178_-8306725,Franklin,removed,hybrid,2017,2019,0.413,1,True,low_confidence;reversion
oh_3996178_-8306725:c002,oh_3996178_-8306725,Franklin,hybrid,pickleball,2021,2023,0.475,,True,low_confidence
oh_3996274_-8287019:c001,oh_3996274_-8287019,Franklin,removed,pickleball,2017,2019,0.557,1,True,low_confidence;reversion
oh_3996274_-8287019:c002,oh_3996274_-8287019,Franklin,removed,pickleball,2019,2021,0.345,1,True,low_confidence;reversion
oh_3996274_-8287019:c003,oh_3996274_-8287019,Franklin,removed,hybrid,2017,2019,0.325,1,True,low_confidence;reversion
oh_3996274_-8287019:c004,oh_3996274_-8287019,Franklin,removed,pickleball,2019,2023,0.405,1,True,low_confidence;reversion
oh_3996324_-8434766:c001,oh_3996324_-8434766,Miami,removed,tennis,2011,2013,0.422,1,True,low_confidence;reversion
oh_3996324_-8434766:c002,oh_3996324_-8434766,Miami,removed,tennis,2011,2013,0.623,1,True,reversion
oh_3996324_-8434766:c003,oh_3996324_-8434766,Miami,removed,tennis,2011,2013,0.793,1,True,reversion
oh_3996324_-8434766:c004,oh_3996324_-8434766,Miami,removed,tennis,2011,2013,0.537,1,True,low_confidence;reversion
oh_3996324_-8434766:c005,oh_3996324_-8434766,Miami,removed,tennis,2011,2013,0.445,1,True,low_confidence;reversion
oh_3996324_-8434766:c006,oh_3996324_-8434766,Miami,removed,tennis,2011,2013,0.546,1,True,low_confidence;reversion
oh_3996436_-8290909:c001,oh_3996436_-8290909,Franklin,tennis,hybrid,2019,2021,0.645,1,False,
oh_3996436_-8290909:c002,oh_3996436_-8290909,Franklin,tennis,hybrid,2021,2023,0.572,1,True,low_confidence
oh_3996436_-8290909:c003,oh_3996436_-8290909,Franklin,tennis,removed,2011,2013,0.481,1,True,low_confidence
oh_3996436_-8290909:c003,oh_3996436_-8290909,Franklin,removed,tennis,2013,2015,0.384,1,True,low_confidence;reversion
oh_3996436_-8290909:c003,oh_3996436_-8290909,Franklin,tennis,hybrid,2019,2021,0.469,1,True,low_confidence
oh_3996448_-8294473:c001,oh_3996448_-8294473,Franklin,tennis,removed,2017,2023,0.742,1,False,
oh_3996511_-8264845:c002,oh_3996511_-8264845,Licking,tennis,removed,2021,2023,0.757,1,False,
oh_3996511_-8264845:c005,oh_3996511_-8264845,Licking,tennis,removed,2021,2023,0.453,1,True,low_confidence
oh_3996527_-8419561:c001,oh_3996527_-8419561,Miami,hybrid,tennis,2013,2015,0.874,1,True,reversion
oh_3996527_-8419561:c001,oh_3996527_-8419561,Miami,tennis,hybrid,2017,2019,0.672,1,False,
oh_3996527_-8419561:c001,oh_3996527_-8419561,Miami,hybrid,tennis,2019,2021,0.89,1,True,reversion
oh_3996527_-8419561:c002,oh_3996527_-8419561,Miami,hybrid,tennis,2013,2015,0.921,1,True,reversion
oh_3996690_-8201927:c001,oh_3996690_-8201927,Muskingum,removed,pickleball,2017,2019,0.406,1,True,low_confidence;reversion
oh_3996690_-8201927:c001,oh_3996690_-8201927,Muskingum,pickleball,removed,2019,2021,0.574,1,True,low_confidence
oh_3996699_-8294884:c001,oh_3996699_-8294884,Franklin,tennis,removed,2011,2013,0.437,1,True,low_confidence
oh_3996699_-8294884:c001,oh_3996699_-8294884,Franklin,removed,tennis,2015,2017,0.644,1,True,reversion
oh_3996699_-8294884:c002,oh_3996699_-8294884,Franklin,tennis,removed,2011,2013,0.506,1,True,low_confidence
oh_3996699_-8294884:c002,oh_3996699_-8294884,Franklin,removed,tennis,2015,2017,0.763,1,True,reversion
oh_3996699_-8294884:c003,oh_3996699_-8294884,Franklin,tennis,removed,2011,2013,0.597,1,True,low_confidence
oh_3996699_-8294884:c003,oh_3996699_-8294884,Franklin,removed,tennis,2015,2017,0.759,1,True,reversion
oh_3996699_-8294884:c004,oh_3996699_-8294884,Franklin,tennis,removed,2011,2013,0.442,1,True,low_confidence
oh_3996699_-8294884:c004,oh_3996699_-8294884,Franklin,removed,tennis,2015,2017,0.591,1,True,low_confidence;reversion
oh_3996699_-8294884:c005,oh_3996699_-8294884,Franklin,tennis,removed,2011,2013,0.465,1,True,low_confidence
oh_3996699_-8294884:c005,oh_3996699_-8294884,Franklin,removed,tennis,2015,2017,0.892,1,True,reversion
oh_3996699_-8294884:c005,oh_3996699_-8294884,Franklin,tennis,pickleball,2019,2021,0.401,1,True,low_confidence
oh_3996699_-8294884:c006,oh_3996699_-8294884,Franklin,tennis,removed,2011,2013,0.326,1,True,low_confidence
oh_3996699_-8294884:c006,oh_3996699_-8294884,Franklin,removed,tennis,2015,2017,0.777,1,True,reversion
oh_3996699_-8294884:c006,oh_3996699_-8294884,Franklin,tennis,pickleball,2021,2023,0.595,,True,low_confidence
oh_3996699_-8294884:c008,oh_3996699_-8294884,Franklin,tennis,removed,2011,2015,0.724,1,False,
oh_3996699_-8294884:c008,oh_3996699_-8294884,Franklin,removed,tennis,2015,2017,0.421,1,True,low_confidence;reversion
oh_3996699_-8294884:c008,oh_3996699_-8294884,Franklin,tennis,pickleball,2021,2023,0.515,,True,low_confidence
oh_3996707_-8284676:c001,oh_3996707_-8284676,Franklin,removed,hybrid,2019,2023,0.311,1,True,low_confidence;reversion
oh_3996754_-8418448:c001,oh_3996754_-8418448,Miami,tennis,hybrid,2017,2019,0.764,1,False,
oh_3996754_-8418448:c001,oh_3996754_-8418448,Miami,hybrid,tennis,2019,2021,0.45,1,True,low_confidence;reversion
oh_3996754_-8418448:c002,oh_3996754_-8418448,Miami,tennis,hybrid,2017,2019,0.694,1,False,
oh_3996754_-8418448:c002,oh_3996754_-8418448,Miami,hybrid,tennis,2021,2023,0.364,1,True,low_confidence;reversion
oh_3996754_-8418448:c003,oh_3996754_-8418448,Miami,tennis,removed,2021,2023,0.475,1,True,low_confidence
oh_3996754_-8418448:c004,oh_3996754_-8418448,Miami,tennis,hybrid,2017,2019,0.778,1,False,
oh_3996754_-8418448:c004,oh_3996754_-8418448,Miami,hybrid,tennis,2019,2021,0.43,1,True,low_confidence;reversion
oh_3996754_-8418448:c005,oh_3996754_-8418448,Miami,tennis,hybrid,2017,2019,0.818,1,False,
oh_3996754_-8418448:c005,oh_3996754_-8418448,Miami,hybrid,tennis,2021,2023,0.534,1,True,low_confidence;reversion
oh_3996754_-8418448:c006,oh_3996754_-8418448,Miami,tennis,hybrid,2017,2019,0.592,1,True,low_confidence
oh_3996754_-8418448:c006,oh_3996754_-8418448,Miami,hybrid,tennis,2021,2023,0.474,1,True,low_confidence;reversion
oh_3996852_-8199119:c001,oh_3996852_-8199119,Muskingum,tennis,removed,2017,2019,0.54,1,True,low_confidence
oh_3996852_-8199119:c001,oh_3996852_-8199119,Muskingum,removed,hybrid,2019,2021,0.54,1,True,low_confidence;reversion
oh_3996852_-8199119:c001,oh_3996852_-8199119,Muskingum,hybrid,pickleball,2021,2023,0.57,,True,low_confidence
oh_3996852_-8199119:c002,oh_3996852_-8199119,Muskingum,tennis,hybrid,2019,2021,0.358,1,True,low_confidence
oh_3996852_-8199119:c002,oh_3996852_-8199119,Muskingum,hybrid,pickleball,2021,2023,0.472,,True,low_confidence
oh_3996974_-8274712:c002,oh_3996974_-8274712,Licking,tennis,hybrid,2019,2021,0.393,1,True,low_confidence
oh_3996974_-8274712:c004,oh_3996974_-8274712,Licking,tennis,hybrid,2019,2021,0.543,1,True,low_confidence
oh_3996974_-8274712:c007,oh_3996974_-8274712,Licking,tennis,hybrid,2019,2021,0.38,1,True,low_confidence
oh_3996974_-8274712:c010,oh_3996974_-8274712,Licking,tennis,hybrid,2019,2021,0.552,1,True,low_confidence
oh_3997018_-8304909:c001,oh_3997018_-8304909,Franklin,removed,tennis,2015,2017,0.728,1,True,reversion
oh_3997018_-8304909:c001,oh_3997018_-8304909,Franklin,tennis,hybrid,2019,2021,0.385,1,True,low_confidence
oh_3997018_-8304909:c002,oh_3997018_-8304909,Franklin,tennis,removed,2017,2019,0.732,1,False,
oh_3997039_-8297002:c001,oh_3997039_-8297002,Franklin,tennis,removed,2011,2013,0.493,1,True,low_confidence
oh_3997039_-8297002:c001,oh_3997039_-8297002,Franklin,removed,pickleball,2017,2019,0.46,,True,low_confidence;reversion
oh_3997039_-8297002:c002,oh_3997039_-8297002,Franklin,removed,pickleball,2017,2019,0.503,,True,low_confidence;reversion
oh_3997157_-8294389:c001,oh_3997157_-8294389,Franklin,tennis,pickleball,2017,2019,0.368,,True,low_confidence
oh_3997157_-8294389:c002,oh_3997157_-8294389,Franklin,removed,pickleball,2015,2021,0.639,2,True,reversion
oh_3997157_-8294389:c003,oh_3997157_-8294389,Franklin,pickleball,tennis,2021,2023,0.467,1,True,low_confidence;reversion
oh_3997310_-8285283:c001,oh_3997310_-8285283,Franklin,tennis,hybrid,2011,2013,0.68,1,False,
oh_3997310_-8285283:c001,oh_3997310_-8285283,Franklin,hybrid,removed,2013,2015,0.702,1,False,
oh_3997310_-8285283:c001,oh_3997310_-8285283,Franklin,removed,tennis,2015,2017,0.702,1,True,reversion
oh_3997310_-8285283:c001,oh_3997310_-8285283,Franklin,tennis,hybrid,2017,2019,0.785,1,False,
oh_3997310_-8285283:c001,oh_3997310_-8285283,Franklin,hybrid,removed,2021,2023,0.585,1,True,low_confidence
oh_3997310_-8285283:c002,oh_3997310_-8285283,Franklin,tennis,removed,2013,2015,0.493,1,True,low_confidence
oh_3997310_-8285283:c002,oh_3997310_-8285283,Franklin,removed,tennis,2015,2017,0.791,1,True,reversion
oh_3997310_-8285283:c002,oh_3997310_-8285283,Franklin,tennis,hybrid,2017,2019,0.583,1,True,low_confidence
oh_3997367_-8286954:c001,oh_3997367_-8286954,Franklin,tennis,hybrid,2019,2021,0.466,1,True,low_confidence
oh_3997367_-8286954:c002,oh_3997367_-8286954,Franklin,tennis,hybrid,2021,2023,0.556,1,True,low_confidence
oh_3997367_-8286954:c003,oh_3997367_-8286954,Franklin,tennis,pickleball,2013,2015,0.329,,True,low_confidence
oh_3997367_-8286954:c003,oh_3997367_-8286954,Franklin,pickleball,removed,2019,2021,0.323,1,True,low_confidence
oh_3997367_-8286954:c004,oh_3997367_-8286954,Franklin,tennis,removed,2017,2023,0.4,1,True,low_confidence
oh_3997367_-8286954:c005,oh_3997367_-8286954,Franklin,tennis,hybrid,2019,2021,0.39,1,True,low_confidence
oh_3997367_-8286954:c006,oh_3997367_-8286954,Franklin,tennis,hybrid,2021,2023,0.398,1,True,low_confidence
oh_3997367_-8286954:c007,oh_3997367_-8286954,Franklin,tennis,removed,2011,2013,0.599,1,True,low_confidence
oh_3997367_-8286954:c007,oh_3997367_-8286954,Franklin,removed,tennis,2015,2017,0.383,1,True,low_confidence;reversion
oh_3997367_-8286954:c007,oh_3997367_-8286954,Franklin,tennis,hybrid,2017,2019,0.383,1,True,low_confidence
oh_3997367_-8286954:c008,oh_3997367_-8286954,Franklin,tennis,hybrid,2019,2021,0.435,1,True,low_confidence
oh_3997367_-8286954:c009,oh_3997367_-8286954,Franklin,tennis,hybrid,2019,2021,0.307,1,True,low_confidence
oh_3997367_-8286954:c010,oh_3997367_-8286954,Franklin,removed,tennis,2013,2015,0.557,1,True,low_confidence;reversion
oh_3997367_-8286954:c010,oh_3997367_-8286954,Franklin,tennis,hybrid,2017,2019,0.546,1,True,low_confidence
oh_3997494_-8285595:c001,oh_3997494_-8285595,Franklin,tennis,removed,2011,2013,0.63,1,False,
oh_3997506_-8281288:c001,oh_3997506_-8281288,Franklin,tennis,removed,2011,2015,0.732,1,False,
oh_3997532_-8381084:c001,oh_3997532_-8381084,Clark,tennis,removed,2011,2013,0.451,1,True,low_confidence
oh_3997532_-8381084:c001,oh_3997532_-8381084,Clark,removed,hybrid,2017,2019,0.37,1,True,low_confidence;reversion
oh_3997547_-8200227:c001,oh_3997547_-8200227,Muskingum,removed,tennis,2015,2017,0.653,1,True,reversion
oh_3997560_-8297388:c001,oh_3997560_-8297388,Franklin,tennis,removed,2011,2015,0.733,1,False,
oh_3997560_-8297388:c001,oh_3997560_-8297388,Franklin,removed,tennis,2015,2017,0.544,1,True,low_confidence;reversion
oh_3997560_-8297388:c001,oh_3997560_-8297388,Franklin,tennis,hybrid,2017,2019,0.544,1,True,low_confidence
oh_3997560_-8297388:c002,oh_3997560_-8297388,Franklin,removed,hybrid,2019,2021,0.376,1,True,low_confidence;reversion
oh_3997569_-8300759:c001,oh_3997569_-8300759,Franklin,tennis,pickleball,2021,2023,0.57,,True,low_confidence
oh_3997569_-8300759:c002,oh_3997569_-8300759,Franklin,pickleball,tennis,2019,2021,0.413,1,True,low_confidence;reversion
oh_3997623_-8300865:c001,oh_3997623_-8300865,Franklin,tennis,removed,2011,2013,0.677,1,False,
oh_3997623_-8300865:c001,oh_3997623_-8300865,Franklin,removed,tennis,2015,2017,0.834,1,True,reversion
oh_3997623_-8300865:c003,oh_3997623_-8300865,Franklin,tennis,pickleball,2019,2021,0.43,,True,low_confidence
oh_3997623_-8300865:c004,oh_3997623_-8300865,Franklin,pickleball,removed,2011,2015,0.543,1,True,low_confidence
oh_3997623_-8300865:c004,oh_3997623_-8300865,Franklin,removed,tennis,2015,2017,0.348,1,True,low_confidence;reversion
oh_3997623_-8300865:c004,oh_3997623_-8300865,Franklin,tennis,pickleball,2017,2021,0.348,,True,low_confidence
oh_3997623_-8300865:c004,oh_3997623_-8300865,Franklin,pickleball,tennis,2021,2023,0.487,1,True,low_confidence;reversion
oh_3997677_-8278207:c001,oh_3997677_-8278207,Franklin,tennis,hybrid,2021,2023,0.458,1,True,low_confidence
oh_3997677_-8278207:c002,oh_3997677_-8278207,Franklin,tennis,hybrid,2011,2013,0.617,1,False,
oh_3997677_-8278207:c002,oh_3997677_-8278207,Franklin,hybrid,tennis,2013,2015,0.465,1,True,low_confidence;reversion
oh_3997677_-8278207:c002,oh_3997677_-8278207,Franklin,tennis,hybrid,2019,2021,0.571,1,True,low_confidence
oh_3997677_-8278207:c003,oh_3997677_-8278207,Franklin,pickleball,tennis,2011,2013,0.419,1,True,low_confidence;reversion
oh_3997677_-8278207:c003,oh_3997677_-8278207,Franklin,tennis,hybrid,2021,2023,0.625,1,False,
oh_3997677_-8278207:c004,oh_3997677_-8278207,Franklin,hybrid,tennis,2013,2015,0.484,1,True,low_confidence;reversion
oh_3997677_-8278207:c004,oh_3997677_-8278207,Franklin,tennis,hybrid,2019,2021,0.482,1,True,low_confidence
oh_3997677_-8278207:c005,oh_3997677_-8278207,Franklin,tennis,hybrid,2011,2013,0.417,1,True,low_confidence
oh_3997677_-8278207:c005,oh_3997677_-8278207,Franklin,hybrid,tennis,2013,2015,0.406,1,True,low_confidence;reversion
oh_3997677_-8278207:c005,oh_3997677_-8278207,Franklin,tennis,hybrid,2019,2021,0.457,1,True,low_confidence
oh_3997681_-8202832:c001,oh_3997681_-8202832,Muskingum,tennis,removed,2011,2013,0.361,1,True,low_confidence
oh_3997681_-8202832:c001,oh_3997681_-8202832,Muskingum,removed,tennis,2015,2017,0.599,1,True,low_confidence;reversion
oh_3997681_-8202832:c001,oh_3997681_-8202832,Muskingum,tennis,hybrid,2019,2021,0.427,1,True,low_confidence
oh_3997681_-8202832:c002,oh_3997681_-8202832,Muskingum,hybrid,tennis,2013,2015,0.731,1,True,reversion
oh_3997681_-8202832:c002,oh_3997681_-8202832,Muskingum,tennis,hybrid,2019,2021,0.391,1,True,low_confidence
oh_3997681_-8202832:c003,oh_3997681_-8202832,Muskingum,tennis,hybrid,2017,2019,0.421,1,True,low_confidence
oh_3997837_-8291874:c001,oh_3997837_-8291874,Franklin,removed,tennis,2015,2017,0.517,1,True,low_confidence;reversion
oh_3997837_-8291874:c001,oh_3997837_-8291874,Franklin,tennis,hybrid,2019,2021,0.376,1,True,low_confidence
oh_3997837_-8291874:c002,oh_3997837_-8291874,Franklin,removed,tennis,2015,2017,0.666,1,True,reversion
oh_3997837_-8291874:c002,oh_3997837_-8291874,Franklin,tennis,hybrid,2021,2023,0.723,1,False,
oh_3997837_-8291874:c003,oh_3997837_-8291874,Franklin,removed,tennis,2015,2017,0.611,1,True,reversion
oh_3997837_-8291874:c003,oh_3997837_-8291874,Franklin,tennis,pickleball,2019,2021,0.487,,True,low_confidence
oh_3997837_-8291874:c003,oh_3997837_-8291874,Franklin,pickleball,hybrid,2021,2023,0.736,1,False,
oh_3997837_-8291874:c004,oh_3997837_-8291874,Franklin,removed,tennis,2015,2017,0.663,1,True,reversion
oh_3997837_-8291874:c004,oh_3997837_-8291874,Franklin,tennis,pickleball,2019,2021,0.369,,True,low_confidence
oh_3997837_-8291874:c004,oh_3997837_-8291874,Franklin,pickleball,hybrid,2021,2023,0.725,1,False,
oh_3997837_-8291874:c005,oh_3997837_-8291874,Franklin,tennis,hybrid,2019,2021,0.505,1,True,low_confidence
oh_3997837_-8291874:c006,oh_3997837_-8291874,Franklin,tennis,hybrid,2017,2019,0.723,1,False,
oh_3997861_-8283214:c001,oh_3997861_-8283214,Franklin,tennis,removed,2011,2015,0.632,1,False,
oh_3997861_-8283214:c001,oh_3997861_-8283214,Franklin,removed,tennis,2015,2017,0.434,1,True,low_confidence;reversion
oh_3997861_-8283214:c001,oh_3997861_-8283214,Franklin,tennis,removed,2021,2023,0.316,1,True,low_confidence
oh_3997861_-8283214:c002,oh_3997861_-8283214,Franklin,tennis,removed,2011,2015,0.56,1,True,low_confidence
oh_3997861_-8283214:c002,oh_3997861_-8283214,Franklin,removed,tennis,2015,2017,0.426,1,True,low_confidence;reversion
oh_3997861_-8283214:c002,oh_3997861_-8283214,Franklin,tennis,removed,2019,2021,0.425,1,True,low_confidence
oh_3997885_-8294219:c001,oh_3997885_-8294219,Franklin,removed,tennis,2015,2017,0.469,1,True,low_confidence;reversion
oh_3997885_-8294219:c001,oh_3997885_-8294219,Franklin,tennis,removed,2017,2023,0.469,1,True,low_confidence
oh_3998028_-8303435:c002,oh_3998028_-8303435,Franklin,removed,pickleball,2017,2019,0.554,3,True,low_confidence;reversion
oh_3998028_-8303435:c002,oh_3998028_-8303435,Franklin,pickleball,removed,2021,2023,0.408,1,True,low_confidence
oh_3998134_-8305763:c001,oh_3998134_-8305763,Franklin,tennis,removed,2011,2015,0.504,1,True,low_confidence
oh_3998277_-8286102:c001,oh_3998277_-8286102,Franklin,tennis,hybrid,2019,2023,0.598,1,True,low_confidence
oh_3998430_-8289068:c001,oh_3998430_-8289068,Franklin,hybrid,pickleball,2015,2017,0.372,,True,low_confidence
oh_3998430_-8289068:c001,oh_3998430_-8289068,Franklin,pickleball,removed,2019,2021,0.455,1,True,low_confidence
oh_3998430_-8289068:c001,oh_3998430_-8289068,Franklin,removed,hybrid,2021,2023,0.773,1,True,reversion
oh_3998430_-8289068:c002,oh_3998430_-8289068,Franklin,tennis,hybrid,2011,2013,0.471,1,True,low_confidence
oh_3998430_-8289068:c002,oh_3998430_-8289068,Franklin,hybrid,pickleball,2015,2017,0.424,,True,low_confidence
oh_3998430_-8289068:c002,oh_3998430_-8289068,Franklin,pickleball,removed,2017,2019,0.358,1,True,low_confidence
oh_3998430_-8289068:c002,oh_3998430_-8289068,Franklin,removed,hybrid,2021,2023,0.598,1,True,low_confidence;reversion
oh_3998430_-8289068:c003,oh_3998430_-8289068,Franklin,tennis,removed,2019,2021,0.328,1,True,low_confidence
oh_3998430_-8289068:c003,oh_3998430_-8289068,Franklin,removed,hybrid,2021,2023,0.485,1,True,low_confidence;reversion
oh_3998663_-8303472:c001,oh_3998663_-8303472,Franklin,removed,pickleball,2017,2019,0.792,1,True,reversion
oh_3998663_-8303472:c001,oh_3998663_-8303472,Franklin,pickleball,removed,2021,2023,0.447,1,True,low_confidence
oh_3998825_-8292418:c001,oh_3998825_-8292418,Franklin,tennis,removed,2011,2013,0.512,1,True,low_confidence
oh_3998825_-8292418:c001,oh_3998825_-8292418,Franklin,removed,tennis,2015,2017,0.778,1,True,reversion
oh_3998825_-8292418:c001,oh_3998825_-8292418,Franklin,tennis,hybrid,2019,2021,0.298,1,True,low_confidence
oh_3999375_-8390728:c001,oh_3999375_-8390728,Clark,removed,tennis,2013,2015,0.554,1,True,low_confidence;reversion
oh_3999375_-8390728:c002,oh_3999375_-8390728,Clark,removed,tennis,2013,2015,0.666,1,True,reversion
oh_3999375_-8390728:c003,oh_3999375_-8390728,Clark,removed,tennis,2013,2015,0.734,1,True,reversion
oh_3999375_-8390728:c004,oh_3999375_-8390728,Clark,removed,tennis,2013,2015,0.622,1,True,reversion
oh_3999375_-8390728:c005,oh_3999375_-8390728,Clark,removed,tennis,2011,2015,0.916,1,True,reversion
oh_3999375_-8390728:c006,oh_3999375_-8390728,Clark,removed,tennis,2013,2015,0.668,1,True,reversion
oh_3999462_-8294406:c001,oh_3999462_-8294406,Franklin,tennis,hybrid,2011,2013,0.683,1,False,
oh_3999462_-8294406:c001,oh_3999462_-8294406,Franklin,hybrid,tennis,2013,2015,0.685,1,True,reversion
oh_3999462_-8294406:c002,oh_3999462_-8294406,Franklin,tennis,hybrid,2011,2013,0.616,1,False,
oh_3999462_-8294406:c002,oh_3999462_-8294406,Franklin,hybrid,tennis,2013,2015,0.696,1,True,reversion
oh_3999462_-8294406:c002,oh_3999462_-8294406,Franklin,tennis,hybrid,2019,2021,0.7,1,False,
oh_3999462_-8294406:c003,oh_3999462_-8294406,Franklin,tennis,hybrid,2019,2021,0.635,1,False,
oh_3999462_-8294406:c006,oh_3999462_-8294406,Franklin,tennis,hybrid,2011,2013,0.679,1,False,
oh_3999462_-8294406:c006,oh_3999462_-8294406,Franklin,hybrid,tennis,2013,2015,0.585,1,True,low_confidence;reversion
oh_3999462_-8294406:c006,oh_3999462_-8294406,Franklin,tennis,removed,2019,2021,0.735,1,False,
oh_3999579_-8294822:c001,oh_3999579_-8294822,Franklin,tennis,hybrid,2021,2023,0.341,1,True,low_confidence
oh_3999579_-8294822:c002,oh_3999579_-8294822,Franklin,tennis,hybrid,2011,2013,0.736,1,False,
oh_3999579_-8294822:c002,oh_3999579_-8294822,Franklin,hybrid,tennis,2013,2015,0.34,1,True,low_confidence;reversion
oh_3999579_-8294822:c002,oh_3999579_-8294822,Franklin,tennis,removed,2019,2021,0.502,1,True,low_confidence
oh_3999677_-8117754:c001,oh_3999677_-8117754,Belmont,tennis,removed,2011,2013,0.458,1,True,low_confidence
oh_3999677_-8117754:c001,oh_3999677_-8117754,Belmont,removed,tennis,2013,2015,0.337,1,True,low_confidence;reversion
oh_3999677_-8117754:c001,oh_3999677_-8117754,Belmont,tennis,hybrid,2017,2019,0.516,1,True,low_confidence
oh_3999677_-8117754:c002,oh_3999677_-8117754,Belmont,tennis,hybrid,2019,2021,0.355,1,True,low_confidence
oh_3999972_-8301999:c001,oh_3999972_-8301999,Franklin,tennis,hybrid,2015,2017,0.365,1,True,low_confidence
oh_3999972_-8301999:c002,oh_3999972_-8301999,Franklin,tennis,hybrid,2011,2013,0.674,1,False,
oh_3999972_-8301999:c002,oh_3999972_-8301999,Franklin,hybrid,tennis,2013,2015,0.401,1,True,low_confidence;reversion
oh_3999972_-8301999:c002,oh_3999972_-8301999,Franklin,tennis,hybrid,2019,2021,0.398,1,True,low_confidence
oh_3999972_-8301999:c003,oh_3999972_-8301999,Franklin,hybrid,tennis,2015,2017,0.299,1,True,low_confidence;reversion
oh_3999972_-8301999:c003,oh_3999972_-8301999,Franklin,tennis,hybrid,2019,2021,0.316,1,True,low_confidence
oh_3999972_-8301999:c004,oh_3999972_-8301999,Franklin,tennis,hybrid,2019,2021,0.483,1,True,low_confidence
oh_3999972_-8301999:c005,oh_3999972_-8301999,Franklin,tennis,removed,2013,2015,0.357,1,True,low_confidence
oh_3999972_-8301999:c005,oh_3999972_-8301999,Franklin,removed,tennis,2015,2017,0.746,1,True,reversion
oh_3999972_-8301999:c005,oh_3999972_-8301999,Franklin,tennis,hybrid,2019,2021,0.443,1,True,low_confidence
oh_3999972_-8301999:c006,oh_3999972_-8301999,Franklin,tennis,hybrid,2019,2021,0.554,1,True,low_confidence
oh_3999972_-8301999:c007,oh_3999972_-8301999,Franklin,tennis,hybrid,2019,2021,0.487,1,True,low_confidence
oh_3999972_-8301999:c008,oh_3999972_-8301999,Franklin,hybrid,tennis,2015,2017,0.43,1,True,low_confidence;reversion
oh_3999972_-8301999:c008,oh_3999972_-8301999,Franklin,tennis,hybrid,2019,2021,0.42,1,True,low_confidence
oh_3999972_-8301999:c009,oh_3999972_-8301999,Franklin,tennis,removed,2019,2021,0.349,1,True,low_confidence
oh_3999972_-8301999:c010,oh_3999972_-8301999,Franklin,tennis,hybrid,2017,2019,0.41,1,True,low_confidence
oh_3999972_-8301999:c011,oh_3999972_-8301999,Franklin,tennis,hybrid,2017,2019,0.51,1,True,low_confidence
oh_3999972_-8301999:c012,oh_3999972_-8301999,Franklin,tennis,hybrid,2017,2019,0.399,1,True,low_confidence
oh_3999972_-8301999:c013,oh_3999972_-8301999,Franklin,tennis,hybrid,2017,2019,0.356,1,True,low_confidence
oh_3999972_-8301999:c014,oh_3999972_-8301999,Franklin,hybrid,tennis,2013,2015,0.714,1,True,reversion
oh_3999972_-8301999:c014,oh_3999972_-8301999,Franklin,tennis,hybrid,2019,2021,0.47,1,True,low_confidence
oh_3999972_-8301999:c015,oh_3999972_-8301999,Franklin,tennis,hybrid,2019,2021,0.5,1,True,low_confidence
oh_3999972_-8301999:c016,oh_3999972_-8301999,Franklin,tennis,hybrid,2021,2023,0.654,1,False,
oh_4000025_-8306060:c001,oh_4000025_-8306060,Franklin,tennis,removed,2011,2013,0.571,1,True,low_confidence
oh_4000025_-8306060:c001,oh_4000025_-8306060,Franklin,removed,hybrid,2015,2017,0.506,1,True,low_confidence;reversion
oh_4000025_-8306060:c002,oh_4000025_-8306060,Franklin,tennis,removed,2011,2013,0.579,1,True,low_confidence
oh_4000025_-8306060:c002,oh_4000025_-8306060,Franklin,removed,hybrid,2015,2017,0.583,1,True,low_confidence;reversion
oh_4000025_-8306060:c002,oh_4000025_-8306060,Franklin,hybrid,pickleball,2017,2019,0.583,,True,low_confidence
oh_4000025_-8306060:c002,oh_4000025_-8306060,Franklin,pickleball,hybrid,2019,2021,0.577,1,True,low_confidence
oh_4000025_-8306060:c003,oh_4000025_-8306060,Franklin,tennis,hybrid,2013,2015,0.322,1,True,low_confidence
oh_4000025_-8306060:c003,oh_4000025_-8306060,Franklin,hybrid,tennis,2015,2017,0.322,1,True,low_confidence;reversion
oh_4000025_-8306060:c003,oh_4000025_-8306060,Franklin,tennis,pickleball,2017,2019,0.568,,True,low_confidence
oh_4000025_-8306060:c003,oh_4000025_-8306060,Franklin,pickleball,tennis,2019,2021,0.434,1,True,low_confidence;reversion
oh_4000053_-8307502:c001,oh_4000053_-8307502,Franklin,tennis,hybrid,2019,2021,0.39,1,True,low_confidence
oh_4000053_-8307502:c002,oh_4000053_-8307502,Franklin,tennis,hybrid,2017,2019,0.598,1,True,low_confidence
oh_4000053_-8307502:c003,oh_4000053_-8307502,Franklin,tennis,removed,2011,2013,0.568,1,True,low_confidence
oh_4000053_-8307502:c003,oh_4000053_-8307502,Franklin,removed,tennis,2015,2017,0.607,1,True,reversion
oh_4000053_-8307502:c003,oh_4000053_-8307502,Franklin,tennis,hybrid,2017,2019,0.556,1,True,low_confidence
oh_4000053_-8307502:c004,oh_4000053_-8307502,Franklin,tennis,hybrid,2017,2019,0.511,1,True,low_confidence
oh_4000053_-8307502:c005,oh_4000053_-8307502,Franklin,tennis,hybrid,2017,2019,0.314,1,True,low_confidence
oh_4000053_-8307502:c005,oh_4000053_-8307502,Franklin,hybrid,pickleball,2021,2023,0.522,,True,low_confidence
oh_4000053_-8307502:c006,oh_4000053_-8307502,Franklin,tennis,hybrid,2017,2019,0.356,1,True,low_confidence
oh_4000053_-8307502:c007,oh_4000053_-8307502,Franklin,tennis,hybrid,2017,2019,0.508,1,True,low_confidence
oh_4000053_-8307502:c008,oh_4000053_-8307502,Franklin,tennis,hybrid,2017,2019,0.669,1,False,
oh_4000053_-8307502:c009,oh_4000053_-8307502,Franklin,tennis,hybrid,2017,2019,0.626,1,False,
oh_4000053_-8307502:c010,oh_4000053_-8307502,Franklin,tennis,hybrid,2021,2023,0.336,1,True,low_confidence
oh_4000053_-8307502:c011,oh_4000053_-8307502,Franklin,tennis,hybrid,2021,2023,0.526,1,True,low_confidence
oh_4000053_-8307502:c012,oh_4000053_-8307502,Franklin,removed,pickleball,2017,2019,0.256,1,True,low_confidence;reversion
oh_4000053_-8307502:c013,oh_4000053_-8307502,Franklin,removed,pickleball,2015,2019,0.537,1,True,low_confidence;reversion
oh_4000089_-8296564:c001,oh_4000089_-8296564,Franklin,tennis,removed,2019,2021,0.688,1,False,
oh_4000089_-8296564:c001,oh_4000089_-8296564,Franklin,removed,hybrid,2021,2023,0.688,1,True,reversion
oh_4000089_-8296564:c002,oh_4000089_-8296564,Franklin,tennis,removed,2019,2021,0.491,1,True,low_confidence
oh_4000089_-8296564:c002,oh_4000089_-8296564,Franklin,removed,tennis,2021,2023,0.448,1,True,low_confidence;reversion
oh_4000296_-8320152:c001,oh_4000296_-8320152,Franklin,tennis,hybrid,2021,2023,0.449,1,True,low_confidence
oh_4000296_-8320152:c002,oh_4000296_-8320152,Franklin,tennis,removed,2021,2023,0.495,1,True,low_confidence
oh_4000296_-8320152:c006,oh_4000296_-8320152,Franklin,tennis,removed,2011,2013,0.653,1,False,
oh_4000296_-8320152:c006,oh_4000296_-8320152,Franklin,removed,tennis,2013,2015,0.504,1,True,low_confidence;reversion
oh_4000296_-8320152:c006,oh_4000296_-8320152,Franklin,tennis,hybrid,2021,2023,0.389,1,True,low_confidence
oh_4000650_-8286276:c001,oh_4000650_-8286276,Franklin,removed,hybrid,2015,2019,0.514,1,True,low_confidence;reversion
oh_4000831_-8283000:c001,oh_4000831_-8283000,Franklin,tennis,removed,2011,2013,0.495,1,True,low_confidence
oh_4000831_-8283000:c002,oh_4000831_-8283000,Franklin,tennis,removed,2011,2013,0.448,1,True,low_confidence
oh_4000838_-8301498:c001,oh_4000838_-8301498,Franklin,removed,tennis,2015,2017,0.522,1,True,low_confidence;reversion
oh_4000838_-8301498:c001,oh_4000838_-8301498,Franklin,tennis,hybrid,2019,2021,0.311,1,True,low_confidence
oh_4000838_-8301498:c002,oh_4000838_-8301498,Franklin,tennis,removed,2021,2023,0.361,1,True,low_confidence
oh_4001039_-8297298:c001,oh_4001039_-8297298,Franklin,removed,tennis,2013,2015,0.413,1,True,low_confidence;reversion
oh_4001374_-8306353:c001,oh_4001374_-8306353,Franklin,tennis,removed,2011,2013,0.434,1,True,low_confidence
oh_4001374_-8306353:c002,oh_4001374_-8306353,Franklin,tennis,hybrid,2011,2013,0.494,1,True,low_confidence
oh_4001374_-8306353:c002,oh_4001374_-8306353,Franklin,hybrid,tennis,2015,2017,0.512,1,True,low_confidence;reversion
oh_4001374_-8306353:c002,oh_4001374_-8306353,Franklin,tennis,hybrid,2019,2021,0.445,1,True,low_confidence
oh_4001374_-8306353:c003,oh_4001374_-8306353,Franklin,tennis,hybrid,2019,2021,0.425,1,True,low_confidence
oh_4001374_-8306353:c004,oh_4001374_-8306353,Franklin,tennis,removed,2011,2013,0.532,1,True,low_confidence
oh_4001374_-8306353:c004,oh_4001374_-8306353,Franklin,removed,tennis,2015,2017,0.579,1,True,low_confidence;reversion
oh_4001374_-8306353:c004,oh_4001374_-8306353,Franklin,tennis,hybrid,2017,2019,0.515,1,True,low_confidence
oh_4001374_-8306353:c005,oh_4001374_-8306353,Franklin,tennis,hybrid,2011,2013,0.315,1,True,low_confidence
oh_4001374_-8306353:c005,oh_4001374_-8306353,Franklin,hybrid,tennis,2015,2017,0.62,1,True,reversion
oh_4001374_-8306353:c005,oh_4001374_-8306353,Franklin,tennis,hybrid,2017,2019,0.522,1,True,low_confidence
oh_4001374_-8306353:c005,oh_4001374_-8306353,Franklin,hybrid,tennis,2021,2023,0.553,1,True,low_confidence;reversion
oh_4001374_-8306353:c006,oh_4001374_-8306353,Franklin,tennis,removed,2011,2013,0.514,1,True,low_confidence
oh_4001374_-8306353:c006,oh_4001374_-8306353,Franklin,removed,tennis,2015,2017,0.327,1,True,low_confidence;reversion
oh_4001374_-8306353:c006,oh_4001374_-8306353,Franklin,tennis,hybrid,2017,2019,0.568,1,True,low_confidence
oh_4001374_-8306353:c007,oh_4001374_-8306353,Franklin,tennis,removed,2011,2013,0.793,1,False,
oh_4001374_-8306353:c007,oh_4001374_-8306353,Franklin,removed,tennis,2013,2015,0.468,1,True,low_confidence;reversion
oh_4001374_-8306353:c007,oh_4001374_-8306353,Franklin,tennis,hybrid,2017,2019,0.576,1,True,low_confidence
oh_4001374_-8306353:c008,oh_4001374_-8306353,Franklin,tennis,removed,2019,2021,0.308,1,True,low_confidence
oh_4001374_-8306353:c009,oh_4001374_-8306353,Franklin,tennis,removed,2017,2019,0.483,1,True,low_confidence
oh_4001374_-8306353:c009,oh_4001374_-8306353,Franklin,removed,hybrid,2019,2021,0.483,1,True,low_confidence;reversion
oh_4001374_-8306353:c009,oh_4001374_-8306353,Franklin,hybrid,tennis,2021,2023,0.586,1,True,low_confidence;reversion
oh_4001374_-8306353:c011,oh_4001374_-8306353,Franklin,removed,tennis,2019,2021,0.283,1,True,low_confidence;reversion
oh_4001374_-8306353:c011,oh_4001374_-8306353,Franklin,tennis,hybrid,2021,2023,0.448,1,True,low_confidence
oh_4001399_-8302402:c001,oh_4001399_-8302402,Franklin,tennis,removed,2011,2013,0.351,1,True,low_confidence
oh_4001399_-8302402:c001,oh_4001399_-8302402,Franklin,removed,tennis,2015,2017,0.498,1,True,low_confidence;reversion
oh_4001399_-8302402:c002,oh_4001399_-8302402,Franklin,tennis,removed,2011,2015,0.315,1,True,low_confidence
oh_4001399_-8302402:c002,oh_4001399_-8302402,Franklin,removed,tennis,2015,2017,0.386,1,True,low_confidence;reversion
oh_4001399_-8302402:c003,oh_4001399_-8302402,Franklin,removed,tennis,2015,2017,0.41,1,True,low_confidence;reversion
oh_4001399_-8302402:c004,oh_4001399_-8302402,Franklin,removed,tennis,2017,2019,0.539,1,True,low_confidence;reversion
oh_4001399_-8302402:c005,oh_4001399_-8302402,Franklin,removed,tennis,2017,2019,0.504,1,True,low_confidence;reversion
oh_4001399_-8302402:c006,oh_4001399_-8302402,Franklin,removed,tennis,2015,2017,0.47,1,True,low_confidence;reversion
oh_4001399_-8302402:c007,oh_4001399_-8302402,Franklin,removed,tennis,2017,2019,0.501,1,True,low_confidence;reversion
oh_4001399_-8302402:c008,oh_4001399_-8302402,Franklin,removed,tennis,2017,2019,0.437,1,True,low_confidence;reversion
oh_4001399_-8302402:c009,oh_4001399_-8302402,Franklin,removed,tennis,2017,2019,0.511,1,True,low_confidence;reversion
oh_4001399_-8302402:c010,oh_4001399_-8302402,Franklin,removed,tennis,2017,2019,0.509,1,True,low_confidence;reversion
oh_4001556_-8287528:c001,oh_4001556_-8287528,Franklin,tennis,hybrid,2021,2023,0.461,1,True,low_confidence
oh_4001827_-8211764:c001,oh_4001827_-8211764,Muskingum,tennis,removed,2015,2017,0.575,1,True,low_confidence
oh_4001827_-8211764:c001,oh_4001827_-8211764,Muskingum,removed,tennis,2017,2019,0.465,1,True,low_confidence;reversion
oh_4001827_-8211764:c002,oh_4001827_-8211764,Muskingum,tennis,hybrid,2017,2019,0.375,1,True,low_confidence
oh_4001835_-8297495:c001,oh_4001835_-8297495,Franklin,removed,tennis,2019,2021,0.681,1,True,reversion
oh_4001835_-8297495:c001,oh_4001835_-8297495,Franklin,tennis,hybrid,2021,2023,0.65,1,False,
oh_4001835_-8297495:c002,oh_4001835_-8297495,Franklin,removed,tennis,2019,2021,0.553,1,True,low_confidence;reversion
oh_4001835_-8297495:c002,oh_4001835_-8297495,Franklin,tennis,hybrid,2021,2023,0.553,1,True,low_confidence
oh_4002014_-8263953:c001,oh_4002014_-8263953,Licking,tennis,removed,2015,2017,0.349,1,True,low_confidence
oh_4002340_-8308596:c001,oh_4002340_-8308596,Franklin,tennis,hybrid,2021,2023,0.637,1,False,
oh_4002340_-8308596:c004,oh_4002340_-8308596,Franklin,tennis,hybrid,2021,2023,0.761,1,False,
oh_4002514_-8311347:c001,oh_4002514_-8311347,Franklin,removed,tennis,2015,2017,0.444,1,True,low_confidence;reversion
oh_4002514_-8311347:c002,oh_4002514_-8311347,Franklin,tennis,removed,2011,2013,0.736,1,False,
oh_4002514_-8311347:c002,oh_4002514_-8311347,Franklin,removed,tennis,2015,2017,0.526,1,True,low_confidence;reversion
oh_4002765_-8302293:c001,oh_4002765_-8302293,Franklin,tennis,hybrid,2019,2021,0.763,1,False,
oh_4002765_-8302293:c001,oh_4002765_-8302293,Franklin,hybrid,tennis,2021,2023,0.267,1,True,low_confidence;reversion
oh_4003002_-8304705:c001,oh_4003002_-8304705,Franklin,tennis,hybrid,2019,2021,0.41,1,True,low_confidence
oh_4003002_-8304705:c002,oh_4003002_-8304705,Franklin,removed,tennis,2013,2015,0.715,1,True,reversion
oh_4003002_-8304705:c002,oh_4003002_-8304705,Franklin,tennis,hybrid,2019,2021,0.656,1,False,
oh_4003002_-8304705:c003,oh_4003002_-8304705,Franklin,tennis,pickleball,2021,2023,0.339,1,True,low_confidence
oh_4003002_-8304705:c004,oh_4003002_-8304705,Franklin,hybrid,removed,2013,2015,0.535,1,True,low_confidence
oh_4003002_-8304705:c004,oh_4003002_-8304705,Franklin,removed,tennis,2015,2017,0.586,1,True,low_confidence;reversion
oh_4003002_-8304705:c004,oh_4003002_-8304705,Franklin,tennis,removed,2017,2019,0.65,1,False,
oh_4003002_-8304705:c005,oh_4003002_-8304705,Franklin,tennis,removed,2013,2015,0.41,1,True,low_confidence
oh_4003002_-8304705:c005,oh_4003002_-8304705,Franklin,removed,tennis,2015,2017,0.73,1,True,reversion
oh_4003002_-8304705:c005,oh_4003002_-8304705,Franklin,tennis,hybrid,2021,2023,0.552,1,True,low_confidence
oh_4003002_-8304705:c006,oh_4003002_-8304705,Franklin,tennis,removed,2019,2021,0.433,1,True,low_confidence
oh_4003002_-8304705:c007,oh_4003002_-8304705,Franklin,tennis,hybrid,2011,2013,0.428,1,True,low_confidence
oh_4003002_-8304705:c007,oh_4003002_-8304705,Franklin,hybrid,tennis,2013,2015,0.407,1,True,low_confidence;reversion
oh_4003002_-8304705:c007,oh_4003002_-8304705,Franklin,tennis,hybrid,2019,2021,0.4,1,True,low_confidence
oh_4003002_-8304705:c008,oh_4003002_-8304705,Franklin,pickleball,removed,2011,2013,0.29,1,True,low_confidence
oh_4003002_-8304705:c008,oh_4003002_-8304705,Franklin,removed,tennis,2015,2017,0.518,1,True,low_confidence;reversion
oh_4003002_-8304705:c008,oh_4003002_-8304705,Franklin,tennis,hybrid,2021,2023,0.636,1,False,
oh_4003002_-8304705:c009,oh_4003002_-8304705,Franklin,tennis,removed,2011,2013,0.694,1,False,
oh_4003002_-8304705:c009,oh_4003002_-8304705,Franklin,removed,tennis,2015,2017,0.661,1,True,reversion
oh_4003002_-8304705:c009,oh_4003002_-8304705,Franklin,tennis,hybrid,2019,2023,0.347,1,True,low_confidence
oh_4003002_-8304705:c010,oh_4003002_-8304705,Franklin,tennis,removed,2011,2013,0.683,1,False,
oh_4003002_-8304705:c012,oh_4003002_-8304705,Franklin,tennis,removed,2013,2015,0.565,1,True,low_confidence
oh_4003002_-8304705:c012,oh_4003002_-8304705,Franklin,removed,tennis,2019,2021,0.453,1,True,low_confidence;reversion
oh_4003002_-8304705:c012,oh_4003002_-8304705,Franklin,tennis,hybrid,2021,2023,0.647,1,False,
oh_4003002_-8304705:c013,oh_4003002_-8304705,Franklin,removed,tennis,2019,2021,0.383,1,True,low_confidence;reversion
oh_4003002_-8304705:c013,oh_4003002_-8304705,Franklin,tennis,hybrid,2021,2023,0.619,1,False,
oh_4003002_-8304705:c014,oh_4003002_-8304705,Franklin,removed,hybrid,2019,2023,0.465,1,True,low_confidence;reversion
oh_4003002_-8304705:c016,oh_4003002_-8304705,Franklin,removed,tennis,2015,2017,0.75,1,True,reversion
oh_4003002_-8304705:c016,oh_4003002_-8304705,Franklin,tennis,removed,2019,2021,0.313,1,True,low_confidence
oh_4003002_-8317065:c001,oh_4003002_-8317065,Franklin,tennis,removed,2011,2013,0.516,1,True,low_confidence
oh_4003002_-8317065:c001,oh_4003002_-8317065,Franklin,removed,tennis,2015,2017,0.476,1,True,low_confidence;reversion
oh_4003002_-8317065:c001,oh_4003002_-8317065,Franklin,tennis,hybrid,2021,2023,0.686,1,False,
oh_4003133_-8281972:c001,oh_4003133_-8281972,Franklin,removed,tennis,2015,2017,0.599,1,True,low_confidence;reversion
oh_4003133_-8281972:c001,oh_4003133_-8281972,Franklin,tennis,removed,2019,2023,0.436,1,True,low_confidence
oh_4003221_-8424767:c001,oh_4003221_-8424767,Miami,pickleball,removed,2013,2015,0.322,1,True,low_confidence
oh_4003221_-8424767:c001,oh_4003221_-8424767,Miami,removed,pickleball,2015,2017,0.359,,True,low_confidence;reversion
oh_4003382_-8316548:c001,oh_4003382_-8316548,Franklin,tennis,removed,2019,2021,0.468,1,True,low_confidence
oh_4003382_-8316548:c002,oh_4003382_-8316548,Franklin,tennis,removed,2011,2013,0.608,1,False,
oh_4003382_-8316548:c002,oh_4003382_-8316548,Franklin,removed,tennis,2013,2015,0.415,1,True,low_confidence;reversion
oh_4003382_-8316548:c002,oh_4003382_-8316548,Franklin,tennis,removed,2019,2021,0.384,1,True,low_confidence
oh_4003382_-8316548:c003,oh_4003382_-8316548,Franklin,tennis,removed,2021,2023,0.425,1,True,low_confidence
oh_4003382_-8316548:c004,oh_4003382_-8316548,Franklin,tennis,removed,2011,2013,0.851,1,False,
oh_4003382_-8316548:c004,oh_4003382_-8316548,Franklin,removed,tennis,2013,2015,0.427,1,True,low_confidence;reversion
oh_4003382_-8316548:c004,oh_4003382_-8316548,Franklin,tennis,removed,2019,2021,0.512,1,True,low_confidence
oh_4003411_-8306952:c001,oh_4003411_-8306952,Franklin,tennis,hybrid,2017,2019,0.625,1,False,
oh_4003411_-8306952:c002,oh_4003411_-8306952,Franklin,tennis,removed,2011,2013,0.431,1,True,low_confidence
oh_4003411_-8306952:c002,oh_4003411_-8306952,Franklin,removed,tennis,2015,2017,0.626,1,True,reversion
oh_4003411_-8306952:c002,oh_4003411_-8306952,Franklin,tennis,removed,2021,2023,0.412,1,True,low_confidence
oh_4003411_-8306952:c003,oh_4003411_-8306952,Franklin,tennis,hybrid,2017,2019,0.448,1,True,low_confidence
oh_4003411_-8306952:c004,oh_4003411_-8306952,Franklin,tennis,removed,2011,2013,0.583,1,True,low_confidence
oh_4003411_-8306952:c004,oh_4003411_-8306952,Franklin,removed,tennis,2013,2015,0.45,1,True,low_confidence;reversion
oh_4003411_-8306952:c004,oh_4003411_-8306952,Franklin,tennis,hybrid,2019,2021,0.441,1,True,low_confidence
oh_4003411_-8306952:c004,oh_4003411_-8306952,Franklin,hybrid,removed,2021,2023,0.624,1,False,
oh_4003496_-8287557:c001,oh_4003496_-8287557,Franklin,tennis,hybrid,2019,2021,0.674,1,False,
oh_4003578_-8420765:c001,oh_4003578_-8420765,Miami,removed,tennis,2019,2021,0.26,1,True,low_confidence;reversion
oh_4003633_-8422534:c001,oh_4003633_-8422534,Miami,removed,tennis,2021,2023,0.67,1,True,reversion
oh_4003900_-8317001:c001,oh_4003900_-8317001,Franklin,tennis,removed,2011,2013,0.663,1,False,
oh_4003900_-8317001:c001,oh_4003900_-8317001,Franklin,removed,tennis,2015,2017,0.698,1,True,reversion
oh_4003900_-8317001:c002,oh_4003900_-8317001,Franklin,tennis,removed,2011,2013,0.789,1,False,
oh_4003900_-8317001:c002,oh_4003900_-8317001,Franklin,removed,tennis,2015,2017,0.447,1,True,low_confidence;reversion
oh_4003900_-8317001:c003,oh_4003900_-8317001,Franklin,tennis,removed,2011,2013,0.883,1,False,
oh_4003900_-8317001:c003,oh_4003900_-8317001,Franklin,removed,tennis,2015,2017,0.607,1,True,reversion
oh_4003900_-8317001:c004,oh_4003900_-8317001,Franklin,tennis,removed,2011,2013,0.786,1,False,
oh_4003900_-8317001:c004,oh_4003900_-8317001,Franklin,removed,tennis,2015,2017,0.662,1,True,reversion
oh_4003900_-8317001:c005,oh_4003900_-8317001,Franklin,tennis,removed,2011,2013,0.725,1,False,
oh_4003900_-8317001:c005,oh_4003900_-8317001,Franklin,removed,tennis,2015,2017,0.752,1,True,reversion
oh_4003900_-8317001:c006,oh_4003900_-8317001,Franklin,tennis,removed,2011,2013,0.921,1,False,
oh_4003900_-8317001:c006,oh_4003900_-8317001,Franklin,removed,tennis,2015,2017,0.424,1,True,low_confidence;reversion
oh_4003900_-8317001:c007,oh_4003900_-8317001,Franklin,tennis,removed,2011,2013,0.855,1,False,
oh_4003900_-8317001:c007,oh_4003900_-8317001,Franklin,removed,tennis,2015,2017,0.477,1,True,low_confidence;reversion
oh_4003900_-8317001:c008,oh_4003900_-8317001,Franklin,tennis,removed,2011,2013,0.817,1,False,
oh_4003900_-8317001:c008,oh_4003900_-8317001,Franklin,removed,tennis,2017,2019,0.581,1,True,low_confidence;reversion
oh_4003900_-8317001:c008,oh_4003900_-8317001,Franklin,tennis,removed,2021,2023,0.528,1,True,low_confidence
oh_4003950_-8304973:c001,oh_4003950_-8304973,Franklin,tennis,removed,2011,2015,0.429,1,True,low_confidence
oh_4003950_-8304973:c001,oh_4003950_-8304973,Franklin,removed,tennis,2019,2021,0.468,1,True,low_confidence;reversion
oh_4003950_-8304973:c001,oh_4003950_-8304973,Franklin,tennis,pickleball,2021,2023,0.494,1,True,low_confidence
oh_4003950_-8304973:c002,oh_4003950_-8304973,Franklin,pickleball,tennis,2017,2019,0.555,1,True,low_confidence;reversion
oh_4003950_-8304973:c002,oh_4003950_-8304973,Franklin,tennis,pickleball,2021,2023,0.492,1,True,low_confidence
oh_4003980_-8306643:c001,oh_4003980_-8306643,Franklin,tennis,removed,2011,2015,0.552,1,True,low_confidence
oh_4003980_-8306643:c001,oh_4003980_-8306643,Franklin,removed,tennis,2015,2017,0.535,1,True,low_confidence;reversion
oh_4003980_-8306643:c001,oh_4003980_-8306643,Franklin,tennis,pickleball,2021,2023,0.311,,True,low_confidence
oh_4004007_-8158598:c001,oh_4004007_-8158598,Guernsey,tennis,hybrid,2019,2021,0.728,1,False,
oh_4004007_-8158598:c003,oh_4004007_-8158598,Guernsey,tennis,hybrid,2021,2023,0.414,1,True,low_confidence
oh_4004063_-8246681:c001,oh_4004063_-8246681,Licking,tennis,removed,2011,2013,0.622,1,False,
oh_4004063_-8246681:c001,oh_4004063_-8246681,Licking,removed,hybrid,2017,2019,0.411,1,True,low_confidence;reversion
oh_4004063_-8246681:c001,oh_4004063_-8246681,Licking,hybrid,removed,2019,2021,0.447,1,True,low_confidence
oh_4004063_-8246681:c002,oh_4004063_-8246681,Licking,tennis,removed,2011,2013,0.522,1,True,low_confidence
oh_4004063_-8246681:c002,oh_4004063_-8246681,Licking,removed,tennis,2015,2019,0.521,1,True,low_confidence;reversion
oh_4004063_-8246681:c002,oh_4004063_-8246681,Licking,tennis,removed,2019,2023,0.57,1,True,low_confidence
oh_4004063_-8246681:c004,oh_4004063_-8246681,Licking,removed,tennis,2013,2015,0.413,1,True,low_confidence;reversion
oh_4004063_-8246681:c004,oh_4004063_-8246681,Licking,tennis,removed,2019,2023,0.472,1,True,low_confidence
oh_4004131_-8302172:c001,oh_4004131_-8302172,Franklin,tennis,pickleball,2017,2019,0.568,,True,low_confidence
oh_4004131_-8302172:c002,oh_4004131_-8302172,Franklin,tennis,pickleball,2017,2019,0.752,,False,
oh_4004131_-8302172:c002,oh_4004131_-8302172,Franklin,pickleball,hybrid,2021,2023,0.643,1,False,
oh_4004131_-8302172:c003,oh_4004131_-8302172,Franklin,tennis,pickleball,2017,2019,0.823,,False,
oh_4004131_-8302172:c004,oh_4004131_-8302172,Franklin,tennis,pickleball,2017,2019,0.632,,False,
oh_4004131_-8302172:c004,oh_4004131_-8302172,Franklin,pickleball,hybrid,2021,2023,0.663,1,False,
oh_4004131_-8302172:c005,oh_4004131_-8302172,Franklin,tennis,pickleball,2017,2019,0.568,,True,low_confidence
oh_4004131_-8302172:c005,oh_4004131_-8302172,Franklin,pickleball,hybrid,2021,2023,0.507,1,True,low_confidence
oh_4004131_-8302172:c006,oh_4004131_-8302172,Franklin,tennis,pickleball,2017,2019,0.625,,False,
oh_4004131_-8302172:c006,oh_4004131_-8302172,Franklin,pickleball,hybrid,2021,2023,0.66,1,False,
oh_4004131_-8302172:c007,oh_4004131_-8302172,Franklin,tennis,pickleball,2017,2019,0.589,,True,low_confidence
oh_4004131_-8302172:c007,oh_4004131_-8302172,Franklin,pickleball,hybrid,2021,2023,0.618,1,False,
oh_4004131_-8302172:c008,oh_4004131_-8302172,Franklin,tennis,pickleball,2017,2019,0.57,,True,low_confidence
oh_4004131_-8302172:c008,oh_4004131_-8302172,Franklin,pickleball,hybrid,2021,2023,0.777,1,False,
oh_4004131_-8302172:c009,oh_4004131_-8302172,Franklin,tennis,pickleball,2017,2019,0.605,,False,
oh_4004131_-8302172:c009,oh_4004131_-8302172,Franklin,pickleball,hybrid,2021,2023,0.757,1,False,
oh_4004131_-8302172:c010,oh_4004131_-8302172,Franklin,tennis,pickleball,2017,2019,0.783,,False,
oh_4004131_-8302172:c010,oh_4004131_-8302172,Franklin,pickleball,hybrid,2021,2023,0.729,1,False,
oh_4004131_-8302172:c011,oh_4004131_-8302172,Franklin,tennis,pickleball,2017,2019,0.841,,False,
oh_4004131_-8302172:c011,oh_4004131_-8302172,Franklin,pickleball,hybrid,2021,2023,0.739,1,False,
oh_4004136_-8306038:c001,oh_4004136_-8306038,Franklin,tennis,removed,2011,2015,0.524,1,True,low_confidence
oh_4004136_-8306038:c001,oh_4004136_-8306038,Franklin,removed,tennis,2015,2017,0.646,1,True,reversion
oh_4004136_-8306038:c001,oh_4004136_-8306038,Franklin,tennis,removed,2021,2023,0.504,1,True,low_confidence
oh_4004213_-8292488:c002,oh_4004213_-8292488,Franklin,tennis,hybrid,2019,2021,0.36,1,True,low_confidence
oh_4004258_-8281783:c001,oh_4004258_-8281783,Franklin,pickleball,removed,2011,2013,0.513,1,True,low_confidence
oh_4004258_-8281783:c001,oh_4004258_-8281783,Franklin,removed,pickleball,2013,2015,0.423,,True,low_confidence;reversion
oh_4004258_-8281783:c001,oh_4004258_-8281783,Franklin,pickleball,hybrid,2021,2023,0.442,1,True,low_confidence
oh_4004258_-8281783:c002,oh_4004258_-8281783,Franklin,pickleball,removed,2011,2013,0.543,1,True,low_confidence
oh_4004258_-8281783:c002,oh_4004258_-8281783,Franklin,removed,pickleball,2015,2017,0.537,,True,low_confidence;reversion
oh_4004655_-8315536:c002,oh_4004655_-8315536,Franklin,tennis,hybrid,2021,2023,0.659,1,False,
oh_4004655_-8315536:c003,oh_4004655_-8315536,Franklin,tennis,hybrid,2021,2023,0.621,1,False,
oh_4004655_-8315536:c004,oh_4004655_-8315536,Franklin,tennis,removed,2013,2015,0.514,1,True,low_confidence
oh_4004655_-8315536:c004,oh_4004655_-8315536,Franklin,removed,tennis,2015,2017,0.809,1,True,reversion
oh_4004655_-8315536:c004,oh_4004655_-8315536,Franklin,tennis,hybrid,2021,2023,0.664,1,False,
oh_4004655_-8315536:c005,oh_4004655_-8315536,Franklin,tennis,removed,2011,2013,0.475,1,True,low_confidence
oh_4004655_-8315536:c005,oh_4004655_-8315536,Franklin,removed,tennis,2015,2017,0.512,1,True,low_confidence;reversion
oh_4004655_-8315536:c005,oh_4004655_-8315536,Franklin,tennis,hybrid,2021,2023,0.654,1,False,
oh_4004708_-8297096:c001,oh_4004708_-8297096,Franklin,removed,pickleball,2015,2017,0.429,,True,low_confidence;reversion
oh_4004708_-8297096:c001,oh_4004708_-8297096,Franklin,pickleball,removed,2019,2023,0.534,1,True,low_confidence
oh_4004708_-8297096:c002,oh_4004708_-8297096,Franklin,tennis,removed,2011,2013,0.563,1,True,low_confidence
oh_4004708_-8297096:c002,oh_4004708_-8297096,Franklin,removed,pickleball,2013,2015,0.571,,True,low_confidence;reversion
oh_4004708_-8297096:c002,oh_4004708_-8297096,Franklin,pickleball,removed,2019,2021,0.388,1,True,low_confidence
oh_4004852_-8302980:c001,oh_4004852_-8302980,Franklin,tennis,hybrid,2021,2023,0.334,1,True,low_confidence
oh_4004852_-8302980:c002,oh_4004852_-8302980,Franklin,tennis,hybrid,2021,2023,0.572,1,True,low_confidence
oh_4004852_-8302980:c003,oh_4004852_-8302980,Franklin,pickleball,tennis,2011,2015,0.372,1,True,low_confidence;reversion
oh_4004852_-8302980:c003,oh_4004852_-8302980,Franklin,tennis,pickleball,2017,2019,0.768,,False,
oh_4004852_-8302980:c003,oh_4004852_-8302980,Franklin,pickleball,hybrid,2021,2023,0.893,1,False,
oh_4005020_-8294298:c001,oh_4005020_-8294298,Franklin,tennis,removed,2011,2013,0.711,1,False,
oh_4005020_-8294298:c001,oh_4005020_-8294298,Franklin,removed,tennis,2015,2017,0.809,1,True,reversion
oh_4005020_-8294298:c001,oh_4005020_-8294298,Franklin,tennis,hybrid,2021,2023,0.49,1,True,low_confidence
oh_4005020_-8294298:c002,oh_4005020_-8294298,Franklin,tennis,removed,2011,2015,0.747,1,False,
oh_4005020_-8294298:c002,oh_4005020_-8294298,Franklin,removed,tennis,2015,2017,0.906,1,True,reversion
oh_4005071_-8287684:c001,oh_4005071_-8287684,Franklin,tennis,removed,2013,2015,0.426,1,True,low_confidence
oh_4005071_-8287684:c001,oh_4005071_-8287684,Franklin,removed,tennis,2015,2017,0.674,1,True,reversion
oh_4005071_-8287684:c002,oh_4005071_-8287684,Franklin,tennis,removed,2011,2013,0.658,1,False,
oh_4005071_-8287684:c002,oh_4005071_-8287684,Franklin,removed,tennis,2015,2017,0.51,1,True,low_confidence;reversion
oh_4005071_-8287684:c005,oh_4005071_-8287684,Franklin,tennis,removed,2011,2013,0.577,1,True,low_confidence
oh_4005071_-8287684:c005,oh_4005071_-8287684,Franklin,removed,tennis,2015,2017,0.573,1,True,low_confidence;reversion
oh_4005071_-8287684:c006,oh_4005071_-8287684,Franklin,tennis,removed,2013,2015,0.4,1,True,low_confidence
oh_4005071_-8287684:c006,oh_4005071_-8287684,Franklin,removed,tennis,2015,2017,0.564,1,True,low_confidence;reversion
oh_4005071_-8287684:c007,oh_4005071_-8287684,Franklin,tennis,removed,2011,2013,0.681,1,False,
oh_4005071_-8287684:c007,oh_4005071_-8287684,Franklin,removed,tennis,2015,2017,0.744,1,True,reversion
oh_4005071_-8287684:c007,oh_4005071_-8287684,Franklin,tennis,removed,2019,2021,0.715,1,False,
oh_4005071_-8287684:c007,oh_4005071_-8287684,Franklin,removed,tennis,2021,2023,0.462,1,True,low_confidence;reversion
oh_4005071_-8287684:c008,oh_4005071_-8287684,Franklin,tennis,removed,2011,2013,0.481,1,True,low_confidence
oh_4005071_-8287684:c008,oh_4005071_-8287684,Franklin,removed,tennis,2015,2017,0.643,1,True,reversion
oh_4005097_-8423568:c001,oh_4005097_-8423568,Miami,tennis,removed,2013,2015,0.363,1,True,low_confidence
oh_4005275_-8315866:c001,oh_4005275_-8315866,Franklin,tennis,hybrid,2021,2023,0.821,1,False,
oh_4005275_-8315866:c002,oh_4005275_-8315866,Franklin,tennis,hybrid,2021,2023,0.907,1,False,
oh_4005275_-8315866:c003,oh_4005275_-8315866,Franklin,tennis,removed,2013,2015,0.368,1,True,low_confidence
oh_4005275_-8315866:c003,oh_4005275_-8315866,Franklin,removed,tennis,2015,2017,0.679,1,True,reversion
oh_4005275_-8315866:c003,oh_4005275_-8315866,Franklin,tennis,hybrid,2021,2023,0.866,1,False,
oh_4005275_-8315866:c004,oh_4005275_-8315866,Franklin,tennis,removed,2013,2015,0.406,1,True,low_confidence
oh_4005275_-8315866:c004,oh_4005275_-8315866,Franklin,removed,tennis,2015,2017,0.554,1,True,low_confidence;reversion
oh_4005275_-8315866:c004,oh_4005275_-8315866,Franklin,tennis,hybrid,2021,2023,0.793,1,False,
oh_4005275_-8315866:c005,oh_4005275_-8315866,Franklin,tennis,hybrid,2021,2023,0.794,1,False,
oh_4005275_-8315866:c007,oh_4005275_-8315866,Franklin,tennis,removed,2011,2013,0.511,1,True,low_confidence
oh_4005275_-8315866:c007,oh_4005275_-8315866,Franklin,removed,tennis,2015,2017,0.535,1,True,low_confidence;reversion
oh_4005275_-8315866:c007,oh_4005275_-8315866,Franklin,tennis,hybrid,2021,2023,0.886,1,False,
oh_4005275_-8315866:c008,oh_4005275_-8315866,Franklin,tennis,removed,2011,2013,0.555,1,True,low_confidence
oh_4005275_-8315866:c008,oh_4005275_-8315866,Franklin,removed,tennis,2015,2017,0.55,1,True,low_confidence;reversion
oh_4005275_-8315866:c008,oh_4005275_-8315866,Franklin,tennis,hybrid,2021,2023,0.859,1,False,
oh_4005275_-8315866:c009,oh_4005275_-8315866,Franklin,tennis,removed,2011,2013,0.641,1,False,
oh_4005275_-8315866:c009,oh_4005275_-8315866,Franklin,removed,tennis,2015,2017,0.567,1,True,low_confidence;reversion
oh_4005275_-8315866:c009,oh_4005275_-8315866,Franklin,tennis,hybrid,2021,2023,0.777,1,False,
oh_4005275_-8315866:c010,oh_4005275_-8315866,Franklin,tennis,removed,2011,2013,0.603,1,False,
oh_4005275_-8315866:c010,oh_4005275_-8315866,Franklin,removed,tennis,2013,2015,0.436,1,True,low_confidence;reversion
oh_4005275_-8315866:c010,oh_4005275_-8315866,Franklin,tennis,hybrid,2021,2023,0.827,1,False,
oh_4005399_-8092201:c001,oh_4005399_-8092201,Belmont,tennis,removed,2021,2023,0.376,1,True,low_confidence
oh_4005436_-8304875:c001,oh_4005436_-8304875,Franklin,tennis,removed,2013,2015,0.551,1,True,low_confidence
oh_4005436_-8304875:c001,oh_4005436_-8304875,Franklin,removed,tennis,2015,2017,0.864,1,True,reversion
oh_4005436_-8304875:c002,oh_4005436_-8304875,Franklin,tennis,removed,2013,2015,0.371,1,True,low_confidence
oh_4005436_-8304875:c002,oh_4005436_-8304875,Franklin,removed,tennis,2015,2017,0.747,1,True,reversion
oh_4005436_-8304875:c002,oh_4005436_-8304875,Franklin,tennis,removed,2021,2023,0.559,1,True,low_confidence
oh_4005446_-8302344:c001,oh_4005446_-8302344,Franklin,tennis,removed,2011,2015,0.506,1,True,low_confidence
oh_4005479_-8305111:c001,oh_4005479_-8305111,Franklin,removed,tennis,2017,2019,0.398,1,True,low_confidence;reversion
oh_4005527_-8305443:c002,oh_4005527_-8305443,Franklin,tennis,hybrid,2021,2023,0.588,1,True,low_confidence
oh_4005631_-8303609:c001,oh_4005631_-8303609,Franklin,tennis,removed,2013,2015,0.421,1,True,low_confidence
oh_4005631_-8303609:c001,oh_4005631_-8303609,Franklin,removed,tennis,2015,2017,0.545,1,True,low_confidence;reversion
oh_4005700_-8420828:c003,oh_4005700_-8420828,Miami,pickleball,removed,2013,2015,0.482,1,True,low_confidence
oh_4005700_-8420828:c003,oh_4005700_-8420828,Miami,removed,pickleball,2015,2017,0.442,1,True,low_confidence;reversion
oh_4005713_-8304124:c001,oh_4005713_-8304124,Franklin,tennis,removed,2011,2013,0.508,1,True,low_confidence
oh_4005713_-8304124:c001,oh_4005713_-8304124,Franklin,removed,tennis,2015,2017,0.45,1,True,low_confidence;reversion
oh_4005713_-8304124:c002,oh_4005713_-8304124,Franklin,tennis,removed,2011,2015,0.717,1,False,
oh_4005713_-8304124:c002,oh_4005713_-8304124,Franklin,removed,tennis,2015,2017,0.362,1,True,low_confidence;reversion
oh_4005911_-8251706:c003,oh_4005911_-8251706,Licking,pickleball,removed,2011,2015,0.416,1,True,low_confidence
oh_4005911_-8251706:c004,oh_4005911_-8251706,Licking,tennis,removed,2011,2013,0.56,1,True,low_confidence
oh_4005911_-8251706:c004,oh_4005911_-8251706,Licking,removed,pickleball,2017,2019,0.863,,True,reversion
oh_4005911_-8251706:c004,oh_4005911_-8251706,Licking,pickleball,hybrid,2021,2023,0.282,1,True,low_confidence
oh_4005911_-8251706:c005,oh_4005911_-8251706,Licking,tennis,removed,2011,2013,0.489,1,True,low_confidence
oh_4005911_-8251706:c006,oh_4005911_-8251706,Licking,pickleball,removed,2015,2021,0.365,1,True,low_confidence
oh_4005911_-8251706:c007,oh_4005911_-8251706,Licking,removed,pickleball,2017,2019,0.47,,True,low_confidence;reversion
oh_4005911_-8251706:c007,oh_4005911_-8251706,Licking,pickleball,hybrid,2021,2023,0.306,1,True,low_confidence
oh_4005911_-8251706:c008,oh_4005911_-8251706,Licking,tennis,removed,2011,2013,0.382,1,True,low_confidence
oh_4005911_-8251706:c008,oh_4005911_-8251706,Licking,removed,tennis,2015,2017,0.529,1,True,low_confidence;reversion
oh_4005911_-8251706:c008,oh_4005911_-8251706,Licking,tennis,pickleball,2017,2019,0.529,,True,low_confidence
oh_4005911_-8251706:c008,oh_4005911_-8251706,Licking,pickleball,tennis,2021,2023,0.286,1,True,low_confidence;reversion
oh_4005911_-8251706:c009,oh_4005911_-8251706,Licking,pickleball,removed,2011,2013,0.432,1,True,low_confidence
oh_4005911_-8251706:c009,oh_4005911_-8251706,Licking,removed,pickleball,2017,2019,0.367,,True,low_confidence;reversion
oh_4005911_-8251706:c009,oh_4005911_-8251706,Licking,pickleball,removed,2021,2023,0.436,1,True,low_confidence
oh_4005911_-8251706:c010,oh_4005911_-8251706,Licking,pickleball,removed,2011,2015,0.447,1,True,low_confidence
oh_4005911_-8251706:c010,oh_4005911_-8251706,Licking,removed,pickleball,2017,2019,0.346,,True,low_confidence;reversion
oh_4005911_-8251706:c010,oh_4005911_-8251706,Licking,pickleball,tennis,2019,2021,0.464,1,True,low_confidence;reversion
oh_4005911_-8251706:c010,oh_4005911_-8251706,Licking,tennis,removed,2021,2023,0.464,1,True,low_confidence
oh_4005926_-8307610:c001,oh_4005926_-8307610,Franklin,tennis,removed,2011,2013,0.54,1,True,low_confidence
oh_4005929_-8307694:c001,oh_4005929_-8307694,Franklin,tennis,removed,2019,2021,0.405,1,True,low_confidence
oh_4006028_-8280585:c001,oh_4006028_-8280585,Franklin,removed,tennis,2015,2017,0.878,1,True,reversion
oh_4006028_-8280585:c001,oh_4006028_-8280585,Franklin,tennis,hybrid,2021,2023,0.67,1,False,
oh_4006028_-8280585:c002,oh_4006028_-8280585,Franklin,tennis,hybrid,2021,2023,0.71,1,False,
oh_4006102_-8305882:c001,oh_4006102_-8305882,Franklin,tennis,removed,2011,2013,0.396,1,True,low_confidence
oh_4006102_-8305882:c002,oh_4006102_-8305882,Franklin,tennis,removed,2011,2015,0.54,1,True,low_confidence
oh_4006102_-8305882:c003,oh_4006102_-8305882,Franklin,tennis,removed,2011,2013,0.443,1,True,low_confidence
oh_4006208_-8307043:c001,oh_4006208_-8307043,Franklin,tennis,hybrid,2011,2013,0.459,1,True,low_confidence
oh_4006208_-8307043:c001,oh_4006208_-8307043,Franklin,hybrid,tennis,2013,2015,0.444,1,True,low_confidence;reversion
oh_4006208_-8307043:c001,oh_4006208_-8307043,Franklin,tennis,hybrid,2017,2019,0.393,1,True,low_confidence
oh_4006208_-8307043:c002,oh_4006208_-8307043,Franklin,tennis,hybrid,2011,2013,0.589,1,True,low_confidence
oh_4006208_-8307043:c002,oh_4006208_-8307043,Franklin,hybrid,removed,2013,2015,0.549,1,True,low_confidence
oh_4006208_-8307043:c002,oh_4006208_-8307043,Franklin,removed,tennis,2015,2017,0.442,1,True,low_confidence;reversion
oh_4006208_-8307043:c002,oh_4006208_-8307043,Franklin,tennis,hybrid,2017,2019,0.442,1,True,low_confidence
oh_4006334_-8250480:c001,oh_4006334_-8250480,Licking,tennis,removed,2021,2023,0.325,1,True,low_confidence
oh_4006391_-8307696:c001,oh_4006391_-8307696,Franklin,tennis,removed,2011,2013,0.72,1,False,
oh_4006391_-8307696:c001,oh_4006391_-8307696,Franklin,removed,tennis,2015,2017,0.489,1,True,low_confidence;reversion
oh_4006494_-8304729:c001,oh_4006494_-8304729,Franklin,removed,tennis,2017,2019,0.439,1,True,low_confidence;reversion
oh_4006494_-8304729:c001,oh_4006494_-8304729,Franklin,tennis,removed,2019,2021,0.449,1,True,low_confidence
oh_4006494_-8304729:c002,oh_4006494_-8304729,Franklin,removed,tennis,2017,2019,0.571,1,True,low_confidence;reversion
oh_4006494_-8304729:c002,oh_4006494_-8304729,Franklin,tennis,removed,2019,2021,0.704,1,False,
oh_4006686_-8282940:c001,oh_4006686_-8282940,Franklin,tennis,pickleball,2017,2019,0.381,,True,low_confidence
oh_4006686_-8282940:c004,oh_4006686_-8282940,Franklin,tennis,hybrid,2021,2023,0.699,1,False,
oh_4006686_-8282940:c005,oh_4006686_-8282940,Franklin,tennis,removed,2011,2013,0.731,1,False,
oh_4006686_-8282940:c005,oh_4006686_-8282940,Franklin,removed,tennis,2015,2017,0.819,1,True,reversion
oh_4006686_-8282940:c005,oh_4006686_-8282940,Franklin,tennis,hybrid,2019,2023,0.476,1,True,low_confidence
oh_4006686_-8282940:c006,oh_4006686_-8282940,Franklin,tennis,hybrid,2019,2021,0.573,1,True,low_confidence
oh_4006686_-8282940:c007,oh_4006686_-8282940,Franklin,tennis,hybrid,2019,2021,0.498,1,True,low_confidence
oh_4006686_-8282940:c008,oh_4006686_-8282940,Franklin,tennis,hybrid,2019,2021,0.522,1,True,low_confidence
oh_4006686_-8282940:c009,oh_4006686_-8282940,Franklin,tennis,hybrid,2019,2021,0.765,1,False,
oh_4006686_-8282940:c010,oh_4006686_-8282940,Franklin,tennis,removed,2013,2015,0.46,1,True,low_confidence
oh_4006686_-8282940:c010,oh_4006686_-8282940,Franklin,removed,tennis,2015,2017,0.753,1,True,reversion
oh_4006686_-8282940:c010,oh_4006686_-8282940,Franklin,tennis,hybrid,2021,2023,0.394,1,True,low_confidence
oh_4006686_-8282940:c011,oh_4006686_-8282940,Franklin,tennis,hybrid,2021,2023,0.695,1,False,
oh_4006686_-8282940:c012,oh_4006686_-8282940,Franklin,tennis,removed,2013,2015,0.467,1,True,low_confidence
oh_4006686_-8282940:c012,oh_4006686_-8282940,Franklin,removed,tennis,2017,2019,0.385,1,True,low_confidence;reversion
oh_4006686_-8282940:c013,oh_4006686_-8282940,Franklin,tennis,hybrid,2017,2019,0.677,1,False,
oh_4006686_-8282940:c014,oh_4006686_-8282940,Franklin,tennis,hybrid,2019,2021,0.537,1,True,low_confidence
oh_4006686_-8282940:c015,oh_4006686_-8282940,Franklin,tennis,hybrid,2017,2021,0.492,1,True,low_confidence
oh_4006686_-8282940:c016,oh_4006686_-8282940,Franklin,tennis,pickleball,2017,2019,0.777,1,False,
oh_4006686_-8282940:c017,oh_4006686_-8282940,Franklin,tennis,pickleball,2017,2019,0.846,1,False,
oh_4006686_-8282940:c018,oh_4006686_-8282940,Franklin,tennis,pickleball,2017,2019,0.797,1,False,
oh_4006686_-8282940:c019,oh_4006686_-8282940,Franklin,tennis,pickleball,2017,2019,0.935,1,False,
oh_4006720_-8284291:c001,oh_4006720_-8284291,Franklin,removed,hybrid,2017,2019,0.712,1,True,reversion
oh_4006720_-8284291:c002,oh_4006720_-8284291,Franklin,removed,pickleball,2015,2017,0.766,,True,reversion
oh_4006720_-8284291:c002,oh_4006720_-8284291,Franklin,pickleball,hybrid,2017,2019,0.766,1,False,
oh_4006720_-8284291:c002,oh_4006720_-8284291,Franklin,hybrid,removed,2019,2021,0.801,1,False,
oh_4006720_-8284291:c002,oh_4006720_-8284291,Franklin,removed,pickleball,2021,2023,0.801,,True,reversion
oh_4006720_-8284291:c003,oh_4006720_-8284291,Franklin,removed,tennis,2015,2017,0.394,1,True,low_confidence;reversion
oh_4006720_-8284291:c003,oh_4006720_-8284291,Franklin,tennis,hybrid,2017,2019,0.394,1,True,low_confidence
oh_4006720_-8284291:c003,oh_4006720_-8284291,Franklin,hybrid,removed,2019,2021,0.534,1,True,low_confidence
oh_4006720_-8284291:c004,oh_4006720_-8284291,Franklin,removed,tennis,2013,2015,0.359,1,True,low_confidence;reversion
oh_4006720_-8284291:c004,oh_4006720_-8284291,Franklin,tennis,removed,2019,2021,0.473,1,True,low_confidence
oh_4006720_-8284291:c005,oh_4006720_-8284291,Franklin,removed,hybrid,2011,2013,0.671,1,True,reversion
oh_4006720_-8284291:c005,oh_4006720_-8284291,Franklin,hybrid,tennis,2015,2017,0.41,1,True,low_confidence;reversion
oh_4006720_-8284291:c005,oh_4006720_-8284291,Franklin,tennis,hybrid,2017,2019,0.781,1,False,
oh_4006730_-8307917:c002,oh_4006730_-8307917,Franklin,tennis,removed,2021,2023,0.5,1,True,low_confidence
oh_4006761_-8242161:c001,oh_4006761_-8242161,Licking,removed,tennis,2013,2019,0.337,1,True,low_confidence;reversion
oh_4006761_-8242161:c002,oh_4006761_-8242161,Licking,removed,tennis,2019,2021,0.455,1,True,low_confidence;reversion
oh_4006761_-8242161:c003,oh_4006761_-8242161,Licking,removed,tennis,2019,2021,0.48,1,True,low_confidence;reversion
oh_4006761_-8242161:c003,oh_4006761_-8242161,Licking,tennis,hybrid,2021,2023,0.499,1,True,low_confidence
oh_4006761_-8242161:c004,oh_4006761_-8242161,Licking,removed,tennis,2019,2021,0.354,1,True,low_confidence;reversion
oh_4006761_-8242161:c004,oh_4006761_-8242161,Licking,tennis,hybrid,2021,2023,0.354,1,True,low_confidence
oh_4006761_-8242161:c005,oh_4006761_-8242161,Licking,removed,tennis,2017,2019,0.318,1,True,low_confidence;reversion
oh_4006768_-8280351:c001,oh_4006768_-8280351,Franklin,tennis,hybrid,2017,2021,0.461,1,True,low_confidence
oh_4006829_-8308149:c001,oh_4006829_-8308149,Franklin,tennis,removed,2011,2013,0.663,1,False,
oh_4006829_-8308149:c001,oh_4006829_-8308149,Franklin,removed,tennis,2015,2017,0.681,1,True,reversion
oh_4006829_-8308149:c001,oh_4006829_-8308149,Franklin,tennis,removed,2021,2023,0.665,1,False,
oh_4006829_-8308149:c002,oh_4006829_-8308149,Franklin,tennis,removed,2013,2015,0.392,1,True,low_confidence
oh_4006829_-8308149:c002,oh_4006829_-8308149,Franklin,removed,tennis,2015,2017,0.379,1,True,low_confidence;reversion
oh_4006829_-8308149:c002,oh_4006829_-8308149,Franklin,tennis,removed,2017,2019,0.379,1,True,low_confidence
oh_4006888_-8308932:c001,oh_4006888_-8308932,Franklin,tennis,hybrid,2017,2019,0.448,1,True,low_confidence
oh_4006888_-8308932:c002,oh_4006888_-8308932,Franklin,tennis,hybrid,2017,2019,0.418,1,True,low_confidence
oh_4007130_-8296503:c001,oh_4007130_-8296503,Franklin,tennis,hybrid,2011,2013,0.598,1,True,low_confidence
oh_4007130_-8296503:c001,oh_4007130_-8296503,Franklin,hybrid,tennis,2013,2015,0.355,1,True,low_confidence;reversion
oh_4007130_-8296503:c002,oh_4007130_-8296503,Franklin,tennis,hybrid,2021,2023,0.75,1,False,
oh_4007130_-8296503:c003,oh_4007130_-8296503,Franklin,tennis,hybrid,2019,2021,0.472,1,True,low_confidence
oh_4007229_-8298411:c001,oh_4007229_-8298411,Franklin,removed,tennis,2015,2017,0.693,1,True,reversion
oh_4007229_-8298411:c001,oh_4007229_-8298411,Franklin,tennis,hybrid,2019,2023,0.699,1,False,
oh_4007229_-8298411:c002,oh_4007229_-8298411,Franklin,removed,tennis,2015,2017,0.516,1,True,low_confidence;reversion
oh_4007229_-8298411:c002,oh_4007229_-8298411,Franklin,tennis,hybrid,2021,2023,0.341,1,True,low_confidence
oh_4007229_-8298411:c003,oh_4007229_-8298411,Franklin,pickleball,removed,2011,2013,0.544,1,True,low_confidence
oh_4007229_-8298411:c003,oh_4007229_-8298411,Franklin,removed,tennis,2015,2017,0.413,1,True,low_confidence;reversion
oh_4007229_-8298411:c003,oh_4007229_-8298411,Franklin,tennis,hybrid,2021,2023,0.409,1,True,low_confidence
oh_4007229_-8298411:c004,oh_4007229_-8298411,Franklin,pickleball,removed,2011,2013,0.788,1,False,
oh_4007229_-8298411:c004,oh_4007229_-8298411,Franklin,removed,pickleball,2017,2019,0.378,1,True,low_confidence;reversion
oh_4007229_-8298411:c004,oh_4007229_-8298411,Franklin,pickleball,hybrid,2021,2023,0.563,1,True,low_confidence
oh_4007229_-8298411:c005,oh_4007229_-8298411,Franklin,removed,tennis,2015,2017,0.474,1,True,low_confidence;reversion
oh_4007229_-8298411:c005,oh_4007229_-8298411,Franklin,tennis,pickleball,2019,2021,0.653,,False,
oh_4007229_-8298411:c005,oh_4007229_-8298411,Franklin,pickleball,hybrid,2021,2023,0.725,1,False,
oh_4007229_-8298411:c006,oh_4007229_-8298411,Franklin,tennis,removed,2011,2013,0.589,1,True,low_confidence
oh_4007229_-8298411:c006,oh_4007229_-8298411,Franklin,removed,tennis,2015,2017,0.593,1,True,low_confidence;reversion
oh_4007229_-8298411:c006,oh_4007229_-8298411,Franklin,tennis,pickleball,2019,2021,0.48,,True,low_confidence
oh_4007229_-8298411:c006,oh_4007229_-8298411,Franklin,pickleball,hybrid,2021,2023,0.62,1,False,
oh_4007331_-8094206:c001,oh_4007331_-8094206,Belmont,tennis,removed,2011,2013,0.797,1,False,
oh_4007331_-8094206:c001,oh_4007331_-8094206,Belmont,removed,tennis,2015,2017,0.578,1,True,low_confidence;reversion
oh_4007331_-8094206:c001,oh_4007331_-8094206,Belmont,tennis,hybrid,2019,2023,0.375,1,True,low_confidence
oh_4007331_-8094206:c002,oh_4007331_-8094206,Belmont,tennis,removed,2011,2013,0.717,1,False,
oh_4007331_-8094206:c002,oh_4007331_-8094206,Belmont,removed,tennis,2015,2017,0.437,1,True,low_confidence;reversion
oh_4007331_-8094206:c002,oh_4007331_-8094206,Belmont,tennis,removed,2019,2023,0.503,1,True,low_confidence
oh_4007400_-8252048:c001,oh_4007400_-8252048,Licking,tennis,removed,2011,2013,0.693,1,False,
oh_4007400_-8252048:c001,oh_4007400_-8252048,Licking,removed,pickleball,2015,2017,0.4,,True,low_confidence;reversion
oh_4007400_-8252048:c001,oh_4007400_-8252048,Licking,pickleball,removed,2019,2021,0.278,1,True,low_confidence
oh_4007400_-8252048:c004,oh_4007400_-8252048,Licking,tennis,hybrid,2021,2023,0.54,1,True,low_confidence
oh_4007400_-8252048:c005,oh_4007400_-8252048,Licking,tennis,pickleball,2019,2021,0.468,,True,low_confidence
oh_4007400_-8252048:c005,oh_4007400_-8252048,Licking,pickleball,tennis,2021,2023,0.642,1,True,reversion
oh_4007400_-8252048:c006,oh_4007400_-8252048,Licking,tennis,pickleball,2015,2017,0.43,,True,low_confidence
oh_4007400_-8252048:c013,oh_4007400_-8252048,Licking,tennis,hybrid,2021,2023,0.701,1,False,
oh_4007645_-8296421:c001,oh_4007645_-8296421,Franklin,tennis,removed,2011,2013,0.467,1,True,low_confidence
oh_4007645_-8296421:c001,oh_4007645_-8296421,Franklin,removed,tennis,2015,2017,0.522,1,True,low_confidence;reversion
oh_4007645_-8356508:c001,oh_4007645_-8356508,Champaign,tennis,hybrid,2017,2019,0.691,1,False,
oh_4007710_-8304350:c001,oh_4007710_-8304350,Franklin,tennis,removed,2011,2015,0.477,1,True,low_confidence
oh_4007710_-8304350:c001,oh_4007710_-8304350,Franklin,removed,tennis,2015,2017,0.449,1,True,low_confidence;reversion
oh_4007760_-8300157:c001,oh_4007760_-8300157,Franklin,removed,tennis,2015,2019,0.617,1,True,reversion
oh_4007766_-8329006:c001,oh_4007766_-8329006,Madison,hybrid,tennis,2015,2017,0.426,1,True,low_confidence;reversion
oh_4007766_-8329006:c001,oh_4007766_-8329006,Madison,tennis,hybrid,2017,2019,0.503,1,True,low_confidence
oh_4007766_-8329006:c002,oh_4007766_-8329006,Madison,tennis,pickleball,2015,2017,0.524,,True,low_confidence
oh_4007766_-8329006:c002,oh_4007766_-8329006,Madison,pickleball,tennis,2017,2019,0.483,1,True,low_confidence;reversion
oh_4007766_-8329006:c002,oh_4007766_-8329006,Madison,tennis,hybrid,2019,2021,0.483,1,True,low_confidence
oh_4007766_-8329006:c003,oh_4007766_-8329006,Madison,tennis,hybrid,2011,2013,0.655,1,False,
oh_4007766_-8329006:c003,oh_4007766_-8329006,Madison,hybrid,tennis,2013,2015,0.554,1,True,low_confidence;reversion
oh_4007766_-8329006:c003,oh_4007766_-8329006,Madison,tennis,hybrid,2017,2019,0.39,1,True,low_confidence
oh_4007766_-8329006:c004,oh_4007766_-8329006,Madison,tennis,hybrid,2019,2021,0.569,1,True,low_confidence
oh_4007842_-8311962:c001,oh_4007842_-8311962,Franklin,removed,tennis,2015,2017,0.635,1,True,reversion
oh_4007842_-8311962:c002,oh_4007842_-8311962,Franklin,removed,tennis,2015,2017,0.747,1,True,reversion
oh_4007864_-8314604:c001,oh_4007864_-8314604,Franklin,tennis,removed,2011,2013,0.575,1,True,low_confidence
oh_4007864_-8314604:c001,oh_4007864_-8314604,Franklin,removed,tennis,2013,2015,0.444,1,True,low_confidence;reversion
oh_4007864_-8314604:c002,oh_4007864_-8314604,Franklin,tennis,hybrid,2021,2023,0.594,1,True,low_confidence
oh_4007879_-8303669:c001,oh_4007879_-8303669,Franklin,pickleball,removed,2011,2013,0.553,1,True,low_confidence
oh_4007879_-8303669:c001,oh_4007879_-8303669,Franklin,removed,pickleball,2015,2017,0.707,,True,reversion
oh_4007879_-8303669:c001,oh_4007879_-8303669,Franklin,pickleball,hybrid,2021,2023,0.725,1,False,
oh_4007879_-8303669:c002,oh_4007879_-8303669,Franklin,pickleball,removed,2011,2015,0.642,1,False,
oh_4007879_-8303669:c002,oh_4007879_-8303669,Franklin,removed,pickleball,2017,2019,0.405,,True,low_confidence;reversion
oh_4007879_-8303669:c002,oh_4007879_-8303669,Franklin,pickleball,hybrid,2021,2023,0.385,1,True,low_confidence
oh_4007879_-8303669:c003,oh_4007879_-8303669,Franklin,pickleball,removed,2011,2015,0.423,1,True,low_confidence
oh_4007879_-8303669:c003,oh_4007879_-8303669,Franklin,removed,pickleball,2015,2017,0.579,,True,low_confidence;reversion
oh_4007879_-8303669:c004,oh_4007879_-8303669,Franklin,tennis,removed,2011,2013,0.474,1,True,low_confidence
oh_4007879_-8303669:c004,oh_4007879_-8303669,Franklin,removed,pickleball,2017,2019,0.401,,True,low_confidence;reversion
oh_4008124_-8314413:c001,oh_4008124_-8314413,Franklin,removed,tennis,2015,2017,0.566,1,True,low_confidence;reversion
oh_4008124_-8314413:c002,oh_4008124_-8314413,Franklin,removed,tennis,2015,2017,0.745,1,True,reversion
oh_4008226_-8292471:c001,oh_4008226_-8292471,Franklin,tennis,removed,2011,2013,0.788,1,False,
oh_4008226_-8292471:c001,oh_4008226_-8292471,Franklin,removed,tennis,2013,2015,0.389,1,True,low_confidence;reversion
oh_4008226_-8292471:c001,oh_4008226_-8292471,Franklin,tennis,hybrid,2019,2021,0.372,1,True,low_confidence
oh_4008226_-8292471:c002,oh_4008226_-8292471,Franklin,tennis,removed,2011,2013,0.656,1,False,
oh_4008226_-8292471:c002,oh_4008226_-8292471,Franklin,removed,hybrid,2013,2015,0.513,1,True,low_confidence;reversion
oh_4008226_-8292471:c002,oh_4008226_-8292471,Franklin,hybrid,tennis,2015,2017,0.513,1,True,low_confidence;reversion
oh_4008226_-8292471:c002,oh_4008226_-8292471,Franklin,tennis,hybrid,2017,2019,0.587,1,True,low_confidence
oh_4008226_-8292471:c003,oh_4008226_-8292471,Franklin,tennis,hybrid,2017,2019,0.76,1,False,
oh_4008226_-8292471:c004,oh_4008226_-8292471,Franklin,tennis,removed,2011,2013,0.455,1,True,low_confidence
oh_4008226_-8292471:c004,oh_4008226_-8292471,Franklin,removed,tennis,2013,2015,0.365,1,True,low_confidence;reversion
oh_4008226_-8292471:c004,oh_4008226_-8292471,Franklin,tennis,hybrid,2019,2021,0.427,1,True,low_confidence
oh_4008507_-8315442:c001,oh_4008507_-8315442,Franklin,tennis,removed,2011,2013,0.709,1,False,
oh_4008507_-8315442:c001,oh_4008507_-8315442,Franklin,removed,tennis,2015,2017,0.591,1,True,low_confidence;reversion
oh_4008507_-8315442:c001,oh_4008507_-8315442,Franklin,tennis,hybrid,2017,2019,0.591,1,True,low_confidence
oh_4008507_-8315442:c002,oh_4008507_-8315442,Franklin,tennis,removed,2011,2013,0.723,1,False,
oh_4008507_-8315442:c002,oh_4008507_-8315442,Franklin,removed,tennis,2015,2017,0.629,1,True,reversion
oh_4008507_-8315442:c002,oh_4008507_-8315442,Franklin,tennis,hybrid,2019,2021,0.484,1,True,low_confidence
oh_4008508_-8088236:c001,oh_4008508_-8088236,Belmont,removed,tennis,2017,2019,0.462,1,True,low_confidence;reversion
oh_4008508_-8088236:c002,oh_4008508_-8088236,Belmont,removed,tennis,2017,2019,0.439,1,True,low_confidence;reversion
oh_4008508_-8088236:c003,oh_4008508_-8088236,Belmont,removed,pickleball,2015,2019,0.469,2,True,low_confidence;reversion
oh_4008603_-8281487:c004,oh_4008603_-8281487,Franklin,removed,tennis,2013,2015,0.684,1,True,reversion
oh_4008603_-8281487:c006,oh_4008603_-8281487,Franklin,removed,tennis,2013,2015,0.872,1,True,reversion
oh_4008603_-8281487:c008,oh_4008603_-8281487,Franklin,removed,tennis,2013,2015,0.937,1,True,reversion
oh_4008603_-8281487:c009,oh_4008603_-8281487,Franklin,removed,tennis,2013,2015,0.969,1,True,reversion
oh_4008603_-8281487:c010,oh_4008603_-8281487,Franklin,removed,tennis,2013,2015,0.942,1,True,reversion
oh_4008633_-8299637:c001,oh_4008633_-8299637,Franklin,tennis,removed,2011,2013,0.661,1,False,
oh_4008633_-8299637:c001,oh_4008633_-8299637,Franklin,removed,tennis,2013,2015,0.427,1,True,low_confidence;reversion
oh_4008633_-8299637:c001,oh_4008633_-8299637,Franklin,tennis,hybrid,2019,2021,0.562,1,True,low_confidence
oh_4008637_-8287457:c001,oh_4008637_-8287457,Franklin,tennis,hybrid,2011,2013,0.561,1,True,low_confidence
oh_4008637_-8287457:c001,oh_4008637_-8287457,Franklin,hybrid,removed,2013,2015,0.561,1,True,low_confidence
oh_4008637_-8287457:c002,oh_4008637_-8287457,Franklin,tennis,hybrid,2011,2013,0.369,1,True,low_confidence
oh_4008637_-8287457:c002,oh_4008637_-8287457,Franklin,hybrid,removed,2013,2015,0.621,1,False,
oh_4008637_-8287457:c003,oh_4008637_-8287457,Franklin,tennis,hybrid,2011,2013,0.404,1,True,low_confidence
oh_4008637_-8287457:c003,oh_4008637_-8287457,Franklin,hybrid,removed,2013,2015,0.487,1,True,low_confidence
oh_4008637_-8287457:c004,oh_4008637_-8287457,Franklin,tennis,removed,2011,2013,0.368,1,True,low_confidence
oh_4008676_-8286758:c001,oh_4008676_-8286758,Franklin,tennis,hybrid,2011,2013,0.467,1,True,low_confidence
oh_4008676_-8286758:c001,oh_4008676_-8286758,Franklin,hybrid,tennis,2015,2017,0.702,1,True,reversion
oh_4008676_-8286758:c001,oh_4008676_-8286758,Franklin,tennis,hybrid,2017,2019,0.733,1,False,
oh_4008726_-8287465:c001,oh_4008726_-8287465,Franklin,tennis,removed,2015,2017,0.586,1,True,low_confidence
oh_4008726_-8287465:c001,oh_4008726_-8287465,Franklin,removed,tennis,2017,2019,0.649,1,True,reversion
oh_4008854_-8295902:c001,oh_4008854_-8295902,Franklin,tennis,hybrid,2021,2023,0.628,1,False,
oh_4008854_-8295902:c002,oh_4008854_-8295902,Franklin,tennis,hybrid,2019,2021,0.471,1,True,low_confidence
oh_4008854_-8295902:c003,oh_4008854_-8295902,Franklin,tennis,hybrid,2019,2021,0.376,1,True,low_confidence
oh_4008854_-8295902:c004,oh_4008854_-8295902,Franklin,tennis,hybrid,2021,2023,0.389,1,True,low_confidence
oh_4008854_-8295902:c005,oh_4008854_-8295902,Franklin,tennis,hybrid,2021,2023,0.532,1,True,low_confidence
oh_4008854_-8295902:c006,oh_4008854_-8295902,Franklin,tennis,hybrid,2021,2023,0.581,1,True,low_confidence
oh_4008854_-8295902:c007,oh_4008854_-8295902,Franklin,tennis,removed,2011,2013,0.455,1,True,low_confidence
oh_4008854_-8295902:c007,oh_4008854_-8295902,Franklin,removed,tennis,2017,2019,0.813,1,True,reversion
oh_4008854_-8295902:c007,oh_4008854_-8295902,Franklin,tennis,removed,2021,2023,0.598,1,True,low_confidence
oh_4008854_-8295902:c015,oh_4008854_-8295902,Franklin,tennis,pickleball,2011,2019,0.291,,True,low_confidence
oh_4008854_-8295902:c015,oh_4008854_-8295902,Franklin,pickleball,removed,2019,2023,0.431,1,True,low_confidence
oh_4008854_-8295902:c017,oh_4008854_-8295902,Franklin,removed,pickleball,2017,2019,0.422,,True,low_confidence;reversion
oh_4008854_-8295902:c017,oh_4008854_-8295902,Franklin,pickleball,removed,2019,2021,0.412,1,True,low_confidence
oh_4008854_-8295902:c018,oh_4008854_-8295902,Franklin,pickleball,hybrid,2021,2023,0.599,1,True,low_confidence
oh_4008854_-8295902:c019,oh_4008854_-8295902,Franklin,tennis,removed,2011,2013,0.32,1,True,low_confidence
oh_4008854_-8295902:c019,oh_4008854_-8295902,Franklin,removed,pickleball,2015,2017,0.727,,True,reversion
oh_4008854_-8295902:c020,oh_4008854_-8295902,Franklin,pickleball,hybrid,2021,2023,0.473,1,True,low_confidence
oh_4008854_-8295902:c021,oh_4008854_-8295902,Franklin,tennis,removed,2011,2015,0.54,1,True,low_confidence
oh_4008854_-8295902:c021,oh_4008854_-8295902,Franklin,removed,pickleball,2017,2019,0.54,,True,low_confidence;reversion
oh_4008854_-8295902:c021,oh_4008854_-8295902,Franklin,pickleball,removed,2019,2023,0.594,1,True,low_confidence
oh_4008873_-8296827:c001,oh_4008873_-8296827,Franklin,tennis,removed,2019,2021,0.516,1,True,low_confidence
oh_4008997_-8310470:c001,oh_4008997_-8310470,Franklin,tennis,pickleball,2017,2019,0.344,1,True,low_confidence
oh_4009151_-8306813:c001,oh_4009151_-8306813,Franklin,removed,tennis,2019,2021,0.833,1,True,reversion
oh_4009170_-8299529:c001,oh_4009170_-8299529,Franklin,tennis,removed,2011,2013,0.445,1,True,low_confidence
oh_4009170_-8299529:c001,oh_4009170_-8299529,Franklin,removed,tennis,2015,2017,0.609,1,True,reversion
oh_4009252_-8309596:c001,oh_4009252_-8309596,Franklin,pickleball,removed,2011,2015,0.729,1,False,
oh_4009252_-8309596:c001,oh_4009252_-8309596,Franklin,removed,pickleball,2017,2019,0.365,,True,low_confidence;reversion
oh_4009252_-8309596:c002,oh_4009252_-8309596,Franklin,pickleball,removed,2011,2013,0.394,1,True,low_confidence
oh_4009252_-8309596:c002,oh_4009252_-8309596,Franklin,removed,pickleball,2015,2017,0.293,1,True,low_confidence;reversion
oh_4009252_-8309596:c002,oh_4009252_-8309596,Franklin,pickleball,hybrid,2021,2023,0.382,1,True,low_confidence
oh_4009303_-8246082:c001,oh_4009303_-8246082,Licking,tennis,pickleball,2017,2021,0.357,,True,low_confidence
oh_4009303_-8246082:c001,oh_4009303_-8246082,Licking,pickleball,hybrid,2021,2023,0.438,1,True,low_confidence
oh_4009455_-8301150:c002,oh_4009455_-8301150,Franklin,tennis,pickleball,2015,2023,0.36,,True,low_confidence
oh_4009455_-8301150:c003,oh_4009455_-8301150,Franklin,removed,pickleball,2017,2019,0.524,,True,low_confidence;reversion
oh_4009455_-8301150:c004,oh_4009455_-8301150,Franklin,tennis,removed,2011,2013,0.473,1,True,low_confidence
oh_4009455_-8301150:c004,oh_4009455_-8301150,Franklin,removed,pickleball,2017,2019,0.289,,True,low_confidence;reversion
oh_4009506_-8285436:c001,oh_4009506_-8285436,Franklin,tennis,hybrid,2011,2013,0.735,1,False,
oh_4009506_-8285436:c001,oh_4009506_-8285436,Franklin,hybrid,tennis,2013,2015,0.579,1,True,low_confidence;reversion
oh_4009521_-8306279:c001,oh_4009521_-8306279,Franklin,hybrid,tennis,2015,2017,0.374,1,True,low_confidence;reversion
oh_4009521_-8306279:c001,oh_4009521_-8306279,Franklin,tennis,hybrid,2019,2021,0.43,1,True,low_confidence
oh_4009521_-8306279:c002,oh_4009521_-8306279,Franklin,tennis,hybrid,2011,2013,0.57,1,True,low_confidence
oh_4009521_-8306279:c002,oh_4009521_-8306279,Franklin,hybrid,tennis,2015,2017,0.492,1,True,low_confidence;reversion
oh_4009521_-8306279:c002,oh_4009521_-8306279,Franklin,tennis,hybrid,2019,2021,0.441,1,True,low_confidence
oh_4009521_-8306279:c003,oh_4009521_-8306279,Franklin,tennis,hybrid,2019,2021,0.462,1,True,low_confidence
oh_4009521_-8306279:c004,oh_4009521_-8306279,Franklin,tennis,hybrid,2011,2013,0.557,1,True,low_confidence
oh_4009521_-8306279:c004,oh_4009521_-8306279,Franklin,hybrid,removed,2013,2015,0.608,1,False,
oh_4009521_-8306279:c004,oh_4009521_-8306279,Franklin,removed,tennis,2015,2017,0.66,1,True,reversion
oh_4009521_-8306279:c004,oh_4009521_-8306279,Franklin,tennis,hybrid,2019,2021,0.364,1,True,low_confidence
oh_4009521_-8306279:c005,oh_4009521_-8306279,Franklin,tennis,removed,2011,2013,0.408,1,True,low_confidence
oh_4009521_-8306279:c005,oh_4009521_-8306279,Franklin,removed,tennis,2015,2017,0.66,1,True,reversion
oh_4009521_-8306279:c005,oh_4009521_-8306279,Franklin,tennis,hybrid,2019,2021,0.373,1,True,low_confidence
oh_4009521_-8306279:c006,oh_4009521_-8306279,Franklin,tennis,hybrid,2021,2023,0.666,1,False,
oh_4009521_-8306279:c007,oh_4009521_-8306279,Franklin,pickleball,removed,2011,2013,0.338,1,True,low_confidence
oh_4009521_-8306279:c007,oh_4009521_-8306279,Franklin,removed,pickleball,2013,2015,0.338,1,True,low_confidence;reversion
oh_4009521_-8306279:c008,oh_4009521_-8306279,Franklin,removed,pickleball,2013,2015,0.47,2,True,low_confidence;reversion
oh_4009528_-8296236:c001,oh_4009528_-8296236,Franklin,tennis,hybrid,2021,2023,0.506,1,True,low_confidence
oh_4009528_-8296236:c002,oh_4009528_-8296236,Franklin,tennis,hybrid,2019,2021,0.505,1,True,low_confidence
oh_4009528_-8296236:c003,oh_4009528_-8296236,Franklin,tennis,hybrid,2019,2021,0.313,1,True,low_confidence
oh_4009663_-8308016:c004,oh_4009663_-8308016,Franklin,pickleball,removed,2021,2023,0.478,1,True,low_confidence
oh_4009725_-8311951:c001,oh_4009725_-8311951,Franklin,tennis,removed,2011,2015,0.485,1,True,low_confidence
oh_4009725_-8311951:c001,oh_4009725_-8311951,Franklin,removed,pickleball,2015,2017,0.359,1,True,low_confidence;reversion
oh_4009725_-8311951:c002,oh_4009725_-8311951,Franklin,removed,pickleball,2015,2017,0.439,1,True,low_confidence;reversion
oh_4009788_-8307843:c001,oh_4009788_-8307843,Franklin,tennis,removed,2013,2015,0.386,1,True,low_confidence
oh_4009788_-8307843:c001,oh_4009788_-8307843,Franklin,removed,tennis,2015,2017,0.48,1,True,low_confidence;reversion
oh_4009998_-8307758:c001,oh_4009998_-8307758,Franklin,tennis,removed,2011,2015,0.635,1,False,
oh_4010065_-8278684:c001,oh_4010065_-8278684,Franklin,tennis,removed,2011,2013,0.361,1,True,low_confidence
oh_4010065_-8278684:c001,oh_4010065_-8278684,Franklin,removed,hybrid,2015,2017,0.458,1,True,low_confidence;reversion
oh_4010065_-8278684:c002,oh_4010065_-8278684,Franklin,tennis,hybrid,2019,2021,0.485,1,True,low_confidence
oh_4010195_-8314136:c001,oh_4010195_-8314136,Franklin,removed,pickleball,2019,2021,0.871,4,True,reversion
oh_4010195_-8314136:c002,oh_4010195_-8314136,Franklin,removed,pickleball,2019,2021,0.713,4,True,reversion
oh_4010215_-8307843:c002,oh_4010215_-8307843,Franklin,tennis,pickleball,2017,2019,0.588,,True,low_confidence
oh_4010444_-8313531:c002,oh_4010444_-8313531,Franklin,removed,tennis,2011,2015,0.326,1,True,low_confidence;reversion
oh_4010461_-8298657:c001,oh_4010461_-8298657,Franklin,tennis,removed,2011,2013,0.486,1,True,low_confidence
oh_4010461_-8298657:c001,oh_4010461_-8298657,Franklin,removed,hybrid,2017,2019,0.296,1,True,low_confidence;reversion
oh_4010461_-8298657:c002,oh_4010461_-8298657,Franklin,removed,hybrid,2019,2023,0.412,1,True,low_confidence;reversion
oh_4010995_-8303211:c001,oh_4010995_-8303211,Franklin,tennis,removed,2013,2015,0.384,1,True,low_confidence
oh_4010995_-8303211:c001,oh_4010995_-8303211,Franklin,removed,tennis,2015,2017,0.548,1,True,low_confidence;reversion
oh_4010995_-8303211:c001,oh_4010995_-8303211,Franklin,tennis,hybrid,2021,2023,0.495,1,True,low_confidence
oh_4010995_-8303211:c002,oh_4010995_-8303211,Franklin,tennis,hybrid,2021,2023,0.669,1,False,
oh_4010995_-8303211:c003,oh_4010995_-8303211,Franklin,tennis,removed,2011,2013,0.521,1,True,low_confidence
oh_4010995_-8303211:c003,oh_4010995_-8303211,Franklin,removed,tennis,2013,2015,0.415,1,True,low_confidence;reversion
oh_4010995_-8303211:c003,oh_4010995_-8303211,Franklin,tennis,hybrid,2021,2023,0.702,1,False,
oh_4010995_-8303211:c004,oh_4010995_-8303211,Franklin,tennis,hybrid,2021,2023,0.669,1,False,
oh_4010995_-8303211:c006,oh_4010995_-8303211,Franklin,pickleball,removed,2011,2013,0.337,1,True,low_confidence
oh_4010995_-8303211:c006,oh_4010995_-8303211,Franklin,removed,pickleball,2015,2017,0.42,3,True,low_confidence;reversion
oh_4011148_-8291205:c001,oh_4011148_-8291205,Franklin,removed,tennis,2015,2019,0.592,1,True,low_confidence;reversion
oh_4011148_-8291205:c001,oh_4011148_-8291205,Franklin,tennis,hybrid,2021,2023,0.687,1,False,
oh_4011288_-8072549:c001,oh_4011288_-8072549,Belmont,hybrid,tennis,2011,2013,0.443,1,True,low_confidence;reversion
oh_4011288_-8072549:c001,oh_4011288_-8072549,Belmont,tennis,hybrid,2015,2016,0.407,1,True,low_confidence
oh_4011288_-8072549:c002,oh_4011288_-8072549,Belmont,tennis,hybrid,2018,2019,0.532,1,True,low_confidence
oh_4011341_-8463104:c001,oh_4011341_-8463104,Darke,tennis,hybrid,2017,2019,0.569,1,True,low_confidence
oh_4011341_-8463104:c001,oh_4011341_-8463104,Darke,hybrid,tennis,2021,2023,0.629,1,True,reversion
oh_4011341_-8463104:c002,oh_4011341_-8463104,Darke,tennis,hybrid,2019,2021,0.458,1,True,low_confidence
oh_4011341_-8463104:c002,oh_4011341_-8463104,Darke,hybrid,tennis,2021,2023,0.589,1,True,low_confidence;reversion
oh_4011341_-8463104:c003,oh_4011341_-8463104,Darke,tennis,hybrid,2019,2021,0.514,1,True,low_confidence
oh_4011341_-8463104:c003,oh_4011341_-8463104,Darke,hybrid,tennis,2021,2023,0.723,1,True,reversion
oh_4011341_-8463104:c004,oh_4011341_-8463104,Darke,tennis,hybrid,2019,2021,0.546,1,True,low_confidence
oh_4011341_-8463104:c004,oh_4011341_-8463104,Darke,hybrid,tennis,2021,2023,0.609,1,True,reversion
oh_4011341_-8463104:c005,oh_4011341_-8463104,Darke,tennis,hybrid,2019,2021,0.493,1,True,low_confidence
oh_4011341_-8463104:c005,oh_4011341_-8463104,Darke,hybrid,tennis,2021,2023,0.887,1,True,reversion
oh_4011341_-8463104:c006,oh_4011341_-8463104,Darke,tennis,hybrid,2019,2021,0.471,1,True,low_confidence
oh_4011341_-8463104:c006,oh_4011341_-8463104,Darke,hybrid,tennis,2021,2023,0.862,1,True,reversion
oh_4011341_-8463104:c007,oh_4011341_-8463104,Darke,tennis,hybrid,2017,2019,0.505,1,True,low_confidence
oh_4011341_-8463104:c007,oh_4011341_-8463104,Darke,hybrid,tennis,2021,2023,0.674,1,True,reversion
oh_4011341_-8463104:c008,oh_4011341_-8463104,Darke,tennis,hybrid,2019,2021,0.459,1,True,low_confidence
oh_4011341_-8463104:c008,oh_4011341_-8463104,Darke,hybrid,tennis,2021,2023,0.825,1,True,reversion
oh_4011341_-8463104:c009,oh_4011341_-8463104,Darke,tennis,hybrid,2019,2021,0.459,1,True,low_confidence
oh_4011341_-8463104:c009,oh_4011341_-8463104,Darke,hybrid,tennis,2021,2023,0.701,1,True,reversion
oh_4011438_-8300446:c001,oh_4011438_-8300446,Franklin,removed,pickleball,2017,2019,0.514,,True,low_confidence;reversion
oh_4011438_-8300446:c001,oh_4011438_-8300446,Franklin,pickleball,removed,2021,2023,0.458,1,True,low_confidence
oh_4011511_-8316645:c002,oh_4011511_-8316645,Franklin,tennis,removed,2013,2015,0.545,1,True,low_confidence
oh_4011511_-8316645:c002,oh_4011511_-8316645,Franklin,removed,tennis,2017,2019,0.511,1,True,low_confidence;reversion
oh_4011511_-8316645:c004,oh_4011511_-8316645,Franklin,tennis,hybrid,2021,2023,0.474,1,True,low_confidence
oh_4011511_-8316645:c005,oh_4011511_-8316645,Franklin,removed,tennis,2015,2021,0.561,1,True,low_confidence;reversion
oh_4011750_-8278845:c001,oh_4011750_-8278845,Franklin,tennis,hybrid,2019,2021,0.801,1,False,
oh_4011750_-8278845:c002,oh_4011750_-8278845,Franklin,tennis,hybrid,2019,2021,0.708,1,False,
oh_4011805_-8292128:c001,oh_4011805_-8292128,Franklin,tennis,removed,2017,2019,0.537,1,True,low_confidence
oh_4011805_-8292128:c001,oh_4011805_-8292128,Franklin,removed,tennis,2021,2023,0.571,1,True,low_confidence;reversion
oh_4011805_-8292128:c005,oh_4011805_-8292128,Franklin,tennis,hybrid,2019,2023,0.595,1,True,low_confidence
oh_4011963_-8302097:c001,oh_4011963_-8302097,Franklin,tennis,hybrid,2019,2021,0.63,1,False,
oh_4012024_-8307714:c005,oh_4012024_-8307714,Franklin,tennis,removed,2011,2013,0.786,1,False,
oh_4012024_-8307714:c005,oh_4012024_-8307714,Franklin,removed,tennis,2015,2017,0.483,1,True,low_confidence;reversion
oh_4012024_-8307714:c005,oh_4012024_-8307714,Franklin,tennis,hybrid,2021,2023,0.602,1,False,
oh_4012167_-8200770:c001,oh_4012167_-8200770,Muskingum,removed,tennis,2015,2017,0.49,1,True,low_confidence;reversion
oh_4012167_-8200770:c001,oh_4012167_-8200770,Muskingum,tennis,removed,2019,2021,0.492,1,True,low_confidence
oh_4012225_-8315993:c002,oh_4012225_-8315993,Franklin,tennis,removed,2013,2015,0.336,1,True,low_confidence
oh_4012225_-8315993:c002,oh_4012225_-8315993,Franklin,removed,tennis,2015,2017,0.736,1,True,reversion
oh_4012225_-8315993:c002,oh_4012225_-8315993,Franklin,tennis,pickleball,2019,2021,0.679,,False,
oh_4012225_-8315993:c002,oh_4012225_-8315993,Franklin,pickleball,tennis,2021,2023,0.554,1,True,low_confidence;reversion
oh_4012247_-8309752:c001,oh_4012247_-8309752,Franklin,tennis,hybrid,2021,2023,0.535,1,True,low_confidence
oh_4012247_-8309752:c005,oh_4012247_-8309752,Franklin,tennis,hybrid,2021,2023,0.42,1,True,low_confidence
oh_4012268_-8294946:c001,oh_4012268_-8294946,Franklin,tennis,removed,2011,2013,0.472,1,True,low_confidence
oh_4012268_-8294946:c001,oh_4012268_-8294946,Franklin,removed,tennis,2015,2017,0.432,1,True,low_confidence;reversion
oh_4012268_-8294946:c001,oh_4012268_-8294946,Franklin,tennis,hybrid,2019,2021,0.617,1,False,
oh_4012268_-8294946:c002,oh_4012268_-8294946,Franklin,tennis,removed,2011,2013,0.51,1,True,low_confidence
oh_4012268_-8294946:c002,oh_4012268_-8294946,Franklin,removed,tennis,2015,2017,0.483,1,True,low_confidence;reversion
oh_4012268_-8294946:c002,oh_4012268_-8294946,Franklin,tennis,hybrid,2019,2021,0.468,1,True,low_confidence
oh_4012358_-8304591:c001,oh_4012358_-8304591,Franklin,tennis,removed,2019,2021,0.263,1,True,low_confidence
oh_4012358_-8304591:c001,oh_4012358_-8304591,Franklin,removed,hybrid,2021,2023,0.263,1,True,low_confidence;reversion
oh_4012358_-8304591:c002,oh_4012358_-8304591,Franklin,tennis,removed,2017,2019,0.556,1,True,low_confidence
oh_4012358_-8304591:c002,oh_4012358_-8304591,Franklin,removed,pickleball,2021,2023,0.356,,True,low_confidence;reversion
oh_4012358_-8304591:c003,oh_4012358_-8304591,Franklin,pickleball,tennis,2011,2017,0.354,1,True,low_confidence;reversion
oh_4012358_-8304591:c003,oh_4012358_-8304591,Franklin,tennis,removed,2017,2019,0.282,1,True,low_confidence
oh_4012358_-8304591:c005,oh_4012358_-8304591,Franklin,removed,hybrid,2013,2015,0.477,1,True,low_confidence;reversion
oh_4012358_-8304591:c005,oh_4012358_-8304591,Franklin,hybrid,tennis,2015,2017,0.657,1,True,reversion
oh_4012358_-8304591:c005,oh_4012358_-8304591,Franklin,tennis,removed,2017,2021,0.489,1,True,low_confidence
oh_4012358_-8304591:c005,oh_4012358_-8304591,Franklin,removed,hybrid,2021,2023,0.489,1,True,low_confidence;reversion
oh_4012358_-8304591:c008,oh_4012358_-8304591,Franklin,hybrid,removed,2013,2015,0.449,1,True,low_confidence
oh_4012358_-8304591:c008,oh_4012358_-8304591,Franklin,removed,hybrid,2017,2019,0.276,1,True,low_confidence;reversion
oh_4012358_-8304591:c009,oh_4012358_-8304591,Franklin,tennis,removed,2011,2015,0.441,1,True,low_confidence
oh_4012358_-8304591:c009,oh_4012358_-8304591,Franklin,removed,hybrid,2015,2019,0.49,1,True,low_confidence;reversion
oh_4012358_-8304591:c010,oh_4012358_-8304591,Franklin,removed,hybrid,2019,2021,0.351,1,True,low_confidence;reversion
oh_4012358_-8304591:c011,oh_4012358_-8304591,Franklin,tennis,removed,2017,2021,0.549,1,True,low_confidence
oh_4012358_-8304591:c011,oh_4012358_-8304591,Franklin,removed,hybrid,2021,2023,0.549,1,True,low_confidence;reversion
oh_4012358_-8304591:c012,oh_4012358_-8304591,Franklin,hybrid,removed,2011,2013,0.454,1,True,low_confidence
oh_4012358_-8304591:c012,oh_4012358_-8304591,Franklin,removed,hybrid,2019,2021,0.792,1,True,reversion
oh_4012358_-8304591:c013,oh_4012358_-8304591,Franklin,hybrid,tennis,2015,2017,0.554,1,True,low_confidence;reversion
oh_4012358_-8304591:c013,oh_4012358_-8304591,Franklin,tennis,pickleball,2021,2023,0.576,,True,low_confidence
oh_4012358_-8304591:c014,oh_4012358_-8304591,Franklin,hybrid,tennis,2011,2013,0.553,1,True,low_confidence;reversion
oh_4012358_-8304591:c014,oh_4012358_-8304591,Franklin,tennis,pickleball,2019,2021,0.556,,True,low_confidence
oh_4012358_-8304591:c015,oh_4012358_-8304591,Franklin,removed,pickleball,2021,2023,0.268,,True,low_confidence;reversion
oh_4012358_-8304591:c016,oh_4012358_-8304591,Franklin,tennis,hybrid,2017,2019,0.599,1,True,low_confidence
oh_4012358_-8304591:c017,oh_4012358_-8304591,Franklin,tennis,removed,2017,2019,0.559,1,True,low_confidence
oh_4012358_-8304591:c017,oh_4012358_-8304591,Franklin,removed,hybrid,2021,2023,0.688,1,True,reversion
oh_4012358_-8304591:c018,oh_4012358_-8304591,Franklin,removed,tennis,2015,2017,0.681,1,True,reversion
oh_4012358_-8304591:c018,oh_4012358_-8304591,Franklin,tennis,removed,2017,2019,0.591,1,True,low_confidence
oh_4012471_-8299859:c001,oh_4012471_-8299859,Franklin,tennis,removed,2011,2013,0.658,1,False,
oh_4012471_-8299859:c002,oh_4012471_-8299859,Franklin,tennis,removed,2013,2015,0.455,1,True,low_confidence
oh_4012501_-8311437:c001,oh_4012501_-8311437,Franklin,removed,tennis,2017,2019,0.623,1,True,reversion
oh_4012501_-8311437:c002,oh_4012501_-8311437,Franklin,removed,tennis,2017,2019,0.699,1,True,reversion
oh_4012501_-8311437:c002,oh_4012501_-8311437,Franklin,tennis,pickleball,2021,2023,0.608,,False,
oh_4012997_-8301989:c001,oh_4012997_-8301989,Franklin,tennis,removed,2011,2013,0.484,1,True,low_confidence
oh_4012997_-8301989:c001,oh_4012997_-8301989,Franklin,removed,tennis,2015,2017,0.486,1,True,low_confidence;reversion
oh_4012997_-8301989:c001,oh_4012997_-8301989,Franklin,tennis,removed,2021,2023,0.578,1,True,low_confidence
oh_4012997_-8301989:c002,oh_4012997_-8301989,Franklin,tennis,removed,2021,2023,0.407,1,True,low_confidence
oh_4013072_-8443031:c001,oh_4013072_-8443031,Miami,tennis,removed,2017,2019,0.741,1,False,
oh_4013267_-8325320:c001,oh_4013267_-8325320,Union,tennis,removed,2011,2015,0.513,1,True,low_confidence
oh_4013351_-8298019:c001,oh_4013351_-8298019,Franklin,tennis,removed,2011,2013,0.653,1,False,
oh_4013351_-8298019:c001,oh_4013351_-8298019,Franklin,removed,tennis,2013,2015,0.545,1,True,low_confidence;reversion
oh_4013351_-8298019:c002,oh_4013351_-8298019,Franklin,tennis,removed,2011,2013,0.535,1,True,low_confidence
oh_4013351_-8298019:c002,oh_4013351_-8298019,Franklin,removed,tennis,2013,2015,0.426,1,True,low_confidence;reversion
oh_4013351_-8298019:c005,oh_4013351_-8298019,Franklin,pickleball,removed,2011,2013,0.413,1,True,low_confidence
oh_4013351_-8298019:c005,oh_4013351_-8298019,Franklin,removed,tennis,2015,2017,0.657,1,True,reversion
oh_4013351_-8298019:c005,oh_4013351_-8298019,Franklin,tennis,hybrid,2021,2023,0.486,1,True,low_confidence
oh_4013351_-8298019:c006,oh_4013351_-8298019,Franklin,tennis,removed,2011,2013,0.631,1,False,
oh_4013351_-8298019:c006,oh_4013351_-8298019,Franklin,removed,tennis,2015,2017,0.765,1,True,reversion
oh_4013375_-8317393:c001,oh_4013375_-8317393,Union,tennis,hybrid,2011,2013,0.787,1,False,
oh_4013375_-8317393:c001,oh_4013375_-8317393,Union,hybrid,tennis,2013,2015,0.469,1,True,low_confidence;reversion
oh_4013375_-8317393:c001,oh_4013375_-8317393,Union,tennis,hybrid,2021,2023,0.472,1,True,low_confidence
oh_4013375_-8317393:c004,oh_4013375_-8317393,Union,tennis,hybrid,2011,2013,0.885,1,False,
oh_4013375_-8317393:c004,oh_4013375_-8317393,Union,hybrid,tennis,2013,2015,0.583,1,True,low_confidence;reversion
oh_4013375_-8317393:c005,oh_4013375_-8317393,Union,tennis,hybrid,2011,2013,0.81,1,False,
oh_4013375_-8317393:c005,oh_4013375_-8317393,Union,hybrid,tennis,2013,2015,0.462,1,True,low_confidence;reversion
oh_4013375_-8317393:c005,oh_4013375_-8317393,Union,tennis,hybrid,2021,2023,0.458,1,True,low_confidence
oh_4013389_-8300415:c001,oh_4013389_-8300415,Franklin,tennis,removed,2011,2013,0.395,1,True,low_confidence
oh_4013389_-8300415:c001,oh_4013389_-8300415,Franklin,removed,tennis,2015,2017,0.861,1,True,reversion
oh_4013389_-8300415:c001,oh_4013389_-8300415,Franklin,tennis,removed,2021,2023,0.474,1,True,low_confidence
oh_4013392_-8289608:c001,oh_4013392_-8289608,Delaware,removed,tennis,2015,2017,0.696,1,True,reversion
oh_4013392_-8289608:c001,oh_4013392_-8289608,Delaware,tennis,hybrid,2021,2023,0.603,1,False,
oh_4013392_-8289608:c002,oh_4013392_-8289608,Delaware,removed,tennis,2011,2015,0.39,1,True,low_confidence;reversion
oh_4013392_-8289608:c003,oh_4013392_-8289608,Delaware,removed,tennis,2013,2015,0.382,1,True,low_confidence;reversion
oh_4013392_-8289608:c003,oh_4013392_-8289608,Delaware,tennis,hybrid,2021,2023,0.583,1,True,low_confidence
oh_4013392_-8289608:c004,oh_4013392_-8289608,Delaware,removed,tennis,2011,2015,0.357,1,True,low_confidence;reversion
oh_4013392_-8289608:c004,oh_4013392_-8289608,Delaware,tennis,hybrid,2021,2023,0.548,1,True,low_confidence
oh_4013392_-8289608:c005,oh_4013392_-8289608,Delaware,removed,tennis,2015,2017,0.631,1,True,reversion
oh_4013420_-8426145:c002,oh_4013420_-8426145,Miami,tennis,hybrid,2019,2021,0.408,1,True,low_confidence
oh_4013420_-8426145:c003,oh_4013420_-8426145,Miami,tennis,hybrid,2019,2021,0.523,1,True,low_confidence
oh_4013420_-8426145:c004,oh_4013420_-8426145,Miami,tennis,hybrid,2021,2023,0.353,1,True,low_confidence
oh_4013420_-8426145:c005,oh_4013420_-8426145,Miami,tennis,hybrid,2019,2021,0.373,1,True,low_confidence
oh_4013493_-8314235:c001,oh_4013493_-8314235,Franklin,tennis,removed,2011,2013,0.563,1,True,low_confidence
oh_4013493_-8314235:c001,oh_4013493_-8314235,Franklin,removed,tennis,2017,2019,0.735,1,True,reversion
oh_4013493_-8314235:c001,oh_4013493_-8314235,Franklin,tennis,hybrid,2021,2023,0.496,1,True,low_confidence
oh_4013493_-8314235:c002,oh_4013493_-8314235,Franklin,tennis,removed,2011,2013,0.454,1,True,low_confidence
oh_4013493_-8314235:c002,oh_4013493_-8314235,Franklin,removed,tennis,2017,2019,0.569,1,True,low_confidence;reversion
oh_4013493_-8314235:c003,oh_4013493_-8314235,Franklin,tennis,removed,2011,2015,0.523,1,True,low_confidence
oh_4013493_-8314235:c003,oh_4013493_-8314235,Franklin,removed,tennis,2017,2019,0.696,1,True,reversion
oh_4013493_-8314235:c004,oh_4013493_-8314235,Franklin,tennis,removed,2011,2013,0.552,1,True,low_confidence
oh_4013493_-8314235:c004,oh_4013493_-8314235,Franklin,removed,tennis,2015,2017,0.45,1,True,low_confidence;reversion
oh_4013529_-8374599:c001,oh_4013529_-8374599,Champaign,tennis,removed,2013,2015,0.309,1,True,low_confidence
oh_4013529_-8374599:c001,oh_4013529_-8374599,Champaign,removed,hybrid,2017,2019,0.312,1,True,low_confidence;reversion
oh_4013529_-8374599:c002,oh_4013529_-8374599,Champaign,removed,hybrid,2017,2019,0.483,1,True,low_confidence;reversion
oh_4013529_-8374599:c002,oh_4013529_-8374599,Champaign,hybrid,tennis,2021,2023,0.669,1,True,reversion
oh_4013865_-8312542:c001,oh_4013865_-8312542,Franklin,tennis,removed,2011,2013,0.584,1,True,low_confidence
oh_4013865_-8312542:c001,oh_4013865_-8312542,Franklin,removed,tennis,2015,2017,0.541,1,True,low_confidence;reversion
oh_4014002_-8315442:c001,oh_4014002_-8315442,Franklin,tennis,hybrid,2011,2013,0.549,1,True,low_confidence
oh_4014002_-8315442:c001,oh_4014002_-8315442,Franklin,hybrid,removed,2013,2015,0.634,1,False,
oh_4014002_-8315442:c002,oh_4014002_-8315442,Franklin,tennis,removed,2021,2023,0.373,1,True,low_confidence
oh_4014002_-8315442:c003,oh_4014002_-8315442,Franklin,tennis,removed,2017,2019,0.398,1,True,low_confidence
oh_4014002_-8315442:c004,oh_4014002_-8315442,Franklin,tennis,removed,2015,2017,0.529,1,True,low_confidence
oh_4014002_-8315442:c004,oh_4014002_-8315442,Franklin,removed,hybrid,2017,2019,0.529,1,True,low_confidence;reversion
oh_4014002_-8315442:c005,oh_4014002_-8315442,Franklin,tennis,hybrid,2019,2021,0.408,1,True,low_confidence
oh_4014002_-8315442:c006,oh_4014002_-8315442,Franklin,tennis,hybrid,2011,2013,0.523,1,True,low_confidence
oh_4014002_-8315442:c006,oh_4014002_-8315442,Franklin,hybrid,tennis,2013,2015,0.412,1,True,low_confidence;reversion
oh_4014002_-8315442:c006,oh_4014002_-8315442,Franklin,tennis,hybrid,2017,2019,0.743,1,False,
oh_4014002_-8315442:c007,oh_4014002_-8315442,Franklin,tennis,removed,2011,2013,0.453,1,True,low_confidence
oh_4014002_-8315442:c007,oh_4014002_-8315442,Franklin,removed,tennis,2015,2017,0.654,1,True,reversion
oh_4014002_-8315442:c007,oh_4014002_-8315442,Franklin,tennis,removed,2019,2021,0.525,1,True,low_confidence
oh_4014002_-8315442:c007,oh_4014002_-8315442,Franklin,removed,hybrid,2021,2023,0.561,1,True,low_confidence;reversion
oh_4014057_-8291711:c003,oh_4014057_-8291711,Delaware,removed,pickleball,2019,2021,0.322,2,True,low_confidence;reversion
oh_4014057_-8291711:c004,oh_4014057_-8291711,Delaware,removed,pickleball,2021,2023,0.617,2,True,reversion
oh_4014319_-8305049:c001,oh_4014319_-8305049,Delaware,tennis,hybrid,2021,2023,0.661,1,False,
oh_4014362_-8106914:c001,oh_4014362_-8106914,Belmont,removed,hybrid,2015,2017,0.319,1,True,low_confidence;reversion
oh_4014363_-8313795:c001,oh_4014363_-8313795,Delaware,tennis,pickleball,2011,2019,0.667,,False,
oh_4014363_-8316438:c001,oh_4014363_-8316438,Delaware,tennis,removed,2011,2013,0.401,1,True,low_confidence
oh_4014363_-8316438:c001,oh_4014363_-8316438,Delaware,removed,tennis,2015,2017,0.531,1,True,low_confidence;reversion
oh_4014363_-8316438:c001,oh_4014363_-8316438,Delaware,tennis,hybrid,2021,2023,0.473,1,True,low_confidence
oh_4014363_-8316438:c002,oh_4014363_-8316438,Delaware,tennis,hybrid,2021,2023,0.492,1,True,low_confidence
oh_4014363_-8316438:c005,oh_4014363_-8316438,Delaware,tennis,removed,2013,2015,0.348,1,True,low_confidence
oh_4014363_-8316438:c005,oh_4014363_-8316438,Delaware,removed,tennis,2015,2017,0.582,1,True,low_confidence;reversion
oh_4014669_-8318005:c001,oh_4014669_-8318005,Union,hybrid,tennis,2013,2015,0.395,1,True,low_confidence;reversion
oh_4014669_-8318005:c001,oh_4014669_-8318005,Union,tennis,hybrid,2017,2019,0.393,1,True,low_confidence
oh_4014669_-8318005:c001,oh_4014669_-8318005,Union,hybrid,removed,2021,2023,0.72,1,False,
oh_4014669_-8318005:c002,oh_4014669_-8318005,Union,hybrid,tennis,2013,2015,0.456,1,True,low_confidence;reversion
oh_4014669_-8318005:c002,oh_4014669_-8318005,Union,tennis,hybrid,2019,2021,0.372,1,True,low_confidence
oh_4014669_-8318005:c003,oh_4014669_-8318005,Union,hybrid,tennis,2013,2015,0.33,1,True,low_confidence;reversion
oh_4014669_-8318005:c003,oh_4014669_-8318005,Union,tennis,hybrid,2017,2019,0.522,1,True,low_confidence
oh_4014669_-8318005:c003,oh_4014669_-8318005,Union,hybrid,removed,2021,2023,0.635,1,False,
oh_4014669_-8318005:c004,oh_4014669_-8318005,Union,hybrid,removed,2013,2015,0.695,1,False,
oh_4014669_-8318005:c004,oh_4014669_-8318005,Union,removed,tennis,2015,2017,0.694,1,True,reversion
oh_4014669_-8318005:c004,oh_4014669_-8318005,Union,tennis,hybrid,2019,2021,0.403,1,True,low_confidence
oh_4014669_-8318005:c004,oh_4014669_-8318005,Union,hybrid,removed,2021,2023,0.403,1,True,low_confidence
oh_4014669_-8318005:c005,oh_4014669_-8318005,Union,hybrid,tennis,2013,2015,0.388,1,True,low_confidence;reversion
oh_4014669_-8318005:c005,oh_4014669_-8318005,Union,tennis,removed,2019,2021,0.503,1,True,low_confidence
oh_4014669_-8318005:c006,oh_4014669_-8318005,Union,hybrid,tennis,2015,2017,0.612,1,True,reversion
oh_4014669_-8318005:c006,oh_4014669_-8318005,Union,tennis,hybrid,2019,2021,0.53,1,True,low_confidence
oh_4014986_-8286072:c001,oh_4014986_-8286072,Delaware,removed,tennis,2015,2019,0.499,1,True,low_confidence;reversion
oh_4014986_-8286072:c001,oh_4014986_-8286072,Delaware,tennis,hybrid,2019,2021,0.63,1,False,
oh_4015160_-8316617:c001,oh_4015160_-8316617,Delaware,tennis,hybrid,2019,2021,0.471,1,True,low_confidence
oh_4015160_-8316617:c002,oh_4015160_-8316617,Delaware,tennis,pickleball,2019,2021,0.385,,True,low_confidence
oh_4015160_-8316617:c003,oh_4015160_-8316617,Delaware,tennis,removed,2021,2023,0.44,1,True,low_confidence
oh_4015160_-8316617:c004,oh_4015160_-8316617,Delaware,tennis,hybrid,2017,2019,0.727,1,False,
oh_4015160_-8316617:c005,oh_4015160_-8316617,Delaware,tennis,hybrid,2019,2021,0.378,1,True,low_confidence
oh_4015160_-8316617:c006,oh_4015160_-8316617,Delaware,tennis,hybrid,2019,2021,0.363,1,True,low_confidence
oh_4015267_-8289027:c001,oh_4015267_-8289027,Delaware,removed,pickleball,2021,2023,0.58,,True,low_confidence;reversion
oh_4015297_-8314204:c001,oh_4015297_-8314204,Delaware,tennis,removed,2013,2015,0.407,1,True,low_confidence
oh_4015297_-8314204:c001,oh_4015297_-8314204,Delaware,removed,tennis,2017,2019,0.613,1,True,reversion
oh_4015297_-8314204:c002,oh_4015297_-8314204,Delaware,tennis,removed,2011,2013,0.309,1,True,low_confidence
oh_4015297_-8314204:c002,oh_4015297_-8314204,Delaware,removed,tennis,2015,2017,0.757,1,True,reversion
oh_4015297_-8314204:c003,oh_4015297_-8314204,Delaware,tennis,removed,2011,2013,0.405,1,True,low_confidence
oh_4015297_-8314204:c003,oh_4015297_-8314204,Delaware,removed,tennis,2015,2017,0.724,1,True,reversion
oh_4015297_-8314204:c004,oh_4015297_-8314204,Delaware,tennis,removed,2013,2015,0.326,1,True,low_confidence
oh_4015297_-8314204:c004,oh_4015297_-8314204,Delaware,removed,tennis,2015,2017,0.675,1,True,reversion
oh_4015297_-8314204:c005,oh_4015297_-8314204,Delaware,tennis,removed,2013,2015,0.378,1,True,low_confidence
oh_4015297_-8314204:c005,oh_4015297_-8314204,Delaware,removed,tennis,2017,2019,0.394,1,True,low_confidence;reversion
oh_4015308_-8307285:c001,oh_4015308_-8307285,Delaware,removed,tennis,2015,2017,0.565,1,True,low_confidence;reversion
oh_4015308_-8307285:c001,oh_4015308_-8307285,Delaware,tennis,hybrid,2019,2021,0.477,1,True,low_confidence
oh_4015308_-8307285:c002,oh_4015308_-8307285,Delaware,tennis,removed,2011,2013,0.398,1,True,low_confidence
oh_4015308_-8307285:c002,oh_4015308_-8307285,Delaware,removed,tennis,2015,2017,0.706,1,True,reversion
oh_4015308_-8307285:c002,oh_4015308_-8307285,Delaware,tennis,hybrid,2019,2021,0.493,1,True,low_confidence
oh_4015308_-8307285:c003,oh_4015308_-8307285,Delaware,tennis,removed,2011,2013,0.44,1,True,low_confidence
oh_4015308_-8307285:c003,oh_4015308_-8307285,Delaware,removed,tennis,2015,2017,0.713,1,True,reversion
oh_4015308_-8307285:c003,oh_4015308_-8307285,Delaware,tennis,hybrid,2021,2023,0.739,1,False,
oh_4015308_-8307285:c004,oh_4015308_-8307285,Delaware,removed,tennis,2015,2017,0.795,1,True,reversion
oh_4015308_-8307285:c004,oh_4015308_-8307285,Delaware,tennis,hybrid,2021,2023,0.657,1,False,
oh_4015333_-8290595:c002,oh_4015333_-8290595,Delaware,tennis,removed,2019,2021,0.368,1,True,low_confidence
oh_4015333_-8290595:c006,oh_4015333_-8290595,Delaware,tennis,removed,2021,2023,0.48,1,True,low_confidence
oh_4015629_-8309838:c001,oh_4015629_-8309838,Delaware,tennis,removed,2013,2015,0.327,1,True,low_confidence
oh_4015629_-8309838:c001,oh_4015629_-8309838,Delaware,removed,tennis,2015,2017,0.867,1,True,reversion
oh_4015629_-8309838:c001,oh_4015629_-8309838,Delaware,tennis,removed,2021,2023,0.482,1,True,low_confidence
oh_4015629_-8309838:c002,oh_4015629_-8309838,Delaware,tennis,removed,2013,2015,0.342,1,True,low_confidence
oh_4015629_-8309838:c002,oh_4015629_-8309838,Delaware,removed,tennis,2015,2017,0.453,1,True,low_confidence;reversion
oh_4015629_-8309838:c002,oh_4015629_-8309838,Delaware,tennis,hybrid,2021,2023,0.381,1,True,low_confidence
oh_4015629_-8309838:c003,oh_4015629_-8309838,Delaware,hybrid,removed,2013,2015,0.622,1,False,
oh_4015629_-8309838:c003,oh_4015629_-8309838,Delaware,removed,tennis,2015,2017,0.829,1,True,reversion
oh_4015629_-8309838:c003,oh_4015629_-8309838,Delaware,tennis,hybrid,2017,2019,0.507,1,True,low_confidence
oh_4015629_-8309838:c004,oh_4015629_-8309838,Delaware,tennis,removed,2013,2015,0.601,1,False,
oh_4015629_-8309838:c004,oh_4015629_-8309838,Delaware,removed,tennis,2017,2019,0.314,1,True,low_confidence;reversion
oh_4015629_-8309838:c004,oh_4015629_-8309838,Delaware,tennis,hybrid,2019,2021,0.314,1,True,low_confidence
oh_4015629_-8309838:c005,oh_4015629_-8309838,Delaware,tennis,removed,2013,2015,0.462,1,True,low_confidence
oh_4015629_-8309838:c005,oh_4015629_-8309838,Delaware,removed,tennis,2015,2017,0.773,1,True,reversion
oh_4015629_-8309838:c005,oh_4015629_-8309838,Delaware,tennis,removed,2021,2023,0.702,1,False,
oh_4015629_-8309838:c006,oh_4015629_-8309838,Delaware,hybrid,tennis,2013,2015,0.365,1,True,low_confidence;reversion
oh_4015629_-8309838:c006,oh_4015629_-8309838,Delaware,tennis,hybrid,2019,2021,0.454,1,True,low_confidence
oh_4015701_-8310016:c001,oh_4015701_-8310016,Delaware,removed,tennis,2011,2013,0.404,1,True,low_confidence;reversion
oh_4015701_-8310016:c001,oh_4015701_-8310016,Delaware,tennis,removed,2017,2019,0.497,1,True,low_confidence
oh_4015701_-8310016:c001,oh_4015701_-8310016,Delaware,removed,pickleball,2021,2023,0.508,,True,low_confidence;reversion
oh_4015701_-8310016:c002,oh_4015701_-8310016,Delaware,removed,tennis,2013,2015,0.634,1,True,reversion
oh_4015701_-8310016:c002,oh_4015701_-8310016,Delaware,tennis,removed,2017,2019,0.605,1,False,
oh_4015701_-8310016:c002,oh_4015701_-8310016,Delaware,removed,tennis,2021,2023,0.57,1,True,low_confidence;reversion
oh_4015701_-8310016:c003,oh_4015701_-8310016,Delaware,removed,tennis,2013,2015,0.589,1,True,low_confidence;reversion
oh_4015701_-8310016:c003,oh_4015701_-8310016,Delaware,tennis,removed,2017,2019,0.65,1,False,
oh_4015701_-8310016:c003,oh_4015701_-8310016,Delaware,removed,tennis,2021,2023,0.498,1,True,low_confidence;reversion
oh_4015701_-8310016:c004,oh_4015701_-8310016,Delaware,removed,tennis,2013,2015,0.51,1,True,low_confidence;reversion
oh_4015701_-8310016:c004,oh_4015701_-8310016,Delaware,tennis,removed,2019,2021,0.391,1,True,low_confidence
oh_4015701_-8310016:c004,oh_4015701_-8310016,Delaware,removed,pickleball,2021,2023,0.63,,True,reversion
oh_4015701_-8310016:c005,oh_4015701_-8310016,Delaware,removed,pickleball,2013,2015,0.797,,True,reversion
oh_4015701_-8310016:c005,oh_4015701_-8310016,Delaware,pickleball,removed,2017,2019,0.826,1,False,
oh_4015701_-8310016:c005,oh_4015701_-8310016,Delaware,removed,pickleball,2021,2023,0.657,,True,reversion
oh_4015701_-8310016:c006,oh_4015701_-8310016,Delaware,removed,pickleball,2013,2015,0.753,,True,reversion
oh_4015701_-8310016:c006,oh_4015701_-8310016,Delaware,pickleball,removed,2017,2019,0.752,1,False,
oh_4015701_-8310016:c006,oh_4015701_-8310016,Delaware,removed,pickleball,2021,2023,0.652,,True,reversion
oh_4015701_-8310016:c007,oh_4015701_-8310016,Delaware,removed,pickleball,2013,2015,0.619,,True,reversion
oh_4015701_-8310016:c007,oh_4015701_-8310016,Delaware,pickleball,removed,2017,2019,0.835,1,False,
oh_4015701_-8310016:c007,oh_4015701_-8310016,Delaware,removed,pickleball,2021,2023,0.561,,True,low_confidence;reversion
oh_4015701_-8310016:c008,oh_4015701_-8310016,Delaware,removed,pickleball,2013,2015,0.516,,True,low_confidence;reversion
oh_4015701_-8310016:c008,oh_4015701_-8310016,Delaware,pickleball,removed,2017,2019,0.846,1,False,
oh_4015701_-8310016:c008,oh_4015701_-8310016,Delaware,removed,tennis,2019,2023,0.774,1,True,reversion
oh_4015715_-8306270:c004,oh_4015715_-8306270,Delaware,tennis,removed,2021,2023,0.446,1,True,low_confidence
oh_4015790_-8420789:c001,oh_4015790_-8420789,Miami,tennis,removed,2011,2013,0.381,1,True,low_confidence
oh_4016107_-8426963:c001,oh_4016107_-8426963,Miami,tennis,removed,2019,2021,0.277,1,True,low_confidence
oh_4016557_-8070325:c001,oh_4016557_-8070325,Jefferson,tennis,removed,2014,2015,0.67,1,False,
oh_4016557_-8070325:c001,oh_4016557_-8070325,Jefferson,removed,hybrid,2021,2022,0.464,1,True,low_confidence;reversion
oh_4016736_-8294557:c002,oh_4016736_-8294557,Delaware,tennis,hybrid,2019,2021,0.559,1,True,low_confidence
oh_4016736_-8294557:c002,oh_4016736_-8294557,Delaware,hybrid,pickleball,2021,2023,0.559,,True,low_confidence
oh_4016736_-8294557:c003,oh_4016736_-8294557,Delaware,tennis,pickleball,2021,2023,0.528,,True,low_confidence
oh_4016736_-8294557:c004,oh_4016736_-8294557,Delaware,tennis,hybrid,2019,2021,0.491,1,True,low_confidence
oh_4016736_-8294557:c004,oh_4016736_-8294557,Delaware,hybrid,tennis,2021,2023,0.58,1,True,low_confidence;reversion
oh_4016736_-8294557:c005,oh_4016736_-8294557,Delaware,hybrid,tennis,2013,2015,0.508,1,True,low_confidence;reversion
oh_4016736_-8294557:c006,oh_4016736_-8294557,Delaware,pickleball,tennis,2015,2017,0.426,1,True,low_confidence;reversion
oh_4016736_-8294557:c006,oh_4016736_-8294557,Delaware,tennis,removed,2019,2021,0.284,1,True,low_confidence
oh_4016736_-8294557:c006,oh_4016736_-8294557,Delaware,removed,hybrid,2021,2023,0.345,1,True,low_confidence;reversion
oh_4016736_-8294557:c007,oh_4016736_-8294557,Delaware,pickleball,removed,2011,2015,0.505,1,True,low_confidence
oh_4016736_-8294557:c007,oh_4016736_-8294557,Delaware,removed,tennis,2017,2019,0.294,1,True,low_confidence;reversion
oh_4016736_-8294557:c007,oh_4016736_-8294557,Delaware,tennis,hybrid,2019,2021,0.294,1,True,low_confidence
oh_4016736_-8294557:c008,oh_4016736_-8294557,Delaware,removed,tennis,2015,2017,0.67,1,True,reversion
oh_4016736_-8294557:c008,oh_4016736_-8294557,Delaware,tennis,hybrid,2019,2021,0.518,1,True,low_confidence
oh_4016767_-8318991:c001,oh_4016767_-8318991,Union,removed,pickleball,2019,2021,0.319,,True,low_confidence;reversion
oh_4016855_-8308569:c001,oh_4016855_-8308569,Delaware,removed,pickleball,2015,2017,0.462,1,True,low_confidence;reversion
oh_4016930_-8291218:c001,oh_4016930_-8291218,Delaware,hybrid,tennis,2013,2015,0.532,1,True,low_confidence;reversion
oh_4016930_-8291218:c001,oh_4016930_-8291218,Delaware,tennis,hybrid,2017,2019,0.397,1,True,low_confidence
oh_4016930_-8291218:c002,oh_4016930_-8291218,Delaware,hybrid,pickleball,2015,2017,0.319,1,True,low_confidence
oh_4016930_-8291218:c002,oh_4016930_-8291218,Delaware,pickleball,hybrid,2019,2021,0.369,1,True,low_confidence
oh_4016930_-8291218:c003,oh_4016930_-8291218,Delaware,tennis,hybrid,2011,2013,0.705,1,False,
oh_4016930_-8291218:c003,oh_4016930_-8291218,Delaware,hybrid,tennis,2015,2017,0.324,1,True,low_confidence;reversion
oh_4016930_-8291218:c003,oh_4016930_-8291218,Delaware,tennis,hybrid,2017,2019,0.316,1,True,low_confidence
oh_4016930_-8291218:c004,oh_4016930_-8291218,Delaware,hybrid,tennis,2015,2017,0.325,1,True,low_confidence;reversion
oh_4016930_-8291218:c004,oh_4016930_-8291218,Delaware,tennis,hybrid,2017,2019,0.38,1,True,low_confidence
oh_4016972_-8286303:c001,oh_4016972_-8286303,Delaware,tennis,hybrid,2021,2023,0.462,1,True,low_confidence
oh_4017012_-8289129:c001,oh_4017012_-8289129,Delaware,removed,pickleball,2015,2023,0.68,,True,reversion
oh_4017012_-8289129:c002,oh_4017012_-8289129,Delaware,hybrid,tennis,2011,2013,0.346,1,True,low_confidence;reversion
oh_4017012_-8289129:c002,oh_4017012_-8289129,Delaware,tennis,hybrid,2019,2021,0.272,1,True,low_confidence
oh_4017012_-8289129:c003,oh_4017012_-8289129,Delaware,tennis,removed,2011,2013,0.561,1,True,low_confidence
oh_4017012_-8289129:c003,oh_4017012_-8289129,Delaware,removed,tennis,2015,2017,0.622,1,True,reversion
oh_4017012_-8289129:c003,oh_4017012_-8289129,Delaware,tennis,hybrid,2021,2023,0.249,1,True,low_confidence
oh_4017012_-8289129:c004,oh_4017012_-8289129,Delaware,removed,hybrid,2017,2019,0.365,1,True,low_confidence;reversion
oh_4017012_-8289129:c005,oh_4017012_-8289129,Delaware,removed,hybrid,2017,2019,0.463,1,True,low_confidence;reversion
oh_4017083_-8298267:c001,oh_4017083_-8298267,Delaware,removed,tennis,2015,2019,0.77,1,True,reversion
oh_4017083_-8298267:c002,oh_4017083_-8298267,Delaware,tennis,removed,2011,2013,0.323,1,True,low_confidence
oh_4017083_-8298267:c002,oh_4017083_-8298267,Delaware,removed,tennis,2015,2019,0.697,1,True,reversion
oh_4017083_-8298267:c003,oh_4017083_-8298267,Delaware,removed,tennis,2015,2019,0.765,1,True,reversion
oh_4017083_-8298267:c004,oh_4017083_-8298267,Delaware,tennis,removed,2011,2013,0.323,1,True,low_confidence
oh_4017083_-8298267:c004,oh_4017083_-8298267,Delaware,removed,tennis,2015,2019,0.762,1,True,reversion
oh_4017083_-8298267:c005,oh_4017083_-8298267,Delaware,tennis,removed,2011,2013,0.35,1,True,low_confidence
oh_4017083_-8298267:c005,oh_4017083_-8298267,Delaware,removed,tennis,2015,2019,0.757,1,True,reversion
oh_4017083_-8298267:c006,oh_4017083_-8298267,Delaware,removed,tennis,2015,2019,0.709,1,True,reversion
oh_4017083_-8298267:c007,oh_4017083_-8298267,Delaware,removed,tennis,2015,2019,0.799,1,True,reversion
oh_4017083_-8298267:c008,oh_4017083_-8298267,Delaware,removed,tennis,2015,2019,0.619,1,True,reversion
oh_4017300_-8302900:c001,oh_4017300_-8302900,Delaware,removed,pickleball,2017,2023,0.335,,True,low_confidence;reversion
oh_4017858_-8306992:c001,oh_4017858_-8306992,Delaware,tennis,hybrid,2017,2019,0.712,1,False,
oh_4017858_-8306992:c001,oh_4017858_-8306992,Delaware,hybrid,tennis,2021,2023,0.677,1,True,reversion
oh_4018250_-8336098:c001,oh_4018250_-8336098,Union,removed,tennis,2011,2015,0.329,1,True,low_confidence;reversion
oh_4018256_-8427901:c001,oh_4018256_-8427901,Miami,tennis,pickleball,2021,2023,0.688,,False,
oh_4018359_-8319694:c001,oh_4018359_-8319694,Union,removed,tennis,2019,2021,0.637,1,True,reversion
oh_4018686_-8304888:c001,oh_4018686_-8304888,Delaware,tennis,pickleball,2017,2019,0.505,,True,low_confidence
oh_4018686_-8304888:c001,oh_4018686_-8304888,Delaware,pickleball,tennis,2019,2021,0.489,1,True,low_confidence;reversion
oh_4018730_-8309907:c001,oh_4018730_-8309907,Delaware,tennis,hybrid,2017,2019,0.703,1,False,
oh_4018730_-8309907:c002,oh_4018730_-8309907,Delaware,tennis,removed,2021,2023,0.614,1,False,
oh_4018857_-8148542:c001,oh_4018857_-8148542,Guernsey,tennis,removed,2011,2013,0.504,1,True,low_confidence
oh_4018950_-8446709:c001,oh_4018950_-8446709,Darke,removed,tennis,2015,2019,0.27,1,True,low_confidence;reversion
oh_4018950_-8446709:c001,oh_4018950_-8446709,Darke,tennis,pickleball,2019,2023,0.27,,True,low_confidence
oh_4019430_-8314982:c001,oh_4019430_-8314982,Delaware,tennis,hybrid,2019,2021,0.578,1,True,low_confidence
oh_4019430_-8314982:c002,oh_4019430_-8314982,Delaware,removed,tennis,2015,2017,0.386,1,True,low_confidence;reversion
oh_4019430_-8314982:c002,oh_4019430_-8314982,Delaware,tennis,hybrid,2019,2021,0.618,1,False,
oh_4020139_-8302240:c001,oh_4020139_-8302240,Delaware,tennis,hybrid,2011,2013,0.718,1,False,
oh_4020139_-8302240:c001,oh_4020139_-8302240,Delaware,hybrid,tennis,2013,2015,0.535,1,True,low_confidence;reversion
oh_4020139_-8302240:c002,oh_4020139_-8302240,Delaware,tennis,hybrid,2011,2013,0.768,1,False,
oh_4020139_-8302240:c002,oh_4020139_-8302240,Delaware,hybrid,tennis,2013,2015,0.663,1,True,reversion
oh_4020139_-8302240:c002,oh_4020139_-8302240,Delaware,tennis,hybrid,2019,2021,0.494,1,True,low_confidence
oh_4020139_-8302240:c002,oh_4020139_-8302240,Delaware,hybrid,tennis,2021,2023,0.679,1,True,reversion
oh_4020139_-8302240:c003,oh_4020139_-8302240,Delaware,tennis,hybrid,2011,2013,0.794,1,False,
oh_4020139_-8302240:c003,oh_4020139_-8302240,Delaware,hybrid,tennis,2013,2015,0.729,1,True,reversion
oh_4020139_-8302240:c004,oh_4020139_-8302240,Delaware,tennis,hybrid,2011,2013,0.844,1,False,
oh_4020139_-8302240:c004,oh_4020139_-8302240,Delaware,hybrid,tennis,2013,2015,0.471,1,True,low_confidence;reversion
oh_4020139_-8302240:c006,oh_4020139_-8302240,Delaware,tennis,hybrid,2011,2013,0.761,1,False,
oh_4020139_-8302240:c006,oh_4020139_-8302240,Delaware,hybrid,tennis,2015,2017,0.532,1,True,low_confidence;reversion
oh_4020139_-8302240:c007,oh_4020139_-8302240,Delaware,tennis,hybrid,2011,2013,0.82,1,False,
oh_4020139_-8302240:c007,oh_4020139_-8302240,Delaware,hybrid,tennis,2013,2015,0.577,1,True,low_confidence;reversion
oh_4020139_-8302240:c008,oh_4020139_-8302240,Delaware,tennis,hybrid,2011,2013,0.785,1,False,
oh_4020139_-8302240:c008,oh_4020139_-8302240,Delaware,hybrid,tennis,2013,2015,0.481,1,True,low_confidence;reversion
oh_4020895_-8330878:c001,oh_4020895_-8330878,Union,tennis,removed,2011,2013,0.314,1,True,low_confidence
oh_4020895_-8330878:c001,oh_4020895_-8330878,Union,removed,tennis,2015,2017,0.571,1,True,low_confidence;reversion
oh_4020895_-8330878:c001,oh_4020895_-8330878,Union,tennis,pickleball,2017,2021,0.571,,True,low_confidence
oh_4020895_-8330878:c001,oh_4020895_-8330878,Union,pickleball,hybrid,2021,2023,0.505,1,True,low_confidence
oh_4020895_-8330878:c002,oh_4020895_-8330878,Union,removed,tennis,2015,2017,0.53,1,True,low_confidence;reversion
oh_4020895_-8330878:c002,oh_4020895_-8330878,Union,tennis,removed,2021,2023,0.284,1,True,low_confidence
oh_4021895_-8447977:c001,oh_4021895_-8447977,Darke,tennis,pickleball,2017,2019,0.454,,True,low_confidence
oh_4021895_-8447977:c002,oh_4021895_-8447977,Darke,tennis,pickleball,2019,2021,0.514,,True,low_confidence
oh_4021895_-8447977:c003,oh_4021895_-8447977,Darke,tennis,pickleball,2019,2021,0.52,,True,low_confidence
oh_4023011_-8440913:c002,oh_4023011_-8440913,Shelby,tennis,pickleball,2021,2023,0.671,1,False,
oh_4023011_-8440913:c003,oh_4023011_-8440913,Shelby,tennis,pickleball,2021,2023,0.861,1,False,
oh_4023011_-8440913:c004,oh_4023011_-8440913,Shelby,tennis,removed,2019,2021,0.815,1,False,
oh_4023011_-8440913:c004,oh_4023011_-8440913,Shelby,removed,pickleball,2021,2023,0.86,1,True,reversion
oh_4023011_-8440913:c005,oh_4023011_-8440913,Shelby,tennis,removed,2019,2021,0.77,1,False,
oh_4023011_-8440913:c005,oh_4023011_-8440913,Shelby,removed,pickleball,2021,2023,0.77,1,True,reversion
oh_4023139_-8298674:c001,oh_4023139_-8298674,Delaware,tennis,removed,2017,2019,0.366,1,True,low_confidence
oh_4023139_-8298674:c001,oh_4023139_-8298674,Delaware,removed,hybrid,2021,2023,0.464,1,True,low_confidence;reversion
oh_4023156_-8336340:c001,oh_4023156_-8336340,Union,tennis,hybrid,2011,2013,0.727,1,False,
oh_4023156_-8336340:c001,oh_4023156_-8336340,Union,hybrid,tennis,2015,2017,0.349,1,True,low_confidence;reversion
oh_4023156_-8336340:c002,oh_4023156_-8336340,Union,tennis,removed,2013,2015,0.351,1,True,low_confidence
oh_4023156_-8336340:c002,oh_4023156_-8336340,Union,removed,tennis,2015,2017,0.516,1,True,low_confidence;reversion
oh_4023171_-8338043:c001,oh_4023171_-8338043,Union,tennis,hybrid,2021,2023,0.533,1,True,low_confidence
oh_4023171_-8338043:c002,oh_4023171_-8338043,Union,tennis,hybrid,2021,2023,0.555,1,True,low_confidence
oh_4023496_-8285642:c001,oh_4023496_-8285642,Delaware,tennis,pickleball,2017,2019,0.488,,True,low_confidence
oh_4023496_-8285642:c001,oh_4023496_-8285642,Delaware,pickleball,hybrid,2021,2023,0.774,1,False,
oh_4023496_-8285642:c002,oh_4023496_-8285642,Delaware,tennis,pickleball,2017,2019,0.723,,False,
oh_4023496_-8285642:c002,oh_4023496_-8285642,Delaware,pickleball,hybrid,2021,2023,0.652,1,False,
oh_4023496_-8285642:c003,oh_4023496_-8285642,Delaware,tennis,pickleball,2017,2019,0.486,,True,low_confidence
oh_4023496_-8285642:c003,oh_4023496_-8285642,Delaware,pickleball,hybrid,2021,2023,0.689,1,False,
oh_4023496_-8285642:c004,oh_4023496_-8285642,Delaware,pickleball,tennis,2011,2013,0.457,1,True,low_confidence;reversion
oh_4023496_-8285642:c004,oh_4023496_-8285642,Delaware,tennis,pickleball,2017,2019,0.942,,False,
oh_4023496_-8285642:c004,oh_4023496_-8285642,Delaware,pickleball,hybrid,2021,2023,0.656,1,False,
oh_4023496_-8285642:c005,oh_4023496_-8285642,Delaware,tennis,pickleball,2017,2019,0.597,,True,low_confidence
oh_4023496_-8285642:c005,oh_4023496_-8285642,Delaware,pickleball,hybrid,2021,2023,0.574,1,True,low_confidence
oh_4025227_-8300360:c001,oh_4025227_-8300360,Delaware,removed,tennis,2017,2019,0.57,1,True,low_confidence;reversion
oh_4025227_-8300360:c002,oh_4025227_-8300360,Delaware,removed,tennis,2017,2019,0.752,1,True,reversion
oh_4025227_-8300360:c003,oh_4025227_-8300360,Delaware,removed,tennis,2017,2019,0.602,1,True,reversion
oh_4025227_-8300360:c004,oh_4025227_-8300360,Delaware,removed,tennis,2017,2019,0.859,1,True,reversion
oh_4025227_-8300360:c005,oh_4025227_-8300360,Delaware,removed,tennis,2017,2019,0.652,1,True,reversion
oh_4025227_-8300360:c006,oh_4025227_-8300360,Delaware,removed,tennis,2017,2019,0.563,1,True,low_confidence;reversion
oh_4025227_-8300360:c007,oh_4025227_-8300360,Delaware,removed,tennis,2017,2019,0.53,1,True,low_confidence;reversion
oh_4025227_-8300360:c008,oh_4025227_-8300360,Delaware,removed,tennis,2017,2019,0.711,1,True,reversion
oh_4025241_-8185697:c001,oh_4025241_-8185697,Coshocton,tennis,pickleball,2015,2017,0.252,1,True,low_confidence
oh_4025241_-8185697:c002,oh_4025241_-8185697,Coshocton,removed,pickleball,2017,2021,0.828,2,True,reversion
oh_4025708_-8184780:c002,oh_4025708_-8184780,Coshocton,tennis,hybrid,2021,2023,0.862,1,False,
oh_4025708_-8184780:c003,oh_4025708_-8184780,Coshocton,tennis,hybrid,2021,2023,0.591,1,True,low_confidence
oh_4025708_-8184780:c004,oh_4025708_-8184780,Coshocton,tennis,hybrid,2021,2023,0.621,1,False,
oh_4025708_-8184780:c005,oh_4025708_-8184780,Coshocton,tennis,hybrid,2021,2023,0.795,1,False,
oh_4025708_-8184780:c006,oh_4025708_-8184780,Coshocton,tennis,hybrid,2021,2023,0.691,1,False,
oh_4026125_-8063389:c001,oh_4026125_-8063389,Jefferson,tennis,hybrid,2018,2019,0.513,1,True,low_confidence
oh_4026429_-8100509:c002,oh_4026429_-8100509,Harrison,removed,tennis,2017,2019,0.622,1,True,reversion
oh_4026429_-8100509:c002,oh_4026429_-8100509,Harrison,tennis,removed,2019,2023,0.491,1,True,low_confidence
oh_4026455_-8287391:c001,oh_4026455_-8287391,Delaware,removed,tennis,2021,2023,0.461,1,True,low_confidence;reversion
oh_4026455_-8287391:c003,oh_4026455_-8287391,Delaware,removed,tennis,2021,2023,0.578,1,True,low_confidence;reversion
oh_4026455_-8287391:c005,oh_4026455_-8287391,Delaware,removed,hybrid,2021,2023,0.596,1,True,low_confidence;reversion
oh_4027484_-8184106:c002,oh_4027484_-8184106,Coshocton,tennis,removed,2011,2013,0.394,1,True,low_confidence
oh_4027484_-8184106:c002,oh_4027484_-8184106,Coshocton,removed,tennis,2017,2021,0.578,1,True,low_confidence;reversion
oh_4027484_-8184106:c002,oh_4027484_-8184106,Coshocton,tennis,hybrid,2021,2023,0.775,1,False,
oh_4027484_-8184106:c003,oh_4027484_-8184106,Coshocton,removed,pickleball,2017,2021,0.719,1,True,reversion
oh_4027484_-8184106:c004,oh_4027484_-8184106,Coshocton,removed,pickleball,2017,2021,0.761,2,True,reversion
oh_4027485_-8349541:c001,oh_4027485_-8349541,Union,removed,tennis,2011,2013,0.381,1,True,low_confidence;reversion
oh_4027513_-8307262:c001,oh_4027513_-8307262,Delaware,tennis,pickleball,2021,2023,0.467,,True,low_confidence
oh_4027723_-8290380:c001,oh_4027723_-8290380,Delaware,tennis,hybrid,2017,2019,0.612,1,False,
oh_4027723_-8290380:c002,oh_4027723_-8290380,Delaware,tennis,hybrid,2011,2013,0.779,1,False,
oh_4027723_-8290380:c002,oh_4027723_-8290380,Delaware,hybrid,tennis,2013,2015,0.772,1,True,reversion
oh_4027723_-8290380:c002,oh_4027723_-8290380,Delaware,tennis,hybrid,2019,2021,0.345,1,True,low_confidence
oh_4029278_-8306518:c001,oh_4029278_-8306518,Delaware,removed,tennis,2017,2019,0.514,1,True,low_confidence;reversion
oh_4029278_-8306518:c002,oh_4029278_-8306518,Delaware,removed,tennis,2017,2019,0.407,1,True,low_confidence;reversion
oh_4029278_-8306518:c003,oh_4029278_-8306518,Delaware,removed,tennis,2019,2021,0.36,1,True,low_confidence;reversion
oh_4029278_-8306518:c004,oh_4029278_-8306518,Delaware,tennis,removed,2011,2013,0.382,1,True,low_confidence
oh_4029278_-8306518:c004,oh_4029278_-8306518,Delaware,removed,tennis,2019,2021,0.395,1,True,low_confidence;reversion
oh_4029278_-8306518:c005,oh_4029278_-8306518,Delaware,removed,tennis,2017,2019,0.4,1,True,low_confidence;reversion
oh_4029278_-8306518:c006,oh_4029278_-8306518,Delaware,removed,tennis,2019,2021,0.345,1,True,low_confidence;reversion
oh_4029381_-8306404:c001,oh_4029381_-8306404,Delaware,removed,tennis,2019,2021,0.388,1,True,low_confidence;reversion
oh_4029381_-8306404:c002,oh_4029381_-8306404,Delaware,removed,tennis,2017,2019,0.412,1,True,low_confidence;reversion
oh_4029381_-8306404:c003,oh_4029381_-8306404,Delaware,removed,tennis,2021,2023,0.345,1,True,low_confidence;reversion
oh_4029381_-8306404:c004,oh_4029381_-8306404,Delaware,removed,tennis,2019,2021,0.397,1,True,low_confidence;reversion
oh_4029381_-8306404:c004,oh_4029381_-8306404,Delaware,tennis,removed,2021,2023,0.397,1,True,low_confidence
oh_4029381_-8306404:c005,oh_4029381_-8306404,Delaware,removed,tennis,2017,2019,0.686,1,True,reversion
oh_4029381_-8306404:c006,oh_4029381_-8306404,Delaware,removed,tennis,2017,2019,0.619,1,True,reversion
oh_4029765_-8310563:c001,oh_4029765_-8310563,Delaware,tennis,pickleball,2019,2023,0.587,,True,low_confidence
oh_4030029_-8307924:c001,oh_4030029_-8307924,Delaware,removed,tennis,2015,2017,0.576,1,True,low_confidence;reversion
oh_4030029_-8307924:c001,oh_4030029_-8307924,Delaware,tennis,pickleball,2017,2019,0.374,1,True,low_confidence
oh_4030029_-8307924:c002,oh_4030029_-8307924,Delaware,removed,tennis,2015,2017,0.689,1,True,reversion
oh_4030029_-8307924:c002,oh_4030029_-8307924,Delaware,tennis,pickleball,2019,2023,0.381,1,True,low_confidence
oh_4030506_-8352527:c001,oh_4030506_-8352527,Union,removed,tennis,2017,2019,0.571,1,True,low_confidence;reversion
oh_4030651_-8305905:c001,oh_4030651_-8305905,Delaware,tennis,pickleball,2017,2019,0.63,,False,
oh_4030651_-8305905:c001,oh_4030651_-8305905,Delaware,pickleball,tennis,2021,2023,0.727,1,True,reversion
oh_4030651_-8305905:c004,oh_4030651_-8305905,Delaware,tennis,pickleball,2019,2021,0.536,,True,low_confidence
oh_4030681_-8308177:c001,oh_4030681_-8308177,Delaware,removed,tennis,2015,2017,0.789,1,True,reversion
oh_4030681_-8308177:c002,oh_4030681_-8308177,Delaware,removed,tennis,2015,2017,0.816,1,True,reversion
oh_4030681_-8308177:c002,oh_4030681_-8308177,Delaware,tennis,hybrid,2021,2023,0.488,1,True,low_confidence
oh_4030681_-8308177:c003,oh_4030681_-8308177,Delaware,removed,tennis,2015,2017,0.801,1,True,reversion
oh_4030681_-8308177:c003,oh_4030681_-8308177,Delaware,tennis,hybrid,2021,2023,0.522,1,True,low_confidence
oh_4030681_-8308177:c004,oh_4030681_-8308177,Delaware,removed,tennis,2015,2017,0.898,1,True,reversion
oh_4030681_-8308177:c004,oh_4030681_-8308177,Delaware,tennis,hybrid,2021,2023,0.495,1,True,low_confidence
oh_4030681_-8308177:c005,oh_4030681_-8308177,Delaware,removed,tennis,2015,2017,0.923,1,True,reversion
oh_4030681_-8308177:c005,oh_4030681_-8308177,Delaware,tennis,hybrid,2021,2023,0.515,1,True,low_confidence
oh_4030681_-8308177:c006,oh_4030681_-8308177,Delaware,removed,tennis,2015,2017,0.86,1,True,reversion
oh_4030681_-8308177:c007,oh_4030681_-8308177,Delaware,removed,tennis,2015,2017,0.899,1,True,reversion
oh_4030681_-8308177:c008,oh_4030681_-8308177,Delaware,removed,tennis,2015,2017,0.876,1,True,reversion
oh_4030681_-8308177:c008,oh_4030681_-8308177,Delaware,tennis,hybrid,2021,2023,0.615,1,False,
oh_4030919_-8415451:c001,oh_4030919_-8415451,Shelby,hybrid,tennis,2011,2013,0.451,1,True,low_confidence;reversion
oh_4030919_-8415451:c001,oh_4030919_-8415451,Shelby,tennis,hybrid,2019,2021,0.54,1,True,low_confidence
oh_4031437_-8417275:c001,oh_4031437_-8417275,Shelby,hybrid,tennis,2013,2015,0.711,1,True,reversion
oh_4031437_-8417275:c001,oh_4031437_-8417275,Shelby,tennis,hybrid,2017,2019,0.764,1,False,
oh_4031437_-8417275:c002,oh_4031437_-8417275,Shelby,hybrid,tennis,2013,2015,0.714,1,True,reversion
oh_4031437_-8417275:c002,oh_4031437_-8417275,Shelby,tennis,hybrid,2017,2019,0.59,1,True,low_confidence
oh_4031437_-8417275:c003,oh_4031437_-8417275,Shelby,tennis,hybrid,2019,2021,0.415,1,True,low_confidence
oh_4031437_-8417275:c004,oh_4031437_-8417275,Shelby,hybrid,tennis,2013,2015,0.775,1,True,reversion
oh_4031437_-8417275:c004,oh_4031437_-8417275,Shelby,tennis,hybrid,2017,2019,0.807,1,False,
oh_4031437_-8417275:c005,oh_4031437_-8417275,Shelby,hybrid,tennis,2013,2015,0.585,1,True,low_confidence;reversion
oh_4031437_-8417275:c005,oh_4031437_-8417275,Shelby,tennis,hybrid,2017,2019,0.745,1,False,
oh_4031437_-8417275:c006,oh_4031437_-8417275,Shelby,tennis,hybrid,2017,2019,0.628,1,False,
oh_4031437_-8417275:c007,oh_4031437_-8417275,Shelby,pickleball,removed,2011,2013,0.484,1,True,low_confidence
oh_4031437_-8417275:c007,oh_4031437_-8417275,Shelby,removed,tennis,2013,2015,0.339,1,True,low_confidence;reversion
oh_4031437_-8417275:c007,oh_4031437_-8417275,Shelby,tennis,pickleball,2015,2017,0.312,,True,low_confidence
oh_4031437_-8417275:c008,oh_4031437_-8417275,Shelby,pickleball,tennis,2011,2013,0.399,1,True,low_confidence;reversion
oh_4031437_-8417275:c008,oh_4031437_-8417275,Shelby,tennis,pickleball,2017,2019,0.527,,True,low_confidence
oh_4031437_-8417275:c009,oh_4031437_-8417275,Shelby,pickleball,hybrid,2011,2013,0.444,1,True,low_confidence
oh_4031437_-8417275:c009,oh_4031437_-8417275,Shelby,hybrid,tennis,2015,2017,0.296,1,True,low_confidence;reversion
oh_4031437_-8417275:c009,oh_4031437_-8417275,Shelby,tennis,pickleball,2017,2019,0.439,,True,low_confidence
oh_4031437_-8417275:c011,oh_4031437_-8417275,Shelby,pickleball,tennis,2011,2013,0.316,1,True,low_confidence;reversion
oh_4031437_-8417275:c011,oh_4031437_-8417275,Shelby,tennis,pickleball,2015,2017,0.303,1,True,low_confidence
oh_4031437_-8417275:c012,oh_4031437_-8417275,Shelby,pickleball,hybrid,2011,2013,0.569,1,True,low_confidence
oh_4031437_-8417275:c012,oh_4031437_-8417275,Shelby,hybrid,tennis,2013,2015,0.313,1,True,low_confidence;reversion
oh_4031437_-8417275:c012,oh_4031437_-8417275,Shelby,tennis,pickleball,2015,2017,0.263,1,True,low_confidence
oh_4031837_-8118689:c001,oh_4031837_-8118689,Harrison,removed,pickleball,2019,2021,0.465,,True,low_confidence;reversion
oh_4031837_-8118689:c001,oh_4031837_-8118689,Harrison,pickleball,removed,2021,2023,0.571,1,True,low_confidence
oh_4032632_-8309865:c001,oh_4032632_-8309865,Delaware,tennis,hybrid,2021,2023,0.561,1,True,low_confidence
oh_4032632_-8309865:c002,oh_4032632_-8309865,Delaware,tennis,hybrid,2021,2023,0.79,1,False,
oh_4032632_-8309865:c003,oh_4032632_-8309865,Delaware,tennis,hybrid,2021,2023,0.574,1,True,low_confidence
oh_4032632_-8309865:c004,oh_4032632_-8309865,Delaware,tennis,hybrid,2021,2023,0.816,1,False,
oh_4032834_-8061690:c001,oh_4032834_-8061690,Jefferson,removed,tennis,2016,2018,0.397,1,True,low_confidence;reversion
oh_4032834_-8061690:c001,oh_4032834_-8061690,Jefferson,tennis,hybrid,2018,2020,0.633,1,False,
oh_4032834_-8061690:c002,oh_4032834_-8061690,Jefferson,tennis,removed,2011,2015,0.669,1,False,
oh_4032834_-8061690:c002,oh_4032834_-8061690,Jefferson,removed,tennis,2015,2016,0.642,1,True,reversion
oh_4032834_-8061690:c002,oh_4032834_-8061690,Jefferson,tennis,hybrid,2018,2020,0.782,1,False,
oh_4033545_-8199940:c001,oh_4033545_-8199940,Coshocton,tennis,removed,2011,2013,0.395,1,True,low_confidence
oh_4034798_-8437284:c001,oh_4034798_-8437284,Shelby,tennis,pickleball,2015,2017,0.51,,True,low_confidence
oh_4034798_-8437284:c001,oh_4034798_-8437284,Shelby,pickleball,removed,2019,2021,0.369,1,True,low_confidence
oh_4034798_-8437284:c002,oh_4034798_-8437284,Shelby,tennis,removed,2011,2013,0.473,1,True,low_confidence
oh_4034798_-8437284:c002,oh_4034798_-8437284,Shelby,removed,pickleball,2013,2015,0.643,,True,reversion
oh_4034798_-8437284:c002,oh_4034798_-8437284,Shelby,pickleball,removed,2019,2021,0.468,1,True,low_confidence
oh_4034918_-8375428:c001,oh_4034918_-8375428,Logan,tennis,removed,2011,2013,0.511,1,True,low_confidence
oh_4034918_-8375428:c001,oh_4034918_-8375428,Logan,removed,tennis,2017,2019,0.486,1,True,low_confidence;reversion
oh_4034918_-8375428:c001,oh_4034918_-8375428,Logan,tennis,hybrid,2021,2023,0.723,1,False,
oh_4034918_-8375428:c002,oh_4034918_-8375428,Logan,removed,tennis,2017,2019,0.621,1,True,reversion
oh_4034918_-8375428:c002,oh_4034918_-8375428,Logan,tennis,hybrid,2021,2023,0.712,1,False,
oh_4034918_-8375428:c003,oh_4034918_-8375428,Logan,tennis,removed,2011,2013,0.478,1,True,low_confidence
oh_4034918_-8375428:c003,oh_4034918_-8375428,Logan,removed,tennis,2017,2019,0.615,1,True,reversion
oh_4034918_-8375428:c003,oh_4034918_-8375428,Logan,tennis,hybrid,2021,2023,0.758,1,False,
oh_4034918_-8375428:c004,oh_4034918_-8375428,Logan,tennis,removed,2011,2013,0.525,1,True,low_confidence
oh_4034918_-8375428:c004,oh_4034918_-8375428,Logan,removed,tennis,2017,2019,0.538,1,True,low_confidence;reversion
oh_4035018_-8309016:c001,oh_4035018_-8309016,Delaware,removed,tennis,2013,2015,0.376,1,True,low_confidence;reversion
oh_4035018_-8309016:c001,oh_4035018_-8309016,Delaware,tennis,removed,2019,2021,0.703,1,False,
oh_4035018_-8309016:c002,oh_4035018_-8309016,Delaware,tennis,removed,2019,2021,0.686,1,False,
oh_4035018_-8309016:c003,oh_4035018_-8309016,Delaware,tennis,removed,2011,2013,0.332,1,True,low_confidence
oh_4035018_-8309016:c003,oh_4035018_-8309016,Delaware,removed,tennis,2013,2015,0.337,1,True,low_confidence;reversion
oh_4035018_-8309016:c003,oh_4035018_-8309016,Delaware,tennis,removed,2019,2021,0.731,1,False,
oh_4035018_-8309016:c004,oh_4035018_-8309016,Delaware,tennis,removed,2019,2021,0.852,1,False,
oh_4035018_-8309016:c005,oh_4035018_-8309016,Delaware,removed,tennis,2013,2015,0.414,1,True,low_confidence;reversion
oh_4035018_-8309016:c005,oh_4035018_-8309016,Delaware,tennis,removed,2019,2021,0.86,1,False,
oh_4036432_-8067731:c001,oh_4036432_-8067731,Jefferson,hybrid,tennis,2013,2015,0.603,1,True,reversion
oh_4036432_-8067731:c001,oh_4036432_-8067731,Jefferson,tennis,removed,2017,2021,0.75,1,False,
oh_4036432_-8067731:c002,oh_4036432_-8067731,Jefferson,hybrid,tennis,2013,2015,0.484,1,True,low_confidence;reversion
oh_4036432_-8067731:c002,oh_4036432_-8067731,Jefferson,tennis,removed,2017,2019,0.454,1,True,low_confidence
oh_4036568_-8143019:c001,oh_4036568_-8143019,Tuscarawas,tennis,removed,2011,2013,0.365,1,True,low_confidence
oh_4036568_-8143019:c002,oh_4036568_-8143019,Tuscarawas,tennis,removed,2011,2013,0.516,1,True,low_confidence
oh_4036671_-8374967:c001,oh_4036671_-8374967,Logan,removed,tennis,2015,2017,0.777,1,True,reversion
oh_4036671_-8374967:c002,oh_4036671_-8374967,Logan,tennis,removed,2011,2013,0.543,1,True,low_confidence
oh_4036671_-8374967:c002,oh_4036671_-8374967,Logan,removed,tennis,2013,2015,0.491,1,True,low_confidence;reversion
oh_4036671_-8374967:c003,oh_4036671_-8374967,Logan,tennis,removed,2011,2013,0.47,1,True,low_confidence
oh_4036671_-8374967:c003,oh_4036671_-8374967,Logan,removed,tennis,2015,2017,0.486,1,True,low_confidence;reversion
oh_4036671_-8374967:c003,oh_4036671_-8374967,Logan,tennis,hybrid,2021,2023,0.607,1,False,
oh_4036671_-8374967:c004,oh_4036671_-8374967,Logan,removed,pickleball,2015,2017,0.431,2,True,low_confidence;reversion
oh_4036671_-8374967:c004,oh_4036671_-8374967,Logan,pickleball,hybrid,2021,2023,0.385,2,True,low_confidence
oh_4036671_-8374967:c005,oh_4036671_-8374967,Logan,tennis,removed,2011,2013,0.351,1,True,low_confidence
oh_4036671_-8374967:c005,oh_4036671_-8374967,Logan,removed,pickleball,2015,2017,0.358,2,True,low_confidence;reversion
oh_4036671_-8374967:c005,oh_4036671_-8374967,Logan,pickleball,hybrid,2021,2023,0.45,1,True,low_confidence
oh_4036916_-8239076:c001,oh_4036916_-8239076,Knox,hybrid,tennis,2013,2015,0.852,1,True,reversion
oh_4036916_-8239076:c003,oh_4036916_-8239076,Knox,tennis,hybrid,2021,2023,0.642,1,False,
oh_4036916_-8239076:c004,oh_4036916_-8239076,Knox,tennis,hybrid,2011,2013,0.746,1,False,
oh_4036916_-8239076:c004,oh_4036916_-8239076,Knox,hybrid,tennis,2013,2015,0.714,1,True,reversion
oh_4036916_-8239076:c004,oh_4036916_-8239076,Knox,tennis,hybrid,2021,2023,0.671,1,False,
oh_4036916_-8239076:c005,oh_4036916_-8239076,Knox,tennis,hybrid,2021,2023,0.793,1,False,
oh_4036916_-8239076:c007,oh_4036916_-8239076,Knox,tennis,hybrid,2021,2023,0.589,1,True,low_confidence
oh_4036916_-8239076:c008,oh_4036916_-8239076,Knox,tennis,hybrid,2011,2013,0.787,1,False,
oh_4036916_-8239076:c008,oh_4036916_-8239076,Knox,hybrid,tennis,2013,2015,0.756,1,True,reversion
oh_4036916_-8239076:c008,oh_4036916_-8239076,Knox,tennis,hybrid,2021,2023,0.702,1,False,
oh_4036916_-8239076:c009,oh_4036916_-8239076,Knox,tennis,hybrid,2011,2013,0.793,1,False,
oh_4036916_-8239076:c009,oh_4036916_-8239076,Knox,hybrid,tennis,2013,2015,0.767,1,True,reversion
oh_4036916_-8239076:c009,oh_4036916_-8239076,Knox,tennis,hybrid,2021,2023,0.773,1,False,
oh_4036916_-8239076:c010,oh_4036916_-8239076,Knox,tennis,hybrid,2021,2023,0.742,1,False,
oh_4036916_-8239076:c011,oh_4036916_-8239076,Knox,tennis,hybrid,2021,2023,0.575,1,True,low_confidence
oh_4036916_-8239076:c012,oh_4036916_-8239076,Knox,hybrid,tennis,2013,2015,0.748,1,True,reversion
oh_4036916_-8239076:c012,oh_4036916_-8239076,Knox,tennis,hybrid,2019,2021,0.509,1,True,low_confidence
oh_4037061_-8247955:c001,oh_4037061_-8247955,Knox,removed,tennis,2015,2017,0.925,1,True,reversion
oh_4037061_-8247955:c002,oh_4037061_-8247955,Knox,removed,tennis,2015,2017,0.889,1,True,reversion
oh_4037061_-8247955:c003,oh_4037061_-8247955,Knox,removed,tennis,2015,2017,0.875,1,True,reversion
oh_4037061_-8247955:c004,oh_4037061_-8247955,Knox,removed,tennis,2015,2017,0.847,1,True,reversion
oh_4037225_-8247078:c002,oh_4037225_-8247078,Knox,tennis,removed,2011,2013,0.525,1,True,low_confidence
oh_4037225_-8247078:c002,oh_4037225_-8247078,Knox,removed,tennis,2015,2017,0.505,1,True,low_confidence;reversion
oh_4038470_-8247401:c001,oh_4038470_-8247401,Knox,tennis,hybrid,2011,2013,0.616,1,False,
oh_4038470_-8247401:c001,oh_4038470_-8247401,Knox,hybrid,removed,2013,2015,0.616,1,False,
oh_4038470_-8247401:c001,oh_4038470_-8247401,Knox,removed,tennis,2015,2017,0.801,1,True,reversion
oh_4038470_-8247401:c001,oh_4038470_-8247401,Knox,tennis,hybrid,2021,2023,0.663,1,False,
oh_4038470_-8247401:c002,oh_4038470_-8247401,Knox,tennis,hybrid,2011,2013,0.654,1,False,
oh_4038470_-8247401:c002,oh_4038470_-8247401,Knox,hybrid,tennis,2013,2015,0.361,1,True,low_confidence;reversion
oh_4038470_-8247401:c002,oh_4038470_-8247401,Knox,tennis,hybrid,2021,2023,0.55,1,True,low_confidence
oh_4038470_-8247401:c003,oh_4038470_-8247401,Knox,tennis,hybrid,2011,2013,0.685,1,False,
oh_4038470_-8247401:c003,oh_4038470_-8247401,Knox,hybrid,removed,2013,2015,0.73,1,False,
oh_4038470_-8247401:c003,oh_4038470_-8247401,Knox,removed,tennis,2015,2017,0.73,1,True,reversion
oh_4038470_-8247401:c003,oh_4038470_-8247401,Knox,tennis,hybrid,2021,2023,0.754,1,False,
oh_4038470_-8247401:c004,oh_4038470_-8247401,Knox,tennis,hybrid,2011,2013,0.671,1,False,
oh_4038470_-8247401:c004,oh_4038470_-8247401,Knox,hybrid,removed,2013,2015,0.671,1,False,
oh_4038470_-8247401:c004,oh_4038470_-8247401,Knox,removed,tennis,2015,2017,0.714,1,True,reversion
oh_4038470_-8247401:c004,oh_4038470_-8247401,Knox,tennis,hybrid,2021,2023,0.693,1,False,
oh_4038470_-8247401:c005,oh_4038470_-8247401,Knox,tennis,hybrid,2011,2013,0.719,1,False,
oh_4038470_-8247401:c005,oh_4038470_-8247401,Knox,hybrid,removed,2013,2015,0.711,1,False,
oh_4038470_-8247401:c005,oh_4038470_-8247401,Knox,removed,tennis,2015,2017,0.711,1,True,reversion
oh_4038470_-8247401:c005,oh_4038470_-8247401,Knox,tennis,hybrid,2021,2023,0.746,1,False,
oh_4038470_-8247401:c006,oh_4038470_-8247401,Knox,tennis,hybrid,2011,2013,0.708,1,False,
oh_4038470_-8247401:c006,oh_4038470_-8247401,Knox,hybrid,removed,2013,2015,0.777,1,False,
oh_4038470_-8247401:c006,oh_4038470_-8247401,Knox,removed,tennis,2015,2017,0.784,1,True,reversion
oh_4038470_-8247401:c007,oh_4038470_-8247401,Knox,removed,pickleball,2015,2017,0.463,1,True,low_confidence;reversion
oh_4038470_-8247401:c008,oh_4038470_-8247401,Knox,removed,pickleball,2015,2017,0.685,1,True,reversion
oh_4038470_-8247401:c009,oh_4038470_-8247401,Knox,removed,pickleball,2015,2017,0.483,1,True,low_confidence;reversion
oh_4038470_-8247401:c010,oh_4038470_-8247401,Knox,removed,pickleball,2015,2017,0.442,1,True,low_confidence;reversion
oh_4039665_-8250064:c001,oh_4039665_-8250064,Knox,removed,pickleball,2015,2017,0.565,1,True,low_confidence;reversion
oh_4039665_-8250064:c002,oh_4039665_-8250064,Knox,removed,pickleball,2015,2017,0.528,3,True,low_confidence;reversion
oh_4039762_-8418068:c001,oh_4039762_-8418068,Shelby,tennis,hybrid,2019,2021,0.448,1,True,low_confidence
oh_4039762_-8418068:c002,oh_4039762_-8418068,Shelby,tennis,hybrid,2021,2023,0.603,1,False,
oh_4039762_-8418068:c003,oh_4039762_-8418068,Shelby,tennis,pickleball,2021,2023,0.361,,True,low_confidence
oh_4039812_-8082658:c002,oh_4039812_-8082658,Jefferson,removed,hybrid,2019,2023,0.633,1,True,reversion
oh_4040311_-8438106:c001,oh_4040311_-8438106,Auglaize,tennis,removed,2021,2023,0.654,1,False,
oh_4040311_-8438106:c003,oh_4040311_-8438106,Auglaize,removed,tennis,2013,2015,0.491,1,True,low_confidence;reversion
oh_4040671_-8294453:c001,oh_4040671_-8294453,Delaware,tennis,removed,2011,2019,0.371,1,True,low_confidence
oh_4040671_-8294453:c001,oh_4040671_-8294453,Delaware,removed,pickleball,2021,2023,0.335,,True,low_confidence;reversion
oh_4040781_-8478409:c001,oh_4040781_-8478409,Mercer,removed,tennis,2013,2018,0.489,1,True,low_confidence;reversion
oh_4040781_-8478409:c002,oh_4040781_-8478409,Mercer,removed,pickleball,2017,2018,0.563,2,True,low_confidence;reversion
oh_4040781_-8478409:c003,oh_4040781_-8478409,Mercer,removed,pickleball,2017,2018,0.531,2,True,low_confidence;reversion
oh_4040875_-8322147:c001,oh_4040875_-8322147,Delaware,removed,pickleball,2019,2023,0.458,,True,low_confidence;reversion
oh_4041390_-8246758:c002,oh_4041390_-8246758,Knox,tennis,hybrid,2019,2021,0.446,1,True,low_confidence
oh_4042495_-8463683:c002,oh_4042495_-8463683,Mercer,pickleball,removed,2011,2013,0.641,1,False,
oh_4042495_-8463683:c002,oh_4042495_-8463683,Mercer,removed,pickleball,2013,2015,0.376,3,True,low_confidence;reversion
oh_4042495_-8463683:c002,oh_4042495_-8463683,Mercer,pickleball,hybrid,2021,2023,0.384,1,True,low_confidence
oh_4043011_-8330005:c001,oh_4043011_-8330005,Union,tennis,removed,2021,2023,0.441,1,True,low_confidence
oh_4044073_-8402991:c003,oh_4044073_-8402991,Shelby,tennis,hybrid,2011,2013,0.413,1,True,low_confidence
oh_4044073_-8402991:c003,oh_4044073_-8402991,Shelby,hybrid,tennis,2013,2015,0.453,1,True,low_confidence;reversion
oh_4044073_-8402991:c003,oh_4044073_-8402991,Shelby,tennis,pickleball,2017,2019,0.377,1,True,low_confidence
oh_4044073_-8402991:c004,oh_4044073_-8402991,Shelby,tennis,pickleball,2017,2019,0.352,1,True,low_confidence
oh_4044073_-8402991:c005,oh_4044073_-8402991,Shelby,tennis,pickleball,2017,2019,0.459,1,True,low_confidence
oh_4044073_-8402991:c006,oh_4044073_-8402991,Shelby,tennis,pickleball,2017,2019,0.415,1,True,low_confidence
oh_4044875_-8436326:c001,oh_4044875_-8436326,Auglaize,removed,tennis,2013,2015,0.686,1,True,reversion
oh_4044875_-8436326:c001,oh_4044875_-8436326,Auglaize,tennis,pickleball,2017,2019,0.421,,True,low_confidence
oh_4044875_-8436326:c001,oh_4044875_-8436326,Auglaize,pickleball,hybrid,2021,2023,0.551,1,True,low_confidence
oh_4045856_-8190388:c001,oh_4045856_-8190388,Holmes,tennis,removed,2011,2015,0.474,1,True,low_confidence
oh_4045856_-8190388:c001,oh_4045856_-8190388,Holmes,removed,tennis,2017,2019,0.449,1,True,low_confidence;reversion
oh_4045856_-8190388:c002,oh_4045856_-8190388,Holmes,removed,tennis,2019,2021,0.677,1,True,reversion
oh_4046046_-8061065:c001,oh_4046046_-8061065,Jefferson,removed,tennis,2013,2014,0.676,1,True,reversion
oh_4046046_-8061065:c001,oh_4046046_-8061065,Jefferson,tennis,removed,2017,2018,0.604,1,False,
oh_4047133_-8253923:c001,oh_4047133_-8253923,Knox,removed,hybrid,2019,2021,0.332,1,True,low_confidence;reversion
oh_4047133_-8253923:c002,oh_4047133_-8253923,Knox,removed,hybrid,2017,2019,0.314,1,True,low_confidence;reversion
oh_4047133_-8253923:c003,oh_4047133_-8253923,Knox,removed,hybrid,2019,2021,0.324,1,True,low_confidence;reversion
oh_4047133_-8253923:c004,oh_4047133_-8253923,Knox,removed,hybrid,2017,2019,0.414,1,True,low_confidence;reversion
oh_4047133_-8253923:c005,oh_4047133_-8253923,Knox,removed,hybrid,2015,2017,0.332,1,True,low_confidence;reversion
oh_4047459_-8417085:c001,oh_4047459_-8417085,Shelby,hybrid,tennis,2013,2015,0.825,1,True,reversion
oh_4048702_-8463740:c002,oh_4048702_-8463740,Mercer,tennis,hybrid,2019,2021,0.565,1,True,low_confidence
oh_4048702_-8463740:c002,oh_4048702_-8463740,Mercer,hybrid,tennis,2021,2023,0.781,1,True,reversion
oh_4048702_-8463740:c005,oh_4048702_-8463740,Mercer,tennis,hybrid,2019,2021,0.544,1,True,low_confidence
oh_4048702_-8463740:c005,oh_4048702_-8463740,Mercer,hybrid,tennis,2021,2023,0.726,1,True,reversion
oh_4049460_-8288394:c001,oh_4049460_-8288394,Morrow,tennis,hybrid,2011,2013,0.765,1,False,
oh_4049460_-8288394:c001,oh_4049460_-8288394,Morrow,hybrid,tennis,2013,2015,0.804,1,True,reversion
oh_4049460_-8288394:c001,oh_4049460_-8288394,Morrow,tennis,removed,2017,2019,0.548,1,True,low_confidence
oh_4050059_-8144239:c001,oh_4050059_-8144239,Tuscarawas,tennis,removed,2017,2019,0.515,1,True,low_confidence
oh_4050059_-8144239:c002,oh_4050059_-8144239,Tuscarawas,tennis,hybrid,2021,2023,0.509,1,True,low_confidence
oh_4050059_-8144239:c003,oh_4050059_-8144239,Tuscarawas,tennis,hybrid,2011,2013,0.644,1,False,
oh_4050059_-8144239:c003,oh_4050059_-8144239,Tuscarawas,hybrid,removed,2013,2015,0.685,1,False,
oh_4050059_-8144239:c003,oh_4050059_-8144239,Tuscarawas,removed,tennis,2015,2017,0.685,1,True,reversion
oh_4050059_-8144239:c003,oh_4050059_-8144239,Tuscarawas,tennis,hybrid,2019,2021,0.454,1,True,low_confidence
oh_4050059_-8144239:c004,oh_4050059_-8144239,Tuscarawas,tennis,removed,2017,2021,0.627,1,False,
oh_4050059_-8144239:c005,oh_4050059_-8144239,Tuscarawas,tennis,hybrid,2013,2015,0.416,1,True,low_confidence
oh_4050059_-8144239:c005,oh_4050059_-8144239,Tuscarawas,hybrid,tennis,2017,2019,0.756,1,True,reversion
oh_4050059_-8144239:c005,oh_4050059_-8144239,Tuscarawas,tennis,hybrid,2021,2023,0.409,1,True,low_confidence
oh_4050059_-8144239:c007,oh_4050059_-8144239,Tuscarawas,tennis,hybrid,2013,2015,0.319,1,True,low_confidence
oh_4050059_-8144239:c007,oh_4050059_-8144239,Tuscarawas,hybrid,tennis,2015,2017,0.319,1,True,low_confidence;reversion
oh_4050059_-8144239:c008,oh_4050059_-8144239,Tuscarawas,tennis,removed,2013,2015,0.355,1,True,low_confidence
oh_4050059_-8144239:c008,oh_4050059_-8144239,Tuscarawas,removed,tennis,2015,2017,0.822,1,True,reversion
oh_4050059_-8144239:c008,oh_4050059_-8144239,Tuscarawas,tennis,hybrid,2019,2021,0.563,1,True,low_confidence
oh_4052145_-8062897:c001,oh_4052145_-8062897,Jefferson,tennis,removed,2014,2015,0.917,1,False,
oh_4052145_-8062897:c001,oh_4052145_-8062897,Jefferson,removed,hybrid,2018,2019,0.574,1,True,low_confidence;reversion
oh_4052734_-8172099:c001,oh_4052734_-8172099,Holmes,tennis,hybrid,2017,2019,0.428,1,True,low_confidence
oh_4053765_-8438110:c004,oh_4053765_-8438110,Auglaize,tennis,removed,2011,2013,0.59,1,True,low_confidence
oh_4053765_-8438110:c004,oh_4053765_-8438110,Auglaize,removed,pickleball,2013,2015,0.596,2,True,low_confidence;reversion
oh_4054327_-8148974:c001,oh_4054327_-8148974,Tuscarawas,tennis,hybrid,2021,2023,0.654,1,False,
oh_4054327_-8148974:c002,oh_4054327_-8148974,Tuscarawas,tennis,hybrid,2021,2023,0.539,1,True,low_confidence
oh_4054327_-8148974:c003,oh_4054327_-8148974,Tuscarawas,tennis,hybrid,2021,2023,0.679,1,False,
oh_4054327_-8148974:c004,oh_4054327_-8148974,Tuscarawas,tennis,hybrid,2021,2023,0.575,1,True,low_confidence
oh_4054327_-8148974:c005,oh_4054327_-8148974,Tuscarawas,tennis,hybrid,2021,2023,0.585,1,True,low_confidence
oh_4054327_-8148974:c006,oh_4054327_-8148974,Tuscarawas,tennis,hybrid,2021,2023,0.647,1,False,
oh_4054327_-8148974:c007,oh_4054327_-8148974,Tuscarawas,tennis,hybrid,2021,2023,0.55,1,True,low_confidence
oh_4054327_-8148974:c008,oh_4054327_-8148974,Tuscarawas,tennis,hybrid,2017,2023,0.852,1,False,
oh_4054377_-8191796:c001,oh_4054377_-8191796,Holmes,tennis,removed,2013,2015,0.323,1,True,low_confidence
oh_4054377_-8191796:c001,oh_4054377_-8191796,Holmes,removed,tennis,2017,2019,0.345,1,True,low_confidence;reversion
oh_4054377_-8191796:c002,oh_4054377_-8191796,Holmes,tennis,removed,2011,2015,0.393,1,True,low_confidence
oh_4054377_-8191796:c002,oh_4054377_-8191796,Holmes,removed,pickleball,2019,2021,0.398,,True,low_confidence;reversion
oh_4055199_-8454826:c002,oh_4055199_-8454826,Mercer,removed,pickleball,2015,2023,0.401,2,True,low_confidence;reversion
oh_4055479_-8283008:c001,oh_4055479_-8283008,Morrow,tennis,hybrid,2011,2013,0.775,1,False,
oh_4055479_-8283008:c001,oh_4055479_-8283008,Morrow,hybrid,tennis,2013,2015,0.459,1,True,low_confidence;reversion
oh_4055479_-8283008:c001,oh_4055479_-8283008,Morrow,tennis,hybrid,2019,2021,0.553,1,True,low_confidence
oh_4055479_-8283008:c001,oh_4055479_-8283008,Morrow,hybrid,tennis,2021,2023,0.554,1,True,low_confidence;reversion
oh_4055479_-8283008:c002,oh_4055479_-8283008,Morrow,tennis,hybrid,2017,2019,0.644,1,False,
oh_4055479_-8283008:c002,oh_4055479_-8283008,Morrow,hybrid,removed,2021,2023,0.452,1,True,low_confidence
oh_4055479_-8283008:c003,oh_4055479_-8283008,Morrow,tennis,hybrid,2011,2013,0.737,1,False,
oh_4055479_-8283008:c003,oh_4055479_-8283008,Morrow,hybrid,tennis,2013,2015,0.465,1,True,low_confidence;reversion
oh_4055479_-8283008:c003,oh_4055479_-8283008,Morrow,tennis,hybrid,2017,2019,0.801,1,False,
oh_4055479_-8283008:c003,oh_4055479_-8283008,Morrow,hybrid,removed,2021,2023,0.523,1,True,low_confidence
oh_4055479_-8283008:c004,oh_4055479_-8283008,Morrow,tennis,hybrid,2019,2021,0.7,1,False,
oh_4055479_-8283008:c004,oh_4055479_-8283008,Morrow,hybrid,tennis,2021,2023,0.632,1,True,reversion
oh_4055631_-8455658:c002,oh_4055631_-8455658,Mercer,tennis,pickleball,2017,2019,0.628,,False,
oh_4055631_-8455658:c002,oh_4055631_-8455658,Mercer,pickleball,tennis,2019,2021,0.589,1,True,low_confidence;reversion
oh_4055631_-8455658:c004,oh_4055631_-8455658,Mercer,hybrid,tennis,2011,2013,0.366,1,True,low_confidence;reversion
oh_4056686_-8299393:c001,oh_4056686_-8299393,Marion,tennis,removed,2017,2019,0.558,1,True,low_confidence
oh_4056686_-8299393:c001,oh_4056686_-8299393,Marion,removed,tennis,2021,2023,0.468,1,True,low_confidence;reversion
oh_4057221_-8420133:c003,oh_4057221_-8420133,Auglaize,tennis,removed,2015,2017,0.451,1,True,low_confidence
oh_4057221_-8420133:c004,oh_4057221_-8420133,Auglaize,tennis,removed,2021,2023,0.566,1,True,low_confidence
oh_4057221_-8420133:c005,oh_4057221_-8420133,Auglaize,tennis,removed,2021,2023,0.338,1,True,low_confidence
oh_4057221_-8420133:c006,oh_4057221_-8420133,Auglaize,tennis,removed,2019,2021,0.538,1,True,low_confidence
oh_4057587_-8182912:c001,oh_4057587_-8182912,Holmes,hybrid,removed,2013,2015,0.511,1,True,low_confidence
oh_4057587_-8182912:c001,oh_4057587_-8182912,Holmes,removed,hybrid,2017,2019,0.618,1,True,reversion
oh_4058138_-8311898:c005,oh_4058138_-8311898,Marion,tennis,removed,2017,2019,0.342,1,True,low_confidence
oh_4058138_-8311898:c005,oh_4058138_-8311898,Marion,removed,tennis,2019,2021,0.342,1,True,low_confidence;reversion
oh_4058311_-8419296:c001,oh_4058311_-8419296,Auglaize,tennis,removed,2011,2013,0.43,1,True,low_confidence
oh_4058311_-8419296:c001,oh_4058311_-8419296,Auglaize,removed,tennis,2017,2019,0.434,1,True,low_confidence;reversion
oh_4058311_-8419296:c002,oh_4058311_-8419296,Auglaize,pickleball,removed,2011,2013,0.481,1,True,low_confidence
oh_4058311_-8419296:c002,oh_4058311_-8419296,Auglaize,removed,tennis,2019,2021,0.4,1,True,low_confidence;reversion
oh_4058311_-8419296:c003,oh_4058311_-8419296,Auglaize,tennis,removed,2011,2013,0.532,1,True,low_confidence
oh_4058311_-8419296:c003,oh_4058311_-8419296,Auglaize,removed,tennis,2019,2021,0.423,1,True,low_confidence;reversion
oh_4058311_-8419296:c004,oh_4058311_-8419296,Auglaize,removed,tennis,2019,2021,0.429,1,True,low_confidence;reversion
oh_4058311_-8419296:c005,oh_4058311_-8419296,Auglaize,removed,tennis,2019,2021,0.472,1,True,low_confidence;reversion
oh_4058311_-8419296:c006,oh_4058311_-8419296,Auglaize,removed,tennis,2019,2021,0.445,1,True,low_confidence;reversion
oh_4058630_-8301277:c001,oh_4058630_-8301277,Marion,tennis,hybrid,2011,2013,0.719,1,False,
oh_4058630_-8301277:c001,oh_4058630_-8301277,Marion,hybrid,tennis,2015,2017,0.652,1,True,reversion
oh_4058630_-8301277:c002,oh_4058630_-8301277,Marion,tennis,hybrid,2011,2013,0.859,1,False,
oh_4058630_-8301277:c002,oh_4058630_-8301277,Marion,hybrid,tennis,2013,2015,0.495,1,True,low_confidence;reversion
oh_4058630_-8301277:c003,oh_4058630_-8301277,Marion,tennis,hybrid,2011,2013,0.605,1,False,
oh_4058630_-8301277:c003,oh_4058630_-8301277,Marion,hybrid,tennis,2015,2017,0.653,1,True,reversion
oh_4058630_-8301277:c004,oh_4058630_-8301277,Marion,tennis,hybrid,2011,2013,0.769,1,False,
oh_4058630_-8301277:c004,oh_4058630_-8301277,Marion,hybrid,tennis,2015,2017,0.533,1,True,low_confidence;reversion
oh_4058630_-8301277:c005,oh_4058630_-8301277,Marion,tennis,hybrid,2011,2013,0.739,1,False,
oh_4058630_-8301277:c005,oh_4058630_-8301277,Marion,hybrid,tennis,2013,2015,0.486,1,True,low_confidence;reversion
oh_4059430_-8152263:c001,oh_4059430_-8152263,Tuscarawas,hybrid,tennis,2013,2015,0.837,1,True,reversion
oh_4059430_-8152263:c001,oh_4059430_-8152263,Tuscarawas,tennis,hybrid,2017,2019,0.547,1,True,low_confidence
oh_4059430_-8152263:c002,oh_4059430_-8152263,Tuscarawas,tennis,hybrid,2021,2023,0.673,1,False,
oh_4059535_-8309051:c001,oh_4059535_-8309051,Marion,tennis,removed,2011,2013,0.573,1,True,low_confidence
oh_4059535_-8309051:c001,oh_4059535_-8309051,Marion,removed,tennis,2013,2015,0.356,1,True,low_confidence;reversion
oh_4059535_-8309051:c001,oh_4059535_-8309051,Marion,tennis,removed,2019,2021,0.814,1,False,
oh_4059535_-8309051:c002,oh_4059535_-8309051,Marion,tennis,removed,2019,2021,0.629,1,False,
oh_4059535_-8309051:c003,oh_4059535_-8309051,Marion,tennis,removed,2019,2021,0.642,1,False,
oh_4059535_-8309051:c004,oh_4059535_-8309051,Marion,tennis,removed,2019,2021,0.477,1,True,low_confidence
oh_4059535_-8309051:c005,oh_4059535_-8309051,Marion,tennis,removed,2019,2021,0.749,1,False,
oh_4059535_-8309051:c006,oh_4059535_-8309051,Marion,tennis,removed,2011,2013,0.464,1,True,low_confidence
oh_4059535_-8309051:c006,oh_4059535_-8309051,Marion,removed,tennis,2015,2017,0.564,1,True,low_confidence;reversion
oh_4059535_-8309051:c006,oh_4059535_-8309051,Marion,tennis,removed,2019,2021,0.831,1,False,
oh_4060061_-8449297:c001,oh_4060061_-8449297,Mercer,tennis,hybrid,2017,2019,0.369,1,True,low_confidence
oh_4060165_-8306659:c001,oh_4060165_-8306659,Marion,tennis,hybrid,2011,2013,0.515,1,True,low_confidence
oh_4060165_-8306659:c001,oh_4060165_-8306659,Marion,hybrid,pickleball,2017,2019,0.268,1,True,low_confidence
oh_4060165_-8306659:c002,oh_4060165_-8306659,Marion,tennis,hybrid,2011,2013,0.521,1,True,low_confidence
oh_4060165_-8306659:c002,oh_4060165_-8306659,Marion,hybrid,tennis,2015,2017,0.423,1,True,low_confidence;reversion
oh_4060165_-8306659:c002,oh_4060165_-8306659,Marion,tennis,pickleball,2017,2019,0.575,1,True,low_confidence
oh_4060475_-8136402:c001,oh_4060475_-8136402,Tuscarawas,tennis,removed,2011,2013,0.457,1,True,low_confidence
oh_4060497_-8066363:c002,oh_4060497_-8066363,Columbiana,removed,hybrid,2021,2022,0.387,1,True,low_confidence;reversion
oh_4117386_-8063816:c001,oh_4117386_-8063816,Trumbull,tennis,removed,2011,2013,0.399,1,True,low_confidence
