court_id,site_id,county,from,to,year_from,year_to,confidence,n_courts_to,flagged,flag_reasons
oh_3852671_-8266865:c001,oh_3852671_-8266865,Lawrence,tennis,removed,2020,2021,0.406,1,True,low_confidence
oh_3852671_-8266865:c002,oh_3852671_-8266865,Lawrence,tennis,removed,2016,2017,0.393,1,True,low_confidence
oh_3852671_-8266865:c002,oh_3852671_-8266865,Lawrence,removed,tennis,2017,2018,0.327,1,True,low_confidence;reversion
oh_3852671_-8266865:c002,oh_3852671_-8266865,Lawrence,tennis,removed,2020,2021,0.341,1,True,low_confidence
oh_3852671_-8266865:c003,oh_3852671_-8266865,Lawrence,tennis,removed,2021,2022,0.397,1,True,low_confidence
oh_3852671_-8266865:c004,oh_3852671_-8266865,Lawrence,tennis,removed,2021,2022,0.722,1,False,
oh_3853334_-8267546:c001,oh_3853334_-8267546,Lawrence,tennis,hybrid,2014,2015,0.406,1,True,low_confidence
oh_3853334_-8267546:c001,oh_3853334_-8267546,Lawrence,hybrid,tennis,2016,2018,0.576,1,True,low_confidence;reversion
oh_3853873_-8268786:c001,oh_3853873_-8268786,Lawrence,hybrid,tennis,2011,2012,0.602,1,True,reversion
oh_3853873_-8268786:c001,oh_3853873_-8268786,Lawrence,tennis,pickleball,2020,2021,0.517,3,True,low_confidence
oh_3853873_-8268786:c002,oh_3853873_-8268786,Lawrence,hybrid,tennis,2011,2012,0.673,1,True,reversion
oh_3853873_-8268786:c002,oh_3853873_-8268786,Lawrence,tennis,hybrid,2014,2018,0.372,1,True,low_confidence
oh_3853873_-8268786:c002,oh_3853873_-8268786,Lawrence,hybrid,tennis,2019,2020,0.451,1,True,low_confidence;reversion
oh_3853873_-8268786:c002,oh_3853873_-8268786,Lawrence,tennis,pickleball,2020,2021,0.451,3,True,low_confidence
oh_3855592_-8271124:c001,oh_3855592_-8271124,Lawrence,tennis,removed,2012,2013,0.702,1,False,
oh_3855592_-8271124:c001,oh_3855592_-8271124,Lawrence,removed,tennis,2013,2016,0.408,1,True,low_confidence;reversion
oh_3855592_-8271124:c001,oh_3855592_-8271124,Lawrence,tennis,removed,2020,2021,0.356,1,True,low_confidence
oh_3855592_-8271124:c003,oh_3855592_-8271124,Lawrence,tennis,removed,2012,2013,0.771,1,False,
oh_3855592_-8271124:c004,oh_3855592_-8271124,Lawrence,removed,tennis,2016,2017,0.414,1,True,low_confidence;reversion
oh_3855592_-8271124:c004,oh_3855592_-8271124,Lawrence,tennis,removed,2017,2018,0.627,1,False,
oh_3869573_-8310158:c001,oh_3869573_-8310158,Scioto,tennis,removed,2015,2016,0.402,1,True,low_confidence
oh_3869573_-8310158:c001,oh_3869573_-8310158,Scioto,removed,tennis,2017,2018,0.831,1,True,reversion
oh_3871971_-8304723:c001,oh_3871971_-8304723,Scioto,tennis,removed,2019,2020,0.789,1,False,
oh_3871971_-8304723:c001,oh_3871971_-8304723,Scioto,removed,tennis,2020,2021,0.633,1,True,reversion
oh_3871971_-8304723:c002,oh_3871971_-8304723,Scioto,tennis,hybrid,2015,2016,0.46,1,True,low_confidence
oh_3871971_-8304723:c002,oh_3871971_-8304723,Scioto,hybrid,tennis,2016,2017,0.607,1,True,reversion
oh_3871971_-8304723:c002,oh_3871971_-8304723,Scioto,tennis,hybrid,2022,2023,0.63,1,False,
oh_3871971_-8304723:c003,oh_3871971_-8304723,Scioto,tennis,removed,2018,2019,0.431,1,True,low_confidence
oh_3871971_-8304723:c003,oh_3871971_-8304723,Scioto,removed,tennis,2020,2021,0.59,1,True,low_confidence;reversion
oh_3872376_-8284629:c001,oh_3872376_-8284629,Scioto,removed,tennis,2017,2018,0.813,1,True,reversion
oh_3872376_-8284629:c002,oh_3872376_-8284629,Scioto,removed,tennis,2017,2018,0.879,1,True,reversion
oh_3872376_-8284629:c003,oh_3872376_-8284629,Scioto,removed,tennis,2017,2018,0.87,1,True,reversion
oh_3873055_-8298839:c002,oh_3873055_-8298839,Scioto,tennis,hybrid,2018,2019,0.429,1,True,low_confidence
oh_3873055_-8298839:c002,oh_3873055_-8298839,Scioto,hybrid,tennis,2019,2020,0.383,1,True,low_confidence;reversion
oh_3873055_-8298839:c004,oh_3873055_-8298839,Scioto,tennis,hybrid,2017,2018,0.607,1,False,
oh_3873055_-8298839:c004,oh_3873055_-8298839,Scioto,hybrid,padel,2020,2021,0.342,1,True,low_confidence
oh_3873055_-8298839:c004,oh_3873055_-8298839,Scioto,padel,tennis,2021,2022,0.342,1,True,low_confidence;reversion
oh_3873461_-8285801:c001,oh_3873461_-8285801,Scioto,removed,pickleball,2016,2018,0.738,1,True,reversion
oh_3873461_-8285801:c002,oh_3873461_-8285801,Scioto,removed,pickleball,2016,2018,0.874,1,True,reversion
oh_3873882_-8384085:c001,oh_3873882_-8384085,Brown,pickleball,hybrid,2017,2018,0.488,1,True,low_confidence
oh_3873882_-8384085:c002,oh_3873882_-8384085,Brown,pickleball,hybrid,2017,2018,0.616,1,False,
oh_3874142_-8320479:c001,oh_3874142_-8320479,Scioto,tennis,hybrid,2011,2015,0.665,1,False,
oh_3874142_-8320479:c002,oh_3874142_-8320479,Scioto,tennis,hybrid,2011,2015,0.911,1,False,
oh_3874142_-8320479:c002,oh_3874142_-8320479,Scioto,hybrid,tennis,2015,2019,0.67,1,True,reversion
oh_3874385_-8297608:c003,oh_3874385_-8297608,Scioto,tennis,removed,2014,2015,0.573,1,True,low_confidence
oh_3874385_-8297608:c003,oh_3874385_-8297608,Scioto,removed,pickleball,2016,2017,0.266,1,True,low_confidence;reversion
oh_3874385_-8297608:c004,oh_3874385_-8297608,Scioto,removed,tennis,2011,2012,0.478,1,True,low_confidence;reversion
oh_3874385_-8297608:c004,oh_3874385_-8297608,Scioto,tennis,pickleball,2017,2018,0.486,1,True,low_confidence
oh_3874385_-8297608:c005,oh_3874385_-8297608,Scioto,hybrid,tennis,2017,2018,0.327,1,True,low_confidence;reversion
oh_3874385_-8297608:c006,oh_3874385_-8297608,Scioto,hybrid,tennis,2016,2017,0.472,1,True,low_confidence;reversion
oh_3874385_-8297608:c008,oh_3874385_-8297608,Scioto,tennis,pickleball,2015,2016,0.279,1,True,low_confidence
oh_3874385_-8297608:c009,oh_3874385_-8297608,Scioto,tennis,pickleball,2017,2018,0.503,1,True,low_confidence
oh_3874385_-8297608:c010,oh_3874385_-8297608,Scioto,tennis,pickleball,2017,2018,0.666,1,False,
oh_3874385_-8297608:c011,oh_3874385_-8297608,Scioto,tennis,removed,2012,2016,0.392,1,True,low_confidence
oh_3874385_-8297608:c011,oh_3874385_-8297608,Scioto,removed,pickleball,2017,2018,0.26,1,True,low_confidence;reversion
oh_3875885_-8292709:c001,oh_3875885_-8292709,Scioto,tennis,hybrid,2014,2016,0.443,1,True,low_confidence
oh_3875885_-8292709:c001,oh_3875885_-8292709,Scioto,hybrid,tennis,2017,2018,0.401,1,True,low_confidence;reversion
oh_3875885_-8292709:c002,oh_3875885_-8292709,Scioto,tennis,hybrid,2014,2016,0.367,1,True,low_confidence
oh_3875885_-8292709:c002,oh_3875885_-8292709,Scioto,hybrid,tennis,2017,2018,0.641,1,True,reversion
oh_3875885_-8292709:c002,oh_3875885_-8292709,Scioto,tennis,hybrid,2019,2020,0.512,1,True,low_confidence
oh_3875885_-8292709:c002,oh_3875885_-8292709,Scioto,hybrid,tennis,2020,2021,0.564,1,True,low_confidence;reversion
oh_3876426_-8288919:c001,oh_3876426_-8288919,Scioto,tennis,removed,2017,2018,0.422,1,True,low_confidence
oh_3876426_-8288919:c001,oh_3876426_-8288919,Scioto,removed,hybrid,2018,2019,0.431,1,True,low_confidence;reversion
oh_3876426_-8288919:c001,oh_3876426_-8288919,Scioto,hybrid,tennis,2022,2023,0.533,1,True,low_confidence;reversion
oh_3876426_-8288919:c002,oh_3876426_-8288919,Scioto,tennis,hybrid,2012,2018,0.508,1,True,low_confidence
oh_3876426_-8288919:c002,oh_3876426_-8288919,Scioto,hybrid,tennis,2020,2021,0.574,1,True,low_confidence;reversion
oh_3878544_-8297793:c001,oh_3878544_-8297793,Scioto,tennis,removed,2011,2021,0.486,1,True,low_confidence
oh_3878603_-8297074:c001,oh_3878603_-8297074,Scioto,removed,pickleball,2017,2019,0.87,,True,reversion
oh_3878603_-8297074:c001,oh_3878603_-8297074,Scioto,pickleball,tennis,2021,2023,0.363,1,True,low_confidence;reversion
oh_3878603_-8297074:c002,oh_3878603_-8297074,Scioto,removed,pickleball,2017,2019,0.874,,True,reversion
oh_3878603_-8297074:c002,oh_3878603_-8297074,Scioto,pickleball,tennis,2021,2023,0.355,1,True,low_confidence;reversion
oh_3881193_-8220553:c001,oh_3881193_-8220553,Gallia,tennis,removed,2015,2020,0.58,1,True,low_confidence
oh_3881193_-8220553:c002,oh_3881193_-8220553,Gallia,tennis,removed,2015,2018,0.36,1,True,low_confidence
oh_3882126_-8218831:c001,oh_3882126_-8218831,Gallia,tennis,hybrid,2019,2020,0.542,1,True,low_confidence
oh_3882126_-8218831:c001,oh_3882126_-8218831,Gallia,hybrid,tennis,2021,2022,0.441,1,True,low_confidence;reversion
oh_3882126_-8218831:c002,oh_3882126_-8218831,Gallia,tennis,hybrid,2015,2016,0.501,1,True,low_confidence
oh_3882126_-8218831:c002,oh_3882126_-8218831,Gallia,hybrid,tennis,2016,2017,0.603,1,True,reversion
oh_3882126_-8218831:c002,oh_3882126_-8218831,Gallia,tennis,hybrid,2018,2019,0.488,1,True,low_confidence
oh_3882126_-8218831:c002,oh_3882126_-8218831,Gallia,hybrid,tennis,2022,2023,0.657,1,True,reversion
oh_3882676_-8381701:c001,oh_3882676_-8381701,Brown,tennis,removed,2017,2019,0.483,1,True,low_confidence
oh_3886580_-8391285:c001,oh_3886580_-8391285,Brown,tennis,hybrid,2017,2019,0.806,1,False,
oh_3887702_-8347387:c001,oh_3887702_-8347387,Adams,tennis,hybrid,2013,2015,0.418,1,True,low_confidence
oh_3887702_-8347387:c001,oh_3887702_-8347387,Adams,hybrid,tennis,2017,2019,0.502,1,True,low_confidence;reversion
oh_3888228_-8390146:c001,oh_3888228_-8390146,Brown,tennis,pickleball,2019,2021,0.608,,False,
oh_3888228_-8390146:c002,oh_3888228_-8390146,Brown,tennis,pickleball,2019,2021,0.354,,True,low_confidence
oh_3888228_-8390146:c002,oh_3888228_-8390146,Brown,pickleball,hybrid,2021,2023,0.58,1,True,low_confidence
oh_3888228_-8390146:c003,oh_3888228_-8390146,Brown,tennis,hybrid,2021,2023,0.319,1,True,low_confidence
oh_3888228_-8390146:c004,oh_3888228_-8390146,Brown,pickleball,tennis,2011,2013,0.332,1,True,low_confidence;reversion
oh_3888228_-8390146:c004,oh_3888228_-8390146,Brown,tennis,pickleball,2019,2021,0.531,,True,low_confidence
oh_3888375_-8296506:c001,oh_3888375_-8296506,Scioto,tennis,hybrid,2019,2021,0.402,1,True,low_confidence
oh_3888375_-8296506:c001,oh_3888375_-8296506,Scioto,hybrid,removed,2021,2023,0.661,1,False,
oh_3888375_-8296506:c002,oh_3888375_-8296506,Scioto,hybrid,tennis,2015,2017,0.63,1,True,reversion
oh_3888375_-8296506:c002,oh_3888375_-8296506,Scioto,tennis,hybrid,2017,2019,0.514,1,True,low_confidence
oh_3888375_-8296506:c002,oh_3888375_-8296506,Scioto,hybrid,removed,2021,2023,0.812,1,False,
oh_3888375_-8296506:c003,oh_3888375_-8296506,Scioto,hybrid,tennis,2013,2015,0.426,1,True,low_confidence;reversion
oh_3888375_-8296506:c003,oh_3888375_-8296506,Scioto,tennis,hybrid,2017,2019,0.59,1,True,low_confidence
oh_3888375_-8296506:c003,oh_3888375_-8296506,Scioto,hybrid,removed,2021,2023,0.648,1,False,
oh_3888375_-8296506:c004,oh_3888375_-8296506,Scioto,tennis,hybrid,2017,2019,0.556,1,True,low_confidence
oh_3888375_-8296506:c004,oh_3888375_-8296506,Scioto,hybrid,removed,2021,2023,0.719,1,False,
oh_3888969_-8361618:c001,oh_3888969_-8361618,Adams,tennis,hybrid,2013,2019,0.357,1,True,low_confidence
oh_3890832_-8257287:c001,oh_3890832_-8257287,Jackson,tennis,hybrid,2015,2017,0.476,1,True,low_confidence
oh_3893715_-8425821:c001,oh_3893715_-8425821,Clermont,tennis,removed,2019,2020,0.437,1,True,low_confidence
oh_3896184_-8411423:c001,oh_3896184_-8411423,Clermont,tennis,removed,2011,2013,0.524,1,True,low_confidence
oh_3896248_-8408355:c001,oh_3896248_-8408355,Clermont,tennis,hybrid,2011,2013,0.67,1,False,
oh_3896248_-8408355:c001,oh_3896248_-8408355,Clermont,hybrid,tennis,2013,2017,0.442,1,True,low_confidence;reversion
oh_3899365_-8197214:c001,oh_3899365_-8197214,Meigs,tennis,hybrid,2019,2020,0.476,1,True,low_confidence
oh_3899365_-8197214:c001,oh_3899365_-8197214,Meigs,hybrid,tennis,2021,2022,0.702,1,True,reversion
oh_3899591_-8205964:c001,oh_3899591_-8205964,Meigs,tennis,hybrid,2019,2020,0.451,1,True,low_confidence
oh_3899591_-8205964:c001,oh_3899591_-8205964,Meigs,hybrid,tennis,2022,2023,0.548,1,True,low_confidence;reversion
oh_3899591_-8205964:c002,oh_3899591_-8205964,Meigs,tennis,hybrid,2020,2021,0.456,1,True,low_confidence
oh_3899591_-8205964:c002,oh_3899591_-8205964,Meigs,hybrid,tennis,2021,2022,0.521,1,True,low_confidence;reversion
oh_3900417_-8422192:c001,oh_3900417_-8422192,Clermont,removed,pickleball,2017,2019,0.448,,True,low_confidence;reversion
oh_3900831_-8388296:c001,oh_3900831_-8388296,Brown,hybrid,tennis,2015,2017,0.744,1,True,reversion
oh_3902461_-8303519:c001,oh_3902461_-8303519,Pike,pickleball,tennis,2011,2013,0.47,1,True,low_confidence;reversion
oh_3902461_-8303519:c001,oh_3902461_-8303519,Pike,tennis,pickleball,2015,2017,0.401,1,True,low_confidence
oh_3902923_-8427071:c001,oh_3902923_-8427071,Clermont,tennis,hybrid,2015,2016,0.767,1,False,
oh_3902923_-8427071:c001,oh_3902923_-8427071,Clermont,hybrid,tennis,2020,2021,0.395,1,True,low_confidence;reversion
oh_3902923_-8427071:c002,oh_3902923_-8427071,Clermont,tennis,hybrid,2017,2018,0.755,1,False,
oh_3902923_-8427071:c002,oh_3902923_-8427071,Clermont,hybrid,tennis,2020,2021,0.432,1,True,low_confidence;reversion
oh_3903543_-8393910:c001,oh_3903543_-8393910,Brown,tennis,hybrid,2011,2013,0.846,1,False,
oh_3903543_-8393910:c001,oh_3903543_-8393910,Brown,hybrid,tennis,2013,2015,0.513,1,True,low_confidence;reversion
oh_3903543_-8393910:c003,oh_3903543_-8393910,Brown,tennis,hybrid,2011,2013,0.782,1,False,
oh_3903543_-8393910:c003,oh_3903543_-8393910,Brown,hybrid,tennis,2013,2015,0.51,1,True,low_confidence;reversion
oh_3903543_-8393910:c003,oh_3903543_-8393910,Brown,tennis,hybrid,2017,2019,0.569,1,True,low_confidence
oh_3903543_-8393910:c003,oh_3903543_-8393910,Brown,hybrid,tennis,2019,2021,0.488,1,True,low_confidence;reversion
oh_3903543_-8393910:c004,oh_3903543_-8393910,Brown,tennis,hybrid,2011,2013,0.768,1,False,
oh_3903543_-8393910:c004,oh_3903543_-8393910,Brown,hybrid,tennis,2013,2015,0.394,1,True,low_confidence;reversion
oh_3903552_-8427612:c001,oh_3903552_-8427612,Clermont,tennis,hybrid,2019,2020,0.497,1,True,low_confidence
oh_3903552_-8427612:c001,oh_3903552_-8427612,Clermont,hybrid,pickleball,2021,2022,0.481,,True,low_confidence
oh_3903552_-8427612:c002,oh_3903552_-8427612,Clermont,tennis,hybrid,2019,2020,0.477,1,True,low_confidence
oh_3903552_-8427612:c002,oh_3903552_-8427612,Clermont,hybrid,pickleball,2020,2021,0.371,1,True,low_confidence
oh_3904462_-8263853:c002,oh_3904462_-8263853,Jackson,removed,tennis,2019,2023,0.48,1,True,low_confidence;reversion
oh_3904966_-8434988:c002,oh_3904966_-8434988,Hamilton,tennis,hybrid,2012,2013,0.627,1,False,
oh_3904966_-8434988:c002,oh_3904966_-8434988,Hamilton,hybrid,tennis,2013,2014,0.913,1,True,reversion
oh_3904966_-8434988:c002,oh_3904966_-8434988,Hamilton,tennis,hybrid,2019,2020,0.531,1,True,low_confidence
oh_3904966_-8434988:c002,oh_3904966_-8434988,Hamilton,hybrid,tennis,2021,2022,0.477,1,True,low_confidence;reversion
oh_3904966_-8434988:c003,oh_3904966_-8434988,Hamilton,tennis,hybrid,2012,2013,0.705,1,False,
oh_3904966_-8434988:c003,oh_3904966_-8434988,Hamilton,hybrid,tennis,2013,2014,0.785,1,True,reversion
oh_3904966_-8434988:c003,oh_3904966_-8434988,Hamilton,tennis,hybrid,2015,2016,0.519,1,True,low_confidence
oh_3904966_-8434988:c003,oh_3904966_-8434988,Hamilton,hybrid,tennis,2019,2020,0.542,1,True,low_confidence;reversion
oh_3904966_-8434988:c003,oh_3904966_-8434988,Hamilton,tennis,hybrid,2020,2021,0.456,1,True,low_confidence
oh_3904966_-8434988:c003,oh_3904966_-8434988,Hamilton,hybrid,tennis,2022,2023,0.723,1,True,reversion
oh_3904966_-8434988:c004,oh_3904966_-8434988,Hamilton,tennis,hybrid,2011,2012,0.429,1,True,low_confidence
oh_3904966_-8434988:c004,oh_3904966_-8434988,Hamilton,hybrid,tennis,2013,2015,0.87,1,True,reversion
oh_3904966_-8434988:c004,oh_3904966_-8434988,Hamilton,tennis,hybrid,2020,2021,0.502,1,True,low_confidence
oh_3904966_-8434988:c004,oh_3904966_-8434988,Hamilton,hybrid,tennis,2021,2022,0.467,1,True,low_confidence;reversion
oh_3904966_-8434988:c005,oh_3904966_-8434988,Hamilton,removed,pickleball,2014,2019,0.328,,True,low_confidence;reversion
oh_3904966_-8434988:c006,oh_3904966_-8434988,Hamilton,tennis,hybrid,2014,2019,0.368,1,True,low_confidence
oh_3904966_-8434988:c006,oh_3904966_-8434988,Hamilton,hybrid,pickleball,2019,2020,0.482,,True,low_confidence
oh_3904969_-8262911:c003,oh_3904969_-8262911,Jackson,tennis,removed,2017,2023,0.357,1,True,low_confidence
oh_3905531_-8430391:c001,oh_3905531_-8430391,Clermont,tennis,removed,2012,2013,0.468,1,True,low_confidence
oh_3905531_-8430391:c001,oh_3905531_-8430391,Clermont,removed,tennis,2013,2016,0.421,1,True,low_confidence;reversion
oh_3905531_-8430391:c001,oh_3905531_-8430391,Clermont,tennis,removed,2018,2019,0.438,1,True,low_confidence
oh_3905531_-8430391:c001,oh_3905531_-8430391,Clermont,removed,tennis,2020,2021,0.54,1,True,low_confidence;reversion
oh_3906036_-8422960:c001,oh_3906036_-8422960,Clermont,tennis,hybrid,2017,2019,0.833,1,False,
oh_3906036_-8422960:c001,oh_3906036_-8422960,Clermont,hybrid,tennis,2021,2023,0.705,1,True,reversion
oh_3906036_-8422960:c002,oh_3906036_-8422960,Clermont,tennis,hybrid,2017,2019,0.839,1,False,
oh_3906036_-8422960:c002,oh_3906036_-8422960,Clermont,hybrid,tennis,2021,2023,0.655,1,True,reversion
oh_3906036_-8422960:c003,oh_3906036_-8422960,Clermont,tennis,hybrid,2011,2013,0.817,1,False,
oh_3906036_-8422960:c003,oh_3906036_-8422960,Clermont,hybrid,tennis,2013,2015,0.687,1,True,reversion
oh_3906036_-8422960:c003,oh_3906036_-8422960,Clermont,tennis,hybrid,2017,2019,0.821,1,False,
oh_3906036_-8422960:c003,oh_3906036_-8422960,Clermont,hybrid,tennis,2021,2023,0.627,1,True,reversion
oh_3906158_-8421528:c001,oh_3906158_-8421528,Clermont,removed,pickleball,2013,2017,0.269,1,True,low_confidence;reversion
oh_3906158_-8421528:c002,oh_3906158_-8421528,Clermont,removed,pickleball,2017,2019,0.247,2,True,low_confidence;reversion
oh_3906631_-8437916:c001,oh_3906631_-8437916,Hamilton,tennis,hybrid,2015,2016,0.464,1,True,low_confidence
oh_3906997_-8425113:c001,oh_3906997_-8425113,Clermont,removed,tennis,2017,2019,0.849,1,True,reversion
oh_3906997_-8425113:c002,oh_3906997_-8425113,Clermont,removed,tennis,2017,2019,0.838,1,True,reversion
oh_3906997_-8425113:c003,oh_3906997_-8425113,Clermont,removed,tennis,2017,2019,0.799,1,True,reversion
oh_3906997_-8425113:c004,oh_3906997_-8425113,Clermont,removed,tennis,2017,2019,0.846,1,True,reversion
oh_3906997_-8425113:c005,oh_3906997_-8425113,Clermont,removed,tennis,2017,2019,0.727,1,True,reversion
oh_3906998_-8418778:c002,oh_3906998_-8418778,Clermont,tennis,hybrid,2011,2013,0.856,1,False,
oh_3906998_-8418778:c002,oh_3906998_-8418778,Clermont,hybrid,tennis,2019,2021,0.502,1,True,low_confidence;reversion
oh_3907455_-8430107:c002,oh_3907455_-8430107,Clermont,tennis,removed,2019,2021,0.691,1,False,
oh_3907569_-8430542:c001,oh_3907569_-8430542,Clermont,tennis,removed,2017,2019,0.526,1,True,low_confidence
oh_3907569_-8430542:c002,oh_3907569_-8430542,Clermont,tennis,hybrid,2011,2013,0.81,1,False,
oh_3907569_-8430542:c002,oh_3907569_-8430542,Clermont,hybrid,tennis,2013,2015,0.555,1,True,low_confidence;reversion
oh_3907580_-8412721:c001,oh_3907580_-8412721,Clermont,removed,tennis,2017,2019,0.375,1,True,low_confidence;reversion
oh_3907580_-8412721:c002,oh_3907580_-8412721,Clermont,removed,tennis,2017,2019,0.347,1,True,low_confidence;reversion
oh_3907580_-8412721:c003,oh_3907580_-8412721,Clermont,removed,tennis,2017,2019,0.37,1,True,low_confidence;reversion
oh_3907973_-8430152:c001,oh_3907973_-8430152,Clermont,tennis,removed,2021,2023,0.329,1,True,low_confidence
oh_3908015_-8461682:c001,oh_3908015_-8461682,Hamilton,tennis,pickleball,2019,2022,0.207,1,True,low_confidence
oh_3908015_-8461682:c002,oh_3908015_-8461682,Hamilton,tennis,hybrid,2017,2018,0.399,1,True,low_confidence
oh_3908096_-8434610:c001,oh_3908096_-8434610,Hamilton,tennis,pickleball,2013,2019,0.283,3,True,low_confidence
oh_3908096_-8434610:c002,oh_3908096_-8434610,Hamilton,tennis,pickleball,2011,2013,0.488,5,True,low_confidence
oh_3908096_-8434610:c002,oh_3908096_-8434610,Hamilton,pickleball,tennis,2021,2023,0.614,1,True,reversion
oh_3908096_-8434610:c003,oh_3908096_-8434610,Hamilton,pickleball,tennis,2021,2023,0.307,1,True,low_confidence;reversion
oh_3908191_-8442032:c001,oh_3908191_-8442032,Hamilton,tennis,removed,2021,2022,0.509,1,True,low_confidence
oh_3908282_-8462567:c002,oh_3908282_-8462567,Hamilton,tennis,hybrid,2014,2016,0.489,1,True,low_confidence
oh_3908282_-8462567:c002,oh_3908282_-8462567,Hamilton,hybrid,tennis,2019,2022,0.427,1,True,low_confidence;reversion
oh_3908383_-8462934:c001,oh_3908383_-8462934,Hamilton,tennis,removed,2015,2016,0.902,1,False,
oh_3908383_-8462934:c001,oh_3908383_-8462934,Hamilton,removed,tennis,2016,2018,0.701,1,True,reversion
oh_3908383_-8462934:c001,oh_3908383_-8462934,Hamilton,tennis,hybrid,2018,2019,0.701,1,False,
oh_3908383_-8462934:c001,oh_3908383_-8462934,Hamilton,hybrid,removed,2021,2022,0.801,1,False,
oh_3908406_-8462136:c001,oh_3908406_-8462136,Hamilton,tennis,removed,2016,2017,0.533,1,True,low_confidence
oh_3908406_-8462136:c001,oh_3908406_-8462136,Hamilton,removed,tennis,2017,2018,0.931,1,True,reversion
oh_3908406_-8462136:c001,oh_3908406_-8462136,Hamilton,tennis,removed,2022,2023,0.756,1,False,
oh_3908485_-8427220:c002,oh_3908485_-8427220,Clermont,tennis,pickleball,2019,2021,0.312,,True,low_confidence
oh_3908546_-8438433:c001,oh_3908546_-8438433,Hamilton,tennis,hybrid,2017,2018,0.545,1,True,low_confidence
oh_3908546_-8438433:c001,oh_3908546_-8438433,Hamilton,hybrid,tennis,2018,2019,0.743,1,True,reversion
oh_3908555_-8459768:c001,oh_3908555_-8459768,Hamilton,hybrid,tennis,2013,2014,0.666,1,True,reversion
oh_3908555_-8459768:c001,oh_3908555_-8459768,Hamilton,tennis,hybrid,2015,2016,0.528,1,True,low_confidence
oh_3908555_-8459768:c001,oh_3908555_-8459768,Hamilton,hybrid,removed,2020,2021,0.866,1,False,
oh_3908555_-8459768:c002,oh_3908555_-8459768,Hamilton,hybrid,removed,2016,2018,0.49,1,True,low_confidence
oh_3908555_-8459768:c002,oh_3908555_-8459768,Hamilton,removed,tennis,2020,2021,0.695,1,True,reversion
oh_3908555_-8459768:c003,oh_3908555_-8459768,Hamilton,tennis,hybrid,2015,2016,0.674,1,False,
oh_3908555_-8459768:c003,oh_3908555_-8459768,Hamilton,hybrid,removed,2016,2018,0.674,1,False,
oh_3908555_-8459768:c004,oh_3908555_-8459768,Hamilton,hybrid,tennis,2012,2013,0.469,1,True,low_confidence;reversion
oh_3908555_-8459768:c004,oh_3908555_-8459768,Hamilton,tennis,hybrid,2015,2016,0.419,1,True,low_confidence
oh_3908555_-8459768:c004,oh_3908555_-8459768,Hamilton,hybrid,removed,2016,2018,0.885,1,False,
oh_3908590_-8462874:c001,oh_3908590_-8462874,Hamilton,tennis,removed,2014,2016,0.694,1,False,
oh_3908769_-8332067:c001,oh_3908769_-8332067,Pike,tennis,removed,2011,2013,0.708,1,False,
oh_3908769_-8332067:c001,oh_3908769_-8332067,Pike,removed,tennis,2013,2015,0.681,1,True,reversion
oh_3908769_-8332067:c001,oh_3908769_-8332067,Pike,tennis,hybrid,2021,2023,0.41,1,True,low_confidence
oh_3909039_-8432837:c001,oh_3909039_-8432837,Hamilton,tennis,removed,2013,2021,0.433,1,True,low_confidence
oh_3909092_-8437299:c001,oh_3909092_-8437299,Hamilton,tennis,hybrid,2022,2023,0.823,1,False,
oh_3909546_-8464147:c001,oh_3909546_-8464147,Hamilton,tennis,removed,2018,2019,0.863,1,False,
oh_3909546_-8464147:c002,oh_3909546_-8464147,Hamilton,tennis,removed,2018,2019,0.683,1,False,
oh_3909546_-8464147:c003,oh_3909546_-8464147,Hamilton,tennis,removed,2018,2019,0.843,1,False,
oh_3909546_-8464147:c004,oh_3909546_-8464147,Hamilton,tennis,removed,2018,2019,0.946,1,False,
oh_3909556_-8456863:c001,oh_3909556_-8456863,Hamilton,tennis,removed,2018,2019,0.586,1,True,low_confidence
oh_3909556_-8456863:c002,oh_3909556_-8456863,Hamilton,tennis,hybrid,2012,2013,0.782,1,False,
oh_3909556_-8456863:c002,oh_3909556_-8456863,Hamilton,hybrid,tennis,2013,2014,0.759,1,True,reversion
oh_3909556_-8456863:c003,oh_3909556_-8456863,Hamilton,tennis,hybrid,2017,2018,0.69,1,False,
oh_3909556_-8456863:c003,oh_3909556_-8456863,Hamilton,hybrid,removed,2018,2019,0.69,1,False,
oh_3909556_-8456863:c004,oh_3909556_-8456863,Hamilton,tennis,hybrid,2018,2019,0.486,1,True,low_confidence
oh_3909556_-8456863:c004,oh_3909556_-8456863,Hamilton,hybrid,tennis,2019,2020,0.415,1,True,low_confidence;reversion
oh_3909556_-8456863:c005,oh_3909556_-8456863,Hamilton,tennis,removed,2016,2017,0.553,1,True,low_confidence
oh_3909556_-8456863:c005,oh_3909556_-8456863,Hamilton,removed,tennis,2017,2018,0.601,1,True,reversion
oh_3909623_-8437141:c001,oh_3909623_-8437141,Hamilton,tennis,hybrid,2012,2013,0.633,1,False,
oh_3909623_-8437141:c001,oh_3909623_-8437141,Hamilton,hybrid,tennis,2013,2014,0.793,1,True,reversion
oh_3909623_-8437141:c001,oh_3909623_-8437141,Hamilton,tennis,hybrid,2016,2017,0.408,1,True,low_confidence
oh_3909623_-8437141:c001,oh_3909623_-8437141,Hamilton,hybrid,tennis,2018,2019,0.781,1,True,reversion
oh_3909865_-8463312:c001,oh_3909865_-8463312,Hamilton,tennis,hybrid,2013,2016,0.927,1,False,
oh_3909865_-8463312:c001,oh_3909865_-8463312,Hamilton,hybrid,tennis,2018,2019,0.688,1,True,reversion
oh_3909865_-8463312:c002,oh_3909865_-8463312,Hamilton,tennis,removed,2022,2023,0.709,1,False,
oh_3910137_-8462545:c001,oh_3910137_-8462545,Hamilton,hybrid,tennis,2016,2018,0.632,1,True,reversion
oh_3910197_-8461058:c002,oh_3910197_-8461058,Hamilton,tennis,hybrid,2021,2022,0.338,1,True,low_confidence
oh_3910198_-8438140:c001,oh_3910198_-8438140,Hamilton,tennis,pickleball,2018,2019,0.831,,False,
oh_3910198_-8438140:c001,oh_3910198_-8438140,Hamilton,pickleball,hybrid,2020,2021,0.348,1,True,low_confidence
oh_3910198_-8438140:c001,oh_3910198_-8438140,Hamilton,hybrid,tennis,2021,2022,0.348,1,True,low_confidence;reversion
oh_3910229_-8414936:c001,oh_3910229_-8414936,Clermont,removed,pickleball,2011,2021,0.791,1,True,reversion
oh_3910229_-8414936:c001,oh_3910229_-8414936,Clermont,pickleball,tennis,2021,2023,0.689,1,True,reversion
oh_3910279_-8449653:c001,oh_3910279_-8449653,Hamilton,tennis,pickleball,2020,2021,0.801,,False,
oh_3910279_-8449653:c002,oh_3910279_-8449653,Hamilton,tennis,pickleball,2020,2021,0.668,,False,
oh_3910279_-8449653:c002,oh_3910279_-8449653,Hamilton,pickleball,hybrid,2021,2023,0.781,1,False,
oh_3910279_-8449653:c003,oh_3910279_-8449653,Hamilton,tennis,pickleball,2020,2021,0.72,,False,
oh_3910279_-8449653:c003,oh_3910279_-8449653,Hamilton,pickleball,hybrid,2021,2023,0.592,1,True,low_confidence
oh_3910279_-8449653:c004,oh_3910279_-8449653,Hamilton,tennis,pickleball,2020,2021,0.565,4,True,low_confidence
oh_3910279_-8449653:c005,oh_3910279_-8449653,Hamilton,tennis,pickleball,2020,2021,0.66,4,False,
oh_3910279_-8449653:c006,oh_3910279_-8449653,Hamilton,tennis,hybrid,2015,2016,0.393,1,True,low_confidence
oh_3910279_-8449653:c006,oh_3910279_-8449653,Hamilton,hybrid,tennis,2016,2017,0.509,1,True,low_confidence;reversion
oh_3910279_-8449653:c006,oh_3910279_-8449653,Hamilton,tennis,pickleball,2020,2021,0.363,1,True,low_confidence
oh_3910279_-8449653:c007,oh_3910279_-8449653,Hamilton,tennis,pickleball,2020,2021,0.851,4,False,
oh_3910279_-8449653:c008,oh_3910279_-8449653,Hamilton,tennis,pickleball,2020,2021,0.79,2,False,
oh_3911281_-8464175:c001,oh_3911281_-8464175,Hamilton,tennis,removed,2021,2022,0.622,1,False,
oh_3911281_-8464175:c001,oh_3911281_-8464175,Hamilton,removed,tennis,2022,2023,0.485,1,True,low_confidence;reversion
oh_3911334_-8460911:c001,oh_3911334_-8460911,Hamilton,pickleball,tennis,2020,2021,0.827,1,True,reversion
oh_3911491_-8299375:c001,oh_3911491_-8299375,Pike,removed,hybrid,2013,2019,0.46,1,True,low_confidence;reversion
oh_3911491_-8299375:c001,oh_3911491_-8299375,Pike,hybrid,tennis,2019,2021,0.46,1,True,low_confidence;reversion
oh_3911603_-8441090:c001,oh_3911603_-8441090,Hamilton,tennis,hybrid,2014,2015,0.519,1,True,low_confidence
oh_3911603_-8441090:c001,oh_3911603_-8441090,Hamilton,hybrid,tennis,2016,2018,0.414,1,True,low_confidence;reversion
oh_3911603_-8441090:c002,oh_3911603_-8441090,Hamilton,tennis,hybrid,2014,2015,0.654,1,False,
oh_3911603_-8441090:c002,oh_3911603_-8441090,Hamilton,hybrid,tennis,2016,2018,0.557,1,True,low_confidence;reversion
oh_3911603_-8441090:c003,oh_3911603_-8441090,Hamilton,tennis,hybrid,2015,2016,0.498,1,True,low_confidence
oh_3911603_-8441090:c003,oh_3911603_-8441090,Hamilton,hybrid,tennis,2016,2018,0.527,1,True,low_confidence;reversion
oh_3911603_-8441090:c004,oh_3911603_-8441090,Hamilton,tennis,hybrid,2015,2016,0.46,1,True,low_confidence
oh_3911603_-8441090:c004,oh_3911603_-8441090,Hamilton,hybrid,tennis,2016,2018,0.537,1,True,low_confidence;reversion
oh_3911603_-8441090:c005,oh_3911603_-8441090,Hamilton,tennis,hybrid,2014,2015,0.652,1,False,
oh_3911603_-8441090:c005,oh_3911603_-8441090,Hamilton,hybrid,tennis,2016,2018,0.559,1,True,low_confidence;reversion
oh_3911603_-8441090:c006,oh_3911603_-8441090,Hamilton,tennis,hybrid,2015,2016,0.526,1,True,low_confidence
oh_3911603_-8441090:c006,oh_3911603_-8441090,Hamilton,hybrid,tennis,2016,2018,0.577,1,True,low_confidence;reversion
oh_3911603_-8441090:c007,oh_3911603_-8441090,Hamilton,tennis,hybrid,2015,2016,0.556,1,True,low_confidence
oh_3911603_-8441090:c007,oh_3911603_-8441090,Hamilton,hybrid,tennis,2016,2018,0.595,1,True,low_confidence;reversion
oh_3911603_-8441090:c009,oh_3911603_-8441090,Hamilton,tennis,hybrid,2011,2015,0.476,1,True,low_confidence
oh_3911603_-8441090:c009,oh_3911603_-8441090,Hamilton,hybrid,tennis,2018,2019,0.693,1,True,reversion
oh_3911603_-8441090:c009,oh_3911603_-8441090,Hamilton,tennis,hybrid,2019,2020,0.607,1,False,
oh_3911603_-8441090:c009,oh_3911603_-8441090,Hamilton,hybrid,tennis,2022,2023,0.519,1,True,low_confidence;reversion
oh_3911603_-8441090:c010,oh_3911603_-8441090,Hamilton,tennis,hybrid,2014,2015,0.476,1,True,low_confidence
oh_3911603_-8441090:c010,oh_3911603_-8441090,Hamilton,hybrid,tennis,2019,2020,0.588,1,True,low_confidence;reversion
oh_3911603_-8441090:c011,oh_3911603_-8441090,Hamilton,tennis,hybrid,2015,2016,0.508,1,True,low_confidence
oh_3911603_-8441090:c011,oh_3911603_-8441090,Hamilton,hybrid,tennis,2016,2018,0.46,1,True,low_confidence;reversion
oh_3911603_-8441090:c012,oh_3911603_-8441090,Hamilton,tennis,hybrid,2012,2013,0.743,1,False,
oh_3911603_-8441090:c012,oh_3911603_-8441090,Hamilton,hybrid,tennis,2019,2020,0.625,1,True,reversion
oh_3911603_-8441090:c012,oh_3911603_-8441090,Hamilton,tennis,hybrid,2021,2022,0.424,1,True,low_confidence
oh_3911603_-8441090:c012,oh_3911603_-8441090,Hamilton,hybrid,tennis,2022,2023,0.587,1,True,low_confidence;reversion
oh_3911603_-8441090:c013,oh_3911603_-8441090,Hamilton,tennis,hybrid,2016,2018,0.479,1,True,low_confidence
oh_3911603_-8441090:c013,oh_3911603_-8441090,Hamilton,hybrid,tennis,2019,2020,0.498,1,True,low_confidence;reversion
oh_3911603_-8441090:c014,oh_3911603_-8441090,Hamilton,tennis,hybrid,2012,2013,0.579,1,True,low_confidence
oh_3911603_-8441090:c014,oh_3911603_-8441090,Hamilton,hybrid,tennis,2019,2020,0.566,1,True,low_confidence;reversion
oh_3911603_-8441090:c015,oh_3911603_-8441090,Hamilton,tennis,hybrid,2014,2015,0.718,1,False,
oh_3911603_-8441090:c016,oh_3911603_-8441090,Hamilton,tennis,hybrid,2014,2015,0.468,1,True,low_confidence
oh_3911603_-8441090:c016,oh_3911603_-8441090,Hamilton,hybrid,tennis,2016,2018,0.649,1,True,reversion
oh_3911603_-8441090:c016,oh_3911603_-8441090,Hamilton,tennis,hybrid,2019,2020,0.61,1,False,
oh_3911603_-8441090:c016,oh_3911603_-8441090,Hamilton,hybrid,tennis,2020,2022,0.328,1,True,low_confidence;reversion
oh_3911816_-8455138:c001,oh_3911816_-8455138,Hamilton,tennis,hybrid,2013,2016,0.856,1,False,
oh_3911816_-8455138:c001,oh_3911816_-8455138,Hamilton,hybrid,tennis,2019,2020,0.501,1,True,low_confidence;reversion
oh_3911816_-8455138:c001,oh_3911816_-8455138,Hamilton,tennis,hybrid,2020,2021,0.745,1,False,
oh_3911816_-8455138:c001,oh_3911816_-8455138,Hamilton,hybrid,tennis,2022,2023,0.817,1,True,reversion
oh_3911816_-8455138:c002,oh_3911816_-8455138,Hamilton,tennis,hybrid,2012,2013,0.8,1,False,
oh_3911816_-8455138:c002,oh_3911816_-8455138,Hamilton,hybrid,tennis,2022,2023,0.74,1,True,reversion
oh_3911936_-8448993:c001,oh_3911936_-8448993,Hamilton,tennis,hybrid,2019,2020,0.695,1,False,
oh_3911936_-8448993:c001,oh_3911936_-8448993,Hamilton,hybrid,tennis,2021,2022,0.613,1,True,reversion
oh_3912297_-8434477:c001,oh_3912297_-8434477,Hamilton,tennis,hybrid,2011,2013,0.624,1,False,
oh_3912297_-8434477:c001,oh_3912297_-8434477,Hamilton,hybrid,tennis,2013,2015,0.692,1,True,reversion
oh_3912297_-8434477:c002,oh_3912297_-8434477,Hamilton,tennis,hybrid,2011,2013,0.794,1,False,
oh_3912297_-8434477:c002,oh_3912297_-8434477,Hamilton,hybrid,tennis,2013,2015,0.816,1,True,reversion
oh_3912297_-8434477:c003,oh_3912297_-8434477,Hamilton,hybrid,tennis,2013,2015,0.766,1,True,reversion
oh_3912297_-8434477:c003,oh_3912297_-8434477,Hamilton,tennis,removed,2021,2023,0.44,1,True,low_confidence
oh_3912329_-8446671:c001,oh_3912329_-8446671,Hamilton,tennis,hybrid,2020,2021,0.479,1,True,low_confidence
oh_3912329_-8446671:c001,oh_3912329_-8446671,Hamilton,hybrid,tennis,2022,2023,0.674,1,True,reversion
oh_3912431_-8456662:c002,oh_3912431_-8456662,Hamilton,hybrid,tennis,2013,2014,0.89,1,True,reversion
oh_3912431_-8456662:c002,oh_3912431_-8456662,Hamilton,tennis,hybrid,2016,2017,0.473,1,True,low_confidence
oh_3912431_-8456662:c002,oh_3912431_-8456662,Hamilton,hybrid,tennis,2018,2019,0.866,1,True,reversion
oh_3912431_-8456662:c005,oh_3912431_-8456662,Hamilton,tennis,hybrid,2012,2013,0.814,1,False,
oh_3912431_-8456662:c005,oh_3912431_-8456662,Hamilton,hybrid,tennis,2013,2014,0.89,1,True,reversion
oh_3912431_-8456662:c005,oh_3912431_-8456662,Hamilton,tennis,hybrid,2017,2018,0.736,1,False,
oh_3912431_-8456662:c005,oh_3912431_-8456662,Hamilton,hybrid,tennis,2018,2019,0.907,1,True,reversion
oh_3912438_-8437324:c001,oh_3912438_-8437324,Hamilton,removed,pickleball,2016,2018,0.422,2,True,low_confidence;reversion
oh_3912438_-8437324:c001,oh_3912438_-8437324,Hamilton,pickleball,removed,2021,2022,0.636,1,False,
oh_3912438_-8437324:c001,oh_3912438_-8437324,Hamilton,removed,pickleball,2022,2023,0.467,2,True,low_confidence;reversion
oh_3912438_-8437324:c002,oh_3912438_-8437324,Hamilton,removed,pickleball,2018,2019,0.463,2,True,low_confidence;reversion
oh_3912438_-8437324:c002,oh_3912438_-8437324,Hamilton,pickleball,removed,2021,2022,0.546,1,True,low_confidence
oh_3912438_-8437324:c003,oh_3912438_-8437324,Hamilton,removed,pickleball,2016,2018,0.353,1,True,low_confidence;reversion
oh_3912438_-8437324:c003,oh_3912438_-8437324,Hamilton,pickleball,removed,2021,2022,0.454,1,True,low_confidence
oh_3912657_-8451097:c001,oh_3912657_-8451097,Hamilton,tennis,removed,2022,2023,0.535,1,True,low_confidence
oh_3912657_-8451097:c002,oh_3912657_-8451097,Hamilton,tennis,removed,2021,2022,0.578,1,True,low_confidence
oh_3912657_-8451097:c003,oh_3912657_-8451097,Hamilton,tennis,removed,2022,2023,0.422,1,True,low_confidence
oh_3912657_-8451097:c004,oh_3912657_-8451097,Hamilton,tennis,removed,2018,2022,0.405,1,True,low_confidence
oh_3912714_-8446137:c001,oh_3912714_-8446137,Hamilton,tennis,removed,2018,2020,0.752,1,False,
oh_3912756_-8446469:c001,oh_3912756_-8446469,Hamilton,tennis,removed,2011,2016,0.662,1,False,
oh_3912846_-8450078:c001,oh_3912846_-8450078,Hamilton,tennis,removed,2016,2019,0.426,1,True,low_confidence
oh_3912846_-8450078:c001,oh_3912846_-8450078,Hamilton,removed,tennis,2019,2020,0.308,1,True,low_confidence;reversion
oh_3912846_-8450078:c006,oh_3912846_-8450078,Hamilton,tennis,removed,2016,2023,0.468,1,True,low_confidence
oh_3912846_-8450078:c007,oh_3912846_-8450078,Hamilton,tennis,pickleball,2018,2023,0.29,,True,low_confidence
oh_3912916_-8445396:c001,oh_3912916_-8445396,Hamilton,hybrid,tennis,2011,2013,0.487,1,True,low_confidence;reversion
oh_3912916_-8445396:c003,oh_3912916_-8445396,Hamilton,tennis,hybrid,2021,2023,0.683,1,False,
oh_3912916_-8445396:c007,oh_3912916_-8445396,Hamilton,tennis,hybrid,2015,2021,0.506,1,True,low_confidence
oh_3912916_-8445396:c011,oh_3912916_-8445396,Hamilton,tennis,hybrid,2011,2019,0.835,1,False,
oh_3913005_-8451561:c002,oh_3913005_-8451561,Hamilton,tennis,hybrid,2011,2013,0.823,1,False,
oh_3913005_-8451561:c002,oh_3913005_-8451561,Hamilton,hybrid,tennis,2013,2015,0.834,1,True,reversion
oh_3913005_-8451561:c003,oh_3913005_-8451561,Hamilton,tennis,hybrid,2011,2013,0.825,1,False,
oh_3913005_-8451561:c003,oh_3913005_-8451561,Hamilton,hybrid,tennis,2013,2015,0.85,1,True,reversion
oh_3913005_-8451561:c004,oh_3913005_-8451561,Hamilton,hybrid,tennis,2013,2015,0.634,1,True,reversion
oh_3913005_-8451561:c006,oh_3913005_-8451561,Hamilton,hybrid,tennis,2013,2015,0.771,1,True,reversion
oh_3913338_-8452374:c002,oh_3913338_-8452374,Hamilton,tennis,hybrid,2013,2019,0.626,1,False,
oh_3913401_-8446908:c001,oh_3913401_-8446908,Hamilton,hybrid,tennis,2011,2013,0.414,1,True,low_confidence;reversion
oh_3913401_-8446908:c001,oh_3913401_-8446908,Hamilton,tennis,hybrid,2019,2021,0.538,1,True,low_confidence
oh_3913401_-8446908:c002,oh_3913401_-8446908,Hamilton,tennis,hybrid,2021,2023,0.737,1,False,
oh_3913401_-8446908:c003,oh_3913401_-8446908,Hamilton,hybrid,tennis,2013,2015,0.494,1,True,low_confidence;reversion
oh_3913401_-8446908:c003,oh_3913401_-8446908,Hamilton,tennis,hybrid,2019,2021,0.562,1,True,low_confidence
oh_3913401_-8446908:c004,oh_3913401_-8446908,Hamilton,tennis,hybrid,2021,2023,0.642,1,False,
oh_3913401_-8446908:c005,oh_3913401_-8446908,Hamilton,tennis,hybrid,2019,2021,0.614,1,False,
oh_3913401_-8446908:c006,oh_3913401_-8446908,Hamilton,tennis,hybrid,2011,2013,0.673,1,False,
oh_3913401_-8446908:c006,oh_3913401_-8446908,Hamilton,hybrid,tennis,2013,2015,0.522,1,True,low_confidence;reversion
oh_3913401_-8446908:c007,oh_3913401_-8446908,Hamilton,tennis,hybrid,2019,2021,0.452,1,True,low_confidence
oh_3913401_-8446908:c008,oh_3913401_-8446908,Hamilton,hybrid,tennis,2013,2015,0.818,1,True,reversion
oh_3913401_-8446908:c008,oh_3913401_-8446908,Hamilton,tennis,hybrid,2019,2021,0.718,1,False,
oh_3913401_-8446908:c009,oh_3913401_-8446908,Hamilton,tennis,hybrid,2021,2023,0.675,1,False,
oh_3913401_-8446908:c010,oh_3913401_-8446908,Hamilton,tennis,hybrid,2021,2023,0.801,1,False,
oh_3913488_-8463969:c004,oh_3913488_-8463969,Hamilton,tennis,pickleball,2019,2021,0.727,,False,
oh_3913491_-8461064:c001,oh_3913491_-8461064,Hamilton,tennis,pickleball,2013,2019,0.767,,False,
oh_3913491_-8461064:c002,oh_3913491_-8461064,Hamilton,tennis,hybrid,2019,2021,0.54,1,True,low_confidence
oh_3913491_-8461064:c002,oh_3913491_-8461064,Hamilton,hybrid,tennis,2021,2023,0.533,1,True,low_confidence;reversion
oh_3913491_-8461064:c003,oh_3913491_-8461064,Hamilton,tennis,pickleball,2013,2019,0.452,1,True,low_confidence
oh_3913859_-8452993:c001,oh_3913859_-8452993,Hamilton,tennis,removed,2019,2023,0.683,1,False,
oh_3914020_-8443910:c005,oh_3914020_-8443910,Hamilton,tennis,hybrid,2011,2013,0.451,1,True,low_confidence
oh_3914020_-8443910:c005,oh_3914020_-8443910,Hamilton,hybrid,tennis,2019,2021,0.676,1,True,reversion
oh_3914020_-8443910:c006,oh_3914020_-8443910,Hamilton,tennis,removed,2011,2019,0.39,1,True,low_confidence
oh_3914020_-8443910:c008,oh_3914020_-8443910,Hamilton,removed,tennis,2011,2015,0.43,1,True,low_confidence;reversion
oh_3914020_-8443910:c013,oh_3914020_-8443910,Hamilton,tennis,removed,2013,2019,0.717,1,False,
oh_3914020_-8443910:c014,oh_3914020_-8443910,Hamilton,tennis,removed,2013,2019,0.495,1,True,low_confidence
oh_3914092_-8442168:c001,oh_3914092_-8442168,Hamilton,tennis,hybrid,2021,2023,0.376,1,True,low_confidence
oh_3914092_-8442168:c002,oh_3914092_-8442168,Hamilton,tennis,hybrid,2021,2023,0.562,1,True,low_confidence
oh_3914092_-8442168:c003,oh_3914092_-8442168,Hamilton,tennis,hybrid,2021,2023,0.511,1,True,low_confidence
oh_3914166_-8440929:c002,oh_3914166_-8440929,Hamilton,pickleball,tennis,2021,2023,0.356,1,True,low_confidence;reversion
oh_3914206_-8435502:c001,oh_3914206_-8435502,Hamilton,removed,hybrid,2011,2013,0.679,1,True,reversion
oh_3914206_-8435502:c001,oh_3914206_-8435502,Hamilton,hybrid,tennis,2013,2015,0.529,1,True,low_confidence;reversion
oh_3914206_-8435502:c001,oh_3914206_-8435502,Hamilton,tennis,hybrid,2017,2019,0.437,1,True,low_confidence
oh_3914206_-8435502:c001,oh_3914206_-8435502,Hamilton,hybrid,tennis,2019,2021,0.664,1,True,reversion
oh_3914277_-8447945:c001,oh_3914277_-8447945,Hamilton,removed,tennis,2015,2017,0.873,1,True,reversion
oh_3914277_-8447945:c005,oh_3914277_-8447945,Hamilton,removed,tennis,2011,2013,0.323,1,True,low_confidence;reversion
oh_3914277_-8447945:c006,oh_3914277_-8447945,Hamilton,removed,tennis,2015,2017,0.802,1,True,reversion
oh_3914381_-8460761:c001,oh_3914381_-8460761,Hamilton,tennis,removed,2011,2017,0.836,1,False,
oh_3914393_-8441519:c009,oh_3914393_-8441519,Hamilton,hybrid,tennis,2021,2023,0.752,1,True,reversion
oh_3914460_-8428356:c001,oh_3914460_-8428356,Clermont,tennis,hybrid,2013,2019,0.511,1,True,low_confidence
oh_3914460_-8428356:c001,oh_3914460_-8428356,Clermont,hybrid,removed,2019,2021,0.589,1,True,low_confidence
oh_3914599_-8439976:c004,oh_3914599_-8439976,Hamilton,tennis,hybrid,2017,2019,0.734,1,False,
oh_3914599_-8439976:c004,oh_3914599_-8439976,Hamilton,hybrid,pickleball,2019,2021,0.734,,False,
oh_3914599_-8439976:c005,oh_3914599_-8439976,Hamilton,pickleball,tennis,2011,2013,0.412,1,True,low_confidence;reversion
oh_3914599_-8439976:c005,oh_3914599_-8439976,Hamilton,tennis,hybrid,2013,2019,0.418,1,True,low_confidence
oh_3914599_-8439976:c005,oh_3914599_-8439976,Hamilton,hybrid,pickleball,2019,2021,0.821,1,False,
oh_3914599_-8439976:c006,oh_3914599_-8439976,Hamilton,tennis,pickleball,2013,2021,0.715,1,False,
oh_3914692_-8360203:c001,oh_3914692_-8360203,Highland,tennis,hybrid,2011,2013,0.73,1,False,
oh_3914692_-8360203:c001,oh_3914692_-8360203,Highland,hybrid,tennis,2015,2017,0.572,1,True,low_confidence;reversion
oh_3914736_-8437836:c005,oh_3914736_-8437836,Hamilton,tennis,hybrid,2011,2013,0.878,1,False,
oh_3914736_-8437836:c005,oh_3914736_-8437836,Hamilton,hybrid,tennis,2013,2015,0.648,1,True,reversion
oh_3914736_-8437836:c006,oh_3914736_-8437836,Hamilton,tennis,hybrid,2011,2013,0.932,1,False,
oh_3914736_-8437836:c006,oh_3914736_-8437836,Hamilton,hybrid,tennis,2013,2019,0.816,1,True,reversion
oh_3914736_-8437836:c008,oh_3914736_-8437836,Hamilton,tennis,removed,2011,2013,0.683,1,False,
oh_3914736_-8437836:c009,oh_3914736_-8437836,Hamilton,pickleball,tennis,2015,2017,0.304,1,True,low_confidence;reversion
oh_3914736_-8437836:c009,oh_3914736_-8437836,Hamilton,tennis,pickleball,2017,2019,0.304,,True,low_confidence
oh_3914736_-8437836:c009,oh_3914736_-8437836,Hamilton,pickleball,tennis,2021,2023,0.493,1,True,low_confidence;reversion
oh_3914736_-8437836:c012,oh_3914736_-8437836,Hamilton,hybrid,pickleball,2011,2013,0.511,,True,low_confidence
oh_3914736_-8437836:c013,oh_3914736_-8437836,Hamilton,pickleball,removed,2013,2019,0.315,1,True,low_confidence
oh_3914736_-8437836:c014,oh_3914736_-8437836,Hamilton,pickleball,tennis,2021,2023,0.487,1,True,low_confidence;reversion
oh_3914736_-8437836:c015,oh_3914736_-8437836,Hamilton,pickleball,tennis,2021,2023,0.399,1,True,low_confidence;reversion
oh_3914736_-8437836:c017,oh_3914736_-8437836,Hamilton,removed,pickleball,2019,2021,0.411,,True,low_confidence;reversion
oh_3914736_-8437836:c017,oh_3914736_-8437836,Hamilton,pickleball,removed,2021,2023,0.314,1,True,low_confidence
oh_3915311_-8466972:c001,oh_3915311_-8466972,Hamilton,hybrid,pickleball,2013,2015,0.574,,True,low_confidence
oh_3915311_-8466972:c001,oh_3915311_-8466972,Hamilton,pickleball,tennis,2021,2023,0.555,1,True,low_confidence;reversion
oh_3915311_-8466972:c002,oh_3915311_-8466972,Hamilton,hybrid,pickleball,2011,2013,0.539,,True,low_confidence
oh_3915351_-8413205:c001,oh_3915351_-8413205,Clermont,tennis,pickleball,2021,2023,0.885,,False,
oh_3915429_-8431831:c002,oh_3915429_-8431831,Hamilton,tennis,pickleball,2013,2019,0.504,,True,low_confidence
oh_3915429_-8431831:c002,oh_3915429_-8431831,Hamilton,pickleball,tennis,2019,2021,0.824,1,True,reversion
oh_3915429_-8447109:c006,oh_3915429_-8447109,Hamilton,tennis,hybrid,2011,2013,0.821,1,False,
oh_3915429_-8447109:c006,oh_3915429_-8447109,Hamilton,hybrid,tennis,2013,2015,0.7,1,True,reversion
oh_3915443_-8449093:c001,oh_3915443_-8449093,Hamilton,tennis,removed,2019,2023,0.838,1,False,
oh_3915447_-8455078:c001,oh_3915447_-8455078,Hamilton,pickleball,hybrid,2017,2019,0.51,1,True,low_confidence
oh_3915610_-8429480:c001,oh_3915610_-8429480,Clermont,removed,pickleball,2015,2017,0.464,,True,low_confidence;reversion
oh_3915619_-8436503:c001,oh_3915619_-8436503,Hamilton,removed,tennis,2013,2019,0.509,1,True,low_confidence;reversion
oh_3915846_-8435136:c001,oh_3915846_-8435136,Hamilton,tennis,hybrid,2011,2013,0.504,1,True,low_confidence
oh_3915846_-8435136:c001,oh_3915846_-8435136,Hamilton,hybrid,tennis,2013,2019,0.593,1,True,low_confidence;reversion
oh_3915846_-8435136:c002,oh_3915846_-8435136,Hamilton,tennis,hybrid,2011,2013,0.821,1,False,
oh_3915846_-8435136:c002,oh_3915846_-8435136,Hamilton,hybrid,tennis,2015,2017,0.409,1,True,low_confidence;reversion
oh_3915962_-8437393:c001,oh_3915962_-8437393,Hamilton,tennis,hybrid,2021,2023,0.497,1,True,low_confidence
oh_3916143_-8436473:c001,oh_3916143_-8436473,Hamilton,hybrid,tennis,2019,2021,0.655,1,True,reversion
oh_3916253_-8440911:c001,oh_3916253_-8440911,Hamilton,pickleball,removed,2013,2019,0.343,1,True,low_confidence
oh_3916377_-8429343:c001,oh_3916377_-8429343,Clermont,hybrid,tennis,2011,2013,0.445,1,True,low_confidence;reversion
oh_3916581_-8439636:c002,oh_3916581_-8439636,Hamilton,tennis,hybrid,2021,2023,0.63,1,False,
oh_3916581_-8439636:c003,oh_3916581_-8439636,Hamilton,tennis,pickleball,2013,2021,0.571,1,True,low_confidence
oh_3916581_-8439636:c003,oh_3916581_-8439636,Hamilton,pickleball,removed,2021,2023,0.792,1,False,
oh_3916667_-8459136:c001,oh_3916667_-8459136,Hamilton,pickleball,hybrid,2021,2023,0.83,1,False,
oh_3916667_-8459136:c002,oh_3916667_-8459136,Hamilton,pickleball,hybrid,2021,2023,0.764,1,False,
oh_3916801_-8419356:c001,oh_3916801_-8419356,Clermont,tennis,hybrid,2019,2021,0.63,1,False,
oh_3916801_-8419356:c001,oh_3916801_-8419356,Clermont,hybrid,pickleball,2021,2023,0.63,,False,
oh_3916934_-8440111:c001,oh_3916934_-8440111,Hamilton,removed,tennis,2013,2019,0.582,1,True,low_confidence;reversion
oh_3916934_-8440111:c005,oh_3916934_-8440111,Hamilton,removed,tennis,2021,2023,0.924,1,True,reversion
oh_3916934_-8440111:c006,oh_3916934_-8440111,Hamilton,removed,tennis,2021,2023,0.91,1,True,reversion
oh_3916934_-8440111:c007,oh_3916934_-8440111,Hamilton,removed,tennis,2021,2023,0.912,1,True,reversion
oh_3916934_-8440111:c008,oh_3916934_-8440111,Hamilton,removed,tennis,2021,2023,0.897,1,True,reversion
oh_3917045_-8449215:c002,oh_3917045_-8449215,Hamilton,pickleball,tennis,2017,2019,0.317,1,True,low_confidence;reversion
oh_3917045_-8449215:c003,oh_3917045_-8449215,Hamilton,pickleball,tennis,2017,2019,0.31,1,True,low_confidence;reversion
oh_3917116_-8439146:c001,oh_3917116_-8439146,Hamilton,tennis,removed,2015,2019,0.597,1,True,low_confidence
oh_3917258_-8420321:c001,oh_3917258_-8420321,Clermont,removed,pickleball,2021,2023,0.614,1,True,reversion
oh_3917258_-8420321:c002,oh_3917258_-8420321,Clermont,removed,pickleball,2021,2023,0.759,1,True,reversion
oh_3917305_-8470508:c002,oh_3917305_-8470508,Hamilton,tennis,pickleball,2021,2022,0.572,,True,low_confidence
oh_3917305_-8470508:c002,oh_3917305_-8470508,Hamilton,pickleball,hybrid,2022,2023,0.429,1,True,low_confidence
oh_3917305_-8470508:c003,oh_3917305_-8470508,Hamilton,tennis,pickleball,2016,2019,0.537,1,True,low_confidence
oh_3917305_-8470508:c003,oh_3917305_-8470508,Hamilton,pickleball,tennis,2019,2021,0.711,1,True,reversion
oh_3917305_-8470508:c003,oh_3917305_-8470508,Hamilton,tennis,pickleball,2022,2023,0.385,1,True,low_confidence
oh_3917398_-8425075:c001,oh_3917398_-8425075,Clermont,tennis,removed,2019,2021,0.634,1,False,
oh_3917402_-8474933:c001,oh_3917402_-8474933,Hamilton,removed,tennis,2015,2016,0.488,1,True,low_confidence;reversion
oh_3917402_-8474933:c002,oh_3917402_-8474933,Hamilton,removed,tennis,2015,2016,0.587,1,True,low_confidence;reversion
oh_3917402_-8474933:c003,oh_3917402_-8474933,Hamilton,removed,tennis,2015,2016,0.84,1,True,reversion
oh_3917439_-8459248:c001,oh_3917439_-8459248,Hamilton,removed,tennis,2019,2021,0.736,1,True,reversion
oh_3917478_-8447020:c001,oh_3917478_-8447020,Hamilton,tennis,removed,2011,2019,0.322,1,True,low_confidence
oh_3917478_-8447020:c002,oh_3917478_-8447020,Hamilton,tennis,hybrid,2019,2021,0.432,1,True,low_confidence
oh_3917478_-8447020:c002,oh_3917478_-8447020,Hamilton,hybrid,removed,2021,2023,0.626,1,False,
oh_3917478_-8447020:c003,oh_3917478_-8447020,Hamilton,tennis,removed,2021,2023,0.544,1,True,low_confidence
oh_3917747_-8436766:c001,oh_3917747_-8436766,Hamilton,tennis,hybrid,2021,2023,0.696,1,False,
oh_3917747_-8436766:c002,oh_3917747_-8436766,Hamilton,tennis,hybrid,2021,2023,0.766,1,False,
oh_3917747_-8436766:c003,oh_3917747_-8436766,Hamilton,tennis,hybrid,2021,2023,0.531,1,True,low_confidence
oh_3917812_-8451434:c001,oh_3917812_-8451434,Hamilton,removed,pickleball,2017,2019,0.835,,True,reversion
oh_3917834_-8436675:c001,oh_3917834_-8436675,Hamilton,tennis,hybrid,2021,2023,0.707,1,False,
oh_3917860_-8431053:c001,oh_3917860_-8431053,Hamilton,tennis,removed,2011,2023,0.858,1,False,
oh_3917907_-8433787:c001,oh_3917907_-8433787,Hamilton,tennis,hybrid,2017,2019,0.398,1,True,low_confidence
oh_3917907_-8433787:c001,oh_3917907_-8433787,Hamilton,hybrid,tennis,2019,2021,0.571,1,True,low_confidence;reversion
oh_3917919_-8441648:c001,oh_3917919_-8441648,Hamilton,tennis,pickleball,2015,2019,0.363,1,True,low_confidence
oh_3917919_-8441648:c002,oh_3917919_-8441648,Hamilton,tennis,hybrid,2011,2013,0.709,1,False,
oh_3917919_-8441648:c002,oh_3917919_-8441648,Hamilton,hybrid,pickleball,2013,2019,0.853,1,False,
oh_3917919_-8441648:c006,oh_3917919_-8441648,Hamilton,tennis,pickleball,2017,2019,0.311,1,True,low_confidence
oh_3917992_-8442930:c001,oh_3917992_-8442930,Hamilton,tennis,hybrid,2021,2023,0.546,1,True,low_confidence
oh_3917992_-8442930:c002,oh_3917992_-8442930,Hamilton,tennis,hybrid,2021,2023,0.559,1,True,low_confidence
oh_3917992_-8442930:c004,oh_3917992_-8442930,Hamilton,tennis,hybrid,2011,2013,0.673,1,False,
oh_3917992_-8442930:c004,oh_3917992_-8442930,Hamilton,hybrid,tennis,2013,2015,0.632,1,True,reversion
oh_3917992_-8442930:c005,oh_3917992_-8442930,Hamilton,tennis,hybrid,2011,2013,0.849,1,False,
oh_3917992_-8442930:c005,oh_3917992_-8442930,Hamilton,hybrid,tennis,2013,2015,0.671,1,True,reversion
oh_3918015_-8433149:c004,oh_3918015_-8433149,Hamilton,hybrid,tennis,2013,2015,0.682,1,True,reversion
oh_3918015_-8433149:c005,oh_3918015_-8433149,Hamilton,tennis,hybrid,2011,2013,0.717,1,False,
oh_3918015_-8433149:c005,oh_3918015_-8433149,Hamilton,hybrid,tennis,2013,2015,0.602,1,True,reversion
oh_3918015_-8433149:c006,oh_3918015_-8433149,Hamilton,hybrid,tennis,2013,2015,0.561,1,True,low_confidence;reversion
oh_3918015_-8433149:c007,oh_3918015_-8433149,Hamilton,hybrid,tennis,2013,2015,0.767,1,True,reversion
oh_3918069_-8446873:c001,oh_3918069_-8446873,Hamilton,tennis,pickleball,2019,2021,0.426,,True,low_confidence
oh_3918069_-8446873:c002,oh_3918069_-8446873,Hamilton,tennis,hybrid,2017,2019,0.372,1,True,low_confidence
oh_3918069_-8446873:c002,oh_3918069_-8446873,Hamilton,hybrid,pickleball,2019,2021,0.37,1,True,low_confidence
oh_3918154_-8460075:c001,oh_3918154_-8460075,Hamilton,tennis,hybrid,2017,2019,0.803,1,False,
oh_3918154_-8460075:c002,oh_3918154_-8460075,Hamilton,tennis,hybrid,2017,2019,0.867,1,False,
oh_3918259_-8436274:c001,oh_3918259_-8436274,Hamilton,tennis,hybrid,2021,2023,0.711,1,False,
oh_3918259_-8436274:c002,oh_3918259_-8436274,Hamilton,tennis,hybrid,2021,2023,0.562,1,True,low_confidence
oh_3918266_-8361227:c005,oh_3918266_-8361227,Highland,removed,tennis,2017,2019,0.626,1,True,reversion
oh_3918266_-8361227:c006,oh_3918266_-8361227,Highland,removed,tennis,2017,2019,0.535,1,True,low_confidence;reversion
oh_3918284_-8436143:c001,oh_3918284_-8436143,Hamilton,tennis,hybrid,2021,2023,0.795,1,False,
oh_3918285_-8443055:c001,oh_3918285_-8443055,Hamilton,tennis,removed,2021,2023,0.59,1,True,low_confidence
oh_3918285_-8443055:c002,oh_3918285_-8443055,Hamilton,tennis,hybrid,2011,2013,0.876,1,False,
oh_3918285_-8443055:c002,oh_3918285_-8443055,Hamilton,hybrid,tennis,2013,2015,0.874,1,True,reversion
oh_3918285_-8443055:c002,oh_3918285_-8443055,Hamilton,tennis,removed,2021,2023,0.527,1,True,low_confidence
oh_3918285_-8443055:c003,oh_3918285_-8443055,Hamilton,tennis,hybrid,2021,2023,0.676,1,False,
oh_3918285_-8443055:c004,oh_3918285_-8443055,Hamilton,tennis,hybrid,2011,2013,0.775,1,False,
oh_3918285_-8443055:c004,oh_3918285_-8443055,Hamilton,hybrid,tennis,2013,2015,0.732,1,True,reversion
oh_3918285_-8443055:c005,oh_3918285_-8443055,Hamilton,hybrid,tennis,2013,2015,0.79,1,True,reversion
oh_3918299_-8432953:c001,oh_3918299_-8432953,Hamilton,tennis,hybrid,2019,2021,0.455,1,True,low_confidence
oh_3918327_-8431971:c001,oh_3918327_-8431971,Hamilton,tennis,removed,2019,2021,0.445,1,True,low_confidence
oh_3918508_-8438883:c001,oh_3918508_-8438883,Hamilton,tennis,pickleball,2011,2013,0.367,1,True,low_confidence
oh_3918508_-8438883:c004,oh_3918508_-8438883,Hamilton,pickleball,tennis,2021,2023,0.702,1,True,reversion
oh_3918508_-8438883:c007,oh_3918508_-8438883,Hamilton,tennis,pickleball,2013,2017,0.33,,True,low_confidence
oh_3918529_-8351459:c001,oh_3918529_-8351459,Highland,tennis,removed,2011,2013,0.488,1,True,low_confidence
oh_3918529_-8351459:c001,oh_3918529_-8351459,Highland,removed,tennis,2013,2015,0.414,1,True,low_confidence;reversion
oh_3918529_-8351459:c001,oh_3918529_-8351459,Highland,tennis,removed,2019,2023,0.511,1,True,low_confidence
oh_3918567_-8433295:c001,oh_3918567_-8433295,Hamilton,tennis,pickleball,2013,2021,0.551,,True,low_confidence
oh_3918567_-8433295:c002,oh_3918567_-8433295,Hamilton,tennis,pickleball,2019,2023,0.435,,True,low_confidence
oh_3918631_-8432390:c001,oh_3918631_-8432390,Hamilton,tennis,removed,2017,2019,0.401,1,True,low_confidence
oh_3918631_-8432390:c001,oh_3918631_-8432390,Hamilton,removed,tennis,2021,2023,0.799,1,True,reversion
oh_3918634_-8433139:c001,oh_3918634_-8433139,Hamilton,removed,tennis,2011,2013,0.882,1,True,reversion
oh_3918634_-8433139:c002,oh_3918634_-8433139,Hamilton,removed,tennis,2011,2013,0.576,1,True,low_confidence;reversion
oh_3918634_-8433139:c003,oh_3918634_-8433139,Hamilton,removed,tennis,2011,2013,0.879,1,True,reversion
oh_3918634_-8433139:c004,oh_3918634_-8433139,Hamilton,removed,tennis,2011,2013,0.774,1,True,reversion
oh_3918750_-8434752:c002,oh_3918750_-8434752,Hamilton,tennis,hybrid,2011,2013,0.647,1,False,
oh_3918750_-8434752:c002,oh_3918750_-8434752,Hamilton,hybrid,tennis,2013,2015,0.513,1,True,low_confidence;reversion
oh_3918901_-8459899:c001,oh_3918901_-8459899,Hamilton,hybrid,tennis,2013,2015,0.92,1,True,reversion
oh_3918901_-8459899:c001,oh_3918901_-8459899,Hamilton,tennis,removed,2017,2019,0.575,1,True,low_confidence
oh_3918901_-8459899:c001,oh_3918901_-8459899,Hamilton,removed,tennis,2021,2023,0.876,1,True,reversion
oh_3919046_-8466010:c001,oh_3919046_-8466010,Hamilton,tennis,removed,2013,2021,0.452,1,True,low_confidence
oh_3919046_-8466010:c001,oh_3919046_-8466010,Hamilton,removed,tennis,2021,2023,0.832,1,True,reversion
oh_3919299_-8463621:c001,oh_3919299_-8463621,Hamilton,tennis,hybrid,2011,2013,0.678,1,False,
oh_3919299_-8463621:c001,oh_3919299_-8463621,Hamilton,hybrid,tennis,2015,2017,0.506,1,True,low_confidence;reversion
oh_3919382_-8422272:c001,oh_3919382_-8422272,Clermont,tennis,hybrid,2021,2023,0.416,1,True,low_confidence
oh_3919382_-8422272:c003,oh_3919382_-8422272,Clermont,tennis,pickleball,2017,2019,0.818,1,False,
oh_3919382_-8422272:c004,oh_3919382_-8422272,Clermont,tennis,pickleball,2017,2019,0.703,1,False,
oh_3919389_-8455004:c001,oh_3919389_-8455004,Hamilton,tennis,pickleball,2015,2019,0.343,1,True,low_confidence
oh_3919389_-8455004:c001,oh_3919389_-8455004,Hamilton,pickleball,tennis,2021,2023,0.658,1,True,reversion
oh_3919672_-8425648:c001,oh_3919672_-8425648,Clermont,tennis,pickleball,2019,2021,0.424,,True,low_confidence
oh_3919672_-8425648:c001,oh_3919672_-8425648,Clermont,pickleball,tennis,2021,2023,0.707,1,True,reversion
oh_3919702_-8437095:c001,oh_3919702_-8437095,Hamilton,pickleball,hybrid,2019,2021,0.628,1,False,
oh_3919702_-8437095:c002,oh_3919702_-8437095,Hamilton,pickleball,hybrid,2021,2023,0.409,1,True,low_confidence
oh_3919702_-8437095:c003,oh_3919702_-8437095,Hamilton,pickleball,hybrid,2017,2019,0.44,1,True,low_confidence
oh_3919702_-8437095:c004,oh_3919702_-8437095,Hamilton,pickleball,tennis,2017,2019,0.382,1,True,low_confidence;reversion
oh_3919702_-8437095:c004,oh_3919702_-8437095,Hamilton,tennis,hybrid,2019,2021,0.463,1,True,low_confidence
oh_3919765_-8431407:c001,oh_3919765_-8431407,Hamilton,tennis,hybrid,2019,2021,0.526,1,True,low_confidence
oh_3919780_-8431595:c001,oh_3919780_-8431595,Hamilton,tennis,hybrid,2021,2023,0.413,1,True,low_confidence
oh_3919813_-8432993:c001,oh_3919813_-8432993,Hamilton,hybrid,tennis,2013,2019,0.609,1,True,reversion
oh_3919853_-8424768:c001,oh_3919853_-8424768,Clermont,tennis,hybrid,2019,2021,0.414,1,True,low_confidence
oh_3920273_-8462680:c001,oh_3920273_-8462680,Hamilton,removed,tennis,2017,2019,0.477,1,True,low_confidence;reversion
oh_3920364_-8425792:c002,oh_3920364_-8425792,Clermont,tennis,pickleball,2019,2021,0.531,,True,low_confidence
oh_3920428_-8453173:c001,oh_3920428_-8453173,Hamilton,tennis,hybrid,2019,2021,0.394,1,True,low_confidence
oh_3920428_-8453173:c001,oh_3920428_-8453173,Hamilton,hybrid,tennis,2021,2023,0.599,1,True,low_confidence;reversion
oh_3920428_-8453173:c002,oh_3920428_-8453173,Hamilton,tennis,hybrid,2019,2021,0.483,1,True,low_confidence
oh_3920428_-8453173:c003,oh_3920428_-8453173,Hamilton,tennis,hybrid,2011,2013,0.891,1,False,
oh_3920473_-8368135:c001,oh_3920473_-8368135,Highland,tennis,removed,2017,2019,0.375,1,True,low_confidence
oh_3920473_-8368135:c001,oh_3920473_-8368135,Highland,removed,hybrid,2019,2023,0.375,1,True,low_confidence;reversion
oh_3920498_-8186384:c001,oh_3920498_-8186384,Athens,hybrid,tennis,2011,2013,0.422,1,True,low_confidence;reversion
oh_3920536_-8436434:c001,oh_3920536_-8436434,Hamilton,tennis,hybrid,2011,2013,0.69,1,False,
oh_3920536_-8436434:c001,oh_3920536_-8436434,Hamilton,hybrid,removed,2013,2019,0.69,1,False,
oh_3920625_-8442812:c001,oh_3920625_-8442812,Hamilton,tennis,hybrid,2021,2023,0.824,1,False,
oh_3920625_-8442812:c004,oh_3920625_-8442812,Hamilton,tennis,hybrid,2021,2023,0.877,1,False,
oh_3920650_-8442697:c001,oh_3920650_-8442697,Hamilton,removed,tennis,2013,2019,0.603,1,True,reversion
oh_3920690_-8435384:c001,oh_3920690_-8435384,Hamilton,tennis,hybrid,2021,2023,0.626,1,False,
oh_3920789_-8437427:c002,oh_3920789_-8437427,Hamilton,tennis,pickleball,2011,2013,0.324,1,True,low_confidence
oh_3920789_-8437427:c003,oh_3920789_-8437427,Hamilton,hybrid,pickleball,2013,2015,0.504,,True,low_confidence
oh_3920922_-8388675:c001,oh_3920922_-8388675,Brown,tennis,removed,2015,2017,0.295,1,True,low_confidence
oh_3920922_-8388675:c001,oh_3920922_-8388675,Brown,removed,tennis,2017,2019,0.573,1,True,low_confidence;reversion
oh_3920958_-8456103:c001,oh_3920958_-8456103,Hamilton,tennis,removed,2015,2019,0.636,1,False,
oh_3921006_-8433227:c001,oh_3921006_-8433227,Hamilton,tennis,removed,2011,2019,0.463,1,True,low_confidence
oh_3921126_-8450752:c001,oh_3921126_-8450752,Hamilton,removed,tennis,2017,2019,0.856,1,True,reversion
oh_3921126_-8450752:c002,oh_3921126_-8450752,Hamilton,hybrid,removed,2011,2013,0.693,1,False,
oh_3921126_-8450752:c002,oh_3921126_-8450752,Hamilton,removed,tennis,2015,2019,0.865,1,True,reversion
oh_3921126_-8450752:c003,oh_3921126_-8450752,Hamilton,tennis,removed,2011,2013,0.481,1,True,low_confidence
oh_3921126_-8450752:c003,oh_3921126_-8450752,Hamilton,removed,tennis,2015,2019,0.856,1,True,reversion
oh_3921126_-8450752:c004,oh_3921126_-8450752,Hamilton,removed,tennis,2017,2019,0.808,1,True,reversion
oh_3921126_-8450752:c005,oh_3921126_-8450752,Hamilton,removed,tennis,2015,2019,0.649,1,True,reversion
oh_3921126_-8450752:c006,oh_3921126_-8450752,Hamilton,removed,tennis,2013,2015,0.559,1,True,low_confidence;reversion
oh_3921126_-8450752:c007,oh_3921126_-8450752,Hamilton,removed,tennis,2015,2019,0.646,1,True,reversion
oh_3921126_-8450752:c008,oh_3921126_-8450752,Hamilton,removed,tennis,2015,2019,0.875,1,True,reversion
oh_3921126_-8450752:c009,oh_3921126_-8450752,Hamilton,removed,tennis,2017,2019,0.89,1,True,reversion
oh_3921126_-8450752:c010,oh_3921126_-8450752,Hamilton,removed,tennis,2017,2019,0.664,1,True,reversion
oh_3921126_-8450752:c011,oh_3921126_-8450752,Hamilton,removed,tennis,2017,2019,0.792,1,True,reversion
oh_3921126_-8450752:c012,oh_3921126_-8450752,Hamilton,removed,tennis,2015,2019,0.86,1,True,reversion
oh_3921465_-8432431:c001,oh_3921465_-8432431,Hamilton,tennis,hybrid,2021,2023,0.467,1,True,low_confidence
oh_3921520_-8448488:c001,oh_3921520_-8448488,Hamilton,tennis,hybrid,2021,2023,0.513,1,True,low_confidence
oh_3921520_-8448488:c002,oh_3921520_-8448488,Hamilton,tennis,hybrid,2021,2023,0.855,1,False,
oh_3921640_-8471116:c001,oh_3921640_-8471116,Hamilton,hybrid,tennis,2011,2013,0.373,1,True,low_confidence;reversion
oh_3921640_-8471116:c001,oh_3921640_-8471116,Hamilton,tennis,removed,2019,2021,0.725,1,False,
oh_3921647_-8439014:c004,oh_3921647_-8439014,Hamilton,tennis,hybrid,2011,2013,0.808,1,False,
oh_3921647_-8439014:c004,oh_3921647_-8439014,Hamilton,hybrid,removed,2013,2019,0.5,1,True,low_confidence;inferred_removal
oh_3921661_-8448826:c001,oh_3921661_-8448826,Hamilton,tennis,hybrid,2021,2023,0.499,1,True,low_confidence
oh_3922403_-8440693:c002,oh_3922403_-8440693,Hamilton,tennis,pickleball,2013,2021,0.381,,True,low_confidence
oh_3922553_-8437384:c001,oh_3922553_-8437384,Hamilton,tennis,removed,2017,2019,0.497,1,True,low_confidence
oh_3922553_-8437384:c002,oh_3922553_-8437384,Hamilton,tennis,removed,2015,2019,0.527,1,True,low_confidence
oh_3922553_-8437384:c003,oh_3922553_-8437384,Hamilton,tennis,hybrid,2011,2013,0.786,1,False,
oh_3922553_-8437384:c003,oh_3922553_-8437384,Hamilton,hybrid,removed,2015,2019,0.27,1,True,low_confidence
oh_3922553_-8437384:c004,oh_3922553_-8437384,Hamilton,tennis,removed,2013,2019,0.422,1,True,low_confidence
oh_3922593_-8438982:c001,oh_3922593_-8438982,Hamilton,tennis,removed,2019,2021,0.67,1,False,
oh_3922630_-8440085:c001,oh_3922630_-8440085,Hamilton,tennis,removed,2019,2021,0.779,1,False,
oh_3922786_-8441229:c001,oh_3922786_-8441229,Hamilton,tennis,removed,2019,2021,0.368,1,True,low_confidence
oh_3922788_-8451047:c001,oh_3922788_-8451047,Hamilton,tennis,removed,2019,2021,0.665,1,False,
oh_3922788_-8451047:c002,oh_3922788_-8451047,Hamilton,tennis,removed,2019,2021,0.672,1,False,
oh_3922788_-8451047:c003,oh_3922788_-8451047,Hamilton,tennis,removed,2019,2021,0.73,1,False,
oh_3922905_-8436038:c001,oh_3922905_-8436038,Hamilton,tennis,hybrid,2011,2013,0.486,1,True,low_confidence
oh_3922905_-8436038:c001,oh_3922905_-8436038,Hamilton,hybrid,pickleball,2013,2019,0.508,,True,low_confidence
oh_3922905_-8436038:c002,oh_3922905_-8436038,Hamilton,tennis,hybrid,2011,2013,0.824,1,False,
oh_3922905_-8436038:c002,oh_3922905_-8436038,Hamilton,hybrid,pickleball,2015,2019,0.389,,True,low_confidence
oh_3922918_-8463207:c002,oh_3922918_-8463207,Hamilton,tennis,pickleball,2017,2019,0.711,,False,
oh_3922951_-8414842:c005,oh_3922951_-8414842,Clermont,tennis,removed,2011,2013,0.703,1,False,
oh_3922951_-8414842:c005,oh_3922951_-8414842,Clermont,removed,tennis,2013,2015,0.463,1,True,low_confidence;reversion
oh_3923004_-8432849:c001,oh_3923004_-8432849,Hamilton,tennis,hybrid,2011,2023,0.5,1,True,low_confidence
oh_3923109_-8426897:c001,oh_3923109_-8426897,Clermont,removed,tennis,2013,2015,0.724,1,True,reversion
oh_3923109_-8426897:c001,oh_3923109_-8426897,Clermont,tennis,pickleball,2019,2023,0.721,,False,
oh_3923302_-8460472:c001,oh_3923302_-8460472,Hamilton,tennis,hybrid,2019,2021,0.492,1,True,low_confidence
oh_3923302_-8460472:c002,oh_3923302_-8460472,Hamilton,tennis,hybrid,2019,2021,0.504,1,True,low_confidence
oh_3923302_-8460472:c003,oh_3923302_-8460472,Hamilton,tennis,removed,2021,2023,0.812,1,False,
oh_3923302_-8460472:c004,oh_3923302_-8460472,Hamilton,tennis,hybrid,2021,2023,0.78,1,False,
oh_3923302_-8460472:c005,oh_3923302_-8460472,Hamilton,tennis,hybrid,2021,2023,0.612,1,False,
oh_3923431_-8447041:c003,oh_3923431_-8447041,Hamilton,tennis,hybrid,2011,2013,0.847,1,False,
oh_3923431_-8447041:c003,oh_3923431_-8447041,Hamilton,hybrid,tennis,2013,2015,0.872,1,True,reversion
oh_3923431_-8447041:c003,oh_3923431_-8447041,Hamilton,tennis,hybrid,2021,2023,0.878,1,False,
oh_3923431_-8447041:c004,oh_3923431_-8447041,Hamilton,tennis,hybrid,2011,2013,0.832,1,False,
oh_3923431_-8447041:c004,oh_3923431_-8447041,Hamilton,hybrid,tennis,2013,2015,0.868,1,True,reversion
oh_3923431_-8447041:c004,oh_3923431_-8447041,Hamilton,tennis,hybrid,2021,2023,0.82,1,False,
oh_3923605_-8438543:c002,oh_3923605_-8438543,Hamilton,tennis,hybrid,2011,2013,0.864,1,False,
oh_3923605_-8438543:c002,oh_3923605_-8438543,Hamilton,hybrid,tennis,2013,2015,0.886,1,True,reversion
oh_3923609_-8447074:c003,oh_3923609_-8447074,Hamilton,tennis,pickleball,2021,2023,0.484,,True,low_confidence
oh_3923609_-8447074:c004,oh_3923609_-8447074,Hamilton,tennis,pickleball,2013,2015,0.467,1,True,low_confidence
oh_3923609_-8447074:c005,oh_3923609_-8447074,Hamilton,tennis,pickleball,2013,2015,0.425,1,True,low_confidence
oh_3923908_-8455635:c001,oh_3923908_-8455635,Hamilton,removed,hybrid,2011,2013,0.673,1,True,reversion
oh_3923908_-8455635:c001,oh_3923908_-8455635,Hamilton,hybrid,tennis,2013,2015,0.673,1,True,reversion
oh_3923908_-8455635:c002,oh_3923908_-8455635,Hamilton,removed,tennis,2011,2013,0.743,1,True,reversion
oh_3923908_-8455635:c002,oh_3923908_-8455635,Hamilton,tennis,hybrid,2021,2023,0.694,1,False,
oh_3923908_-8455635:c003,oh_3923908_-8455635,Hamilton,removed,tennis,2011,2013,0.451,1,True,low_confidence;reversion
oh_3923908_-8455635:c004,oh_3923908_-8455635,Hamilton,removed,tennis,2011,2013,0.66,1,True,reversion
oh_3923908_-8455635:c004,oh_3923908_-8455635,Hamilton,tennis,hybrid,2021,2023,0.785,1,False,
oh_3923908_-8455635:c005,oh_3923908_-8455635,Hamilton,removed,hybrid,2011,2013,0.814,1,True,reversion
oh_3923908_-8455635:c005,oh_3923908_-8455635,Hamilton,hybrid,tennis,2013,2015,0.814,1,True,reversion
oh_3923937_-8436360:c001,oh_3923937_-8436360,Hamilton,removed,tennis,2019,2021,0.441,1,True,low_confidence;reversion
oh_3924026_-8451288:c001,oh_3924026_-8451288,Hamilton,tennis,pickleball,2021,2023,0.776,1,False,
oh_3924026_-8451288:c002,oh_3924026_-8451288,Hamilton,tennis,hybrid,2017,2019,0.444,1,True,low_confidence
oh_3924026_-8451288:c002,oh_3924026_-8451288,Hamilton,hybrid,pickleball,2019,2021,0.339,1,True,low_confidence
oh_3924100_-8440516:c001,oh_3924100_-8440516,Hamilton,tennis,pickleball,2019,2021,0.68,,False,
oh_3924116_-8431330:c001,oh_3924116_-8431330,Hamilton,tennis,pickleball,2011,2013,0.574,,True,low_confidence
oh_3924116_-8431330:c001,oh_3924116_-8431330,Hamilton,pickleball,tennis,2013,2015,0.434,1,True,low_confidence;reversion
oh_3924116_-8431330:c001,oh_3924116_-8431330,Hamilton,tennis,removed,2015,2019,0.278,1,True,low_confidence
oh_3924289_-8453538:c001,oh_3924289_-8453538,Hamilton,tennis,removed,2019,2021,0.827,1,False,
oh_3924289_-8453538:c002,oh_3924289_-8453538,Hamilton,tennis,removed,2019,2021,0.595,1,True,low_confidence
oh_3924326_-8429241:c001,oh_3924326_-8429241,Clermont,tennis,pickleball,2021,2023,0.367,,True,low_confidence
oh_3924326_-8429241:c002,oh_3924326_-8429241,Clermont,tennis,hybrid,2017,2019,0.544,1,True,low_confidence
oh_3924341_-8431834:c001,oh_3924341_-8431834,Hamilton,removed,tennis,2017,2019,0.898,1,True,reversion
oh_3924379_-8440534:c001,oh_3924379_-8440534,Hamilton,tennis,hybrid,2011,2013,0.801,1,False,
oh_3924379_-8440534:c001,oh_3924379_-8440534,Hamilton,hybrid,tennis,2013,2015,0.552,1,True,low_confidence;reversion
oh_3924523_-8424823:c001,oh_3924523_-8424823,Clermont,tennis,hybrid,2017,2019,0.653,1,False,
oh_3924523_-8424823:c001,oh_3924523_-8424823,Clermont,hybrid,pickleball,2019,2021,0.691,,False,
oh_3924625_-8431319:c002,oh_3924625_-8431319,Hamilton,tennis,hybrid,2021,2023,0.36,1,True,low_confidence
oh_3924650_-8432941:c001,oh_3924650_-8432941,Hamilton,removed,tennis,2011,2013,0.401,1,True,low_confidence;reversion
oh_3924844_-8433765:c001,oh_3924844_-8433765,Hamilton,hybrid,tennis,2019,2021,0.331,1,True,low_confidence;reversion
oh_3924864_-8434566:c001,oh_3924864_-8434566,Hamilton,tennis,hybrid,2011,2013,0.622,1,False,
oh_3924864_-8434566:c001,oh_3924864_-8434566,Hamilton,hybrid,tennis,2013,2019,0.903,1,True,reversion
oh_3925002_-8248628:c001,oh_3925002_-8248628,Vinton,tennis,hybrid,2017,2019,0.556,1,True,low_confidence
oh_3925002_-8248628:c003,oh_3925002_-8248628,Vinton,tennis,hybrid,2019,2021,0.456,1,True,low_confidence
oh_3925021_-8249232:c002,oh_3925021_-8249232,Vinton,tennis,hybrid,2011,2013,0.513,1,True,low_confidence
oh_3925021_-8249232:c002,oh_3925021_-8249232,Vinton,hybrid,tennis,2013,2015,0.367,1,True,low_confidence;reversion
oh_3925187_-8432350:c001,oh_3925187_-8432350,Hamilton,removed,tennis,2019,2023,0.882,1,True,reversion
oh_3925216_-8480120:c001,oh_3925216_-8480120,Hamilton,tennis,removed,2015,2017,0.282,1,True,low_confidence
oh_3925369_-8435186:c001,oh_3925369_-8435186,Hamilton,tennis,pickleball,2017,2019,0.401,,True,low_confidence
oh_3925369_-8435186:c002,oh_3925369_-8435186,Hamilton,tennis,pickleball,2013,2019,0.4,,True,low_confidence
oh_3925746_-8436127:c001,oh_3925746_-8436127,Hamilton,hybrid,tennis,2013,2015,0.709,1,True,reversion
oh_3925746_-8436127:c002,oh_3925746_-8436127,Hamilton,tennis,hybrid,2021,2023,0.534,1,True,low_confidence
oh_3925751_-8441934:c001,oh_3925751_-8441934,Hamilton,hybrid,tennis,2017,2019,0.494,1,True,low_confidence;reversion
oh_3925751_-8441934:c001,oh_3925751_-8441934,Hamilton,tennis,removed,2021,2023,0.614,1,False,
oh_3925751_-8441934:c002,oh_3925751_-8441934,Hamilton,hybrid,removed,2021,2023,0.489,1,True,low_confidence
oh_3925751_-8441934:c003,oh_3925751_-8441934,Hamilton,tennis,hybrid,2011,2013,0.799,1,False,
oh_3925751_-8441934:c003,oh_3925751_-8441934,Hamilton,hybrid,tennis,2019,2021,0.539,1,True,low_confidence;reversion
oh_3925751_-8441934:c003,oh_3925751_-8441934,Hamilton,tennis,removed,2021,2023,0.544,1,True,low_confidence
oh_3925751_-8441934:c004,oh_3925751_-8441934,Hamilton,tennis,removed,2021,2023,0.613,1,False,
oh_3925918_-8481040:c001,oh_3925918_-8481040,Hamilton,tennis,hybrid,2018,2019,0.676,1,False,
oh_3925918_-8481040:c001,oh_3925918_-8481040,Hamilton,hybrid,tennis,2019,2020,0.636,1,True,reversion
oh_3925918_-8481040:c001,oh_3925918_-8481040,Hamilton,tennis,pickleball,2020,2021,0.635,,False,
oh_3925918_-8481040:c001,oh_3925918_-8481040,Hamilton,pickleball,tennis,2022,2023,0.368,1,True,low_confidence;reversion
oh_3925918_-8481040:c002,oh_3925918_-8481040,Hamilton,tennis,pickleball,2021,2022,0.391,1,True,low_confidence
oh_3925918_-8481040:c003,oh_3925918_-8481040,Hamilton,removed,pickleball,2018,2019,0.748,1,True,reversion
oh_3925918_-8481040:c004,oh_3925918_-8481040,Hamilton,removed,pickleball,2018,2019,0.721,1,True,reversion
oh_3926122_-8435392:c001,oh_3926122_-8435392,Hamilton,tennis,hybrid,2019,2021,0.541,1,True,low_confidence
oh_3926344_-8432088:c003,oh_3926344_-8432088,Hamilton,tennis,hybrid,2011,2013,0.841,1,False,
oh_3926344_-8432088:c003,oh_3926344_-8432088,Hamilton,hybrid,tennis,2013,2015,0.921,1,True,reversion
oh_3926762_-8470841:c001,oh_3926762_-8470841,Hamilton,tennis,removed,2013,2015,0.409,1,True,low_confidence
oh_3926762_-8470841:c001,oh_3926762_-8470841,Hamilton,removed,hybrid,2015,2019,0.621,1,True,reversion
oh_3926807_-8434900:c002,oh_3926807_-8434900,Hamilton,removed,tennis,2013,2015,0.425,1,True,low_confidence;reversion
oh_3926807_-8434900:c004,oh_3926807_-8434900,Hamilton,tennis,removed,2011,2013,0.752,1,False,
oh_3926807_-8434900:c004,oh_3926807_-8434900,Hamilton,removed,tennis,2013,2017,0.878,1,True,reversion
oh_3926807_-8434900:c005,oh_3926807_-8434900,Hamilton,tennis,removed,2011,2013,0.8,1,False,
oh_3926807_-8434900:c005,oh_3926807_-8434900,Hamilton,removed,tennis,2013,2015,0.692,1,True,reversion
oh_3926826_-8432728:c001,oh_3926826_-8432728,Hamilton,tennis,hybrid,2019,2021,0.43,1,True,low_confidence
oh_3926826_-8432728:c002,oh_3926826_-8432728,Hamilton,tennis,hybrid,2011,2013,0.873,1,False,
oh_3926826_-8432728:c002,oh_3926826_-8432728,Hamilton,hybrid,tennis,2013,2015,0.724,1,True,reversion
oh_3926826_-8432728:c002,oh_3926826_-8432728,Hamilton,tennis,hybrid,2019,2021,0.414,1,True,low_confidence
oh_3926950_-8447004:c002,oh_3926950_-8447004,Hamilton,tennis,hybrid,2019,2021,0.493,1,True,low_confidence
oh_3926950_-8447004:c003,oh_3926950_-8447004,Hamilton,tennis,hybrid,2021,2023,0.764,1,False,
oh_3926950_-8447004:c004,oh_3926950_-8447004,Hamilton,tennis,hybrid,2021,2023,0.638,1,False,
oh_3926950_-8447004:c005,oh_3926950_-8447004,Hamilton,tennis,hybrid,2015,2019,0.787,1,False,
oh_3927019_-8432558:c002,oh_3927019_-8432558,Hamilton,tennis,hybrid,2021,2023,0.71,1,False,
oh_3927019_-8432558:c003,oh_3927019_-8432558,Hamilton,hybrid,tennis,2011,2015,0.586,1,True,low_confidence;reversion
oh_3927019_-8432558:c005,oh_3927019_-8432558,Hamilton,tennis,hybrid,2021,2023,0.744,1,False,
oh_3927019_-8432558:c006,oh_3927019_-8432558,Hamilton,hybrid,tennis,2013,2015,0.59,1,True,low_confidence;reversion
oh_3927189_-8428681:c002,oh_3927189_-8428681,Hamilton,tennis,pickleball,2019,2021,0.629,4,False,
oh_3927189_-8428681:c002,oh_3927189_-8428681,Hamilton,pickleball,tennis,2021,2023,0.654,1,True,reversion
oh_3927231_-8449569:c001,oh_3927231_-8449569,Hamilton,hybrid,tennis,2013,2015,0.59,1,True,low_confidence;reversion
oh_3927231_-8449569:c001,oh_3927231_-8449569,Hamilton,tennis,hybrid,2017,2019,0.756,1,False,
oh_3927231_-8449569:c001,oh_3927231_-8449569,Hamilton,hybrid,removed,2019,2021,0.774,1,False,
oh_3927346_-8449820:c001,oh_3927346_-8449820,Hamilton,tennis,hybrid,2017,2019,0.572,1,True,low_confidence
oh_3927346_-8449820:c001,oh_3927346_-8449820,Hamilton,hybrid,tennis,2021,2023,0.644,1,True,reversion
oh_3927351_-8446187:c001,oh_3927351_-8446187,Hamilton,tennis,pickleball,2019,2021,0.335,,True,low_confidence
oh_3927366_-8444324:c001,oh_3927366_-8444324,Hamilton,removed,tennis,2015,2017,0.51,1,True,low_confidence;reversion
oh_3927366_-8444324:c002,oh_3927366_-8444324,Hamilton,removed,tennis,2011,2017,0.615,1,True,reversion
oh_3927366_-8444324:c003,oh_3927366_-8444324,Hamilton,removed,pickleball,2015,2017,0.772,,True,reversion
oh_3927366_-8444324:c004,oh_3927366_-8444324,Hamilton,removed,tennis,2015,2017,0.395,1,True,low_confidence;reversion
oh_3927366_-8444324:c004,oh_3927366_-8444324,Hamilton,tennis,pickleball,2017,2019,0.395,1,True,low_confidence
oh_3927366_-8444324:c005,oh_3927366_-8444324,Hamilton,removed,pickleball,2015,2017,0.723,,True,reversion
oh_3927366_-8444324:c006,oh_3927366_-8444324,Hamilton,removed,tennis,2015,2017,0.411,1,True,low_confidence;reversion
oh_3927366_-8444324:c006,oh_3927366_-8444324,Hamilton,tennis,pickleball,2017,2019,0.411,,True,low_confidence
oh_3927366_-8444324:c007,oh_3927366_-8444324,Hamilton,hybrid,tennis,2013,2017,0.657,1,True,reversion
oh_3927366_-8444324:c008,oh_3927366_-8444324,Hamilton,removed,tennis,2013,2017,0.507,1,True,low_confidence;reversion
oh_3927366_-8444324:c009,oh_3927366_-8444324,Hamilton,removed,tennis,2013,2017,0.574,1,True,low_confidence;reversion
oh_3927366_-8444324:c010,oh_3927366_-8444324,Hamilton,hybrid,tennis,2013,2015,0.435,1,True,low_confidence;reversion
oh_3927366_-8444324:c010,oh_3927366_-8444324,Hamilton,tennis,pickleball,2015,2017,0.435,,True,low_confidence
oh_3927366_-8444324:c010,oh_3927366_-8444324,Hamilton,pickleball,tennis,2017,2019,0.389,1,True,low_confidence;reversion
oh_3927366_-8444324:c011,oh_3927366_-8444324,Hamilton,hybrid,tennis,2013,2017,0.806,1,True,reversion
oh_3927366_-8444324:c012,oh_3927366_-8444324,Hamilton,hybrid,pickleball,2013,2015,0.335,,True,low_confidence
oh_3927366_-8444324:c012,oh_3927366_-8444324,Hamilton,pickleball,tennis,2019,2021,0.588,1,True,low_confidence;reversion
oh_3927366_-8444324:c013,oh_3927366_-8444324,Hamilton,hybrid,tennis,2013,2017,0.723,1,True,reversion
oh_3927366_-8444324:c014,oh_3927366_-8444324,Hamilton,pickleball,tennis,2019,2021,0.67,1,True,reversion
oh_3927366_-8444324:c014,oh_3927366_-8444324,Hamilton,tennis,removed,2021,2023,0.67,1,False,
oh_3927366_-8444324:c016,oh_3927366_-8444324,Hamilton,pickleball,tennis,2019,2021,0.777,1,True,reversion
oh_3927462_-8159118:c001,oh_3927462_-8159118,Washington,tennis,hybrid,2019,2020,0.774,1,False,
oh_3927462_-8159118:c001,oh_3927462_-8159118,Washington,hybrid,tennis,2020,2021,0.432,1,True,low_confidence;reversion
oh_3927487_-8430547:c001,oh_3927487_-8430547,Hamilton,tennis,hybrid,2011,2013,0.497,1,True,low_confidence
oh_3927487_-8430547:c002,oh_3927487_-8430547,Hamilton,tennis,removed,2019,2021,0.287,1,True,low_confidence
oh_3927553_-8437634:c001,oh_3927553_-8437634,Hamilton,tennis,removed,2013,2019,0.401,1,True,low_confidence
oh_3927740_-8444537:c002,oh_3927740_-8444537,Hamilton,tennis,hybrid,2011,2013,0.831,1,False,
oh_3927740_-8444537:c002,oh_3927740_-8444537,Hamilton,hybrid,tennis,2013,2015,0.648,1,True,reversion
oh_3927740_-8444537:c003,oh_3927740_-8444537,Hamilton,tennis,hybrid,2011,2013,0.741,1,False,
oh_3927740_-8444537:c003,oh_3927740_-8444537,Hamilton,hybrid,tennis,2015,2017,0.684,1,True,reversion
oh_3927740_-8444537:c007,oh_3927740_-8444537,Hamilton,tennis,hybrid,2019,2021,0.541,1,True,low_confidence
oh_3927753_-8456662:c001,oh_3927753_-8456662,Hamilton,tennis,removed,2013,2015,0.61,1,False,
oh_3927778_-8433624:c005,oh_3927778_-8433624,Hamilton,tennis,pickleball,2015,2017,0.694,2,False,
oh_3927778_-8433624:c007,oh_3927778_-8433624,Hamilton,tennis,pickleball,2011,2013,0.61,,False,
oh_3927778_-8433624:c008,oh_3927778_-8433624,Hamilton,tennis,pickleball,2011,2013,0.818,,False,
oh_3927778_-8433624:c009,oh_3927778_-8433624,Hamilton,tennis,pickleball,2011,2013,0.889,,False,
oh_3927778_-8433624:c009,oh_3927778_-8433624,Hamilton,pickleball,removed,2015,2019,0.5,1,True,low_confidence;inferred_removal
oh_3927778_-8433624:c010,oh_3927778_-8433624,Hamilton,tennis,pickleball,2011,2013,0.878,,False,
oh_3927778_-8433624:c010,oh_3927778_-8433624,Hamilton,pickleball,tennis,2021,2023,0.846,1,True,reversion
oh_3927778_-8433624:c011,oh_3927778_-8433624,Hamilton,tennis,pickleball,2011,2013,0.885,,False,
oh_3927778_-8433624:c012,oh_3927778_-8433624,Hamilton,tennis,pickleball,2011,2013,0.68,,False,
oh_3928027_-8432059:c001,oh_3928027_-8432059,Hamilton,tennis,removed,2011,2023,0.556,1,True,low_confidence
oh_3928140_-8434140:c002,oh_3928140_-8434140,Hamilton,tennis,pickleball,2019,2021,0.336,,True,low_confidence
oh_3928140_-8434140:c002,oh_3928140_-8434140,Hamilton,pickleball,tennis,2021,2023,0.403,1,True,low_confidence;reversion
oh_3928220_-8431738:c001,oh_3928220_-8431738,Hamilton,tennis,hybrid,2021,2023,0.732,1,False,
oh_3928220_-8431738:c002,oh_3928220_-8431738,Hamilton,tennis,hybrid,2021,2023,0.403,1,True,low_confidence
oh_3928276_-8427539:c001,oh_3928276_-8427539,Hamilton,removed,tennis,2015,2017,0.843,1,True,reversion
oh_3928276_-8427539:c002,oh_3928276_-8427539,Hamilton,removed,tennis,2013,2017,0.679,1,True,reversion
oh_3928276_-8427539:c003,oh_3928276_-8427539,Hamilton,removed,tennis,2015,2017,0.834,1,True,reversion
oh_3928402_-8433063:c004,oh_3928402_-8433063,Hamilton,tennis,hybrid,2019,2021,0.48,1,True,low_confidence
oh_3928402_-8433063:c004,oh_3928402_-8433063,Hamilton,hybrid,tennis,2021,2023,0.623,1,True,reversion
oh_3928402_-8433063:c006,oh_3928402_-8433063,Hamilton,tennis,removed,2021,2023,0.715,1,False,
oh_3928402_-8433063:c007,oh_3928402_-8433063,Hamilton,tennis,removed,2019,2021,0.512,1,True,low_confidence
oh_3928428_-8431925:c001,oh_3928428_-8431925,Hamilton,tennis,removed,2013,2021,0.682,1,False,
oh_3928618_-8432346:c001,oh_3928618_-8432346,Hamilton,tennis,pickleball,2021,2023,0.659,1,False,
oh_3928701_-8452419:c003,oh_3928701_-8452419,Hamilton,tennis,hybrid,2011,2013,0.793,1,False,
oh_3928701_-8452419:c003,oh_3928701_-8452419,Hamilton,hybrid,tennis,2013,2015,0.894,1,True,reversion
oh_3928701_-8452419:c004,oh_3928701_-8452419,Hamilton,tennis,hybrid,2021,2023,0.387,1,True,low_confidence
oh_3928707_-8429798:c001,oh_3928707_-8429798,Hamilton,tennis,removed,2013,2017,0.712,1,False,
oh_3928707_-8429798:c001,oh_3928707_-8429798,Hamilton,removed,tennis,2017,2019,0.353,1,True,low_confidence;reversion
oh_3928984_-8439676:c001,oh_3928984_-8439676,Hamilton,hybrid,removed,2011,2013,0.396,1,True,low_confidence
oh_3928984_-8439676:c001,oh_3928984_-8439676,Hamilton,removed,tennis,2021,2023,0.501,1,True,low_confidence;reversion
oh_3928994_-8429292:c001,oh_3928994_-8429292,Hamilton,tennis,pickleball,2011,2013,0.767,,False,
oh_3928994_-8429292:c002,oh_3928994_-8429292,Hamilton,tennis,pickleball,2011,2013,0.598,,True,low_confidence
oh_3929046_-8448207:c001,oh_3929046_-8448207,Hamilton,tennis,hybrid,2011,2013,0.698,1,False,
oh_3929046_-8448207:c001,oh_3929046_-8448207,Hamilton,hybrid,tennis,2013,2017,0.534,1,True,low_confidence;reversion
oh_3929046_-8448207:c001,oh_3929046_-8448207,Hamilton,tennis,hybrid,2021,2023,0.654,1,False,
oh_3929046_-8448207:c003,oh_3929046_-8448207,Hamilton,tennis,hybrid,2011,2013,0.463,1,True,low_confidence
oh_3929046_-8448207:c003,oh_3929046_-8448207,Hamilton,hybrid,tennis,2013,2015,0.458,1,True,low_confidence;reversion
oh_3929178_-8436874:c001,oh_3929178_-8436874,Hamilton,hybrid,tennis,2011,2013,0.71,1,True,reversion
oh_3929212_-8454162:c002,oh_3929212_-8454162,Hamilton,tennis,hybrid,2019,2021,0.516,1,True,low_confidence
oh_3929365_-8437855:c001,oh_3929365_-8437855,Hamilton,tennis,hybrid,2017,2019,0.338,1,True,low_confidence
oh_3929365_-8437855:c001,oh_3929365_-8437855,Hamilton,hybrid,tennis,2021,2023,0.655,1,True,reversion
oh_3929474_-8435842:c001,oh_3929474_-8435842,Butler,tennis,removed,2019,2021,0.83,1,False,
oh_3929800_-8427557:c001,oh_3929800_-8427557,Warren,hybrid,pickleball,2013,2015,0.37,,True,low_confidence
oh_3929800_-8427557:c002,oh_3929800_-8427557,Warren,hybrid,pickleball,2011,2013,0.335,1,True,low_confidence
oh_3929826_-8436935:c001,oh_3929826_-8436935,Butler,tennis,hybrid,2019,2021,0.312,1,True,low_confidence
oh_3929874_-8444245:c001,oh_3929874_-8444245,Hamilton,tennis,removed,2019,2021,0.365,1,True,low_confidence
oh_3930005_-8429267:c001,oh_3930005_-8429267,Warren,pickleball,tennis,2021,2023,0.582,1,True,low_confidence;reversion
oh_3930005_-8429267:c002,oh_3930005_-8429267,Warren,pickleball,hybrid,2011,2013,0.749,1,False,
oh_3930005_-8429267:c002,oh_3930005_-8429267,Warren,hybrid,pickleball,2015,2017,0.548,,True,low_confidence
oh_3930435_-8456228:c001,oh_3930435_-8456228,Hamilton,tennis,hybrid,2011,2013,0.7,1,False,
oh_3930435_-8456228:c001,oh_3930435_-8456228,Hamilton,hybrid,tennis,2013,2015,0.628,1,True,reversion
oh_3930435_-8456228:c001,oh_3930435_-8456228,Hamilton,tennis,removed,2019,2021,0.846,1,False,
oh_3930530_-8440494:c003,oh_3930530_-8440494,Butler,tennis,hybrid,2019,2021,0.748,1,False,
oh_3930530_-8440494:c004,oh_3930530_-8440494,Butler,tennis,hybrid,2013,2019,0.618,1,False,
oh_3930598_-8459923:c001,oh_3930598_-8459923,Hamilton,tennis,removed,2021,2023,0.487,1,True,low_confidence
oh_3930649_-8432928:c003,oh_3930649_-8432928,Warren,tennis,hybrid,2019,2021,0.388,1,True,low_confidence
oh_3930649_-8432928:c004,oh_3930649_-8432928,Warren,tennis,hybrid,2019,2021,0.45,1,True,low_confidence
oh_3930649_-8432928:c004,oh_3930649_-8432928,Warren,hybrid,tennis,2021,2023,0.63,1,True,reversion
oh_3930662_-8166556:c001,oh_3930662_-8166556,Washington,tennis,hybrid,2019,2020,0.41,1,True,low_confidence
oh_3930662_-8166556:c001,oh_3930662_-8166556,Washington,hybrid,tennis,2020,2021,0.402,1,True,low_confidence;reversion
oh_3930729_-8427396:c002,oh_3930729_-8427396,Warren,tennis,removed,2019,2023,0.454,1,True,low_confidence
oh_3930762_-8450045:c001,oh_3930762_-8450045,Butler,tennis,removed,2021,2023,0.734,1,False,
oh_3930806_-8450698:c001,oh_3930806_-8450698,Butler,tennis,removed,2015,2019,0.44,1,True,low_confidence
oh_3930925_-8429106:c001,oh_3930925_-8429106,Warren,tennis,pickleball,2019,2021,0.807,,False,
oh_3930925_-8429106:c001,oh_3930925_-8429106,Warren,pickleball,hybrid,2021,2023,0.461,1,True,low_confidence
oh_3931035_-8450494:c001,oh_3931035_-8450494,Butler,tennis,pickleball,2015,2023,0.619,3,False,
oh_3931035_-8450494:c002,oh_3931035_-8450494,Butler,tennis,removed,2017,2021,0.749,1,False,
oh_3931035_-8450494:c002,oh_3931035_-8450494,Butler,removed,pickleball,2021,2023,0.9,3,True,reversion
oh_3931508_-8426244:c002,oh_3931508_-8426244,Warren,hybrid,tennis,2013,2015,0.877,1,True,reversion
oh_3931508_-8426244:c002,oh_3931508_-8426244,Warren,tennis,hybrid,2017,2019,0.578,1,True,low_confidence
oh_3931508_-8426244:c002,oh_3931508_-8426244,Warren,hybrid,tennis,2019,2021,0.447,1,True,low_confidence;reversion
oh_3931603_-8427097:c001,oh_3931603_-8427097,Warren,tennis,hybrid,2017,2019,0.658,1,False,
oh_3931603_-8427097:c001,oh_3931603_-8427097,Warren,hybrid,tennis,2021,2023,0.735,1,True,reversion
oh_3931603_-8431550:c001,oh_3931603_-8431550,Warren,tennis,hybrid,2019,2021,0.457,1,True,low_confidence
oh_3931603_-8431550:c001,oh_3931603_-8431550,Warren,hybrid,removed,2021,2023,0.347,1,True,low_confidence
oh_3931610_-8442143:c001,oh_3931610_-8442143,Butler,removed,tennis,2015,2017,0.517,1,True,low_confidence;reversion
oh_3931611_-8457137:c001,oh_3931611_-8457137,Butler,tennis,removed,2015,2021,0.491,1,True,low_confidence
oh_3931623_-8428146:c001,oh_3931623_-8428146,Warren,tennis,pickleball,2019,2021,0.312,1,True,low_confidence
oh_3931623_-8428146:c002,oh_3931623_-8428146,Warren,tennis,pickleball,2021,2023,0.631,,False,
oh_3931645_-8444478:c001,oh_3931645_-8444478,Butler,tennis,removed,2013,2015,0.298,1,True,low_confidence
oh_3931645_-8444478:c001,oh_3931645_-8444478,Butler,removed,tennis,2017,2019,0.706,1,True,reversion
oh_3931667_-8430311:c001,oh_3931667_-8430311,Warren,tennis,pickleball,2019,2021,0.491,,True,low_confidence
oh_3931667_-8430311:c001,oh_3931667_-8430311,Warren,pickleball,tennis,2021,2023,0.45,1,True,low_confidence;reversion
oh_3931698_-8457242:c001,oh_3931698_-8457242,Butler,removed,pickleball,2021,2023,0.929,2,True,reversion
oh_3931698_-8457242:c002,oh_3931698_-8457242,Butler,removed,pickleball,2021,2023,0.898,2,True,reversion
oh_3931698_-8457242:c003,oh_3931698_-8457242,Butler,removed,pickleball,2021,2023,0.896,4,True,reversion
oh_3931717_-8423658:c002,oh_3931717_-8423658,Warren,tennis,pickleball,2017,2019,0.737,,False,
oh_3931717_-8423658:c002,oh_3931717_-8423658,Warren,pickleball,tennis,2021,2023,0.389,1,True,low_confidence;reversion
oh_3931808_-8451108:c002,oh_3931808_-8451108,Butler,tennis,pickleball,2017,2019,0.498,1,True,low_confidence
oh_3931808_-8451108:c003,oh_3931808_-8451108,Butler,tennis,pickleball,2017,2019,0.432,1,True,low_confidence
oh_3932055_-8432269:c001,oh_3932055_-8432269,Warren,tennis,pickleball,2017,2019,0.312,,True,low_confidence
oh_3932055_-8432269:c001,oh_3932055_-8432269,Warren,pickleball,tennis,2021,2023,0.538,1,True,low_confidence;reversion
oh_3932113_-8209757:c001,oh_3932113_-8209757,Athens,hybrid,tennis,2013,2015,0.64,1,True,reversion
oh_3932113_-8209757:c002,oh_3932113_-8209757,Athens,hybrid,tennis,2015,2017,0.866,1,True,reversion
oh_3932113_-8209757:c003,oh_3932113_-8209757,Athens,tennis,hybrid,2011,2013,0.765,1,False,
oh_3932113_-8209757:c003,oh_3932113_-8209757,Athens,hybrid,tennis,2015,2017,0.663,1,True,reversion
oh_3932113_-8209757:c004,oh_3932113_-8209757,Athens,tennis,hybrid,2011,2013,0.764,1,False,
oh_3932113_-8209757:c004,oh_3932113_-8209757,Athens,hybrid,tennis,2015,2017,0.683,1,True,reversion
oh_3932113_-8209757:c005,oh_3932113_-8209757,Athens,tennis,hybrid,2011,2013,0.629,1,False,
oh_3932113_-8209757:c005,oh_3932113_-8209757,Athens,hybrid,tennis,2015,2017,0.713,1,True,reversion
oh_3932113_-8209757:c006,oh_3932113_-8209757,Athens,tennis,hybrid,2011,2013,0.529,1,True,low_confidence
oh_3932113_-8209757:c006,oh_3932113_-8209757,Athens,hybrid,tennis,2015,2017,0.503,1,True,low_confidence;reversion
oh_3932452_-8453353:c001,oh_3932452_-8453353,Butler,removed,hybrid,2017,2019,0.694,1,True,reversion
oh_3932508_-8455465:c002,oh_3932508_-8455465,Butler,tennis,hybrid,2021,2023,0.61,1,False,
oh_3932508_-8455465:c003,oh_3932508_-8455465,Butler,tennis,hybrid,2021,2023,0.674,1,False,
oh_3932508_-8455465:c004,oh_3932508_-8455465,Butler,tennis,hybrid,2019,2021,0.764,1,False,
oh_3932508_-8455465:c005,oh_3932508_-8455465,Butler,tennis,hybrid,2015,2021,0.766,1,False,
oh_3932593_-8368573:c001,oh_3932593_-8368573,Clinton,hybrid,tennis,2011,2015,0.421,1,True,low_confidence;reversion
oh_3932673_-8430022:c001,oh_3932673_-8430022,Warren,tennis,hybrid,2021,2023,0.697,1,False,
oh_3932842_-8427875:c002,oh_3932842_-8427875,Warren,tennis,pickleball,2019,2021,0.62,,False,
oh_3933014_-8300224:c001,oh_3933014_-8300224,Ross,tennis,hybrid,2011,2015,0.731,1,False,
oh_3933014_-8300224:c001,oh_3933014_-8300224,Ross,hybrid,tennis,2017,2019,0.499,1,True,low_confidence;reversion
oh_3933014_-8300224:c002,oh_3933014_-8300224,Ross,tennis,hybrid,2011,2015,0.562,1,True,low_confidence
oh_3933014_-8300224:c002,oh_3933014_-8300224,Ross,hybrid,tennis,2017,2019,0.567,1,True,low_confidence;reversion
oh_3933014_-8300224:c003,oh_3933014_-8300224,Ross,tennis,hybrid,2011,2015,0.691,1,False,
oh_3933014_-8300224:c003,oh_3933014_-8300224,Ross,hybrid,tennis,2015,2017,0.482,1,True,low_confidence;reversion
oh_3933014_-8300224:c004,oh_3933014_-8300224,Ross,tennis,hybrid,2011,2013,0.45,1,True,low_confidence
oh_3933014_-8300224:c004,oh_3933014_-8300224,Ross,hybrid,tennis,2017,2019,0.653,1,True,reversion
oh_3933076_-8427797:c001,oh_3933076_-8427797,Warren,tennis,removed,2019,2021,0.484,1,True,low_confidence
oh_3933640_-8423550:c001,oh_3933640_-8423550,Warren,tennis,pickleball,2019,2021,0.361,,True,low_confidence
oh_3933668_-8453549:c001,oh_3933668_-8453549,Butler,tennis,hybrid,2019,2021,0.44,1,True,low_confidence
oh_3933903_-8424287:c002,oh_3933903_-8424287,Warren,hybrid,pickleball,2011,2013,0.449,1,True,low_confidence
oh_3934001_-8458543:c001,oh_3934001_-8458543,Butler,pickleball,hybrid,2021,2023,0.608,1,False,
oh_3934001_-8458543:c002,oh_3934001_-8458543,Butler,pickleball,hybrid,2021,2023,0.447,1,True,low_confidence
oh_3934001_-8458543:c003,oh_3934001_-8458543,Butler,pickleball,hybrid,2021,2023,0.759,1,False,
oh_3934001_-8458543:c004,oh_3934001_-8458543,Butler,pickleball,hybrid,2021,2023,0.601,1,False,
oh_3934017_-8430163:c001,oh_3934017_-8430163,Warren,pickleball,tennis,2011,2013,0.388,1,True,low_confidence;reversion
oh_3934017_-8430163:c002,oh_3934017_-8430163,Warren,hybrid,tennis,2013,2017,0.542,1,True,low_confidence;reversion
oh_3934133_-8437411:c001,oh_3934133_-8437411,Butler,tennis,removed,2013,2019,0.307,1,True,low_confidence
oh_3934257_-8434321:c001,oh_3934257_-8434321,Warren,hybrid,removed,2011,2013,0.543,1,True,low_confidence
oh_3934257_-8434321:c001,oh_3934257_-8434321,Warren,removed,pickleball,2019,2021,0.74,,True,reversion
oh_3934257_-8434321:c002,oh_3934257_-8434321,Warren,hybrid,removed,2011,2013,0.4,1,True,low_confidence
oh_3934257_-8434321:c002,oh_3934257_-8434321,Warren,removed,pickleball,2019,2021,0.687,,True,reversion
oh_3934257_-8434321:c002,oh_3934257_-8434321,Warren,pickleball,tennis,2021,2023,0.603,1,True,reversion
oh_3934300_-8436307:c001,oh_3934300_-8436307,Butler,tennis,hybrid,2021,2023,0.742,1,False,
oh_3934300_-8436307:c002,oh_3934300_-8436307,Butler,tennis,hybrid,2021,2023,0.773,1,False,
oh_3934300_-8436307:c003,oh_3934300_-8436307,Butler,tennis,hybrid,2021,2023,0.874,1,False,
oh_3934300_-8436307:c004,oh_3934300_-8436307,Butler,tennis,hybrid,2021,2023,0.878,1,False,
oh_3934300_-8436307:c005,oh_3934300_-8436307,Butler,tennis,hybrid,2021,2023,0.915,1,False,
oh_3934300_-8436307:c006,oh_3934300_-8436307,Butler,tennis,hybrid,2021,2023,0.907,1,False,
oh_3934315_-8441805:c001,oh_3934315_-8441805,Butler,tennis,removed,2017,2019,0.89,1,False,
oh_3934315_-8441805:c002,oh_3934315_-8441805,Butler,tennis,removed,2017,2019,0.876,1,False,
oh_3934315_-8441805:c003,oh_3934315_-8441805,Butler,tennis,removed,2017,2019,0.823,1,False,
oh_3934315_-8441805:c004,oh_3934315_-8441805,Butler,tennis,removed,2017,2019,0.794,1,False,
oh_3934583_-8438077:c001,oh_3934583_-8438077,Butler,tennis,removed,2021,2023,0.584,1,True,low_confidence
oh_3934695_-8441650:c001,oh_3934695_-8441650,Butler,removed,tennis,2011,2013,0.383,1,True,low_confidence;reversion
oh_3934742_-8430554:c001,oh_3934742_-8430554,Warren,hybrid,tennis,2013,2015,0.65,1,True,reversion
oh_3934742_-8430554:c002,oh_3934742_-8430554,Warren,tennis,hybrid,2011,2013,0.708,1,False,
oh_3934742_-8430554:c002,oh_3934742_-8430554,Warren,hybrid,tennis,2013,2015,0.577,1,True,low_confidence;reversion
oh_3934742_-8430554:c003,oh_3934742_-8430554,Warren,tennis,hybrid,2011,2013,0.719,1,False,
oh_3934742_-8430554:c003,oh_3934742_-8430554,Warren,hybrid,tennis,2013,2015,0.478,1,True,low_confidence;reversion
oh_3934742_-8430554:c006,oh_3934742_-8430554,Warren,tennis,hybrid,2011,2013,0.87,1,False,
oh_3934742_-8430554:c006,oh_3934742_-8430554,Warren,hybrid,tennis,2013,2015,0.749,1,True,reversion
oh_3934742_-8430554:c007,oh_3934742_-8430554,Warren,tennis,hybrid,2011,2013,0.866,1,False,
oh_3934742_-8430554:c007,oh_3934742_-8430554,Warren,hybrid,tennis,2013,2015,0.798,1,True,reversion
oh_3934742_-8430554:c008,oh_3934742_-8430554,Warren,tennis,hybrid,2011,2013,0.729,1,False,
oh_3934742_-8430554:c008,oh_3934742_-8430554,Warren,hybrid,tennis,2013,2015,0.639,1,True,reversion
oh_3934742_-8430554:c009,oh_3934742_-8430554,Warren,tennis,hybrid,2011,2013,0.781,1,False,
oh_3934742_-8430554:c009,oh_3934742_-8430554,Warren,hybrid,tennis,2013,2015,0.496,1,True,low_confidence;reversion
oh_3934742_-8430554:c010,oh_3934742_-8430554,Warren,hybrid,tennis,2013,2015,0.51,1,True,low_confidence;reversion
oh_3934742_-8430554:c011,oh_3934742_-8430554,Warren,tennis,hybrid,2011,2013,0.766,1,False,
oh_3934742_-8430554:c011,oh_3934742_-8430554,Warren,hybrid,tennis,2013,2015,0.739,1,True,reversion
oh_3934742_-8430554:c013,oh_3934742_-8430554,Warren,tennis,hybrid,2011,2013,0.769,1,False,
oh_3934742_-8430554:c013,oh_3934742_-8430554,Warren,hybrid,tennis,2013,2015,0.545,1,True,low_confidence;reversion
oh_3934742_-8430554:c014,oh_3934742_-8430554,Warren,tennis,hybrid,2011,2013,0.761,1,False,
oh_3934742_-8430554:c014,oh_3934742_-8430554,Warren,hybrid,tennis,2013,2015,0.707,1,True,reversion
oh_3934742_-8430554:c016,oh_3934742_-8430554,Warren,tennis,hybrid,2011,2013,0.864,1,False,
oh_3934742_-8430554:c016,oh_3934742_-8430554,Warren,hybrid,tennis,2013,2015,0.684,1,True,reversion
oh_3934848_-8444274:c001,oh_3934848_-8444274,Butler,tennis,removed,2019,2021,0.698,1,False,
oh_3934848_-8444274:c002,oh_3934848_-8444274,Butler,tennis,hybrid,2011,2013,0.875,1,False,
oh_3934848_-8444274:c002,oh_3934848_-8444274,Butler,hybrid,tennis,2013,2015,0.818,1,True,reversion
oh_3934848_-8444274:c004,oh_3934848_-8444274,Butler,tennis,hybrid,2013,2019,0.408,1,True,low_confidence
oh_3934891_-8427577:c002,oh_3934891_-8427577,Warren,tennis,removed,2013,2015,0.43,1,True,low_confidence
oh_3934891_-8427577:c002,oh_3934891_-8427577,Warren,removed,tennis,2015,2017,0.616,1,True,reversion
oh_3934891_-8427577:c011,oh_3934891_-8427577,Warren,pickleball,tennis,2013,2015,0.721,1,True,reversion
oh_3934891_-8427577:c011,oh_3934891_-8427577,Warren,tennis,pickleball,2017,2019,0.723,,False,
oh_3934891_-8427577:c011,oh_3934891_-8427577,Warren,pickleball,tennis,2021,2023,0.533,1,True,low_confidence;reversion
oh_3935197_-8437266:c001,oh_3935197_-8437266,Butler,tennis,removed,2021,2023,0.642,1,False,
oh_3935197_-8437266:c002,oh_3935197_-8437266,Butler,tennis,removed,2021,2023,0.368,1,True,low_confidence
oh_3935197_-8437266:c003,oh_3935197_-8437266,Butler,tennis,removed,2021,2023,0.531,1,True,low_confidence
oh_3935246_-8428428:c001,oh_3935246_-8428428,Warren,tennis,hybrid,2011,2013,0.78,1,False,
oh_3935246_-8428428:c001,oh_3935246_-8428428,Warren,hybrid,tennis,2013,2015,0.453,1,True,low_confidence;reversion
oh_3935246_-8428428:c001,oh_3935246_-8428428,Warren,tennis,hybrid,2017,2019,0.765,1,False,
oh_3935246_-8428428:c001,oh_3935246_-8428428,Warren,hybrid,tennis,2021,2023,0.632,1,True,reversion
oh_3935246_-8428428:c002,oh_3935246_-8428428,Warren,tennis,hybrid,2011,2013,0.688,1,False,
oh_3935559_-8446209:c001,oh_3935559_-8446209,Butler,removed,tennis,2021,2023,0.421,1,True,low_confidence;reversion
oh_3935797_-8415775:c003,oh_3935797_-8415775,Warren,tennis,hybrid,2011,2013,0.693,1,False,
oh_3935797_-8415775:c003,oh_3935797_-8415775,Warren,hybrid,tennis,2013,2015,0.891,1,True,reversion
oh_3935797_-8415775:c004,oh_3935797_-8415775,Warren,hybrid,tennis,2013,2015,0.919,1,True,reversion
oh_3935820_-8298046:c001,oh_3935820_-8298046,Ross,tennis,hybrid,2017,2019,0.573,1,True,low_confidence
oh_3935820_-8298046:c001,oh_3935820_-8298046,Ross,hybrid,removed,2021,2023,0.337,1,True,low_confidence
oh_3935852_-8446547:c001,oh_3935852_-8446547,Butler,tennis,hybrid,2019,2021,0.482,1,True,low_confidence
oh_3935852_-8446547:c002,oh_3935852_-8446547,Butler,tennis,hybrid,2019,2021,0.668,1,False,
oh_3936113_-8438441:c003,oh_3936113_-8438441,Butler,tennis,removed,2021,2023,0.616,1,False,
oh_3936628_-8455388:c001,oh_3936628_-8455388,Butler,tennis,removed,2013,2021,0.383,1,True,low_confidence
oh_3936724_-8430117:c002,oh_3936724_-8430117,Warren,tennis,hybrid,2021,2023,0.826,1,False,
oh_3936724_-8430117:c003,oh_3936724_-8430117,Warren,tennis,hybrid,2019,2021,0.475,1,True,low_confidence
oh_3936724_-8430117:c004,oh_3936724_-8430117,Warren,tennis,hybrid,2017,2019,0.781,1,False,
oh_3936724_-8430117:c005,oh_3936724_-8430117,Warren,tennis,hybrid,2011,2013,0.83,1,False,
oh_3936724_-8430117:c005,oh_3936724_-8430117,Warren,hybrid,tennis,2013,2015,0.901,1,True,reversion
oh_3936724_-8430117:c005,oh_3936724_-8430117,Warren,tennis,hybrid,2017,2019,0.62,1,False,
oh_3936724_-8430117:c006,oh_3936724_-8430117,Warren,tennis,hybrid,2011,2013,0.884,1,False,
oh_3936724_-8430117:c006,oh_3936724_-8430117,Warren,hybrid,tennis,2013,2015,0.866,1,True,reversion
oh_3936724_-8430117:c006,oh_3936724_-8430117,Warren,tennis,hybrid,2017,2019,0.678,1,False,
oh_3936724_-8430117:c007,oh_3936724_-8430117,Warren,tennis,hybrid,2011,2013,0.895,1,False,
oh_3936724_-8430117:c007,oh_3936724_-8430117,Warren,hybrid,tennis,2013,2015,0.911,1,True,reversion
oh_3936724_-8430117:c007,oh_3936724_-8430117,Warren,tennis,hybrid,2017,2019,0.647,1,False,
oh_3936724_-8430117:c008,oh_3936724_-8430117,Warren,tennis,hybrid,2011,2013,0.919,1,False,
oh_3936724_-8430117:c008,oh_3936724_-8430117,Warren,hybrid,tennis,2013,2015,0.951,1,True,reversion
oh_3936724_-8430117:c008,oh_3936724_-8430117,Warren,tennis,hybrid,2017,2019,0.669,1,False,
oh_3936724_-8430117:c009,oh_3936724_-8430117,Warren,tennis,hybrid,2017,2019,0.741,1,False,
oh_3936724_-8430117:c010,oh_3936724_-8430117,Warren,tennis,hybrid,2011,2013,0.644,1,False,
oh_3936724_-8430117:c010,oh_3936724_-8430117,Warren,hybrid,tennis,2013,2015,0.874,1,True,reversion
oh_3936724_-8430117:c010,oh_3936724_-8430117,Warren,tennis,hybrid,2019,2021,0.448,1,True,low_confidence
oh_3936724_-8430117:c011,oh_3936724_-8430117,Warren,tennis,hybrid,2011,2013,0.789,1,False,
oh_3936724_-8430117:c011,oh_3936724_-8430117,Warren,hybrid,tennis,2013,2015,0.853,1,True,reversion
oh_3936724_-8430117:c011,oh_3936724_-8430117,Warren,tennis,hybrid,2019,2021,0.448,1,True,low_confidence
oh_3936941_-8431240:c001,oh_3936941_-8431240,Warren,tennis,hybrid,2019,2021,0.408,1,True,low_confidence
oh_3936941_-8431240:c001,oh_3936941_-8431240,Warren,hybrid,tennis,2021,2023,0.761,1,True,reversion
oh_3937241_-8443438:c001,oh_3937241_-8443438,Butler,tennis,hybrid,2019,2021,0.361,1,True,low_confidence
oh_3937241_-8443438:c001,oh_3937241_-8443438,Butler,hybrid,tennis,2021,2023,0.529,1,True,low_confidence;reversion
oh_3937253_-8456332:c001,oh_3937253_-8456332,Butler,tennis,pickleball,2011,2013,0.583,2,True,low_confidence
oh_3937257_-8450865:c001,oh_3937257_-8450865,Butler,tennis,hybrid,2011,2013,0.658,1,False,
oh_3937257_-8450865:c001,oh_3937257_-8450865,Butler,hybrid,tennis,2013,2015,0.777,1,True,reversion
oh_3937354_-8212811:c001,oh_3937354_-8212811,Athens,hybrid,tennis,2011,2013,0.359,1,True,low_confidence;reversion
oh_3937354_-8212811:c001,oh_3937354_-8212811,Athens,tennis,hybrid,2015,2017,0.515,1,True,low_confidence
oh_3937354_-8212811:c001,oh_3937354_-8212811,Athens,hybrid,tennis,2021,2023,0.53,1,True,low_confidence;reversion
oh_3937354_-8212811:c002,oh_3937354_-8212811,Athens,hybrid,tennis,2015,2017,0.432,1,True,low_confidence;reversion
oh_3937599_-8456289:c002,oh_3937599_-8456289,Butler,removed,pickleball,2013,2015,0.561,,True,low_confidence;reversion
oh_3937599_-8456289:c002,oh_3937599_-8456289,Butler,pickleball,tennis,2017,2019,0.375,1,True,low_confidence;reversion
oh_3937599_-8456289:c002,oh_3937599_-8456289,Butler,tennis,removed,2021,2023,0.443,1,True,low_confidence
oh_3937749_-8456079:c001,oh_3937749_-8456079,Butler,tennis,hybrid,2015,2019,0.625,1,False,
oh_3937749_-8456079:c001,oh_3937749_-8456079,Butler,hybrid,tennis,2019,2021,0.453,1,True,low_confidence;reversion
oh_3937786_-8436768:c002,oh_3937786_-8436768,Butler,tennis,hybrid,2011,2013,0.818,1,False,
oh_3937786_-8436768:c002,oh_3937786_-8436768,Butler,hybrid,tennis,2013,2017,0.631,1,True,reversion
oh_3937786_-8436768:c003,oh_3937786_-8436768,Butler,tennis,hybrid,2011,2013,0.83,1,False,
oh_3937786_-8436768:c003,oh_3937786_-8436768,Butler,hybrid,tennis,2013,2017,0.788,1,True,reversion
oh_3937786_-8436768:c004,oh_3937786_-8436768,Butler,tennis,hybrid,2011,2013,0.826,1,False,
oh_3937786_-8436768:c004,oh_3937786_-8436768,Butler,hybrid,tennis,2013,2017,0.825,1,True,reversion
oh_3937786_-8436768:c005,oh_3937786_-8436768,Butler,tennis,hybrid,2011,2013,0.806,1,False,
oh_3937786_-8436768:c005,oh_3937786_-8436768,Butler,hybrid,tennis,2013,2017,0.744,1,True,reversion
oh_3937794_-8430419:c001,oh_3937794_-8430419,Warren,tennis,hybrid,2019,2021,0.566,1,True,low_confidence
oh_3937794_-8430419:c001,oh_3937794_-8430419,Warren,hybrid,tennis,2021,2023,0.571,1,True,low_confidence;reversion
oh_3937812_-8434674:c007,oh_3937812_-8434674,Butler,tennis,pickleball,2013,2019,0.381,1,True,low_confidence
oh_3937812_-8434674:c008,oh_3937812_-8434674,Butler,tennis,pickleball,2013,2019,0.656,1,False,
oh_3937812_-8434674:c009,oh_3937812_-8434674,Butler,tennis,pickleball,2013,2021,0.491,1,True,low_confidence
oh_3937970_-8461735:c004,oh_3937970_-8461735,Butler,tennis,hybrid,2019,2021,0.498,1,True,low_confidence
oh_3937970_-8461735:c005,oh_3937970_-8461735,Butler,tennis,hybrid,2017,2019,0.49,1,True,low_confidence
oh_3937970_-8461735:c006,oh_3937970_-8461735,Butler,tennis,hybrid,2017,2019,0.826,1,False,
oh_3937970_-8461735:c007,oh_3937970_-8461735,Butler,tennis,hybrid,2015,2019,0.765,1,False,
oh_3938221_-8439968:c001,oh_3938221_-8439968,Butler,tennis,hybrid,2019,2021,0.366,1,True,low_confidence
oh_3938221_-8439968:c001,oh_3938221_-8439968,Butler,hybrid,tennis,2021,2023,0.366,1,True,low_confidence;reversion
oh_3938541_-8457297:c006,oh_3938541_-8457297,Butler,pickleball,hybrid,2021,2023,0.657,1,False,
oh_3938541_-8457297:c007,oh_3938541_-8457297,Butler,pickleball,removed,2021,2023,0.715,1,False,
oh_3938564_-8430547:c001,oh_3938564_-8430547,Warren,pickleball,hybrid,2017,2019,0.42,1,True,low_confidence
oh_3938564_-8430547:c002,oh_3938564_-8430547,Warren,pickleball,tennis,2015,2017,0.453,1,True,low_confidence;reversion
oh_3938564_-8430547:c002,oh_3938564_-8430547,Warren,tennis,hybrid,2017,2019,0.453,1,True,low_confidence
oh_3938895_-8443615:c002,oh_3938895_-8443615,Butler,tennis,hybrid,2011,2013,0.896,1,False,
oh_3938895_-8443615:c002,oh_3938895_-8443615,Butler,hybrid,tennis,2013,2015,0.767,1,True,reversion
oh_3938895_-8443615:c002,oh_3938895_-8443615,Butler,tennis,hybrid,2021,2023,0.554,1,True,low_confidence
oh_3938895_-8443615:c003,oh_3938895_-8443615,Butler,tennis,hybrid,2011,2013,0.853,1,False,
oh_3938895_-8443615:c003,oh_3938895_-8443615,Butler,hybrid,tennis,2013,2015,0.862,1,True,reversion
oh_3938895_-8443615:c003,oh_3938895_-8443615,Butler,tennis,hybrid,2019,2021,0.417,1,True,low_confidence
oh_3938895_-8443615:c004,oh_3938895_-8443615,Butler,tennis,hybrid,2011,2013,0.864,1,False,
oh_3938895_-8443615:c004,oh_3938895_-8443615,Butler,hybrid,tennis,2013,2015,0.859,1,True,reversion
oh_3939306_-8444946:c001,oh_3939306_-8444946,Butler,tennis,removed,2013,2019,0.784,1,False,
oh_3939490_-8451745:c001,oh_3939490_-8451745,Butler,removed,tennis,2011,2013,0.786,1,True,reversion
oh_3939490_-8451745:c002,oh_3939490_-8451745,Butler,removed,tennis,2011,2013,0.71,1,True,reversion
oh_3939539_-8139943:c001,oh_3939539_-8139943,Washington,tennis,removed,2020,2021,0.53,1,True,low_confidence
oh_3939539_-8139943:c002,oh_3939539_-8139943,Washington,tennis,hybrid,2018,2019,0.647,1,False,
oh_3939539_-8139943:c002,oh_3939539_-8139943,Washington,hybrid,removed,2021,2022,0.291,1,True,low_confidence
oh_3939539_-8139943:c003,oh_3939539_-8139943,Washington,tennis,removed,2020,2021,0.314,1,True,low_confidence
oh_3939654_-8454031:c003,oh_3939654_-8454031,Butler,tennis,hybrid,2019,2021,0.418,1,True,low_confidence
oh_3940001_-8410621:c001,oh_3940001_-8410621,Warren,tennis,removed,2017,2019,0.528,1,True,low_confidence
oh_3940001_-8410621:c002,oh_3940001_-8410621,Warren,tennis,removed,2019,2021,0.495,1,True,low_confidence
oh_3940961_-8421241:c001,oh_3940961_-8421241,Warren,hybrid,tennis,2013,2015,0.575,1,True,low_confidence;reversion
oh_3940961_-8421241:c001,oh_3940961_-8421241,Warren,tennis,hybrid,2017,2019,0.716,1,False,
oh_3940961_-8421241:c002,oh_3940961_-8421241,Warren,tennis,hybrid,2011,2013,0.833,1,False,
oh_3940961_-8421241:c002,oh_3940961_-8421241,Warren,hybrid,tennis,2013,2015,0.683,1,True,reversion
oh_3940961_-8421241:c002,oh_3940961_-8421241,Warren,tennis,hybrid,2019,2021,0.495,1,True,low_confidence
oh_3940961_-8421241:c003,oh_3940961_-8421241,Warren,tennis,hybrid,2019,2021,0.58,1,True,low_confidence
oh_3940961_-8421241:c004,oh_3940961_-8421241,Warren,tennis,hybrid,2011,2013,0.922,1,False,
oh_3940961_-8421241:c004,oh_3940961_-8421241,Warren,hybrid,tennis,2013,2015,0.681,1,True,reversion
oh_3940961_-8421241:c005,oh_3940961_-8421241,Warren,tennis,hybrid,2017,2019,0.662,1,False,
oh_3940961_-8421241:c005,oh_3940961_-8421241,Warren,hybrid,tennis,2021,2023,0.491,1,True,low_confidence;reversion
oh_3940961_-8421241:c006,oh_3940961_-8421241,Warren,tennis,hybrid,2011,2013,0.807,1,False,
oh_3940961_-8421241:c006,oh_3940961_-8421241,Warren,hybrid,tennis,2013,2015,0.723,1,True,reversion
oh_3940961_-8421241:c006,oh_3940961_-8421241,Warren,tennis,hybrid,2017,2019,0.75,1,False,
oh_3941064_-8304045:c001,oh_3941064_-8304045,Ross,removed,tennis,2019,2021,0.943,1,True,reversion
oh_3941214_-8141923:c001,oh_3941214_-8141923,Washington,tennis,hybrid,2016,2018,0.57,1,True,low_confidence
oh_3941214_-8141923:c001,oh_3941214_-8141923,Washington,hybrid,tennis,2020,2021,0.371,1,True,low_confidence;reversion
oh_3941214_-8141923:c002,oh_3941214_-8141923,Washington,tennis,removed,2022,2023,0.557,1,True,low_confidence
oh_3941214_-8141923:c003,oh_3941214_-8141923,Washington,tennis,pickleball,2020,2021,0.623,,False,
oh_3941214_-8141923:c003,oh_3941214_-8141923,Washington,pickleball,tennis,2021,2022,0.425,1,True,low_confidence;reversion
oh_3941415_-8144832:c005,oh_3941415_-8144832,Washington,tennis,hybrid,2014,2015,0.736,1,False,
oh_3941415_-8144832:c005,oh_3941415_-8144832,Washington,hybrid,tennis,2015,2016,0.427,1,True,low_confidence;reversion
oh_3941415_-8144832:c006,oh_3941415_-8144832,Washington,tennis,hybrid,2014,2015,0.685,1,False,
oh_3941415_-8144832:c006,oh_3941415_-8144832,Washington,hybrid,tennis,2015,2016,0.691,1,True,reversion
oh_3942055_-8446925:c001,oh_3942055_-8446925,Butler,tennis,removed,2015,2017,0.288,1,True,low_confidence
oh_3942055_-8446925:c002,oh_3942055_-8446925,Butler,hybrid,removed,2015,2019,0.349,1,True,low_confidence
oh_3942055_-8446925:c003,oh_3942055_-8446925,Butler,tennis,removed,2015,2021,0.588,1,True,low_confidence
oh_3942221_-8449526:c003,oh_3942221_-8449526,Butler,tennis,removed,2011,2021,0.5,1,True,low_confidence;inferred_removal
oh_3943034_-8420435:c001,oh_3943034_-8420435,Warren,tennis,hybrid,2021,2023,0.699,1,False,
oh_3943034_-8420435:c003,oh_3943034_-8420435,Warren,tennis,hybrid,2021,2023,0.319,1,True,low_confidence
oh_3943034_-8420435:c004,oh_3943034_-8420435,Warren,tennis,hybrid,2017,2019,0.389,1,True,low_confidence
oh_3943996_-8381774:c001,oh_3943996_-8381774,Clinton,tennis,pickleball,2017,2019,0.321,,True,low_confidence
oh_3943996_-8381774:c002,oh_3943996_-8381774,Clinton,tennis,removed,2013,2017,0.617,1,False,
oh_3943996_-8381774:c002,oh_3943996_-8381774,Clinton,removed,pickleball,2017,2019,0.617,,True,reversion
oh_3943996_-8381774:c003,oh_3943996_-8381774,Clinton,tennis,removed,2013,2017,0.287,1,True,low_confidence
oh_3943996_-8381774:c003,oh_3943996_-8381774,Clinton,removed,pickleball,2017,2019,0.689,,True,reversion
oh_3943996_-8381774:c004,oh_3943996_-8381774,Clinton,tennis,removed,2013,2017,0.451,1,True,low_confidence
oh_3943996_-8381774:c004,oh_3943996_-8381774,Clinton,removed,pickleball,2017,2019,0.41,,True,low_confidence;reversion
oh_3943996_-8381774:c005,oh_3943996_-8381774,Clinton,tennis,removed,2015,2017,0.526,1,True,low_confidence
oh_3944111_-8380981:c001,oh_3944111_-8380981,Clinton,tennis,hybrid,2019,2021,0.435,1,True,low_confidence
oh_3944122_-8222194:c001,oh_3944122_-8222194,Athens,tennis,pickleball,2019,2021,0.769,,False,
oh_3944122_-8222194:c002,oh_3944122_-8222194,Athens,tennis,pickleball,2019,2021,0.834,,False,
oh_3945151_-8419699:c001,oh_3945151_-8419699,Warren,tennis,removed,2021,2023,0.667,1,False,
oh_3945236_-8413431:c001,oh_3945236_-8413431,Warren,hybrid,tennis,2013,2015,0.803,1,True,reversion
oh_3945359_-8393630:c001,oh_3945359_-8393630,Clinton,hybrid,tennis,2013,2015,0.447,1,True,low_confidence;reversion
oh_3945359_-8393630:c001,oh_3945359_-8393630,Clinton,tennis,removed,2021,2023,0.564,1,True,low_confidence
oh_3945569_-8427845:c001,oh_3945569_-8427845,Warren,removed,tennis,2011,2013,0.29,1,True,low_confidence;reversion
oh_3946497_-8417872:c001,oh_3946497_-8417872,Warren,hybrid,tennis,2013,2017,0.535,1,True,low_confidence;reversion
oh_3946497_-8417872:c002,oh_3946497_-8417872,Warren,hybrid,tennis,2015,2017,0.421,1,True,low_confidence;reversion
oh_3946497_-8417872:c003,oh_3946497_-8417872,Warren,hybrid,tennis,2015,2017,0.625,1,True,reversion
oh_3946497_-8417872:c004,oh_3946497_-8417872,Warren,hybrid,tennis,2015,2017,0.585,1,True,low_confidence;reversion
oh_3946497_-8417872:c005,oh_3946497_-8417872,Warren,hybrid,tennis,2015,2017,0.642,1,True,reversion
oh_3946989_-8420383:c001,oh_3946989_-8420383,Warren,tennis,removed,2013,2019,0.36,1,True,low_confidence
oh_3947118_-8446249:c001,oh_3947118_-8446249,Butler,tennis,removed,2013,2019,0.616,1,False,
oh_3947118_-8446249:c002,oh_3947118_-8446249,Butler,tennis,removed,2013,2021,0.601,1,False,
oh_3947565_-8386683:c001,oh_3947565_-8386683,Clinton,tennis,removed,2021,2023,0.541,1,True,low_confidence
oh_3948866_-8473374:c001,oh_3948866_-8473374,Butler,removed,tennis,2011,2013,0.674,1,True,reversion
oh_3948866_-8473374:c002,oh_3948866_-8473374,Butler,removed,tennis,2011,2013,0.614,1,True,reversion
oh_3948866_-8473374:c003,oh_3948866_-8473374,Butler,removed,tennis,2011,2013,0.732,1,True,reversion
oh_3948866_-8473374:c004,oh_3948866_-8473374,Butler,removed,tennis,2011,2013,0.661,1,True,reversion
oh_3948866_-8473374:c005,oh_3948866_-8473374,Butler,removed,tennis,2011,2013,0.821,1,True,reversion
oh_3949106_-8429745:c002,oh_3949106_-8429745,Warren,tennis,hybrid,2011,2013,0.856,1,False,
oh_3949106_-8429745:c002,oh_3949106_-8429745,Warren,hybrid,tennis,2013,2015,0.435,1,True,low_confidence;reversion
oh_3949106_-8429745:c003,oh_3949106_-8429745,Warren,tennis,hybrid,2011,2013,0.656,1,False,
oh_3949106_-8429745:c003,oh_3949106_-8429745,Warren,hybrid,tennis,2013,2015,0.488,1,True,low_confidence;reversion
oh_3949106_-8429745:c004,oh_3949106_-8429745,Warren,tennis,hybrid,2011,2013,0.857,1,False,
oh_3949106_-8429745:c004,oh_3949106_-8429745,Warren,hybrid,tennis,2013,2015,0.465,1,True,low_confidence;reversion
oh_3950444_-8418466:c001,oh_3950444_-8418466,Warren,tennis,removed,2011,2017,0.683,1,False,
oh_3950444_-8418466:c001,oh_3950444_-8418466,Warren,removed,hybrid,2017,2019,0.444,1,True,low_confidence;reversion
oh_3950444_-8418466:c001,oh_3950444_-8418466,Warren,hybrid,tennis,2019,2021,0.381,1,True,low_confidence;reversion
oh_3950656_-8475476:c001,oh_3950656_-8475476,Butler,tennis,hybrid,2015,2019,0.639,1,False,
oh_3950656_-8475476:c001,oh_3950656_-8475476,Butler,hybrid,pickleball,2019,2021,0.936,,False,
oh_3950656_-8475476:c002,oh_3950656_-8475476,Butler,tennis,pickleball,2019,2021,0.323,2,True,low_confidence
oh_3950656_-8475476:c003,oh_3950656_-8475476,Butler,tennis,hybrid,2017,2019,0.702,1,False,
oh_3950656_-8475476:c003,oh_3950656_-8475476,Butler,hybrid,pickleball,2019,2021,0.912,2,False,
oh_3950944_-8472593:c003,oh_3950944_-8472593,Butler,tennis,hybrid,2013,2015,0.358,1,True,low_confidence
oh_3950944_-8472593:c003,oh_3950944_-8472593,Butler,hybrid,tennis,2015,2019,0.419,1,True,low_confidence;reversion
oh_3951110_-8440925:c001,oh_3951110_-8440925,Butler,tennis,hybrid,2011,2013,0.6,1,False,
oh_3951110_-8440925:c001,oh_3951110_-8440925,Butler,hybrid,tennis,2013,2021,0.387,1,True,low_confidence;reversion
oh_3951110_-8440925:c001,oh_3951110_-8440925,Butler,tennis,removed,2021,2023,0.387,1,True,low_confidence
oh_3951110_-8440925:c002,oh_3951110_-8440925,Butler,tennis,hybrid,2011,2013,0.599,1,True,low_confidence
oh_3951110_-8440925:c002,oh_3951110_-8440925,Butler,hybrid,tennis,2019,2021,0.488,1,True,low_confidence;reversion
oh_3951405_-8237330:c002,oh_3951405_-8237330,Hocking,tennis,hybrid,2011,2013,0.568,1,True,low_confidence
oh_3951405_-8237330:c002,oh_3951405_-8237330,Hocking,hybrid,tennis,2015,2017,0.563,1,True,low_confidence;reversion
oh_3951405_-8237330:c003,oh_3951405_-8237330,Hocking,tennis,hybrid,2011,2013,0.68,1,False,
oh_3951405_-8237330:c003,oh_3951405_-8237330,Hocking,hybrid,tennis,2013,2015,0.543,1,True,low_confidence;reversion
oh_3951405_-8237330:c004,oh_3951405_-8237330,Hocking,tennis,hybrid,2011,2013,0.636,1,False,
oh_3951405_-8237330:c004,oh_3951405_-8237330,Hocking,hybrid,tennis,2013,2015,0.433,1,True,low_confidence;reversion
oh_3951405_-8237330:c005,oh_3951405_-8237330,Hocking,tennis,hybrid,2011,2013,0.715,1,False,
oh_3951405_-8237330:c005,oh_3951405_-8237330,Hocking,hybrid,tennis,2013,2015,0.514,1,True,low_confidence;reversion
oh_3951749_-8438536:c001,oh_3951749_-8438536,Butler,tennis,removed,2015,2021,0.55,1,True,low_confidence
oh_3952096_-8473522:c001,oh_3952096_-8473522,Butler,tennis,removed,2011,2013,0.348,1,True,low_confidence
oh_3952096_-8473522:c001,oh_3952096_-8473522,Butler,removed,hybrid,2015,2019,0.35,1,True,low_confidence;reversion
oh_3952096_-8473522:c001,oh_3952096_-8473522,Butler,hybrid,tennis,2019,2021,0.35,1,True,low_confidence;reversion
oh_3952096_-8473522:c002,oh_3952096_-8473522,Butler,tennis,removed,2011,2013,0.346,1,True,low_confidence
oh_3952096_-8473522:c002,oh_3952096_-8473522,Butler,removed,tennis,2015,2017,0.819,1,True,reversion
oh_3952096_-8473522:c002,oh_3952096_-8473522,Butler,tennis,hybrid,2017,2019,0.73,1,False,
oh_3952096_-8473522:c002,oh_3952096_-8473522,Butler,hybrid,tennis,2021,2023,0.578,1,True,low_confidence;reversion
oh_3952096_-8473522:c003,oh_3952096_-8473522,Butler,tennis,removed,2011,2013,0.452,1,True,low_confidence
oh_3952096_-8473522:c003,oh_3952096_-8473522,Butler,removed,tennis,2015,2019,0.752,1,True,reversion
oh_3952096_-8473522:c004,oh_3952096_-8473522,Butler,tennis,removed,2011,2013,0.554,1,True,low_confidence
oh_3952096_-8473522:c004,oh_3952096_-8473522,Butler,removed,tennis,2015,2017,0.796,1,True,reversion
oh_3952096_-8473522:c005,oh_3952096_-8473522,Butler,tennis,removed,2011,2013,0.409,1,True,low_confidence
oh_3952096_-8473522:c005,oh_3952096_-8473522,Butler,removed,tennis,2015,2017,0.845,1,True,reversion
oh_3952096_-8473522:c005,oh_3952096_-8473522,Butler,tennis,hybrid,2017,2019,0.561,1,True,low_confidence
oh_3952096_-8473522:c005,oh_3952096_-8473522,Butler,hybrid,tennis,2021,2023,0.592,1,True,low_confidence;reversion
oh_3952096_-8473522:c006,oh_3952096_-8473522,Butler,tennis,removed,2011,2013,0.363,1,True,low_confidence
oh_3952096_-8473522:c006,oh_3952096_-8473522,Butler,removed,tennis,2015,2017,0.249,1,True,low_confidence;reversion
oh_3952096_-8473522:c006,oh_3952096_-8473522,Butler,tennis,hybrid,2017,2019,0.249,1,True,low_confidence
oh_3952096_-8473522:c006,oh_3952096_-8473522,Butler,hybrid,tennis,2021,2023,0.462,1,True,low_confidence;reversion
oh_3952096_-8473522:c007,oh_3952096_-8473522,Butler,hybrid,removed,2011,2013,0.429,1,True,low_confidence
oh_3952096_-8473522:c007,oh_3952096_-8473522,Butler,removed,hybrid,2017,2019,0.219,1,True,low_confidence;reversion
oh_3952096_-8473522:c007,oh_3952096_-8473522,Butler,hybrid,tennis,2021,2023,0.677,1,True,reversion
oh_3952096_-8473522:c008,oh_3952096_-8473522,Butler,removed,tennis,2015,2017,0.758,1,True,reversion
oh_3952096_-8473522:c008,oh_3952096_-8473522,Butler,tennis,hybrid,2017,2019,0.557,1,True,low_confidence
oh_3952096_-8473522:c008,oh_3952096_-8473522,Butler,hybrid,tennis,2021,2023,0.607,1,True,reversion
oh_3952324_-8435119:c002,oh_3952324_-8435119,Butler,tennis,hybrid,2011,2013,0.552,1,True,low_confidence
oh_3952324_-8435119:c002,oh_3952324_-8435119,Butler,hybrid,tennis,2015,2017,0.709,1,True,reversion
oh_3952324_-8435119:c003,oh_3952324_-8435119,Butler,tennis,hybrid,2011,2013,0.771,1,False,
oh_3952324_-8435119:c003,oh_3952324_-8435119,Butler,hybrid,tennis,2015,2017,0.675,1,True,reversion
oh_3952396_-8433822:c001,oh_3952396_-8433822,Butler,tennis,removed,2013,2019,0.369,1,True,low_confidence
oh_3952396_-8433822:c001,oh_3952396_-8433822,Butler,removed,tennis,2021,2023,0.38,1,True,low_confidence;reversion
oh_3952462_-8438553:c001,oh_3952462_-8438553,Butler,hybrid,tennis,2011,2013,0.371,1,True,low_confidence;reversion
oh_3952462_-8438553:c002,oh_3952462_-8438553,Butler,tennis,removed,2013,2017,0.432,1,True,low_confidence
oh_3952462_-8438553:c002,oh_3952462_-8438553,Butler,removed,tennis,2021,2023,0.523,1,True,low_confidence;reversion
oh_3952513_-8344619:c001,oh_3952513_-8344619,Fayette,tennis,hybrid,2021,2023,0.604,1,False,
oh_3952513_-8344619:c002,oh_3952513_-8344619,Fayette,tennis,hybrid,2021,2023,0.538,1,True,low_confidence
oh_3952513_-8344619:c003,oh_3952513_-8344619,Fayette,tennis,hybrid,2019,2021,0.337,1,True,low_confidence
oh_3953190_-8444846:c001,oh_3953190_-8444846,Butler,tennis,hybrid,2011,2019,0.605,1,False,
oh_3953190_-8444846:c001,oh_3953190_-8444846,Butler,hybrid,removed,2019,2021,0.549,1,True,low_confidence
oh_3953190_-8444846:c002,oh_3953190_-8444846,Butler,tennis,removed,2019,2021,0.652,1,False,
oh_3953574_-8423854:c002,oh_3953574_-8423854,Warren,tennis,hybrid,2011,2013,0.66,1,False,
oh_3953574_-8423854:c002,oh_3953574_-8423854,Warren,hybrid,tennis,2013,2015,0.893,1,True,reversion
oh_3953574_-8423854:c003,oh_3953574_-8423854,Warren,hybrid,tennis,2013,2015,0.808,1,True,reversion
oh_3953574_-8423854:c004,oh_3953574_-8423854,Warren,tennis,hybrid,2011,2013,0.619,1,False,
oh_3953574_-8423854:c004,oh_3953574_-8423854,Warren,hybrid,tennis,2013,2015,0.751,1,True,reversion
oh_3953574_-8423854:c005,oh_3953574_-8423854,Warren,hybrid,tennis,2013,2015,0.897,1,True,reversion
oh_3953574_-8423854:c006,oh_3953574_-8423854,Warren,hybrid,tennis,2013,2015,0.895,1,True,reversion
oh_3953941_-8344536:c001,oh_3953941_-8344536,Fayette,tennis,removed,2013,2017,0.341,1,True,low_confidence
oh_3953941_-8344536:c001,oh_3953941_-8344536,Fayette,removed,pickleball,2017,2019,0.341,1,True,low_confidence;reversion
oh_3953941_-8344536:c002,oh_3953941_-8344536,Fayette,tennis,removed,2015,2017,0.278,1,True,low_confidence
oh_3953941_-8344536:c002,oh_3953941_-8344536,Fayette,removed,pickleball,2017,2019,0.445,1,True,low_confidence;reversion
oh_3953941_-8344536:c003,oh_3953941_-8344536,Fayette,tennis,pickleball,2015,2019,0.267,1,True,low_confidence
oh_3953941_-8344536:c004,oh_3953941_-8344536,Fayette,tennis,removed,2015,2017,0.492,1,True,low_confidence
oh_3953941_-8344536:c004,oh_3953941_-8344536,Fayette,removed,pickleball,2017,2019,0.546,1,True,low_confidence;reversion
oh_3954011_-8416712:c001,oh_3954011_-8416712,Warren,tennis,hybrid,2011,2013,0.903,1,False,
oh_3954011_-8416712:c001,oh_3954011_-8416712,Warren,hybrid,tennis,2013,2015,0.582,1,True,low_confidence;reversion
oh_3954011_-8416712:c002,oh_3954011_-8416712,Warren,tennis,hybrid,2011,2013,0.868,1,False,
oh_3954011_-8416712:c002,oh_3954011_-8416712,Warren,hybrid,tennis,2013,2015,0.496,1,True,low_confidence;reversion
oh_3954011_-8416712:c003,oh_3954011_-8416712,Warren,tennis,hybrid,2011,2013,0.919,1,False,
oh_3954011_-8416712:c003,oh_3954011_-8416712,Warren,hybrid,tennis,2013,2015,0.537,1,True,low_confidence;reversion
oh_3954142_-8419226:c001,oh_3954142_-8419226,Warren,tennis,hybrid,2021,2023,0.46,1,True,low_confidence
oh_3954142_-8419226:c002,oh_3954142_-8419226,Warren,tennis,hybrid,2013,2019,0.5,1,True,low_confidence
oh_3954194_-8421362:c001,oh_3954194_-8421362,Warren,tennis,removed,2021,2023,0.785,1,False,
oh_3954483_-8342363:c001,oh_3954483_-8342363,Fayette,removed,tennis,2021,2023,0.644,1,True,reversion
oh_3954483_-8342363:c002,oh_3954483_-8342363,Fayette,removed,tennis,2021,2023,0.638,1,True,reversion
oh_3954483_-8342363:c003,oh_3954483_-8342363,Fayette,removed,tennis,2021,2023,0.768,1,True,reversion
oh_3954483_-8342363:c004,oh_3954483_-8342363,Fayette,removed,tennis,2021,2023,0.877,1,True,reversion
oh_3954483_-8342363:c005,oh_3954483_-8342363,Fayette,removed,tennis,2021,2023,0.884,1,True,reversion
oh_3954483_-8342363:c006,oh_3954483_-8342363,Fayette,removed,tennis,2021,2023,0.783,1,True,reversion
oh_3955324_-8429837:c001,oh_3955324_-8429837,Warren,hybrid,tennis,2013,2015,0.691,1,True,reversion
oh_3955324_-8429837:c002,oh_3955324_-8429837,Warren,hybrid,tennis,2013,2015,0.794,1,True,reversion
oh_3955324_-8429837:c003,oh_3955324_-8429837,Warren,hybrid,tennis,2013,2015,0.773,1,True,reversion
oh_3955324_-8429837:c004,oh_3955324_-8429837,Warren,hybrid,tennis,2013,2015,0.6,1,True,reversion
oh_3955324_-8429837:c005,oh_3955324_-8429837,Warren,hybrid,tennis,2013,2015,0.806,1,True,reversion
oh_3955324_-8429837:c006,oh_3955324_-8429837,Warren,hybrid,tennis,2013,2015,0.781,1,True,reversion
oh_3955534_-8439793:c001,oh_3955534_-8439793,Butler,hybrid,tennis,2013,2015,0.575,1,True,low_confidence;reversion
oh_3955534_-8439793:c002,oh_3955534_-8439793,Butler,hybrid,tennis,2019,2021,0.554,1,True,low_confidence;reversion
oh_3955534_-8439793:c003,oh_3955534_-8439793,Butler,tennis,hybrid,2013,2015,0.405,1,True,low_confidence
oh_3955534_-8439793:c003,oh_3955534_-8439793,Butler,hybrid,tennis,2021,2023,0.463,1,True,low_confidence;reversion
oh_3955534_-8439793:c004,oh_3955534_-8439793,Butler,tennis,hybrid,2011,2013,0.67,1,False,
oh_3955534_-8439793:c004,oh_3955534_-8439793,Butler,hybrid,tennis,2013,2015,0.589,1,True,low_confidence;reversion
oh_3955534_-8439793:c004,oh_3955534_-8439793,Butler,tennis,hybrid,2017,2019,0.431,1,True,low_confidence
oh_3955534_-8439793:c004,oh_3955534_-8439793,Butler,hybrid,tennis,2019,2021,0.707,1,True,reversion
oh_3955534_-8439793:c005,oh_3955534_-8439793,Butler,tennis,removed,2013,2015,0.542,1,True,low_confidence
oh_3955825_-8424399:c001,oh_3955825_-8424399,Warren,pickleball,hybrid,2021,2023,0.5,1,True,low_confidence
oh_3955825_-8424399:c002,oh_3955825_-8424399,Warren,pickleball,hybrid,2019,2021,0.431,1,True,low_confidence
oh_3955895_-8285340:c001,oh_3955895_-8285340,Pickaway,removed,tennis,2013,2015,0.825,1,True,reversion
oh_3955895_-8285340:c002,oh_3955895_-8285340,Pickaway,removed,tennis,2013,2015,0.827,1,True,reversion
oh_3955895_-8285340:c003,oh_3955895_-8285340,Pickaway,removed,tennis,2013,2015,0.816,1,True,reversion
oh_3955895_-8285340:c004,oh_3955895_-8285340,Pickaway,removed,tennis,2013,2015,0.697,1,True,reversion
oh_3956264_-8421914:c003,oh_3956264_-8421914,Warren,tennis,pickleball,2019,2021,0.378,,True,low_confidence
oh_3956787_-8423999:c002,oh_3956787_-8423999,Warren,hybrid,tennis,2013,2015,0.755,1,True,reversion
oh_3957415_-8421539:c001,oh_3957415_-8421539,Warren,tennis,hybrid,2011,2013,0.907,1,False,
oh_3957415_-8421539:c001,oh_3957415_-8421539,Warren,hybrid,tennis,2015,2017,0.454,1,True,low_confidence;reversion
oh_3957415_-8421539:c001,oh_3957415_-8421539,Warren,tennis,pickleball,2019,2021,0.569,,True,low_confidence
oh_3957415_-8421539:c002,oh_3957415_-8421539,Warren,tennis,hybrid,2011,2013,0.892,1,False,
oh_3957415_-8421539:c002,oh_3957415_-8421539,Warren,hybrid,tennis,2013,2015,0.665,1,True,reversion
oh_3957488_-8422330:c001,oh_3957488_-8422330,Warren,tennis,hybrid,2011,2013,0.889,1,False,
oh_3957488_-8422330:c001,oh_3957488_-8422330,Warren,hybrid,tennis,2013,2015,0.645,1,True,reversion
oh_3957488_-8422330:c002,oh_3957488_-8422330,Warren,tennis,hybrid,2011,2013,0.829,1,False,
oh_3957488_-8422330:c002,oh_3957488_-8422330,Warren,hybrid,tennis,2013,2015,0.522,1,True,low_confidence;reversion
oh_3957610_-8346969:c001,oh_3957610_-8346969,Fayette,removed,pickleball,2015,2017,0.348,1,True,low_confidence;reversion
oh_3957610_-8346969:c002,oh_3957610_-8346969,Fayette,removed,pickleball,2015,2017,0.796,,True,reversion
oh_3957610_-8346969:c003,oh_3957610_-8346969,Fayette,removed,pickleball,2015,2017,0.698,,True,reversion
oh_3958826_-8423258:c001,oh_3958826_-8423258,Montgomery,tennis,hybrid,2019,2021,0.787,1,False,
oh_3959059_-8414822:c001,oh_3959059_-8414822,Montgomery,tennis,removed,2017,2019,0.783,1,False,
oh_3959074_-8428968:c001,oh_3959074_-8428968,Montgomery,hybrid,padel,2021,2023,0.196,1,True,low_confidence
oh_3959960_-8413198:c001,oh_3959960_-8413198,Montgomery,pickleball,hybrid,2011,2013,0.837,1,False,
oh_3959960_-8413198:c001,oh_3959960_-8413198,Montgomery,hybrid,tennis,2013,2015,0.474,1,True,low_confidence;reversion
oh_3959960_-8413198:c002,oh_3959960_-8413198,Montgomery,pickleball,tennis,2013,2015,0.826,1,True,reversion
oh_3959960_-8413198:c002,oh_3959960_-8413198,Montgomery,tennis,pickleball,2017,2019,0.911,,False,
oh_3959960_-8413198:c002,oh_3959960_-8413198,Montgomery,pickleball,tennis,2021,2023,0.497,1,True,low_confidence;reversion
oh_3960450_-8416051:c002,oh_3960450_-8416051,Montgomery,tennis,removed,2019,2021,0.336,1,True,low_confidence
oh_3960450_-8416051:c004,oh_3960450_-8416051,Montgomery,tennis,hybrid,2019,2021,0.436,1,True,low_confidence
oh_3960636_-8414258:c002,oh_3960636_-8414258,Montgomery,tennis,hybrid,2013,2019,0.669,1,False,
oh_3960636_-8414258:c002,oh_3960636_-8414258,Montgomery,hybrid,tennis,2019,2021,0.556,1,True,low_confidence;reversion
oh_3960840_-8419407:c001,oh_3960840_-8419407,Montgomery,tennis,pickleball,2017,2019,0.85,,False,
oh_3960840_-8419407:c001,oh_3960840_-8419407,Montgomery,pickleball,tennis,2019,2021,0.921,1,True,reversion
oh_3960883_-8411195:c001,oh_3960883_-8411195,Montgomery,tennis,hybrid,2017,2019,0.535,1,True,low_confidence
oh_3960883_-8411195:c001,oh_3960883_-8411195,Montgomery,hybrid,tennis,2021,2023,0.539,1,True,low_confidence;reversion
oh_3961016_-8417706:c001,oh_3961016_-8417706,Montgomery,hybrid,tennis,2013,2015,0.84,1,True,reversion
oh_3961016_-8417706:c001,oh_3961016_-8417706,Montgomery,tennis,hybrid,2017,2019,0.654,1,False,
oh_3961016_-8417706:c001,oh_3961016_-8417706,Montgomery,hybrid,removed,2019,2023,0.654,1,False,
oh_3961016_-8417706:c002,oh_3961016_-8417706,Montgomery,tennis,hybrid,2011,2013,0.575,1,True,low_confidence
oh_3961016_-8417706:c003,oh_3961016_-8417706,Montgomery,tennis,pickleball,2019,2021,0.662,,False,
oh_3961016_-8417706:c003,oh_3961016_-8417706,Montgomery,pickleball,hybrid,2021,2023,0.576,1,True,low_confidence
oh_3961016_-8417706:c004,oh_3961016_-8417706,Montgomery,tennis,hybrid,2017,2019,0.615,1,False,
oh_3961116_-8291962:c001,oh_3961116_-8291962,Pickaway,removed,tennis,2013,2015,0.759,1,True,reversion
oh_3961116_-8291962:c002,oh_3961116_-8291962,Pickaway,removed,tennis,2011,2015,0.757,1,True,reversion
oh_3961116_-8291962:c003,oh_3961116_-8291962,Pickaway,removed,tennis,2011,2015,0.699,1,True,reversion
oh_3961588_-8422072:c001,oh_3961588_-8422072,Montgomery,tennis,hybrid,2021,2023,0.495,1,True,low_confidence
oh_3961592_-8418088:c001,oh_3961592_-8418088,Montgomery,tennis,hybrid,2017,2019,0.586,1,True,low_confidence
oh_3961592_-8418088:c001,oh_3961592_-8418088,Montgomery,hybrid,removed,2019,2021,0.515,1,True,low_confidence
oh_3961592_-8418088:c002,oh_3961592_-8418088,Montgomery,tennis,hybrid,2017,2019,0.658,1,False,
oh_3961592_-8418088:c002,oh_3961592_-8418088,Montgomery,hybrid,removed,2019,2021,0.583,1,True,low_confidence
oh_3961642_-8421799:c001,oh_3961642_-8421799,Montgomery,tennis,pickleball,2017,2021,0.772,,False,
oh_3961703_-8422538:c002,oh_3961703_-8422538,Montgomery,tennis,removed,2021,2023,0.793,1,False,
oh_3961920_-8418218:c001,oh_3961920_-8418218,Montgomery,tennis,hybrid,2011,2013,0.628,1,False,
oh_3961920_-8418218:c001,oh_3961920_-8418218,Montgomery,hybrid,tennis,2013,2015,0.398,1,True,low_confidence;reversion
oh_3962178_-8419758:c001,oh_3962178_-8419758,Montgomery,tennis,hybrid,2017,2019,0.773,1,False,
oh_3962178_-8419758:c001,oh_3962178_-8419758,Montgomery,hybrid,tennis,2021,2023,0.487,1,True,low_confidence;reversion
oh_3962352_-8323664:c001,oh_3962352_-8323664,Pickaway,tennis,removed,2011,2013,0.662,1,False,
oh_3962352_-8323664:c001,oh_3962352_-8323664,Pickaway,removed,tennis,2013,2015,0.771,1,True,reversion
oh_3962352_-8323664:c003,oh_3962352_-8323664,Pickaway,tennis,removed,2021,2023,0.437,1,True,low_confidence
oh_3962474_-8420512:c001,oh_3962474_-8420512,Montgomery,tennis,hybrid,2019,2021,0.534,1,True,low_confidence
oh_3962474_-8420512:c001,oh_3962474_-8420512,Montgomery,hybrid,tennis,2021,2023,0.375,1,True,low_confidence;reversion
oh_3962612_-8418365:c001,oh_3962612_-8418365,Montgomery,tennis,hybrid,2017,2019,0.776,1,False,
oh_3962612_-8418365:c001,oh_3962612_-8418365,Montgomery,hybrid,tennis,2021,2023,0.54,1,True,low_confidence;reversion
oh_3962806_-8430028:c001,oh_3962806_-8430028,Montgomery,tennis,removed,2013,2017,0.646,1,False,
oh_3963322_-8426049:c001,oh_3963322_-8426049,Montgomery,tennis,hybrid,2019,2021,0.472,1,True,low_confidence
oh_3963322_-8426049:c001,oh_3963322_-8426049,Montgomery,hybrid,tennis,2021,2023,0.752,1,True,reversion
oh_3963322_-8426049:c002,oh_3963322_-8426049,Montgomery,tennis,hybrid,2017,2019,0.559,1,True,low_confidence
oh_3963322_-8426049:c002,oh_3963322_-8426049,Montgomery,hybrid,tennis,2021,2023,0.601,1,True,reversion
oh_3963516_-8408244:c001,oh_3963516_-8408244,Greene,hybrid,tennis,2013,2015,0.837,1,True,reversion
oh_3963546_-8416232:c001,oh_3963546_-8416232,Montgomery,tennis,removed,2015,2017,0.607,1,False,
oh_3963546_-8416232:c001,oh_3963546_-8416232,Montgomery,removed,pickleball,2017,2019,0.607,1,True,reversion
oh_3963546_-8416232:c002,oh_3963546_-8416232,Montgomery,tennis,pickleball,2017,2019,0.346,1,True,low_confidence
oh_3963546_-8416232:c003,oh_3963546_-8416232,Montgomery,tennis,pickleball,2015,2017,0.375,1,True,low_confidence
oh_3963546_-8416232:c004,oh_3963546_-8416232,Montgomery,tennis,pickleball,2017,2019,0.348,1,True,low_confidence
oh_3963546_-8416232:c005,oh_3963546_-8416232,Montgomery,tennis,pickleball,2017,2019,0.815,1,False,
oh_3963546_-8416232:c006,oh_3963546_-8416232,Montgomery,tennis,pickleball,2017,2019,0.82,1,False,
oh_3963678_-8414329:c001,oh_3963678_-8414329,Montgomery,tennis,removed,2019,2023,0.446,1,True,low_confidence
oh_3964181_-8414014:c001,oh_3964181_-8414014,Montgomery,tennis,removed,2013,2019,0.422,1,True,low_confidence
oh_3964181_-8414014:c002,oh_3964181_-8414014,Montgomery,tennis,removed,2013,2017,0.562,1,True,low_confidence
oh_3964348_-8412861:c001,oh_3964348_-8412861,Montgomery,tennis,pickleball,2019,2021,0.295,1,True,low_confidence
oh_3964349_-8418824:c001,oh_3964349_-8418824,Montgomery,tennis,removed,2019,2021,0.348,1,True,low_confidence
oh_3964619_-8413392:c001,oh_3964619_-8413392,Montgomery,tennis,hybrid,2019,2021,0.557,1,True,low_confidence
oh_3964647_-8420521:c001,oh_3964647_-8420521,Montgomery,tennis,removed,2019,2021,0.463,1,True,low_confidence
oh_3964859_-8416946:c001,oh_3964859_-8416946,Montgomery,tennis,removed,2017,2019,0.487,1,True,low_confidence
oh_3964958_-8423494:c001,oh_3964958_-8423494,Montgomery,hybrid,removed,2013,2017,0.474,1,True,low_confidence
oh_3964958_-8423494:c001,oh_3964958_-8423494,Montgomery,removed,tennis,2019,2021,0.338,1,True,low_confidence;reversion
oh_3964989_-8412234:c001,oh_3964989_-8412234,Montgomery,tennis,removed,2013,2017,0.463,1,True,low_confidence
oh_3964989_-8412234:c002,oh_3964989_-8412234,Montgomery,hybrid,tennis,2013,2015,0.72,1,True,reversion
oh_3965085_-8423718:c001,oh_3965085_-8423718,Montgomery,hybrid,tennis,2013,2017,0.68,1,True,reversion
oh_3965112_-8185594:c001,oh_3965112_-8185594,Morgan,tennis,hybrid,2021,2023,0.708,1,False,
oh_3965642_-8410117:c001,oh_3965642_-8410117,Greene,hybrid,tennis,2015,2017,0.462,1,True,low_confidence;reversion
oh_3965642_-8410117:c001,oh_3965642_-8410117,Greene,tennis,hybrid,2019,2021,0.448,1,True,low_confidence
oh_3965642_-8410117:c002,oh_3965642_-8410117,Greene,tennis,hybrid,2011,2013,0.68,1,False,
oh_3965642_-8410117:c002,oh_3965642_-8410117,Greene,hybrid,tennis,2013,2015,0.55,1,True,low_confidence;reversion
oh_3965642_-8410117:c004,oh_3965642_-8410117,Greene,tennis,hybrid,2011,2013,0.714,1,False,
oh_3965642_-8410117:c004,oh_3965642_-8410117,Greene,hybrid,tennis,2013,2015,0.454,1,True,low_confidence;reversion
oh_3965768_-8411730:c001,oh_3965768_-8411730,Montgomery,tennis,hybrid,2011,2013,0.453,1,True,low_confidence
oh_3965768_-8411730:c001,oh_3965768_-8411730,Montgomery,hybrid,tennis,2013,2015,0.614,1,True,reversion
oh_3965770_-8375675:c001,oh_3965770_-8375675,Greene,tennis,hybrid,2013,2015,0.469,1,True,low_confidence
oh_3965770_-8375675:c001,oh_3965770_-8375675,Greene,hybrid,tennis,2015,2017,0.844,1,True,reversion
oh_3965770_-8375675:c002,oh_3965770_-8375675,Greene,tennis,hybrid,2011,2013,0.593,1,True,low_confidence
oh_3965770_-8375675:c002,oh_3965770_-8375675,Greene,hybrid,tennis,2015,2017,0.621,1,True,reversion
oh_3965770_-8375675:c005,oh_3965770_-8375675,Greene,tennis,hybrid,2011,2013,0.731,1,False,
oh_3965770_-8375675:c005,oh_3965770_-8375675,Greene,hybrid,tennis,2015,2017,0.678,1,True,reversion
oh_3965916_-8413528:c001,oh_3965916_-8413528,Montgomery,tennis,hybrid,2013,2019,0.318,1,True,low_confidence
oh_3965916_-8413528:c001,oh_3965916_-8413528,Montgomery,hybrid,removed,2019,2023,0.457,1,True,low_confidence
oh_3965916_-8413528:c002,oh_3965916_-8413528,Montgomery,tennis,removed,2011,2013,0.472,1,True,low_confidence
oh_3966329_-8414936:c001,oh_3966329_-8414936,Montgomery,tennis,removed,2021,2023,0.446,1,True,low_confidence
oh_3966329_-8414936:c002,oh_3966329_-8414936,Montgomery,tennis,hybrid,2019,2021,0.443,1,True,low_confidence
oh_3966329_-8414936:c002,oh_3966329_-8414936,Montgomery,hybrid,removed,2021,2023,0.375,1,True,low_confidence
oh_3966876_-8410304:c001,oh_3966876_-8410304,Greene,tennis,pickleball,2011,2013,0.755,,False,
oh_3966876_-8410304:c001,oh_3966876_-8410304,Greene,pickleball,removed,2013,2019,0.681,1,False,
oh_3966876_-8410304:c002,oh_3966876_-8410304,Greene,tennis,pickleball,2011,2013,0.838,,False,
oh_3966876_-8410304:c002,oh_3966876_-8410304,Greene,pickleball,removed,2013,2023,0.781,1,False,
oh_3966876_-8410304:c003,oh_3966876_-8410304,Greene,tennis,pickleball,2011,2013,0.728,,False,
oh_3966936_-8392178:c001,oh_3966936_-8392178,Greene,removed,tennis,2011,2013,0.245,1,True,low_confidence;reversion
oh_3966936_-8392178:c001,oh_3966936_-8392178,Greene,tennis,removed,2015,2017,0.235,1,True,low_confidence
oh_3966936_-8392178:c001,oh_3966936_-8392178,Greene,removed,tennis,2019,2021,0.356,1,True,low_confidence;reversion
oh_3967130_-8412897:c001,oh_3967130_-8412897,Montgomery,tennis,pickleball,2015,2019,0.642,2,False,
oh_3967130_-8412897:c002,oh_3967130_-8412897,Montgomery,tennis,pickleball,2015,2019,0.695,2,False,
oh_3967130_-8412897:c003,oh_3967130_-8412897,Montgomery,tennis,pickleball,2015,2019,0.559,2,True,low_confidence
oh_3967130_-8412897:c004,oh_3967130_-8412897,Montgomery,removed,pickleball,2011,2013,0.293,1,True,low_confidence;reversion
oh_3967130_-8412897:c005,oh_3967130_-8412897,Montgomery,removed,pickleball,2011,2013,0.303,2,True,low_confidence;reversion
oh_3967178_-8425097:c001,oh_3967178_-8425097,Montgomery,tennis,pickleball,2021,2023,0.592,,True,low_confidence
oh_3967241_-8087144:c001,oh_3967241_-8087144,Monroe,tennis,removed,2019,2020,0.411,1,True,low_confidence
oh_3967241_-8087144:c002,oh_3967241_-8087144,Monroe,hybrid,removed,2011,2022,0.472,1,True,low_confidence
oh_3967304_-8418191:c006,oh_3967304_-8418191,Montgomery,tennis,pickleball,2017,2019,0.394,1,True,low_confidence
oh_3967304_-8418191:c006,oh_3967304_-8418191,Montgomery,pickleball,tennis,2021,2023,0.7,1,True,reversion
oh_3967493_-8421679:c001,oh_3967493_-8421679,Montgomery,tennis,removed,2021,2023,0.818,1,False,
oh_3967873_-8413312:c001,oh_3967873_-8413312,Montgomery,hybrid,tennis,2011,2013,0.43,1,True,low_confidence;reversion
oh_3967873_-8413312:c002,oh_3967873_-8413312,Montgomery,hybrid,tennis,2013,2017,0.653,1,True,reversion
oh_3967873_-8413312:c003,oh_3967873_-8413312,Montgomery,hybrid,tennis,2013,2015,0.557,1,True,low_confidence;reversion
oh_3967873_-8413312:c004,oh_3967873_-8413312,Montgomery,hybrid,tennis,2013,2015,0.411,1,True,low_confidence;reversion
oh_3967873_-8413312:c005,oh_3967873_-8413312,Montgomery,hybrid,tennis,2015,2017,0.73,1,True,reversion
oh_3967873_-8413312:c009,oh_3967873_-8413312,Montgomery,tennis,hybrid,2013,2015,0.514,1,True,low_confidence
oh_3967873_-8413312:c009,oh_3967873_-8413312,Montgomery,hybrid,tennis,2015,2017,0.514,1,True,low_confidence;reversion
oh_3967873_-8413312:c010,oh_3967873_-8413312,Montgomery,tennis,hybrid,2013,2015,0.686,1,False,
oh_3967873_-8413312:c010,oh_3967873_-8413312,Montgomery,hybrid,tennis,2015,2017,0.433,1,True,low_confidence;reversion
oh_3967937_-8420725:c001,oh_3967937_-8420725,Montgomery,tennis,removed,2015,2019,0.514,1,True,low_confidence
oh_3968083_-8414899:c001,oh_3968083_-8414899,Montgomery,removed,tennis,2011,2013,0.651,1,True,reversion
oh_3968108_-8409411:c001,oh_3968108_-8409411,Greene,tennis,removed,2017,2019,0.481,1,True,low_confidence
oh_3968108_-8409411:c001,oh_3968108_-8409411,Greene,removed,pickleball,2021,2023,0.56,,True,low_confidence;reversion
oh_3968503_-8410420:c002,oh_3968503_-8410420,Greene,tennis,hybrid,2011,2013,0.552,1,True,low_confidence
oh_3968503_-8410420:c002,oh_3968503_-8410420,Greene,hybrid,tennis,2013,2015,0.809,1,True,reversion
oh_3968503_-8410420:c002,oh_3968503_-8410420,Greene,tennis,hybrid,2021,2023,0.482,1,True,low_confidence
oh_3969222_-8406474:c001,oh_3969222_-8406474,Greene,removed,tennis,2011,2013,0.48,1,True,low_confidence;reversion
oh_3969236_-8410846:c001,oh_3969236_-8410846,Montgomery,hybrid,tennis,2013,2015,0.73,1,True,reversion
oh_3969236_-8410846:c001,oh_3969236_-8410846,Montgomery,tennis,removed,2015,2017,0.48,1,True,low_confidence
oh_3969236_-8410846:c002,oh_3969236_-8410846,Montgomery,tennis,removed,2015,2017,0.422,1,True,low_confidence
oh_3969236_-8410846:c003,oh_3969236_-8410846,Montgomery,tennis,removed,2015,2017,0.599,1,True,low_confidence
oh_3969236_-8410846:c004,oh_3969236_-8410846,Montgomery,tennis,hybrid,2011,2013,0.604,1,False,
oh_3969236_-8410846:c004,oh_3969236_-8410846,Montgomery,hybrid,removed,2013,2017,0.381,1,True,low_confidence
oh_3969236_-8410846:c005,oh_3969236_-8410846,Montgomery,tennis,hybrid,2011,2013,0.54,1,True,low_confidence
oh_3969236_-8410846:c005,oh_3969236_-8410846,Montgomery,hybrid,removed,2013,2019,0.632,1,False,
oh_3969391_-8402334:c001,oh_3969391_-8402334,Greene,tennis,hybrid,2019,2021,0.546,1,True,low_confidence
oh_3969391_-8402334:c001,oh_3969391_-8402334,Greene,hybrid,removed,2021,2023,0.546,1,True,low_confidence
oh_3969391_-8402334:c002,oh_3969391_-8402334,Greene,hybrid,tennis,2013,2015,0.816,1,True,reversion
oh_3969391_-8402334:c002,oh_3969391_-8402334,Greene,tennis,hybrid,2019,2021,0.523,1,True,low_confidence
oh_3969750_-8416632:c002,oh_3969750_-8416632,Montgomery,tennis,hybrid,2021,2023,0.839,1,False,
oh_3969875_-8469906:c001,oh_3969875_-8469906,Preble,removed,tennis,2015,2019,0.674,1,True,reversion
oh_3970212_-8394022:c003,oh_3970212_-8394022,Greene,removed,hybrid,2011,2013,0.556,1,True,low_confidence;reversion
oh_3970212_-8394022:c003,oh_3970212_-8394022,Greene,hybrid,tennis,2015,2017,0.6,1,True,reversion
oh_3970587_-8260894:c001,oh_3970587_-8260894,Fairfield,tennis,hybrid,2017,2019,0.661,1,False,
oh_3970587_-8260894:c001,oh_3970587_-8260894,Fairfield,hybrid,tennis,2021,2023,0.666,1,True,reversion
oh_3970587_-8260894:c002,oh_3970587_-8260894,Fairfield,tennis,hybrid,2011,2013,0.595,1,True,low_confidence
oh_3970587_-8260894:c002,oh_3970587_-8260894,Fairfield,hybrid,tennis,2015,2017,0.492,1,True,low_confidence;reversion
oh_3970587_-8260894:c002,oh_3970587_-8260894,Fairfield,tennis,hybrid,2017,2019,0.381,1,True,low_confidence
oh_3970587_-8260894:c003,oh_3970587_-8260894,Fairfield,tennis,hybrid,2011,2013,0.393,1,True,low_confidence
oh_3970587_-8260894:c003,oh_3970587_-8260894,Fairfield,hybrid,tennis,2013,2015,0.393,1,True,low_confidence;reversion
oh_3970906_-8408485:c001,oh_3970906_-8408485,Greene,tennis,hybrid,2019,2021,0.411,1,True,low_confidence
oh_3970906_-8408485:c001,oh_3970906_-8408485,Greene,hybrid,tennis,2021,2023,0.456,1,True,low_confidence;reversion
oh_3970906_-8408485:c002,oh_3970906_-8408485,Greene,tennis,hybrid,2017,2019,0.537,1,True,low_confidence
oh_3971096_-8258930:c001,oh_3971096_-8258930,Fairfield,tennis,removed,2011,2017,0.286,1,True,low_confidence
oh_3971096_-8258930:c002,oh_3971096_-8258930,Fairfield,tennis,removed,2017,2019,0.518,1,True,low_confidence
oh_3971623_-8294748:c001,oh_3971623_-8294748,Pickaway,removed,pickleball,2021,2023,0.342,3,True,low_confidence;reversion
oh_3971680_-8415680:c002,oh_3971680_-8415680,Montgomery,tennis,hybrid,2017,2019,0.627,1,False,
oh_3971680_-8415680:c002,oh_3971680_-8415680,Montgomery,hybrid,tennis,2019,2021,0.716,1,True,reversion
oh_3971995_-8299144:c001,oh_3971995_-8299144,Pickaway,hybrid,removed,2011,2013,0.547,1,True,low_confidence
oh_3971995_-8299144:c001,oh_3971995_-8299144,Pickaway,removed,tennis,2013,2015,0.547,1,True,low_confidence;reversion
oh_3971995_-8299144:c001,oh_3971995_-8299144,Pickaway,tennis,removed,2021,2023,0.768,1,False,
oh_3972078_-8294630:c001,oh_3972078_-8294630,Pickaway,tennis,hybrid,2011,2013,0.738,1,False,
oh_3972078_-8294630:c001,oh_3972078_-8294630,Pickaway,hybrid,tennis,2013,2017,0.918,1,True,reversion
oh_3972079_-8403198:c001,oh_3972079_-8403198,Greene,tennis,hybrid,2011,2013,0.765,1,False,
oh_3972079_-8403198:c001,oh_3972079_-8403198,Greene,hybrid,tennis,2013,2015,0.8,1,True,reversion
oh_3972079_-8403198:c001,oh_3972079_-8403198,Greene,tennis,hybrid,2015,2019,0.722,1,False,
oh_3972079_-8403198:c002,oh_3972079_-8403198,Greene,tennis,hybrid,2011,2013,0.726,1,False,
oh_3972079_-8403198:c002,oh_3972079_-8403198,Greene,hybrid,tennis,2013,2015,0.76,1,True,reversion
oh_3972079_-8403198:c002,oh_3972079_-8403198,Greene,tennis,hybrid,2015,2019,0.623,1,False,
oh_3972079_-8403198:c003,oh_3972079_-8403198,Greene,tennis,hybrid,2015,2019,0.578,1,True,low_confidence
oh_3972079_-8403198:c004,oh_3972079_-8403198,Greene,tennis,hybrid,2011,2013,0.741,1,False,
oh_3972079_-8403198:c004,oh_3972079_-8403198,Greene,hybrid,tennis,2013,2015,0.804,1,True,reversion
oh_3972079_-8403198:c004,oh_3972079_-8403198,Greene,tennis,removed,2019,2021,0.288,1,True,low_confidence
oh_3972079_-8403198:c005,oh_3972079_-8403198,Greene,tennis,hybrid,2015,2019,0.635,1,False,
oh_3972079_-8403198:c005,oh_3972079_-8403198,Greene,hybrid,removed,2021,2023,0.675,1,False,
oh_3972227_-8399070:c002,oh_3972227_-8399070,Greene,tennis,pickleball,2015,2019,0.499,,True,low_confidence
oh_3972696_-8259509:c001,oh_3972696_-8259509,Fairfield,tennis,hybrid,2011,2013,0.658,1,False,
oh_3972696_-8259509:c001,oh_3972696_-8259509,Fairfield,hybrid,tennis,2013,2015,0.649,1,True,reversion
oh_3972696_-8259509:c005,oh_3972696_-8259509,Fairfield,tennis,hybrid,2011,2013,0.75,1,False,
oh_3972696_-8259509:c005,oh_3972696_-8259509,Fairfield,hybrid,tennis,2013,2015,0.606,1,True,reversion
oh_3972696_-8259509:c006,oh_3972696_-8259509,Fairfield,pickleball,tennis,2013,2015,0.369,1,True,low_confidence;reversion
oh_3972704_-8263916:c001,oh_3972704_-8263916,Fairfield,pickleball,tennis,2021,2023,0.384,1,True,low_confidence;reversion
oh_3972704_-8263916:c002,oh_3972704_-8263916,Fairfield,pickleball,tennis,2021,2023,0.376,1,True,low_confidence;reversion
oh_3972704_-8418670:c003,oh_3972704_-8418670,Montgomery,tennis,hybrid,2019,2021,0.522,1,True,low_confidence
oh_3972704_-8418670:c003,oh_3972704_-8418670,Montgomery,hybrid,tennis,2021,2023,0.684,1,True,reversion
oh_3972704_-8418670:c004,oh_3972704_-8418670,Montgomery,tennis,hybrid,2019,2021,0.45,1,True,low_confidence
oh_3973206_-8415335:c001,oh_3973206_-8415335,Montgomery,hybrid,tennis,2013,2017,0.532,1,True,low_confidence;reversion
oh_3973206_-8415335:c001,oh_3973206_-8415335,Montgomery,tennis,removed,2017,2019,0.311,1,True,low_confidence
oh_3973220_-8413772:c001,oh_3973220_-8413772,Montgomery,removed,tennis,2013,2015,0.608,1,True,reversion
oh_3973220_-8413772:c002,oh_3973220_-8413772,Montgomery,tennis,removed,2011,2013,0.7,1,False,
oh_3973220_-8413772:c002,oh_3973220_-8413772,Montgomery,removed,tennis,2013,2015,0.876,1,True,reversion
oh_3973315_-8261527:c001,oh_3973315_-8261527,Fairfield,removed,padel,2021,2023,0.302,1,True,low_confidence;reversion
oh_3973518_-8418907:c001,oh_3973518_-8418907,Montgomery,tennis,hybrid,2011,2013,0.888,1,False,
oh_3973518_-8418907:c001,oh_3973518_-8418907,Montgomery,hybrid,tennis,2013,2015,0.883,1,True,reversion
oh_3973518_-8418907:c006,oh_3973518_-8418907,Montgomery,tennis,hybrid,2019,2021,0.502,1,True,low_confidence
oh_3973518_-8418907:c006,oh_3973518_-8418907,Montgomery,hybrid,tennis,2021,2023,0.496,1,True,low_confidence;reversion
oh_3973672_-8410282:c001,oh_3973672_-8410282,Montgomery,tennis,removed,2013,2019,0.321,1,True,low_confidence
oh_3973672_-8410282:c002,oh_3973672_-8410282,Montgomery,tennis,hybrid,2011,2013,0.79,1,False,
oh_3973744_-8415395:c002,oh_3973744_-8415395,Montgomery,hybrid,tennis,2015,2017,0.482,1,True,low_confidence;reversion
oh_3973744_-8415395:c003,oh_3973744_-8415395,Montgomery,hybrid,tennis,2013,2015,0.409,1,True,low_confidence;reversion
oh_3974088_-8416067:c001,oh_3974088_-8416067,Montgomery,tennis,hybrid,2021,2023,0.524,1,True,low_confidence
oh_3974088_-8416067:c002,oh_3974088_-8416067,Montgomery,tennis,hybrid,2021,2023,0.722,1,False,
oh_3974108_-8380416:c001,oh_3974108_-8380416,Greene,hybrid,pickleball,2011,2017,0.441,,True,low_confidence
oh_3974108_-8380416:c001,oh_3974108_-8380416,Greene,pickleball,hybrid,2017,2019,0.562,1,True,low_confidence
oh_3974108_-8380416:c001,oh_3974108_-8380416,Greene,hybrid,removed,2019,2023,0.519,1,True,low_confidence
oh_3974151_-8440752:c002,oh_3974151_-8440752,Montgomery,tennis,hybrid,2021,2023,0.586,1,True,low_confidence
oh_3974192_-8152748:c001,oh_3974192_-8152748,Noble,tennis,hybrid,2021,2023,0.445,1,True,low_confidence
oh_3974306_-8264875:c001,oh_3974306_-8264875,Fairfield,hybrid,tennis,2013,2015,0.429,1,True,low_confidence;reversion
oh_3974635_-8410613:c001,oh_3974635_-8410613,Montgomery,tennis,removed,2011,2013,0.414,1,True,low_confidence
oh_3974862_-8404001:c001,oh_3974862_-8404001,Greene,tennis,pickleball,2021,2023,0.584,,True,low_confidence
oh_3975122_-8403610:c002,oh_3975122_-8403610,Greene,tennis,hybrid,2011,2013,0.698,1,False,
oh_3975122_-8403610:c002,oh_3975122_-8403610,Greene,hybrid,pickleball,2013,2019,0.698,1,False,
oh_3975194_-8420770:c001,oh_3975194_-8420770,Montgomery,tennis,removed,2017,2019,0.448,1,True,low_confidence
oh_3975376_-8419256:c001,oh_3975376_-8419256,Montgomery,removed,tennis,2011,2013,0.601,1,True,reversion
oh_3975376_-8419256:c002,oh_3975376_-8419256,Montgomery,removed,tennis,2011,2013,0.512,1,True,low_confidence;reversion
oh_3975376_-8419256:c003,oh_3975376_-8419256,Montgomery,removed,tennis,2011,2013,0.581,1,True,low_confidence;reversion
oh_3975376_-8419256:c004,oh_3975376_-8419256,Montgomery,removed,tennis,2011,2013,0.315,1,True,low_confidence;reversion
oh_3975376_-8419256:c005,oh_3975376_-8419256,Montgomery,removed,tennis,2011,2013,0.609,1,True,reversion
oh_3975376_-8419256:c006,oh_3975376_-8419256,Montgomery,removed,tennis,2011,2013,0.344,1,True,low_confidence;reversion
oh_3975446_-8425889:c001,oh_3975446_-8425889,Montgomery,tennis,hybrid,2017,2019,0.768,1,False,
oh_3975446_-8425889:c001,oh_3975446_-8425889,Montgomery,hybrid,tennis,2019,2021,0.58,1,True,low_confidence;reversion
oh_3975446_-8425889:c002,oh_3975446_-8425889,Montgomery,hybrid,tennis,2013,2015,0.764,1,True,reversion
oh_3975446_-8425889:c002,oh_3975446_-8425889,Montgomery,tennis,hybrid,2017,2019,0.821,1,False,
oh_3975707_-8417509:c001,oh_3975707_-8417509,Montgomery,removed,tennis,2015,2017,0.421,1,True,low_confidence;reversion
oh_3976066_-8463874:c001,oh_3976066_-8463874,Preble,hybrid,tennis,2013,2015,0.877,1,True,reversion
oh_3976260_-8403125:c001,oh_3976260_-8403125,Greene,removed,pickleball,2019,2021,0.333,1,True,low_confidence;reversion
oh_3976260_-8403125:c002,oh_3976260_-8403125,Greene,tennis,removed,2021,2023,0.672,1,False,
oh_3976260_-8403125:c006,oh_3976260_-8403125,Greene,removed,tennis,2015,2019,0.802,1,True,reversion
oh_3976322_-8411818:c002,oh_3976322_-8411818,Montgomery,hybrid,removed,2019,2021,0.418,1,True,low_confidence
oh_3976539_-8425989:c001,oh_3976539_-8425989,Montgomery,tennis,hybrid,2017,2019,0.679,1,False,
oh_3976539_-8425989:c002,oh_3976539_-8425989,Montgomery,tennis,hybrid,2017,2019,0.847,1,False,
oh_3976539_-8425989:c003,oh_3976539_-8425989,Montgomery,tennis,hybrid,2017,2019,0.789,1,False,
oh_3976539_-8425989:c004,oh_3976539_-8425989,Montgomery,tennis,hybrid,2017,2019,0.493,1,True,low_confidence
oh_3976539_-8425989:c005,oh_3976539_-8425989,Montgomery,tennis,hybrid,2017,2019,0.804,1,False,
oh_3976571_-8419992:c001,oh_3976571_-8419992,Montgomery,tennis,removed,2013,2017,0.557,1,True,low_confidence
oh_3976571_-8419992:c001,oh_3976571_-8419992,Montgomery,removed,pickleball,2017,2019,0.596,6,True,low_confidence;reversion
oh_3976571_-8419992:c002,oh_3976571_-8419992,Montgomery,tennis,pickleball,2011,2013,0.339,1,True,low_confidence
oh_3976571_-8419992:c003,oh_3976571_-8419992,Montgomery,tennis,removed,2011,2017,0.539,1,True,low_confidence
oh_3976571_-8419992:c003,oh_3976571_-8419992,Montgomery,removed,tennis,2017,2019,0.787,1,True,reversion
oh_3976571_-8419992:c003,oh_3976571_-8419992,Montgomery,tennis,pickleball,2021,2023,0.408,6,True,low_confidence
oh_3976649_-8411491:c001,oh_3976649_-8411491,Montgomery,tennis,removed,2019,2023,0.459,1,True,low_confidence
oh_3976705_-8464528:c001,oh_3976705_-8464528,Preble,removed,tennis,2011,2015,0.501,1,True,low_confidence;reversion
oh_3976705_-8464528:c001,oh_3976705_-8464528,Preble,tennis,pickleball,2019,2021,0.517,,True,low_confidence
oh_3976872_-8414450:c001,oh_3976872_-8414450,Montgomery,tennis,removed,2017,2019,0.274,1,True,low_confidence
oh_3977029_-8407391:c001,oh_3977029_-8407391,Greene,tennis,pickleball,2021,2023,0.609,,False,
oh_3977350_-8420461:c001,oh_3977350_-8420461,Montgomery,tennis,removed,2019,2021,0.396,1,True,low_confidence
oh_3977723_-8418023:c001,oh_3977723_-8418023,Montgomery,removed,pickleball,2017,2019,0.425,1,True,low_confidence;reversion
oh_3977723_-8418023:c002,oh_3977723_-8418023,Montgomery,removed,pickleball,2015,2019,0.54,1,True,low_confidence;reversion
oh_3977723_-8418023:c003,oh_3977723_-8418023,Montgomery,removed,pickleball,2013,2019,0.646,1,True,reversion
oh_3977723_-8418023:c004,oh_3977723_-8418023,Montgomery,removed,pickleball,2015,2019,0.727,1,True,reversion
oh_3977723_-8418023:c005,oh_3977723_-8418023,Montgomery,removed,pickleball,2019,2021,0.335,1,True,low_confidence;reversion
oh_3977723_-8418023:c006,oh_3977723_-8418023,Montgomery,removed,pickleball,2017,2019,0.567,1,True,low_confidence;reversion
oh_3977723_-8418023:c007,oh_3977723_-8418023,Montgomery,removed,pickleball,2017,2019,0.559,1,True,low_confidence;reversion
oh_3977723_-8418023:c008,oh_3977723_-8418023,Montgomery,removed,pickleball,2017,2019,0.591,1,True,low_confidence;reversion
oh_3977826_-8412489:c001,oh_3977826_-8412489,Montgomery,hybrid,tennis,2013,2015,0.527,1,True,low_confidence;reversion
oh_3977860_-8407249:c001,oh_3977860_-8407249,Greene,tennis,pickleball,2013,2019,0.538,,True,low_confidence
oh_3977860_-8407249:c001,oh_3977860_-8407249,Greene,pickleball,tennis,2019,2021,0.366,1,True,low_confidence;reversion
oh_3977876_-8407523:c002,oh_3977876_-8407523,Greene,tennis,hybrid,2011,2013,0.818,1,False,
oh_3977876_-8407523:c002,oh_3977876_-8407523,Greene,hybrid,tennis,2013,2017,0.621,1,True,reversion
oh_3977942_-8209827:c001,oh_3977942_-8209827,Perry,tennis,hybrid,2011,2019,0.838,1,False,
oh_3977942_-8209827:c002,oh_3977942_-8209827,Perry,tennis,hybrid,2019,2021,0.559,1,True,low_confidence
oh_3978092_-8416855:c001,oh_3978092_-8416855,Montgomery,removed,tennis,2013,2017,0.603,1,True,reversion
oh_3978092_-8416855:c002,oh_3978092_-8416855,Montgomery,removed,tennis,2013,2017,0.552,1,True,low_confidence;reversion
oh_3978136_-8418128:c002,oh_3978136_-8418128,Montgomery,pickleball,tennis,2019,2021,0.325,1,True,low_confidence;reversion
oh_3978394_-8404696:c002,oh_3978394_-8404696,Greene,tennis,hybrid,2019,2021,0.522,1,True,low_confidence
oh_3978394_-8404696:c003,oh_3978394_-8404696,Greene,tennis,hybrid,2019,2021,0.528,1,True,low_confidence
oh_3978394_-8404696:c004,oh_3978394_-8404696,Greene,tennis,hybrid,2019,2021,0.402,1,True,low_confidence
oh_3978394_-8404696:c005,oh_3978394_-8404696,Greene,tennis,hybrid,2019,2021,0.527,1,True,low_confidence
oh_3978546_-8420199:c005,oh_3978546_-8420199,Montgomery,tennis,hybrid,2011,2013,0.749,1,False,
oh_3978546_-8420199:c005,oh_3978546_-8420199,Montgomery,hybrid,tennis,2013,2017,0.825,1,True,reversion
oh_3978546_-8420199:c006,oh_3978546_-8420199,Montgomery,tennis,hybrid,2011,2013,0.536,1,True,low_confidence
oh_3978546_-8420199:c006,oh_3978546_-8420199,Montgomery,hybrid,tennis,2015,2017,0.642,1,True,reversion
oh_3978934_-8399215:c001,oh_3978934_-8399215,Greene,tennis,removed,2021,2023,0.706,1,False,
oh_3978962_-8426925:c001,oh_3978962_-8426925,Montgomery,removed,tennis,2011,2013,0.576,1,True,low_confidence;reversion
oh_3978962_-8426925:c001,oh_3978962_-8426925,Montgomery,tennis,removed,2019,2023,0.415,1,True,low_confidence
oh_3979134_-8430962:c001,oh_3979134_-8430962,Montgomery,hybrid,tennis,2013,2015,0.494,1,True,low_confidence;reversion
oh_3979134_-8430962:c001,oh_3979134_-8430962,Montgomery,tennis,hybrid,2015,2019,0.45,1,True,low_confidence
oh_3979134_-8430962:c002,oh_3979134_-8430962,Montgomery,tennis,hybrid,2011,2013,0.677,1,False,
oh_3979134_-8430962:c003,oh_3979134_-8430962,Montgomery,tennis,hybrid,2019,2021,0.578,1,True,low_confidence
oh_3979134_-8430962:c004,oh_3979134_-8430962,Montgomery,tennis,hybrid,2011,2013,0.866,1,False,
oh_3979358_-8421866:c002,oh_3979358_-8421866,Montgomery,tennis,hybrid,2017,2019,0.784,1,False,
oh_3979358_-8421866:c002,oh_3979358_-8421866,Montgomery,hybrid,tennis,2019,2021,0.65,1,True,reversion
oh_3979358_-8421866:c002,oh_3979358_-8421866,Montgomery,tennis,hybrid,2021,2023,0.59,1,True,low_confidence
oh_3979426_-8388859:c001,oh_3979426_-8388859,Greene,tennis,removed,2011,2021,0.465,1,True,low_confidence
oh_3979650_-8462403:c001,oh_3979650_-8462403,Preble,pickleball,tennis,2019,2021,0.448,1,True,low_confidence;reversion
oh_3979746_-8388928:c002,oh_3979746_-8388928,Greene,pickleball,tennis,2011,2013,0.429,1,True,low_confidence;reversion
oh_3979832_-8269034:c001,oh_3979832_-8269034,Fairfield,removed,tennis,2019,2021,0.904,1,True,reversion
oh_3979832_-8269034:c002,oh_3979832_-8269034,Fairfield,removed,tennis,2019,2021,0.85,1,True,reversion
oh_3979832_-8269034:c003,oh_3979832_-8269034,Fairfield,removed,tennis,2019,2021,0.891,1,True,reversion
oh_3979832_-8269034:c004,oh_3979832_-8269034,Fairfield,removed,tennis,2019,2021,0.909,1,True,reversion
oh_3979832_-8269034:c005,oh_3979832_-8269034,Fairfield,removed,tennis,2019,2021,0.901,1,True,reversion
oh_3979929_-8401162:c001,oh_3979929_-8401162,Greene,pickleball,tennis,2021,2023,0.337,1,True,low_confidence;reversion
oh_3980577_-8411944:c001,oh_3980577_-8411944,Montgomery,tennis,hybrid,2011,2013,0.81,1,False,
oh_3980577_-8411944:c001,oh_3980577_-8411944,Montgomery,hybrid,tennis,2013,2015,0.523,1,True,low_confidence;reversion
oh_3980577_-8411944:c001,oh_3980577_-8411944,Montgomery,tennis,hybrid,2021,2023,0.329,1,True,low_confidence
oh_3980577_-8411944:c002,oh_3980577_-8411944,Montgomery,hybrid,tennis,2013,2015,0.553,1,True,low_confidence;reversion
oh_3980856_-8430841:c002,oh_3980856_-8430841,Montgomery,tennis,hybrid,2021,2023,0.604,1,False,
oh_3981400_-8423140:c001,oh_3981400_-8423140,Montgomery,hybrid,tennis,2019,2021,0.538,1,True,low_confidence;reversion
oh_3981400_-8423140:c002,oh_3981400_-8423140,Montgomery,hybrid,tennis,2013,2015,0.52,1,True,low_confidence;reversion
oh_3981400_-8423140:c002,oh_3981400_-8423140,Montgomery,tennis,removed,2019,2021,0.312,1,True,low_confidence
oh_3981422_-8423604:c001,oh_3981422_-8423604,Montgomery,removed,tennis,2013,2015,0.559,1,True,low_confidence;reversion
oh_3981422_-8423604:c001,oh_3981422_-8423604,Montgomery,tennis,removed,2015,2019,0.55,1,True,low_confidence
oh_3981422_-8423604:c001,oh_3981422_-8423604,Montgomery,removed,hybrid,2019,2021,0.55,1,True,low_confidence;reversion
oh_3981422_-8423604:c001,oh_3981422_-8423604,Montgomery,hybrid,tennis,2021,2023,0.614,1,True,reversion
oh_3981426_-8207466:c001,oh_3981426_-8207466,Perry,hybrid,tennis,2015,2017,0.361,1,True,low_confidence;reversion
oh_3981426_-8207466:c001,oh_3981426_-8207466,Perry,tennis,hybrid,2019,2021,0.367,1,True,low_confidence
oh_3981932_-8429402:c001,oh_3981932_-8429402,Montgomery,tennis,hybrid,2017,2019,0.809,1,False,
oh_3981968_-8430000:c001,oh_3981968_-8430000,Montgomery,tennis,removed,2015,2017,0.576,1,True,low_confidence
oh_3981968_-8430000:c001,oh_3981968_-8430000,Montgomery,removed,hybrid,2019,2023,0.376,1,True,low_confidence;reversion
oh_3981968_-8430000:c002,oh_3981968_-8430000,Montgomery,tennis,hybrid,2011,2013,0.532,1,True,low_confidence
oh_3982248_-8400950:c001,oh_3982248_-8400950,Greene,tennis,hybrid,2011,2013,0.324,1,True,low_confidence
oh_3982470_-8428367:c001,oh_3982470_-8428367,Montgomery,tennis,hybrid,2011,2013,0.834,1,False,
oh_3982470_-8428367:c001,oh_3982470_-8428367,Montgomery,hybrid,tennis,2019,2021,0.457,1,True,low_confidence;reversion
oh_3982906_-8363354:c001,oh_3982906_-8363354,Clark,tennis,hybrid,2021,2023,0.659,1,False,
oh_3982906_-8363354:c002,oh_3982906_-8363354,Clark,tennis,hybrid,2017,2019,0.843,1,False,
oh_3983274_-8441668:c001,oh_3983274_-8441668,Montgomery,tennis,removed,2013,2021,0.394,1,True,low_confidence
oh_3983274_-8441668:c002,oh_3983274_-8441668,Montgomery,hybrid,removed,2011,2015,0.553,1,True,low_confidence
oh_3983274_-8441668:c003,oh_3983274_-8441668,Montgomery,tennis,removed,2011,2015,0.661,1,False,
oh_3983274_-8441668:c004,oh_3983274_-8441668,Montgomery,pickleball,removed,2013,2015,0.411,1,True,low_confidence
oh_3983274_-8441668:c005,oh_3983274_-8441668,Montgomery,hybrid,pickleball,2011,2013,0.676,,False,
oh_3983274_-8441668:c005,oh_3983274_-8441668,Montgomery,pickleball,padel,2021,2023,0.328,1,True,low_confidence
oh_3983274_-8441668:c006,oh_3983274_-8441668,Montgomery,pickleball,removed,2013,2015,0.681,1,False,
oh_3983434_-8402291:c002,oh_3983434_-8402291,Greene,hybrid,removed,2013,2019,0.39,1,True,low_confidence
oh_3983458_-8413711:c001,oh_3983458_-8413711,Montgomery,tennis,removed,2013,2019,0.662,1,False,
oh_3983563_-8426767:c002,oh_3983563_-8426767,Montgomery,tennis,hybrid,2017,2019,0.639,1,False,
oh_3983897_-8281119:c001,oh_3983897_-8281119,Franklin,removed,tennis,2011,2013,0.398,1,True,low_confidence;reversion
oh_3983897_-8281119:c002,oh_3983897_-8281119,Franklin,removed,hybrid,2011,2013,0.774,1,True,reversion
oh_3983897_-8281119:c002,oh_3983897_-8281119,Franklin,hybrid,tennis,2013,2015,0.837,1,True,reversion
oh_3983897_-8281119:c003,oh_3983897_-8281119,Franklin,removed,tennis,2011,2013,0.392,1,True,low_confidence;reversion
oh_3983897_-8281119:c004,oh_3983897_-8281119,Franklin,removed,tennis,2017,2019,0.697,1,True,reversion
oh_3983897_-8281119:c005,oh_3983897_-8281119,Franklin,removed,tennis,2017,2019,0.411,1,True,low_confidence;reversion
oh_3983897_-8281119:c006,oh_3983897_-8281119,Franklin,removed,tennis,2015,2019,0.822,1,True,reversion
oh_3984238_-8430793:c002,oh_3984238_-8430793,Montgomery,tennis,hybrid,2011,2013,0.798,1,False,
oh_3984238_-8430793:c002,oh_3984238_-8430793,Montgomery,hybrid,tennis,2013,2017,0.836,1,True,reversion
oh_3984494_-8421336:c004,oh_3984494_-8421336,Montgomery,tennis,hybrid,2011,2013,0.796,1,False,
oh_3984494_-8421336:c004,oh_3984494_-8421336,Montgomery,hybrid,tennis,2013,2015,0.894,1,True,reversion
oh_3984494_-8421336:c005,oh_3984494_-8421336,Montgomery,tennis,hybrid,2011,2013,0.831,1,False,
oh_3984494_-8421336:c005,oh_3984494_-8421336,Montgomery,hybrid,tennis,2013,2015,0.773,1,True,reversion
oh_3984580_-8307415:c001,oh_3984580_-8307415,Franklin,tennis,hybrid,2017,2019,0.404,1,True,low_confidence
oh_3984580_-8307415:c001,oh_3984580_-8307415,Franklin,hybrid,tennis,2019,2021,0.402,1,True,low_confidence;reversion
oh_3984580_-8307415:c002,oh_3984580_-8307415,Franklin,tennis,removed,2011,2013,0.703,1,False,
oh_3984580_-8307415:c002,oh_3984580_-8307415,Franklin,removed,tennis,2013,2015,0.752,1,True,reversion
oh_3984580_-8307415:c002,oh_3984580_-8307415,Franklin,tennis,removed,2015,2017,0.6,1,False,
oh_3984580_-8307415:c002,oh_3984580_-8307415,Franklin,removed,tennis,2019,2021,0.707,1,True,reversion
oh_3984610_-8385416:c001,oh_3984610_-8385416,Clark,tennis,removed,2019,2021,0.524,1,True,low_confidence
oh_3984980_-8413037:c001,oh_3984980_-8413037,Montgomery,removed,pickleball,2013,2017,0.626,6,True,reversion
oh_3984980_-8413037:c002,oh_3984980_-8413037,Montgomery,removed,pickleball,2013,2017,0.69,4,True,reversion
oh_3984981_-8289389:c001,oh_3984981_-8289389,Franklin,tennis,hybrid,2011,2013,0.73,1,False,
oh_3984981_-8289389:c001,oh_3984981_-8289389,Franklin,hybrid,tennis,2013,2015,0.629,1,True,reversion
oh_3984981_-8289389:c001,oh_3984981_-8289389,Franklin,tennis,pickleball,2017,2019,0.784,,False,
oh_3984981_-8289389:c002,oh_3984981_-8289389,Franklin,tennis,pickleball,2017,2019,0.787,,False,
oh_3985007_-8418880:c001,oh_3985007_-8418880,Montgomery,pickleball,tennis,2013,2019,0.547,1,True,low_confidence;reversion
oh_3985261_-8411290:c001,oh_3985261_-8411290,Montgomery,tennis,hybrid,2011,2013,0.806,1,False,
oh_3985261_-8411290:c001,oh_3985261_-8411290,Montgomery,hybrid,tennis,2013,2015,0.641,1,True,reversion
oh_3985872_-8289236:c002,oh_3985872_-8289236,Franklin,hybrid,removed,2011,2015,0.605,1,False,
oh_3985872_-8289236:c003,oh_3985872_-8289236,Franklin,tennis,removed,2011,2015,0.566,1,True,low_confidence
oh_3985872_-8289236:c004,oh_3985872_-8289236,Franklin,tennis,removed,2011,2015,0.593,1,True,low_confidence
oh_3986241_-8436478:c001,oh_3986241_-8436478,Montgomery,tennis,removed,2011,2017,0.729,1,False,
oh_3986241_-8436478:c002,oh_3986241_-8436478,Montgomery,hybrid,removed,2011,2019,0.546,1,True,low_confidence
oh_3986827_-8307327:c007,oh_3986827_-8307327,Franklin,tennis,hybrid,2019,2021,0.499,1,True,low_confidence
oh_3986858_-8304896:c001,oh_3986858_-8304896,Franklin,tennis,removed,2011,2015,0.684,1,False,
oh_3986858_-8304896:c001,oh_3986858_-8304896,Franklin,removed,hybrid,2015,2017,0.684,1,True,reversion
oh_3986858_-8304896:c001,oh_3986858_-8304896,Franklin,hybrid,tennis,2017,2019,0.373,1,True,low_confidence;reversion
oh_3986858_-8304896:c001,oh_3986858_-8304896,Franklin,tennis,removed,2021,2023,0.708,1,False,
oh_3986858_-8304896:c002,oh_3986858_-8304896,Franklin,tennis,pickleball,2017,2019,0.325,,True,low_confidence
oh_3986858_-8304896:c002,oh_3986858_-8304896,Franklin,pickleball,removed,2021,2023,0.613,1,False,
oh_3987306_-8434346:c001,oh_3987306_-8434346,Montgomery,removed,tennis,2011,2013,0.434,1,True,low_confidence;reversion
oh_3987306_-8434346:c002,oh_3987306_-8434346,Montgomery,removed,tennis,2011,2013,0.325,1,True,low_confidence;reversion
oh_3987306_-8434346:c003,oh_3987306_-8434346,Montgomery,removed,tennis,2011,2013,0.353,1,True,low_confidence;reversion
oh_3987306_-8434346:c003,oh_3987306_-8434346,Montgomery,tennis,hybrid,2021,2023,0.752,1,False,
oh_3987306_-8434346:c004,oh_3987306_-8434346,Montgomery,removed,tennis,2011,2013,0.378,1,True,low_confidence;reversion
oh_3987306_-8434346:c005,oh_3987306_-8434346,Montgomery,removed,tennis,2011,2013,0.366,1,True,low_confidence;reversion
oh_3987306_-8434346:c006,oh_3987306_-8434346,Montgomery,removed,hybrid,2011,2013,0.869,1,True,reversion
oh_3987306_-8434346:c006,oh_3987306_-8434346,Montgomery,hybrid,tennis,2013,2015,0.802,1,True,reversion
oh_3987306_-8434346:c006,oh_3987306_-8434346,Montgomery,tennis,hybrid,2021,2023,0.711,1,False,
oh_3987306_-8434346:c007,oh_3987306_-8434346,Montgomery,removed,hybrid,2011,2013,0.781,1,True,reversion
oh_3987306_-8434346:c007,oh_3987306_-8434346,Montgomery,hybrid,tennis,2013,2015,0.781,1,True,reversion
oh_3987306_-8434346:c008,oh_3987306_-8434346,Montgomery,removed,hybrid,2011,2013,0.711,1,True,reversion
oh_3987306_-8434346:c008,oh_3987306_-8434346,Montgomery,hybrid,tennis,2013,2015,0.711,1,True,reversion
oh_3987306_-8434346:c008,oh_3987306_-8434346,Montgomery,tennis,hybrid,2021,2023,0.732,1,False,
oh_3987424_-8309625:c001,oh_3987424_-8309625,Franklin,removed,pickleball,2015,2021,0.653,1,True,reversion
oh_3987424_-8309625:c002,oh_3987424_-8309625,Franklin,removed,pickleball,2017,2021,0.462,2,True,low_confidence;reversion
oh_3987424_-8309625:c003,oh_3987424_-8309625,Franklin,removed,pickleball,2017,2021,0.799,1,True,reversion
oh_3987424_-8309625:c004,oh_3987424_-8309625,Franklin,removed,pickleball,2015,2021,0.78,2,True,reversion
oh_3987425_-8431250:c002,oh_3987425_-8431250,Montgomery,tennis,hybrid,2011,2013,0.871,1,False,
oh_3987425_-8431250:c002,oh_3987425_-8431250,Montgomery,hybrid,tennis,2013,2015,0.571,1,True,low_confidence;reversion
oh_3987470_-8406483:c001,oh_3987470_-8406483,Montgomery,tennis,removed,2011,2017,0.485,1,True,low_confidence
oh_3987819_-8274340:c001,oh_3987819_-8274340,Fairfield,tennis,hybrid,2011,2013,0.822,1,False,
oh_3987819_-8274340:c001,oh_3987819_-8274340,Fairfield,hybrid,tennis,2015,2017,0.428,1,True,low_confidence;reversion
oh_3987819_-8274340:c001,oh_3987819_-8274340,Fairfield,tennis,hybrid,2017,2019,0.56,1,True,low_confidence
oh_3987819_-8274340:c001,oh_3987819_-8274340,Fairfield,hybrid,tennis,2021,2023,0.464,1,True,low_confidence;reversion
oh_3987819_-8274340:c002,oh_3987819_-8274340,Fairfield,tennis,hybrid,2017,2019,0.778,1,False,
oh_3987819_-8274340:c002,oh_3987819_-8274340,Fairfield,hybrid,tennis,2021,2023,0.478,1,True,low_confidence;reversion
oh_3987819_-8274340:c003,oh_3987819_-8274340,Fairfield,tennis,pickleball,2021,2023,0.584,1,True,low_confidence
oh_3987819_-8274340:c004,oh_3987819_-8274340,Fairfield,tennis,pickleball,2021,2023,0.679,1,False,
oh_3987947_-8191399:c002,oh_3987947_-8191399,Muskingum,hybrid,removed,2019,2021,0.439,1,True,low_confidence
oh_3988081_-8421509:c007,oh_3988081_-8421509,Montgomery,tennis,pickleball,2013,2019,0.357,4,True,low_confidence
oh_3988081_-8421509:c008,oh_3988081_-8421509,Montgomery,tennis,pickleball,2013,2019,0.364,4,True,low_confidence
oh_3988117_-8315884:c001,oh_3988117_-8315884,Franklin,tennis,hybrid,2021,2023,0.247,1,True,low_confidence
oh_3988600_-8419664:c004,oh_3988600_-8419664,Montgomery,tennis,hybrid,2017,2019,0.749,1,False,
oh_3988600_-8419664:c004,oh_3988600_-8419664,Montgomery,hybrid,tennis,2021,2023,0.432,1,True,low_confidence;reversion
oh_3989692_-8311634:c002,oh_3989692_-8311634,Franklin,tennis,hybrid,2011,2013,0.861,1,False,
oh_3989692_-8311634:c002,oh_3989692_-8311634,Franklin,hybrid,tennis,2013,2015,0.899,1,True,reversion
oh_3989692_-8311634:c007,oh_3989692_-8311634,Franklin,tennis,hybrid,2011,2013,0.875,1,False,
oh_3989692_-8311634:c007,oh_3989692_-8311634,Franklin,hybrid,tennis,2013,2015,0.735,1,True,reversion
oh_3989844_-8379964:c003,oh_3989844_-8379964,Clark,tennis,hybrid,2019,2021,0.583,1,True,low_confidence
oh_3989855_-8201459:c001,oh_3989855_-8201459,Muskingum,tennis,hybrid,2011,2015,0.486,1,True,low_confidence
oh_3989855_-8201459:c001,oh_3989855_-8201459,Muskingum,hybrid,tennis,2019,2021,0.665,1,True,reversion
oh_3989855_-8201459:c001,oh_3989855_-8201459,Muskingum,tennis,removed,2021,2023,0.73,1,False,
oh_3989855_-8201459:c002,oh_3989855_-8201459,Muskingum,tennis,hybrid,2015,2017,0.4,1,True,low_confidence
oh_3989855_-8201459:c002,oh_3989855_-8201459,Muskingum,hybrid,tennis,2019,2021,0.475,1,True,low_confidence;reversion
oh_3989855_-8201459:c002,oh_3989855_-8201459,Muskingum,tennis,removed,2021,2023,0.529,1,True,low_confidence
oh_3989970_-8270254:c001,oh_3989970_-8270254,Fairfield,tennis,hybrid,2017,2019,0.809,1,False,
oh_3989970_-8270254:c001,oh_3989970_-8270254,Fairfield,hybrid,tennis,2021,2023,0.709,1,True,reversion
oh_3990460_-8344667:c002,oh_3990460_-8344667,Madison,tennis,hybrid,2011,2013,0.616,1,False,
oh_3990460_-8344667:c002,oh_3990460_-8344667,Madison,hybrid,tennis,2013,2015,0.513,1,True,low_confidence;reversion
oh_3990460_-8344667:c005,oh_3990460_-8344667,Madison,tennis,hybrid,2011,2013,0.663,1,False,
oh_3990460_-8344667:c005,oh_3990460_-8344667,Madison,hybrid,tennis,2013,2015,0.518,1,True,low_confidence;reversion
oh_3990856_-8296791:c001,oh_3990856_-8296791,Franklin,tennis,removed,2011,2015,0.534,1,True,low_confidence
oh_3990856_-8296791:c001,oh_3990856_-8296791,Franklin,removed,tennis,2015,2017,0.632,1,True,reversion
oh_3990856_-8296791:c002,oh_3990856_-8296791,Franklin,tennis,removed,2011,2015,0.677,1,False,
oh_3990856_-8296791:c002,oh_3990856_-8296791,Franklin,removed,tennis,2015,2017,0.716,1,True,reversion
oh_3990856_-8296791:c003,oh_3990856_-8296791,Franklin,removed,tennis,2015,2017,0.683,1,True,reversion
oh_3990856_-8296791:c004,oh_3990856_-8296791,Franklin,removed,tennis,2015,2017,0.426,1,True,low_confidence;reversion
oh_3990856_-8296791:c005,oh_3990856_-8296791,Franklin,removed,tennis,2017,2019,0.445,1,True,low_confidence;reversion
oh_3991480_-8380788:c001,oh_3991480_-8380788,Clark,removed,tennis,2013,2017,0.952,1,True,reversion
oh_3991480_-8380788:c001,oh_3991480_-8380788,Clark,tennis,hybrid,2021,2023,0.525,1,True,low_confidence
oh_3991480_-8380788:c002,oh_3991480_-8380788,Clark,removed,tennis,2013,2017,0.919,1,True,reversion
oh_3991480_-8380788:c003,oh_3991480_-8380788,Clark,removed,tennis,2013,2017,0.937,1,True,reversion
oh_3991480_-8380788:c004,oh_3991480_-8380788,Clark,removed,tennis,2013,2017,0.657,1,True,reversion
oh_3991480_-8380788:c004,oh_3991480_-8380788,Clark,tennis,hybrid,2021,2023,0.446,1,True,low_confidence
oh_3991480_-8380788:c005,oh_3991480_-8380788,Clark,removed,tennis,2013,2017,0.947,1,True,reversion
oh_3991480_-8380788:c005,oh_3991480_-8380788,Clark,tennis,hybrid,2019,2021,0.59,1,True,low_confidence
oh_3992723_-8306626:c002,oh_3992723_-8306626,Franklin,hybrid,tennis,2011,2015,0.397,1,True,low_confidence;reversion
oh_3992765_-8313462:c001,oh_3992765_-8313462,Franklin,tennis,hybrid,2019,2021,0.708,1,False,
oh_3992765_-8313462:c001,oh_3992765_-8313462,Franklin,hybrid,tennis,2021,2023,0.602,1,True,reversion
oh_3992872_-8284105:c014,oh_3992872_-8284105,Franklin,tennis,pickleball,2013,2015,0.308,3,True,low_confidence
oh_3992872_-8284105:c015,oh_3992872_-8284105,Franklin,tennis,pickleball,2013,2015,0.521,3,True,low_confidence
oh_3993341_-8309245:c001,oh_3993341_-8309245,Franklin,removed,tennis,2011,2017,0.498,1,True,low_confidence;reversion
oh_3993341_-8309245:c002,oh_3993341_-8309245,Franklin,removed,tennis,2015,2017,0.705,1,True,reversion
oh_3993341_-8309245:c003,oh_3993341_-8309245,Franklin,removed,tennis,2015,2017,0.862,1,True,reversion
oh_3993341_-8309245:c004,oh_3993341_-8309245,Franklin,removed,tennis,2015,2017,0.926,1,True,reversion
oh_3993341_-8309245:c005,oh_3993341_-8309245,Franklin,removed,tennis,2015,2017,0.921,1,True,reversion
oh_3993341_-8309245:c006,oh_3993341_-8309245,Franklin,removed,tennis,2011,2017,0.742,1,True,reversion
oh_3993341_-8309245:c007,oh_3993341_-8309245,Franklin,removed,tennis,2011,2017,0.861,1,True,reversion
oh_3993387_-8384055:c001,oh_3993387_-8384055,Clark,tennis,hybrid,2017,2019,0.62,1,False,
oh_3993387_-8384055:c001,oh_3993387_-8384055,Clark,hybrid,tennis,2019,2021,0.287,1,True,low_confidence;reversion
oh_3993387_-8384055:c002,oh_3993387_-8384055,Clark,tennis,hybrid,2017,2019,0.737,1,False,
oh_3993387_-8384055:c002,oh_3993387_-8384055,Clark,hybrid,tennis,2021,2023,0.342,1,True,low_confidence;reversion
oh_3993387_-8384055:c003,oh_3993387_-8384055,Clark,tennis,pickleball,2019,2021,0.372,,True,low_confidence
oh_3993387_-8384055:c003,oh_3993387_-8384055,Clark,pickleball,tennis,2021,2023,0.844,1,True,reversion
oh_3993675_-8403448:c002,oh_3993675_-8403448,Clark,removed,tennis,2011,2013,0.485,1,True,low_confidence;reversion
oh_3993675_-8403448:c003,oh_3993675_-8403448,Clark,removed,tennis,2011,2019,0.45,1,True,low_confidence;reversion
oh_3993804_-8381480:c001,oh_3993804_-8381480,Clark,tennis,removed,2017,2019,0.658,1,False,
oh_3993804_-8381480:c002,oh_3993804_-8381480,Clark,tennis,removed,2017,2019,0.364,1,True,low_confidence
oh_3993804_-8381480:c003,oh_3993804_-8381480,Clark,tennis,removed,2017,2019,0.807,1,False,
oh_3993804_-8381480:c004,oh_3993804_-8381480,Clark,tennis,removed,2017,2021,0.466,1,True,low_confidence
oh_3993804_-8381480:c005,oh_3993804_-8381480,Clark,tennis,removed,2017,2021,0.564,1,True,low_confidence
oh_3993936_-8298028:c002,oh_3993936_-8298028,Franklin,tennis,hybrid,2017,2019,0.401,1,True,low_confidence
oh_3993936_-8298028:c002,oh_3993936_-8298028,Franklin,hybrid,tennis,2021,2023,0.682,1,True,reversion
oh_3993936_-8298028:c005,oh_3993936_-8298028,Franklin,tennis,hybrid,2015,2017,0.396,1,True,low_confidence
oh_3993936_-8298028:c005,oh_3993936_-8298028,Franklin,hybrid,tennis,2021,2023,0.746,1,True,reversion
oh_3994117_-8328946:c003,oh_3994117_-8328946,Madison,tennis,removed,2021,2023,0.602,1,False,
oh_3994144_-8286582:c001,oh_3994144_-8286582,Franklin,tennis,removed,2011,2015,0.474,1,True,low_confidence
oh_3994144_-8286582:c001,oh_3994144_-8286582,Franklin,removed,tennis,2017,2019,0.408,1,True,low_confidence;reversion
oh_3994144_-8286582:c001,oh_3994144_-8286582,Franklin,tennis,hybrid,2021,2023,0.712,1,False,
oh_3994144_-8286582:c002,oh_3994144_-8286582,Franklin,tennis,removed,2011,2013,0.706,1,False,
oh_3994144_-8286582:c002,oh_3994144_-8286582,Franklin,removed,tennis,2017,2019,0.561,1,True,low_confidence;reversion
oh_3994144_-8286582:c002,oh_3994144_-8286582,Franklin,tennis,hybrid,2019,2023,0.561,1,True,low_confidence
oh_3994144_-8286582:c003,oh_3994144_-8286582,Franklin,tennis,hybrid,2011,2013,0.398,1,True,low_confidence
oh_3994144_-8286582:c003,oh_3994144_-8286582,Franklin,hybrid,tennis,2015,2017,0.645,1,True,reversion
oh_3994144_-8286582:c003,oh_3994144_-8286582,Franklin,tennis,hybrid,2017,2019,0.645,1,False,
oh_3994144_-8286582:c004,oh_3994144_-8286582,Franklin,hybrid,tennis,2011,2015,0.572,1,True,low_confidence;reversion
oh_3994144_-8286582:c004,oh_3994144_-8286582,Franklin,tennis,hybrid,2017,2019,0.678,1,False,
oh_3994144_-8286582:c005,oh_3994144_-8286582,Franklin,removed,tennis,2017,2019,0.54,1,True,low_confidence;reversion
oh_3994144_-8286582:c005,oh_3994144_-8286582,Franklin,tennis,hybrid,2021,2023,0.365,1,True,low_confidence
oh_3994144_-8286582:c006,oh_3994144_-8286582,Franklin,removed,tennis,2015,2019,0.546,1,True,low_confidence;reversion
oh_3994144_-8286582:c006,oh_3994144_-8286582,Franklin,tennis,hybrid,2021,2023,0.805,1,False,
oh_3994229_-8299180:c004,oh_3994229_-8299180,Franklin,removed,tennis,2017,2019,0.444,1,True,low_confidence;reversion
oh_3994614_-8308222:c006,oh_3994614_-8308222,Franklin,tennis,hybrid,2019,2021,0.453,1,True,low_confidence
oh_3994843_-8290720:c003,oh_3994843_-8290720,Franklin,pickleball,hybrid,2011,2019,0.694,1,False,
oh_3994843_-8290720:c003,oh_3994843_-8290720,Franklin,hybrid,pickleball,2019,2021,0.533,,True,low_confidence
oh_3994843_-8290720:c003,oh_3994843_-8290720,Franklin,pickleball,removed,2021,2023,0.533,1,True,low_confidence
oh_3994843_-8290720:c004,oh_3994843_-8290720,Franklin,hybrid,tennis,2015,2017,0.389,1,True,low_confidence;reversion
oh_3994843_-8290720:c004,oh_3994843_-8290720,Franklin,tennis,hybrid,2017,2019,0.502,1,True,low_confidence
oh_3994843_-8290720:c004,oh_3994843_-8290720,Franklin,hybrid,removed,2019,2023,0.499,1,True,low_confidence
oh_3994843_-8290720:c005,oh_3994843_-8290720,Franklin,tennis,removed,2021,2023,0.539,1,True,low_confidence
oh_3994843_-8290720:c006,oh_3994843_-8290720,Franklin,tennis,removed,2021,2023,0.33,1,True,low_confidence
oh_3995016_-8195186:c001,oh_3995016_-8195186,Muskingum,tennis,hybrid,2011,2013,0.471,1,True,low_confidence
oh_3995016_-8195186:c001,oh_3995016_-8195186,Muskingum,hybrid,tennis,2013,2017,0.455,1,True,low_confidence;reversion
oh_3995016_-8195186:c001,oh_3995016_-8195186,Muskingum,tennis,hybrid,2019,2021,0.476,1,True,low_confidence
oh_3995016_-8195186:c001,oh_3995016_-8195186,Muskingum,hybrid,tennis,2021,2023,0.637,1,True,reversion
oh_3995016_-8195186:c002,oh_3995016_-8195186,Muskingum,removed,hybrid,2013,2019,0.458,1,True,low_confidence;reversion
oh_3995271_-8280421:c001,oh_3995271_-8280421,Franklin,removed,pickleball,2019,2021,0.791,1,True,reversion
oh_3995271_-8280421:c002,oh_3995271_-8280421,Franklin,removed,pickleball,2019,2021,0.667,1,True,reversion
oh_3995300_-8293687:c001,oh_3995300_-8293687,Franklin,pickleball,hybrid,2015,2021,0.405,1,True,low_confidence
oh_3995300_-8293687:c002,oh_3995300_-8293687,Franklin,tennis,removed,2021,2023,0.339,1,True,low_confidence
oh_3995300_-8293687:c003,oh_3995300_-8293687,Franklin,tennis,hybrid,2011,2021,0.292,1,True,low_confidence
oh_3995300_-8293687:c004,oh_3995300_-8293687,Franklin,pickleball,hybrid,2015,2017,0.298,1,True,low_confidence
oh_3995311_-8285830:c001,oh_3995311_-8285830,Franklin,tennis,hybrid,2017,2019,0.845,1,False,
oh_3995311_-8285830:c001,oh_3995311_-8285830,Franklin,hybrid,tennis,2021,2023,0.667,1,True,reversion
oh_3995311_-8285830:c002,oh_3995311_-8285830,Franklin,tennis,hybrid,2017,2019,0.724,1,False,
oh_3995311_-8285830:c003,oh_3995311_-8285830,Franklin,pickleball,hybrid,2017,2019,0.508,1,True,low_confidence
oh_3995311_-8285830:c004,oh_3995311_-8285830,Franklin,pickleball,hybrid,2019,2021,0.752,1,False,
oh_3995356_-8307660:c001,oh_3995356_-8307660,Franklin,tennis,hybrid,2017,2019,0.564,1,True,low_confidence
oh_3995356_-8307660:c002,oh_3995356_-8307660,Franklin,tennis,hybrid,2017,2019,0.444,1,True,low_confidence
oh_3995356_-8307660:c002,oh_3995356_-8307660,Franklin,hybrid,tennis,2021,2023,0.744,1,True,reversion
oh_3995356_-8307660:c003,oh_3995356_-8307660,Franklin,tennis,hybrid,2011,2013,0.467,1,True,low_confidence
oh_3995356_-8307660:c003,oh_3995356_-8307660,Franklin,hybrid,tennis,2013,2015,0.467,1,True,low_confidence;reversion
oh_3995356_-8307660:c003,oh_3995356_-8307660,Franklin,tennis,hybrid,2019,2021,0.628,1,False,
oh_3995356_-8307660:c003,oh_3995356_-8307660,Franklin,hybrid,tennis,2021,2023,0.689,1,True,reversion
oh_3995468_-8380935:c001,oh_3995468_-8380935,Clark,tennis,hybrid,2019,2021,0.465,1,True,low_confidence
oh_3995468_-8380935:c002,oh_3995468_-8380935,Clark,tennis,hybrid,2017,2019,0.479,1,True,low_confidence
oh_3995468_-8380935:c004,oh_3995468_-8380935,Clark,tennis,hybrid,2011,2015,0.637,1,False,
oh_3995468_-8380935:c004,oh_3995468_-8380935,Clark,hybrid,pickleball,2021,2023,0.893,,False,
oh_3995468_-8380935:c005,oh_3995468_-8380935,Clark,tennis,hybrid,2011,2013,0.664,1,False,
oh_3995468_-8380935:c005,oh_3995468_-8380935,Clark,hybrid,tennis,2013,2015,0.464,1,True,low_confidence;reversion
oh_3995468_-8380935:c005,oh_3995468_-8380935,Clark,tennis,hybrid,2021,2023,0.636,1,False,
oh_3995468_-8380935:c006,oh_3995468_-8380935,Clark,tennis,hybrid,2021,2023,0.549,1,True,low_confidence
oh_3995559_-8349054:c001,oh_3995559_-8349054,Madison,tennis,hybrid,2015,2017,0.487,1,True,low_confidence
oh_3995559_-8349054:c001,oh_3995559_-8349054,Madison,hybrid,tennis,2019,2021,0.541,1,True,low_confidence;reversion
oh_3995559_-8349054:c002,oh_3995559_-8349054,Madison,tennis,removed,2011,2015,0.428,1,True,low_confidence
oh_3995559_-8349054:c002,oh_3995559_-8349054,Madison,removed,hybrid,2015,2017,0.379,1,True,low_confidence;reversion
oh_3995559_-8349054:c002,oh_3995559_-8349054,Madison,hybrid,pickleball,2019,2021,0.538,2,True,low_confidence
oh_3995559_-8349054:c003,oh_3995559_-8349054,Madison,removed,hybrid,2015,2017,0.756,1,True,reversion
oh_3995559_-8349054:c003,oh_3995559_-8349054,Madison,hybrid,pickleball,2017,2019,0.756,2,False,
oh_3995676_-8382124:c001,oh_3995676_-8382124,Clark,hybrid,tennis,2011,2019,0.32,1,True,low_confidence;reversion
oh_3995676_-8382124:c002,oh_3995676_-8382124,Clark,hybrid,tennis,2011,2017,0.456,1,True,low_confidence;reversion
oh_3995676_-8382124:c002,oh_3995676_-8382124,Clark,tennis,hybrid,2021,2023,0.63,1,False,
oh_3995676_-8382124:c003,oh_3995676_-8382124,Clark,tennis,hybrid,2019,2021,0.456,1,True,low_confidence
oh_3995852_-8266036:c001,oh_3995852_-8266036,Licking,removed,tennis,2021,2023,0.595,1,True,low_confidence;reversion
oh_3995884_-8244099:c001,oh_3995884_-8244099,Licking,tennis,hybrid,2011,2013,0.72,1,False,
oh_3995884_-8244099:c001,oh_3995884_-8244099,Licking,hybrid,tennis,2013,2015,0.503,1,True,low_confidence;reversion
oh_3995884_-8244099:c001,oh_3995884_-8244099,Licking,tennis,hybrid,2017,2019,0.471,1,True,low_confidence
oh_3995959_-8288866:c005,oh_3995959_-8288866,Franklin,tennis,hybrid,2011,2013,0.705,1,False,
oh_3995959_-8288866:c005,oh_3995959_-8288866,Franklin,hybrid,tennis,2013,2015,0.838,1,True,reversion
oh_3996178_-8306725:c001,oh_3996178_-8306725,Franklin,removed,tennis,2013,2015,0.508,1,True,low_confidence;reversion
oh_3996274_-8287019:c001,oh_3996274_-8287019,Franklin,removed,pickleball,2017,2019,0.48,1,True,low_confidence;reversion
oh_3996274_-8287019:c002,oh_3996274_-8287019,Franklin,removed,pickleball,2017,2019,0.634,1,True,reversion
oh_3996274_-8287019:c003,oh_3996274_-8287019,Franklin,removed,pickleball,2015,2019,0.606,1,True,reversion
oh_3996274_-8287019:c004,oh_3996274_-8287019,Franklin,removed,pickleball,2015,2019,0.743,1,True,reversion
oh_3996324_-8434766:c001,oh_3996324_-8434766,Miami,removed,hybrid,2011,2013,0.602,1,True,reversion
oh_3996324_-8434766:c001,oh_3996324_-8434766,Miami,hybrid,tennis,2013,2015,0.652,1,True,reversion
oh_3996324_-8434766:c002,oh_3996324_-8434766,Miami,removed,tennis,2011,2013,0.327,1,True,low_confidence;reversion
oh_3996324_-8434766:c003,oh_3996324_-8434766,Miami,removed,hybrid,2011,2013,0.799,1,True,reversion
oh_3996324_-8434766:c003,oh_3996324_-8434766,Miami,hybrid,tennis,2013,2015,0.799,1,True,reversion
oh_3996324_-8434766:c004,oh_3996324_-8434766,Miami,removed,hybrid,2011,2013,0.681,1,True,reversion
oh_3996324_-8434766:c004,oh_3996324_-8434766,Miami,hybrid,tennis,2013,2015,0.758,1,True,reversion
oh_3996324_-8434766:c005,oh_3996324_-8434766,Miami,removed,hybrid,2011,2013,0.468,1,True,low_confidence;reversion
oh_3996324_-8434766:c005,oh_3996324_-8434766,Miami,hybrid,tennis,2013,2015,0.764,1,True,reversion
oh_3996324_-8434766:c006,oh_3996324_-8434766,Miami,hybrid,tennis,2013,2015,0.63,1,True,reversion
oh_3996448_-8294473:c001,oh_3996448_-8294473,Franklin,tennis,removed,2017,2019,0.427,1,True,low_confidence
oh_3996511_-8264845:c001,oh_3996511_-8264845,Licking,tennis,hybrid,2011,2013,0.879,1,False,
oh_3996511_-8264845:c001,oh_3996511_-8264845,Licking,hybrid,tennis,2013,2015,0.66,1,True,reversion
oh_3996511_-8264845:c006,oh_3996511_-8264845,Licking,tennis,hybrid,2011,2013,0.716,1,False,
oh_3996511_-8264845:c006,oh_3996511_-8264845,Licking,hybrid,tennis,2013,2015,0.588,1,True,low_confidence;reversion
oh_3996792_-8419786:c001,oh_3996792_-8419786,Miami,tennis,removed,2017,2019,0.475,1,True,low_confidence
oh_3996852_-8199119:c001,oh_3996852_-8199119,Muskingum,hybrid,tennis,2015,2017,0.484,1,True,low_confidence;reversion
oh_3996852_-8199119:c001,oh_3996852_-8199119,Muskingum,tennis,hybrid,2017,2019,0.757,1,False,
oh_3996852_-8199119:c001,oh_3996852_-8199119,Muskingum,hybrid,pickleball,2021,2023,0.318,,True,low_confidence
oh_3996852_-8199119:c002,oh_3996852_-8199119,Muskingum,tennis,hybrid,2011,2013,0.444,1,True,low_confidence
oh_3996852_-8199119:c002,oh_3996852_-8199119,Muskingum,hybrid,tennis,2013,2015,0.37,1,True,low_confidence;reversion
oh_3996852_-8199119:c002,oh_3996852_-8199119,Muskingum,tennis,pickleball,2019,2021,0.202,1,True,low_confidence
oh_3996974_-8274712:c001,oh_3996974_-8274712,Licking,tennis,hybrid,2011,2013,0.785,1,False,
oh_3996974_-8274712:c001,oh_3996974_-8274712,Licking,hybrid,tennis,2021,2023,0.752,1,True,reversion
oh_3996974_-8274712:c002,oh_3996974_-8274712,Licking,tennis,hybrid,2011,2013,0.686,1,False,
oh_3996974_-8274712:c003,oh_3996974_-8274712,Licking,tennis,hybrid,2011,2013,0.646,1,False,
oh_3996974_-8274712:c004,oh_3996974_-8274712,Licking,tennis,hybrid,2017,2019,0.471,1,True,low_confidence
oh_3996974_-8274712:c004,oh_3996974_-8274712,Licking,hybrid,tennis,2021,2023,0.738,1,True,reversion
oh_3996974_-8274712:c005,oh_3996974_-8274712,Licking,tennis,hybrid,2011,2013,0.763,1,False,
oh_3996974_-8274712:c005,oh_3996974_-8274712,Licking,hybrid,tennis,2021,2023,0.699,1,True,reversion
oh_3996974_-8274712:c006,oh_3996974_-8274712,Licking,tennis,hybrid,2011,2013,0.713,1,False,
oh_3996974_-8274712:c006,oh_3996974_-8274712,Licking,hybrid,tennis,2021,2023,0.708,1,True,reversion
oh_3996974_-8274712:c007,oh_3996974_-8274712,Licking,tennis,hybrid,2011,2013,0.83,1,False,
oh_3996974_-8274712:c007,oh_3996974_-8274712,Licking,hybrid,tennis,2021,2023,0.654,1,True,reversion
oh_3996974_-8274712:c008,oh_3996974_-8274712,Licking,tennis,hybrid,2011,2013,0.657,1,False,
oh_3996974_-8274712:c008,oh_3996974_-8274712,Licking,hybrid,tennis,2017,2019,0.44,1,True,low_confidence;reversion
oh_3996974_-8274712:c009,oh_3996974_-8274712,Licking,tennis,hybrid,2013,2015,0.421,1,True,low_confidence
oh_3996974_-8274712:c009,oh_3996974_-8274712,Licking,hybrid,tennis,2015,2017,0.504,1,True,low_confidence;reversion
oh_3996974_-8274712:c010,oh_3996974_-8274712,Licking,tennis,hybrid,2011,2013,0.69,1,False,
oh_3997018_-8304909:c002,oh_3997018_-8304909,Franklin,tennis,removed,2019,2021,0.402,1,True,low_confidence
oh_3997039_-8297002:c001,oh_3997039_-8297002,Franklin,hybrid,pickleball,2015,2019,0.433,,True,low_confidence
oh_3997039_-8297002:c001,oh_3997039_-8297002,Franklin,pickleball,hybrid,2021,2023,0.471,1,True,low_confidence
oh_3997039_-8297002:c002,oh_3997039_-8297002,Franklin,tennis,pickleball,2017,2019,0.587,,True,low_confidence
oh_3997039_-8297002:c002,oh_3997039_-8297002,Franklin,pickleball,hybrid,2019,2021,0.587,1,True,low_confidence
oh_3997310_-8285283:c001,oh_3997310_-8285283,Franklin,tennis,hybrid,2017,2019,0.811,1,False,
oh_3997310_-8285283:c002,oh_3997310_-8285283,Franklin,tennis,hybrid,2015,2019,0.7,1,False,
oh_3997367_-8286954:c001,oh_3997367_-8286954,Franklin,tennis,hybrid,2021,2023,0.441,1,True,low_confidence
oh_3997367_-8286954:c003,oh_3997367_-8286954,Franklin,tennis,pickleball,2015,2019,0.392,,True,low_confidence
oh_3997367_-8286954:c007,oh_3997367_-8286954,Franklin,tennis,hybrid,2021,2023,0.656,1,False,
oh_3997494_-8285595:c001,oh_3997494_-8285595,Franklin,tennis,removed,2019,2023,0.424,1,True,low_confidence
oh_3997506_-8281288:c001,oh_3997506_-8281288,Franklin,tennis,removed,2015,2017,0.493,1,True,low_confidence
oh_3997532_-8381084:c001,oh_3997532_-8381084,Clark,tennis,hybrid,2017,2019,0.575,1,True,low_confidence
oh_3997560_-8297388:c001,oh_3997560_-8297388,Franklin,tennis,hybrid,2019,2021,0.511,1,True,low_confidence
oh_3997560_-8297388:c001,oh_3997560_-8297388,Franklin,hybrid,tennis,2021,2023,0.502,1,True,low_confidence;reversion
oh_3997560_-8297388:c002,oh_3997560_-8297388,Franklin,removed,tennis,2017,2019,0.409,1,True,low_confidence;reversion
oh_3997677_-8278207:c002,oh_3997677_-8278207,Franklin,tennis,hybrid,2021,2023,0.795,1,False,
oh_3997677_-8278207:c003,oh_3997677_-8278207,Franklin,tennis,hybrid,2021,2023,0.452,1,True,low_confidence
oh_3997677_-8278207:c004,oh_3997677_-8278207,Franklin,tennis,hybrid,2021,2023,0.698,1,False,
oh_3997681_-8202832:c001,oh_3997681_-8202832,Muskingum,tennis,hybrid,2021,2023,0.684,1,False,
oh_3997681_-8202832:c002,oh_3997681_-8202832,Muskingum,hybrid,tennis,2011,2015,0.773,1,True,reversion
oh_3997681_-8202832:c002,oh_3997681_-8202832,Muskingum,tennis,hybrid,2021,2023,0.622,1,False,
oh_3997837_-8291874:c001,oh_3997837_-8291874,Franklin,removed,tennis,2015,2017,0.939,1,True,reversion
oh_3997837_-8291874:c002,oh_3997837_-8291874,Franklin,removed,tennis,2015,2017,0.878,1,True,reversion
oh_3997837_-8291874:c002,oh_3997837_-8291874,Franklin,tennis,hybrid,2021,2023,0.45,1,True,low_confidence
oh_3997837_-8291874:c003,oh_3997837_-8291874,Franklin,removed,tennis,2015,2017,0.904,1,True,reversion
oh_3997837_-8291874:c003,oh_3997837_-8291874,Franklin,tennis,hybrid,2021,2023,0.523,1,True,low_confidence
oh_3997837_-8291874:c004,oh_3997837_-8291874,Franklin,removed,tennis,2015,2017,0.837,1,True,reversion
oh_3997837_-8291874:c004,oh_3997837_-8291874,Franklin,tennis,hybrid,2021,2023,0.39,1,True,low_confidence
oh_3997837_-8291874:c005,oh_3997837_-8291874,Franklin,removed,tennis,2015,2017,0.865,1,True,reversion
oh_3997837_-8291874:c005,oh_3997837_-8291874,Franklin,tennis,hybrid,2021,2023,0.598,1,True,low_confidence
oh_3997837_-8291874:c006,oh_3997837_-8291874,Franklin,removed,tennis,2015,2017,0.898,1,True,reversion
oh_3997837_-8291874:c006,oh_3997837_-8291874,Franklin,tennis,hybrid,2021,2023,0.573,1,True,low_confidence
oh_3997861_-8283214:c001,oh_3997861_-8283214,Franklin,tennis,hybrid,2011,2019,0.659,1,False,
oh_3997861_-8283214:c002,oh_3997861_-8283214,Franklin,tennis,removed,2021,2023,0.534,1,True,low_confidence
oh_3998028_-8303435:c002,oh_3998028_-8303435,Franklin,hybrid,pickleball,2011,2019,0.62,3,False,
oh_3998776_-8448912:c001,oh_3998776_-8448912,Darke,tennis,removed,2011,2015,0.465,1,True,low_confidence
oh_3998825_-8292418:c001,oh_3998825_-8292418,Franklin,tennis,hybrid,2021,2023,0.503,1,True,low_confidence
oh_3999375_-8390728:c001,oh_3999375_-8390728,Clark,removed,tennis,2013,2015,0.781,1,True,reversion
oh_3999375_-8390728:c002,oh_3999375_-8390728,Clark,removed,tennis,2013,2015,0.87,1,True,reversion
oh_3999375_-8390728:c003,oh_3999375_-8390728,Clark,removed,tennis,2013,2015,0.856,1,True,reversion
oh_3999375_-8390728:c004,oh_3999375_-8390728,Clark,removed,tennis,2013,2015,0.863,1,True,reversion
oh_3999375_-8390728:c005,oh_3999375_-8390728,Clark,removed,tennis,2013,2015,0.805,1,True,reversion
oh_3999375_-8390728:c006,oh_3999375_-8390728,Clark,removed,tennis,2013,2015,0.727,1,True,reversion
oh_3999462_-8294406:c001,oh_3999462_-8294406,Franklin,tennis,hybrid,2019,2021,0.475,1,True,low_confidence
oh_3999462_-8294406:c001,oh_3999462_-8294406,Franklin,hybrid,tennis,2021,2023,0.639,1,True,reversion
oh_3999579_-8294822:c001,oh_3999579_-8294822,Franklin,tennis,hybrid,2019,2021,0.666,1,False,
oh_3999972_-8301999:c001,oh_3999972_-8301999,Franklin,tennis,hybrid,2017,2019,0.43,1,True,low_confidence
oh_3999972_-8301999:c002,oh_3999972_-8301999,Franklin,tennis,hybrid,2019,2021,0.472,1,True,low_confidence
oh_3999972_-8301999:c002,oh_3999972_-8301999,Franklin,hybrid,tennis,2021,2023,0.56,1,True,low_confidence;reversion
oh_3999972_-8301999:c003,oh_3999972_-8301999,Franklin,tennis,hybrid,2019,2021,0.507,1,True,low_confidence
oh_3999972_-8301999:c004,oh_3999972_-8301999,Franklin,tennis,hybrid,2019,2021,0.572,1,True,low_confidence
oh_3999972_-8301999:c005,oh_3999972_-8301999,Franklin,tennis,hybrid,2011,2013,0.482,1,True,low_confidence
oh_3999972_-8301999:c005,oh_3999972_-8301999,Franklin,hybrid,tennis,2013,2015,0.407,1,True,low_confidence;reversion
oh_3999972_-8301999:c006,oh_3999972_-8301999,Franklin,tennis,hybrid,2011,2013,0.818,1,False,
oh_3999972_-8301999:c006,oh_3999972_-8301999,Franklin,hybrid,tennis,2015,2017,0.481,1,True,low_confidence;reversion
oh_3999972_-8301999:c007,oh_3999972_-8301999,Franklin,tennis,hybrid,2011,2013,0.632,1,False,
oh_3999972_-8301999:c007,oh_3999972_-8301999,Franklin,hybrid,tennis,2013,2015,0.493,1,True,low_confidence;reversion
oh_3999972_-8301999:c008,oh_3999972_-8301999,Franklin,tennis,hybrid,2019,2021,0.611,1,False,
oh_3999972_-8301999:c010,oh_3999972_-8301999,Franklin,tennis,hybrid,2019,2021,0.627,1,False,
oh_3999972_-8301999:c011,oh_3999972_-8301999,Franklin,tennis,hybrid,2019,2021,0.485,1,True,low_confidence
oh_3999972_-8301999:c012,oh_3999972_-8301999,Franklin,tennis,hybrid,2019,2021,0.442,1,True,low_confidence
oh_3999972_-8301999:c013,oh_3999972_-8301999,Franklin,tennis,hybrid,2019,2021,0.606,1,False,
oh_3999972_-8301999:c014,oh_3999972_-8301999,Franklin,tennis,hybrid,2011,2013,0.72,1,False,
oh_3999972_-8301999:c014,oh_3999972_-8301999,Franklin,hybrid,tennis,2013,2015,0.424,1,True,low_confidence;reversion
oh_3999972_-8301999:c015,oh_3999972_-8301999,Franklin,tennis,hybrid,2021,2023,0.43,1,True,low_confidence
oh_3999972_-8301999:c016,oh_3999972_-8301999,Franklin,tennis,hybrid,2011,2013,0.512,1,True,low_confidence
oh_3999972_-8301999:c016,oh_3999972_-8301999,Franklin,hybrid,tennis,2015,2017,0.471,1,True,low_confidence;reversion
oh_4000053_-8307502:c002,oh_4000053_-8307502,Franklin,tennis,hybrid,2019,2021,0.498,1,True,low_confidence
oh_4000053_-8307502:c002,oh_4000053_-8307502,Franklin,hybrid,tennis,2021,2023,0.737,1,True,reversion
oh_4000053_-8307502:c006,oh_4000053_-8307502,Franklin,tennis,hybrid,2017,2019,0.672,1,False,
oh_4000053_-8307502:c006,oh_4000053_-8307502,Franklin,hybrid,tennis,2021,2023,0.891,1,True,reversion
oh_4000053_-8307502:c007,oh_4000053_-8307502,Franklin,tennis,hybrid,2017,2019,0.515,1,True,low_confidence
oh_4000053_-8307502:c007,oh_4000053_-8307502,Franklin,hybrid,tennis,2021,2023,0.536,1,True,low_confidence;reversion
oh_4000053_-8307502:c008,oh_4000053_-8307502,Franklin,tennis,hybrid,2017,2019,0.896,1,False,
oh_4000053_-8307502:c008,oh_4000053_-8307502,Franklin,hybrid,tennis,2021,2023,0.834,1,True,reversion
oh_4000053_-8307502:c010,oh_4000053_-8307502,Franklin,tennis,hybrid,2017,2019,0.581,1,True,low_confidence
oh_4000053_-8307502:c010,oh_4000053_-8307502,Franklin,hybrid,tennis,2019,2021,0.409,1,True,low_confidence;reversion
oh_4000053_-8307502:c011,oh_4000053_-8307502,Franklin,tennis,hybrid,2015,2019,0.455,1,True,low_confidence
oh_4000053_-8307502:c011,oh_4000053_-8307502,Franklin,hybrid,tennis,2021,2023,0.798,1,True,reversion
oh_4000053_-8307502:c012,oh_4000053_-8307502,Franklin,removed,pickleball,2015,2019,0.472,1,True,low_confidence;reversion
oh_4000131_-8307676:c001,oh_4000131_-8307676,Franklin,removed,pickleball,2019,2021,0.319,,True,low_confidence;reversion
oh_4000131_-8307676:c002,oh_4000131_-8307676,Franklin,removed,pickleball,2019,2021,0.524,,True,low_confidence;reversion
oh_4000131_-8307676:c002,oh_4000131_-8307676,Franklin,pickleball,hybrid,2021,2023,0.524,1,True,low_confidence
oh_4000131_-8307676:c003,oh_4000131_-8307676,Franklin,removed,pickleball,2019,2021,0.722,,True,reversion
oh_4000650_-8286276:c001,oh_4000650_-8286276,Franklin,tennis,removed,2011,2015,0.393,1,True,low_confidence
oh_4000650_-8286276:c001,oh_4000650_-8286276,Franklin,removed,tennis,2017,2019,0.627,1,True,reversion
oh_4000650_-8286276:c001,oh_4000650_-8286276,Franklin,tennis,removed,2019,2021,0.511,1,True,low_confidence
oh_4000650_-8286276:c002,oh_4000650_-8286276,Franklin,removed,tennis,2017,2019,0.641,1,True,reversion
oh_4000831_-8283000:c001,oh_4000831_-8283000,Franklin,tennis,removed,2011,2023,0.77,1,False,
oh_4000831_-8283000:c002,oh_4000831_-8283000,Franklin,tennis,removed,2011,2017,0.446,1,True,low_confidence
oh_4000838_-8301498:c002,oh_4000838_-8301498,Franklin,tennis,removed,2019,2021,0.603,1,False,
oh_4001039_-8297298:c001,oh_4001039_-8297298,Franklin,tennis,hybrid,2017,2019,0.638,1,False,
oh_4001039_-8297298:c001,oh_4001039_-8297298,Franklin,hybrid,tennis,2019,2021,0.458,1,True,low_confidence;reversion
oh_4001039_-8297298:c002,oh_4001039_-8297298,Franklin,removed,tennis,2011,2013,0.463,1,True,low_confidence;reversion
oh_4001039_-8297298:c004,oh_4001039_-8297298,Franklin,tennis,hybrid,2019,2021,0.535,1,True,low_confidence
oh_4001039_-8297298:c004,oh_4001039_-8297298,Franklin,hybrid,tennis,2021,2023,0.85,1,True,reversion
oh_4001374_-8306353:c001,oh_4001374_-8306353,Franklin,tennis,removed,2015,2019,0.24,1,True,low_confidence
oh_4001374_-8306353:c002,oh_4001374_-8306353,Franklin,tennis,hybrid,2017,2019,0.796,1,False,
oh_4001374_-8306353:c002,oh_4001374_-8306353,Franklin,hybrid,tennis,2019,2021,0.637,1,True,reversion
oh_4001374_-8306353:c004,oh_4001374_-8306353,Franklin,tennis,hybrid,2017,2019,0.612,1,False,
oh_4001374_-8306353:c005,oh_4001374_-8306353,Franklin,tennis,hybrid,2017,2019,0.535,1,True,low_confidence
oh_4001374_-8306353:c006,oh_4001374_-8306353,Franklin,tennis,hybrid,2017,2019,0.537,1,True,low_confidence
oh_4001374_-8306353:c006,oh_4001374_-8306353,Franklin,hybrid,tennis,2021,2023,0.456,1,True,low_confidence;reversion
oh_4001374_-8306353:c007,oh_4001374_-8306353,Franklin,tennis,hybrid,2017,2019,0.739,1,False,
oh_4001374_-8306353:c007,oh_4001374_-8306353,Franklin,hybrid,tennis,2021,2023,0.446,1,True,low_confidence;reversion
oh_4001399_-8302402:c005,oh_4001399_-8302402,Franklin,hybrid,tennis,2017,2019,0.569,1,True,low_confidence;reversion
oh_4001399_-8302402:c006,oh_4001399_-8302402,Franklin,hybrid,tennis,2017,2019,0.415,1,True,low_confidence;reversion
oh_4001399_-8302402:c007,oh_4001399_-8302402,Franklin,hybrid,tennis,2019,2021,0.488,1,True,low_confidence;reversion
oh_4001399_-8302402:c009,oh_4001399_-8302402,Franklin,hybrid,tennis,2017,2019,0.413,1,True,low_confidence;reversion
oh_4001424_-8278173:c001,oh_4001424_-8278173,Franklin,tennis,removed,2011,2015,0.346,1,True,low_confidence
oh_4001424_-8278173:c002,oh_4001424_-8278173,Franklin,tennis,removed,2011,2017,0.652,1,False,
oh_4001424_-8278173:c004,oh_4001424_-8278173,Franklin,tennis,removed,2017,2019,0.316,1,True,low_confidence
oh_4001556_-8287528:c001,oh_4001556_-8287528,Franklin,tennis,pickleball,2021,2023,0.555,,True,low_confidence
oh_4001583_-8308807:c001,oh_4001583_-8308807,Franklin,tennis,removed,2017,2021,0.803,1,False,
oh_4001827_-8211764:c001,oh_4001827_-8211764,Muskingum,tennis,pickleball,2015,2017,0.339,1,True,low_confidence
oh_4001827_-8211764:c002,oh_4001827_-8211764,Muskingum,tennis,pickleball,2015,2017,0.449,,True,low_confidence
oh_4001827_-8211764:c002,oh_4001827_-8211764,Muskingum,pickleball,tennis,2021,2023,0.628,1,True,reversion
oh_4001835_-8297495:c001,oh_4001835_-8297495,Franklin,removed,tennis,2019,2021,0.764,1,True,reversion
oh_4001835_-8297495:c002,oh_4001835_-8297495,Franklin,removed,tennis,2019,2021,0.654,1,True,reversion
oh_4002014_-8263953:c001,oh_4002014_-8263953,Licking,tennis,removed,2011,2017,0.371,1,True,low_confidence
oh_4002514_-8311347:c001,oh_4002514_-8311347,Franklin,tennis,removed,2011,2015,0.686,1,False,
oh_4002514_-8311347:c001,oh_4002514_-8311347,Franklin,removed,tennis,2015,2017,0.685,1,True,reversion
oh_4002996_-8314920:c001,oh_4002996_-8314920,Franklin,removed,tennis,2013,2015,0.664,1,True,reversion
oh_4003002_-8304705:c001,oh_4003002_-8304705,Franklin,removed,tennis,2011,2015,0.542,1,True,low_confidence;reversion
oh_4003002_-8304705:c003,oh_4003002_-8304705,Franklin,tennis,hybrid,2019,2021,0.766,1,False,
oh_4003002_-8304705:c003,oh_4003002_-8304705,Franklin,hybrid,tennis,2021,2023,0.744,1,True,reversion
oh_4003002_-8304705:c005,oh_4003002_-8304705,Franklin,hybrid,tennis,2011,2015,0.453,1,True,low_confidence;reversion
oh_4003002_-8304705:c006,oh_4003002_-8304705,Franklin,tennis,hybrid,2015,2017,0.722,1,False,
oh_4003002_-8304705:c006,oh_4003002_-8304705,Franklin,hybrid,tennis,2019,2021,0.434,1,True,low_confidence;reversion
oh_4003002_-8304705:c011,oh_4003002_-8304705,Franklin,tennis,pickleball,2015,2021,0.335,,True,low_confidence
oh_4003002_-8304705:c011,oh_4003002_-8304705,Franklin,pickleball,tennis,2021,2023,0.395,1,True,low_confidence;reversion
oh_4003221_-8424767:c001,oh_4003221_-8424767,Miami,pickleball,hybrid,2015,2017,0.562,1,True,low_confidence
oh_4003221_-8424767:c002,oh_4003221_-8424767,Miami,pickleball,hybrid,2015,2017,0.447,1,True,low_confidence
oh_4003221_-8424767:c002,oh_4003221_-8424767,Miami,hybrid,pickleball,2017,2019,0.501,,True,low_confidence
oh_4003382_-8316548:c001,oh_4003382_-8316548,Franklin,tennis,removed,2019,2021,0.462,1,True,low_confidence
oh_4003411_-8306952:c001,oh_4003411_-8306952,Franklin,tennis,hybrid,2019,2021,0.513,1,True,low_confidence
oh_4003411_-8306952:c001,oh_4003411_-8306952,Franklin,hybrid,tennis,2021,2023,0.258,1,True,low_confidence;reversion
oh_4003411_-8306952:c003,oh_4003411_-8306952,Franklin,tennis,hybrid,2017,2019,0.6,1,False,
oh_4003411_-8306952:c003,oh_4003411_-8306952,Franklin,hybrid,removed,2021,2023,0.57,1,True,low_confidence
oh_4003411_-8306952:c004,oh_4003411_-8306952,Franklin,tennis,hybrid,2017,2019,0.61,1,False,
oh_4003411_-8306952:c004,oh_4003411_-8306952,Franklin,hybrid,removed,2021,2023,0.594,1,True,low_confidence
oh_4003633_-8422534:c001,oh_4003633_-8422534,Miami,removed,tennis,2019,2021,0.434,1,True,low_confidence;reversion
oh_4003900_-8317001:c001,oh_4003900_-8317001,Franklin,tennis,removed,2013,2015,0.366,1,True,low_confidence
oh_4003900_-8317001:c001,oh_4003900_-8317001,Franklin,removed,tennis,2015,2019,0.79,1,True,reversion
oh_4003900_-8317001:c002,oh_4003900_-8317001,Franklin,tennis,removed,2013,2015,0.434,1,True,low_confidence
oh_4003900_-8317001:c002,oh_4003900_-8317001,Franklin,removed,tennis,2015,2017,0.554,1,True,low_confidence;reversion
oh_4003950_-8304973:c001,oh_4003950_-8304973,Franklin,tennis,pickleball,2021,2023,0.782,1,False,
oh_4003950_-8304973:c002,oh_4003950_-8304973,Franklin,tennis,pickleball,2021,2023,0.645,1,False,
oh_4003980_-8306643:c001,oh_4003980_-8306643,Franklin,tennis,removed,2011,2015,0.516,1,True,low_confidence
oh_4003980_-8306643:c001,oh_4003980_-8306643,Franklin,removed,tennis,2021,2023,0.283,1,True,low_confidence;reversion
oh_4004007_-8158598:c004,oh_4004007_-8158598,Guernsey,tennis,hybrid,2011,2013,0.867,1,False,
oh_4004007_-8158598:c004,oh_4004007_-8158598,Guernsey,hybrid,tennis,2013,2015,0.772,1,True,reversion
oh_4004063_-8246681:c001,oh_4004063_-8246681,Licking,tennis,hybrid,2017,2019,0.716,1,False,
oh_4004063_-8246681:c002,oh_4004063_-8246681,Licking,tennis,removed,2011,2013,0.481,1,True,low_confidence
oh_4004063_-8246681:c002,oh_4004063_-8246681,Licking,removed,tennis,2015,2017,0.396,1,True,low_confidence;reversion
oh_4004063_-8246681:c003,oh_4004063_-8246681,Licking,pickleball,removed,2011,2015,0.319,1,True,low_confidence
oh_4004063_-8246681:c003,oh_4004063_-8246681,Licking,removed,tennis,2017,2021,0.407,1,True,low_confidence;reversion
oh_4004063_-8246681:c004,oh_4004063_-8246681,Licking,pickleball,tennis,2019,2021,0.406,1,True,low_confidence;reversion
oh_4004131_-8302172:c004,oh_4004131_-8302172,Franklin,tennis,hybrid,2021,2023,0.487,1,True,low_confidence
oh_4004131_-8302172:c005,oh_4004131_-8302172,Franklin,tennis,hybrid,2019,2021,0.484,1,True,low_confidence
oh_4004131_-8302172:c006,oh_4004131_-8302172,Franklin,tennis,hybrid,2021,2023,0.377,1,True,low_confidence
oh_4004131_-8302172:c008,oh_4004131_-8302172,Franklin,tennis,hybrid,2021,2023,0.661,1,False,
oh_4004213_-8292488:c001,oh_4004213_-8292488,Franklin,tennis,hybrid,2017,2019,0.435,1,True,low_confidence
oh_4004213_-8292488:c003,oh_4004213_-8292488,Franklin,hybrid,tennis,2021,2023,0.652,1,True,reversion
oh_4004258_-8281783:c001,oh_4004258_-8281783,Franklin,pickleball,hybrid,2011,2013,0.529,1,True,low_confidence
oh_4004258_-8281783:c001,oh_4004258_-8281783,Franklin,hybrid,pickleball,2015,2017,0.617,,False,
oh_4004258_-8281783:c001,oh_4004258_-8281783,Franklin,pickleball,hybrid,2021,2023,0.349,1,True,low_confidence
oh_4004258_-8281783:c002,oh_4004258_-8281783,Franklin,pickleball,hybrid,2013,2015,0.273,1,True,low_confidence
oh_4004258_-8281783:c002,oh_4004258_-8281783,Franklin,hybrid,pickleball,2015,2017,0.641,,False,
oh_4004258_-8281783:c002,oh_4004258_-8281783,Franklin,pickleball,hybrid,2019,2021,0.53,1,True,low_confidence
oh_4004633_-8419878:c005,oh_4004633_-8419878,Miami,hybrid,tennis,2013,2017,0.378,1,True,low_confidence;reversion
oh_4004655_-8315536:c002,oh_4004655_-8315536,Franklin,tennis,hybrid,2011,2013,0.852,1,False,
oh_4004655_-8315536:c002,oh_4004655_-8315536,Franklin,hybrid,tennis,2013,2015,0.848,1,True,reversion
oh_4004655_-8315536:c004,oh_4004655_-8315536,Franklin,tennis,hybrid,2011,2013,0.838,1,False,
oh_4004655_-8315536:c004,oh_4004655_-8315536,Franklin,hybrid,tennis,2013,2015,0.753,1,True,reversion
oh_4004655_-8315536:c005,oh_4004655_-8315536,Franklin,tennis,hybrid,2011,2013,0.905,1,False,
oh_4004655_-8315536:c005,oh_4004655_-8315536,Franklin,hybrid,tennis,2013,2015,0.548,1,True,low_confidence;reversion
oh_4004708_-8297096:c001,oh_4004708_-8297096,Franklin,tennis,removed,2011,2013,0.864,1,False,
oh_4004708_-8297096:c001,oh_4004708_-8297096,Franklin,removed,pickleball,2013,2015,0.691,,True,reversion
oh_4004708_-8297096:c001,oh_4004708_-8297096,Franklin,pickleball,hybrid,2019,2021,0.43,1,True,low_confidence
oh_4004708_-8297096:c001,oh_4004708_-8297096,Franklin,hybrid,removed,2021,2023,0.43,1,True,low_confidence
oh_4004708_-8297096:c002,oh_4004708_-8297096,Franklin,removed,pickleball,2013,2015,0.762,,True,reversion
oh_4004708_-8297096:c002,oh_4004708_-8297096,Franklin,pickleball,hybrid,2019,2021,0.508,1,True,low_confidence
oh_4005097_-8423568:c001,oh_4005097_-8423568,Miami,tennis,removed,2021,2023,0.38,1,True,low_confidence
oh_4005399_-8092201:c001,oh_4005399_-8092201,Belmont,tennis,removed,2021,2023,0.754,1,False,
oh_4005527_-8305443:c001,oh_4005527_-8305443,Franklin,tennis,hybrid,2017,2019,0.38,1,True,low_confidence
oh_4005631_-8303609:c001,oh_4005631_-8303609,Franklin,tennis,hybrid,2019,2021,0.523,1,True,low_confidence
oh_4005631_-8303609:c002,oh_4005631_-8303609,Franklin,tennis,hybrid,2019,2021,0.444,1,True,low_confidence
oh_4005911_-8251706:c001,oh_4005911_-8251706,Licking,padel,tennis,2011,2013,0.232,1,True,low_confidence;reversion
oh_4005911_-8251706:c004,oh_4005911_-8251706,Licking,tennis,hybrid,2011,2013,0.324,1,True,low_confidence
oh_4005911_-8251706:c004,oh_4005911_-8251706,Licking,hybrid,tennis,2019,2021,0.315,1,True,low_confidence;reversion
oh_4005911_-8251706:c005,oh_4005911_-8251706,Licking,tennis,removed,2021,2023,0.473,1,True,low_confidence
oh_4005911_-8251706:c007,oh_4005911_-8251706,Licking,pickleball,tennis,2011,2017,0.482,1,True,low_confidence;reversion
oh_4005911_-8251706:c007,oh_4005911_-8251706,Licking,tennis,hybrid,2017,2019,0.452,1,True,low_confidence
oh_4005911_-8251706:c007,oh_4005911_-8251706,Licking,hybrid,tennis,2019,2021,0.452,1,True,low_confidence;reversion
oh_4005926_-8307610:c001,oh_4005926_-8307610,Franklin,tennis,removed,2015,2019,0.292,1,True,low_confidence
oh_4005929_-8307694:c001,oh_4005929_-8307694,Franklin,tennis,removed,2017,2019,0.456,1,True,low_confidence
oh_4006028_-8280585:c001,oh_4006028_-8280585,Franklin,removed,tennis,2015,2017,0.853,1,True,reversion
oh_4006102_-8305882:c001,oh_4006102_-8305882,Franklin,hybrid,tennis,2011,2015,0.594,1,True,low_confidence;reversion
oh_4006102_-8305882:c001,oh_4006102_-8305882,Franklin,tennis,hybrid,2017,2019,0.438,1,True,low_confidence
oh_4006102_-8305882:c001,oh_4006102_-8305882,Franklin,hybrid,removed,2019,2021,0.559,1,True,low_confidence
oh_4006102_-8305882:c002,oh_4006102_-8305882,Franklin,tennis,hybrid,2017,2023,0.352,1,True,low_confidence
oh_4006102_-8305882:c003,oh_4006102_-8305882,Franklin,tennis,removed,2011,2023,0.752,1,False,
oh_4006422_-8310858:c001,oh_4006422_-8310858,Franklin,removed,tennis,2015,2023,0.64,1,True,reversion
oh_4006494_-8304729:c001,oh_4006494_-8304729,Franklin,tennis,removed,2019,2021,0.536,1,True,low_confidence
oh_4006494_-8304729:c002,oh_4006494_-8304729,Franklin,tennis,removed,2019,2021,0.461,1,True,low_confidence
oh_4006686_-8282940:c004,oh_4006686_-8282940,Franklin,tennis,removed,2011,2013,0.376,1,True,low_confidence
oh_4006686_-8282940:c004,oh_4006686_-8282940,Franklin,removed,tennis,2015,2017,0.835,1,True,reversion
oh_4006686_-8282940:c015,oh_4006686_-8282940,Franklin,tennis,pickleball,2017,2019,0.362,1,True,low_confidence
oh_4006686_-8282940:c016,oh_4006686_-8282940,Franklin,tennis,pickleball,2017,2019,0.597,1,True,low_confidence
oh_4006686_-8282940:c017,oh_4006686_-8282940,Franklin,tennis,pickleball,2017,2019,0.62,1,False,
oh_4006686_-8282940:c018,oh_4006686_-8282940,Franklin,tennis,pickleball,2017,2019,0.642,1,False,
oh_4006686_-8282940:c020,oh_4006686_-8282940,Franklin,pickleball,tennis,2017,2023,0.269,1,True,low_confidence;reversion
oh_4006720_-8284291:c001,oh_4006720_-8284291,Franklin,removed,tennis,2011,2013,0.388,1,True,low_confidence;reversion
oh_4006720_-8284291:c001,oh_4006720_-8284291,Franklin,tennis,hybrid,2017,2019,0.563,1,True,low_confidence
oh_4006720_-8284291:c001,oh_4006720_-8284291,Franklin,hybrid,removed,2019,2021,0.563,1,True,low_confidence
oh_4006720_-8284291:c001,oh_4006720_-8284291,Franklin,removed,tennis,2021,2023,0.691,1,True,reversion
oh_4006720_-8284291:c002,oh_4006720_-8284291,Franklin,hybrid,tennis,2013,2015,0.34,1,True,low_confidence;reversion
oh_4006720_-8284291:c002,oh_4006720_-8284291,Franklin,tennis,removed,2019,2021,0.305,1,True,low_confidence
oh_4006720_-8284291:c002,oh_4006720_-8284291,Franklin,removed,tennis,2021,2023,0.66,1,True,reversion
oh_4006720_-8284291:c003,oh_4006720_-8284291,Franklin,hybrid,tennis,2013,2015,0.783,1,True,reversion
oh_4006720_-8284291:c004,oh_4006720_-8284291,Franklin,hybrid,tennis,2013,2015,0.555,1,True,low_confidence;reversion
oh_4006730_-8307917:c001,oh_4006730_-8307917,Franklin,tennis,removed,2019,2021,0.472,1,True,low_confidence
oh_4006768_-8280351:c001,oh_4006768_-8280351,Franklin,tennis,hybrid,2017,2021,0.518,1,True,low_confidence
oh_4006829_-8308149:c002,oh_4006829_-8308149,Franklin,tennis,removed,2015,2017,0.425,1,True,low_confidence
oh_4007130_-8296503:c002,oh_4007130_-8296503,Franklin,hybrid,tennis,2015,2017,0.542,1,True,low_confidence;reversion
oh_4007229_-8298411:c002,oh_4007229_-8298411,Franklin,tennis,hybrid,2021,2023,0.478,1,True,low_confidence
oh_4007331_-8094206:c001,oh_4007331_-8094206,Belmont,tennis,removed,2021,2023,0.454,1,True,low_confidence
oh_4007331_-8094206:c002,oh_4007331_-8094206,Belmont,tennis,removed,2021,2023,0.377,1,True,low_confidence
oh_4007400_-8252048:c001,oh_4007400_-8252048,Licking,tennis,pickleball,2015,2021,0.301,,True,low_confidence
oh_4007400_-8252048:c005,oh_4007400_-8252048,Licking,pickleball,hybrid,2011,2013,0.547,1,True,low_confidence
oh_4007400_-8252048:c005,oh_4007400_-8252048,Licking,hybrid,tennis,2013,2015,0.628,1,True,reversion
oh_4007472_-8309307:c001,oh_4007472_-8309307,Franklin,hybrid,removed,2011,2015,0.344,1,True,low_confidence
oh_4007879_-8303669:c001,oh_4007879_-8303669,Franklin,hybrid,removed,2011,2013,0.632,1,False,
oh_4007879_-8303669:c001,oh_4007879_-8303669,Franklin,removed,pickleball,2013,2015,0.563,,True,low_confidence;reversion
oh_4007879_-8303669:c001,oh_4007879_-8303669,Franklin,pickleball,hybrid,2021,2023,0.588,1,True,low_confidence
oh_4007879_-8303669:c002,oh_4007879_-8303669,Franklin,tennis,removed,2011,2013,0.49,1,True,low_confidence
oh_4007879_-8303669:c002,oh_4007879_-8303669,Franklin,removed,pickleball,2013,2015,0.49,,True,low_confidence;reversion
oh_4007879_-8303669:c003,oh_4007879_-8303669,Franklin,hybrid,pickleball,2013,2015,0.274,1,True,low_confidence
oh_4007879_-8303669:c004,oh_4007879_-8303669,Franklin,tennis,pickleball,2013,2015,0.374,,True,low_confidence
oh_4008226_-8292471:c001,oh_4008226_-8292471,Franklin,tennis,removed,2011,2013,0.774,1,False,
oh_4008226_-8292471:c001,oh_4008226_-8292471,Franklin,removed,tennis,2013,2015,0.672,1,True,reversion
oh_4008226_-8292471:c002,oh_4008226_-8292471,Franklin,tennis,removed,2011,2013,0.819,1,False,
oh_4008226_-8292471:c002,oh_4008226_-8292471,Franklin,removed,tennis,2013,2015,0.76,1,True,reversion
oh_4008226_-8292471:c003,oh_4008226_-8292471,Franklin,tennis,removed,2011,2013,0.665,1,False,
oh_4008226_-8292471:c003,oh_4008226_-8292471,Franklin,removed,tennis,2013,2015,0.491,1,True,low_confidence;reversion
oh_4008226_-8292471:c003,oh_4008226_-8292471,Franklin,tennis,hybrid,2017,2019,0.639,1,False,
oh_4008226_-8292471:c004,oh_4008226_-8292471,Franklin,tennis,hybrid,2019,2021,0.464,1,True,low_confidence
oh_4008507_-8315442:c001,oh_4008507_-8315442,Franklin,tennis,hybrid,2011,2013,0.699,1,False,
oh_4008507_-8315442:c001,oh_4008507_-8315442,Franklin,hybrid,tennis,2015,2017,0.49,1,True,low_confidence;reversion
oh_4008507_-8315442:c002,oh_4008507_-8315442,Franklin,hybrid,tennis,2017,2019,0.471,1,True,low_confidence;reversion
oh_4008603_-8281487:c001,oh_4008603_-8281487,Franklin,removed,tennis,2011,2015,0.569,1,True,low_confidence;reversion
oh_4008603_-8281487:c007,oh_4008603_-8281487,Franklin,removed,tennis,2013,2015,0.515,1,True,low_confidence;reversion
oh_4008603_-8281487:c008,oh_4008603_-8281487,Franklin,removed,tennis,2013,2015,0.705,1,True,reversion
oh_4008637_-8287457:c001,oh_4008637_-8287457,Franklin,tennis,removed,2015,2017,0.349,1,True,low_confidence
oh_4008637_-8287457:c002,oh_4008637_-8287457,Franklin,tennis,removed,2011,2013,0.473,1,True,low_confidence
oh_4008637_-8287457:c003,oh_4008637_-8287457,Franklin,tennis,removed,2015,2017,0.361,1,True,low_confidence
oh_4008637_-8287457:c004,oh_4008637_-8287457,Franklin,tennis,removed,2017,2021,0.359,1,True,low_confidence
oh_4008854_-8295902:c006,oh_4008854_-8295902,Franklin,tennis,pickleball,2013,2015,0.344,,True,low_confidence
oh_4008854_-8295902:c006,oh_4008854_-8295902,Franklin,pickleball,tennis,2015,2017,0.311,1,True,low_confidence;reversion
oh_4008854_-8295902:c006,oh_4008854_-8295902,Franklin,tennis,hybrid,2017,2019,0.311,1,True,low_confidence
oh_4008854_-8295902:c006,oh_4008854_-8295902,Franklin,hybrid,tennis,2021,2023,0.637,1,True,reversion
oh_4008854_-8295902:c010,oh_4008854_-8295902,Franklin,removed,padel,2015,2019,0.275,1,True,low_confidence;reversion
oh_4008854_-8295902:c011,oh_4008854_-8295902,Franklin,pickleball,padel,2015,2019,0.246,1,True,low_confidence
oh_4008854_-8295902:c011,oh_4008854_-8295902,Franklin,padel,hybrid,2019,2021,0.246,1,True,low_confidence
oh_4008854_-8295902:c013,oh_4008854_-8295902,Franklin,hybrid,tennis,2015,2017,0.245,1,True,low_confidence;reversion
oh_4008854_-8295902:c013,oh_4008854_-8295902,Franklin,tennis,hybrid,2017,2019,0.476,1,True,low_confidence
oh_4008854_-8295902:c013,oh_4008854_-8295902,Franklin,hybrid,tennis,2021,2023,0.706,1,True,reversion
oh_4008854_-8295902:c014,oh_4008854_-8295902,Franklin,tennis,pickleball,2011,2015,0.252,1,True,low_confidence
oh_4008854_-8295902:c014,oh_4008854_-8295902,Franklin,pickleball,tennis,2019,2021,0.284,1,True,low_confidence;reversion
oh_4008854_-8295902:c015,oh_4008854_-8295902,Franklin,hybrid,removed,2011,2015,0.5,1,True,low_confidence;inferred_removal
oh_4008854_-8295902:c016,oh_4008854_-8295902,Franklin,tennis,removed,2013,2015,0.686,1,False,
oh_4008873_-8296827:c001,oh_4008873_-8296827,Franklin,tennis,removed,2019,2021,0.418,1,True,low_confidence
oh_4008997_-8310470:c001,oh_4008997_-8310470,Franklin,removed,pickleball,2015,2019,0.341,,True,low_confidence;reversion
oh_4009028_-8302278:c002,oh_4009028_-8302278,Franklin,tennis,hybrid,2011,2013,0.415,1,True,low_confidence
oh_4009028_-8302278:c002,oh_4009028_-8302278,Franklin,hybrid,tennis,2013,2021,0.391,1,True,low_confidence;reversion
oh_4009028_-8302278:c003,oh_4009028_-8302278,Franklin,hybrid,tennis,2013,2021,0.422,1,True,low_confidence;reversion
oh_4009028_-8302278:c004,oh_4009028_-8302278,Franklin,tennis,hybrid,2011,2013,0.622,1,False,
oh_4009028_-8302278:c004,oh_4009028_-8302278,Franklin,hybrid,tennis,2013,2021,0.411,1,True,low_confidence;reversion
oh_4009455_-8301150:c001,oh_4009455_-8301150,Franklin,pickleball,hybrid,2021,2023,0.497,1,True,low_confidence
oh_4009455_-8301150:c004,oh_4009455_-8301150,Franklin,pickleball,tennis,2021,2023,0.358,1,True,low_confidence;reversion
oh_4009521_-8306279:c006,oh_4009521_-8306279,Franklin,hybrid,tennis,2011,2013,0.268,1,True,low_confidence;reversion
oh_4009521_-8306279:c007,oh_4009521_-8306279,Franklin,hybrid,pickleball,2011,2015,0.674,1,False,
oh_4009521_-8306279:c008,oh_4009521_-8306279,Franklin,hybrid,pickleball,2011,2015,0.788,2,False,
oh_4009528_-8296236:c002,oh_4009528_-8296236,Franklin,hybrid,tennis,2015,2017,0.653,1,True,reversion
oh_4009528_-8296236:c002,oh_4009528_-8296236,Franklin,tennis,hybrid,2021,2023,0.516,1,True,low_confidence
oh_4009528_-8296236:c003,oh_4009528_-8296236,Franklin,tennis,hybrid,2011,2015,0.648,1,False,
oh_4009725_-8311951:c002,oh_4009725_-8311951,Franklin,tennis,pickleball,2013,2015,0.376,,True,low_confidence
oh_4009998_-8307758:c001,oh_4009998_-8307758,Franklin,tennis,removed,2015,2019,0.434,1,True,low_confidence
oh_4010065_-8278684:c001,oh_4010065_-8278684,Franklin,hybrid,tennis,2015,2017,0.446,1,True,low_confidence;reversion
oh_4010065_-8278684:c002,oh_4010065_-8278684,Franklin,tennis,hybrid,2019,2021,0.666,1,False,
oh_4010065_-8278684:c002,oh_4010065_-8278684,Franklin,hybrid,tennis,2021,2023,0.572,1,True,low_confidence;reversion
oh_4010080_-8280953:c001,oh_4010080_-8280953,Franklin,removed,pickleball,2019,2021,0.923,1,True,reversion
oh_4010195_-8314136:c001,oh_4010195_-8314136,Franklin,removed,pickleball,2019,2021,0.871,4,True,reversion
oh_4010195_-8314136:c002,oh_4010195_-8314136,Franklin,removed,pickleball,2019,2021,0.718,4,True,reversion
oh_4010215_-8307843:c001,oh_4010215_-8307843,Franklin,removed,tennis,2011,2013,0.43,1,True,low_confidence;reversion
oh_4010215_-8307843:c002,oh_4010215_-8307843,Franklin,tennis,pickleball,2017,2019,0.472,,True,low_confidence
oh_4010890_-8281468:c001,oh_4010890_-8281468,Franklin,removed,pickleball,2019,2021,0.611,1,True,reversion
oh_4010890_-8281468:c002,oh_4010890_-8281468,Franklin,removed,pickleball,2019,2021,0.55,1,True,low_confidence;reversion
oh_4011288_-8072549:c001,oh_4011288_-8072549,Belmont,tennis,hybrid,2020,2021,0.464,1,True,low_confidence
oh_4011288_-8072549:c002,oh_4011288_-8072549,Belmont,tennis,hybrid,2020,2021,0.454,1,True,low_confidence
oh_4011438_-8300446:c001,oh_4011438_-8300446,Franklin,pickleball,removed,2021,2023,0.377,1,True,low_confidence
oh_4011499_-8311449:c001,oh_4011499_-8311449,Franklin,removed,hybrid,2015,2019,0.616,1,True,reversion
oh_4011499_-8311449:c001,oh_4011499_-8311449,Franklin,hybrid,tennis,2019,2021,0.616,1,True,reversion
oh_4011511_-8316645:c002,oh_4011511_-8316645,Franklin,tennis,hybrid,2011,2013,0.857,1,False,
oh_4011511_-8316645:c002,oh_4011511_-8316645,Franklin,hybrid,tennis,2013,2015,0.613,1,True,reversion
oh_4011963_-8302097:c001,oh_4011963_-8302097,Franklin,tennis,hybrid,2017,2019,0.672,1,False,
oh_4011963_-8302097:c002,oh_4011963_-8302097,Franklin,tennis,hybrid,2017,2019,0.667,1,False,
oh_4012167_-8200770:c001,oh_4012167_-8200770,Muskingum,tennis,removed,2021,2023,0.353,1,True,low_confidence
oh_4012167_-8200770:c002,oh_4012167_-8200770,Muskingum,removed,hybrid,2011,2013,0.395,1,True,low_confidence;reversion
oh_4012167_-8200770:c002,oh_4012167_-8200770,Muskingum,hybrid,removed,2019,2021,0.293,1,True,low_confidence
oh_4012225_-8315993:c002,oh_4012225_-8315993,Franklin,tennis,hybrid,2011,2013,0.738,1,False,
oh_4012225_-8315993:c002,oh_4012225_-8315993,Franklin,hybrid,tennis,2015,2017,0.637,1,True,reversion
oh_4012358_-8304591:c004,oh_4012358_-8304591,Franklin,tennis,hybrid,2013,2015,0.369,1,True,low_confidence
oh_4012358_-8304591:c004,oh_4012358_-8304591,Franklin,hybrid,tennis,2015,2017,0.68,1,True,reversion
oh_4012358_-8304591:c005,oh_4012358_-8304591,Franklin,tennis,hybrid,2013,2015,0.345,1,True,low_confidence
oh_4012358_-8304591:c005,oh_4012358_-8304591,Franklin,hybrid,tennis,2015,2017,0.569,1,True,low_confidence;reversion
oh_4012358_-8304591:c006,oh_4012358_-8304591,Franklin,hybrid,tennis,2019,2021,0.743,1,True,reversion
oh_4012358_-8304591:c007,oh_4012358_-8304591,Franklin,hybrid,tennis,2021,2023,0.783,1,True,reversion
oh_4012358_-8304591:c009,oh_4012358_-8304591,Franklin,tennis,removed,2011,2019,0.61,1,False,
oh_4012358_-8304591:c009,oh_4012358_-8304591,Franklin,removed,tennis,2021,2023,0.656,1,True,reversion
oh_4012358_-8304591:c010,oh_4012358_-8304591,Franklin,hybrid,tennis,2021,2023,0.704,1,True,reversion
oh_4012358_-8304591:c011,oh_4012358_-8304591,Franklin,tennis,removed,2021,2023,0.727,1,False,
oh_4012358_-8304591:c012,oh_4012358_-8304591,Franklin,tennis,removed,2021,2023,0.51,1,True,low_confidence
oh_4012358_-8304591:c013,oh_4012358_-8304591,Franklin,hybrid,tennis,2019,2021,0.491,1,True,low_confidence;reversion
oh_4012358_-8304591:c014,oh_4012358_-8304591,Franklin,hybrid,removed,2015,2021,0.607,1,False,
oh_4012358_-8304591:c014,oh_4012358_-8304591,Franklin,removed,tennis,2021,2023,0.9,1,True,reversion
oh_4012358_-8304591:c017,oh_4012358_-8304591,Franklin,hybrid,pickleball,2021,2023,0.38,,True,low_confidence
oh_4012471_-8299859:c001,oh_4012471_-8299859,Franklin,tennis,removed,2015,2019,0.735,1,False,
oh_4012471_-8299859:c002,oh_4012471_-8299859,Franklin,tennis,removed,2015,2019,0.696,1,False,
oh_4012718_-8396400:c001,oh_4012718_-8396400,Champaign,removed,hybrid,2013,2015,0.58,1,True,low_confidence;reversion
oh_4012718_-8396400:c001,oh_4012718_-8396400,Champaign,hybrid,tennis,2015,2017,0.44,1,True,low_confidence;reversion
oh_4012718_-8396400:c001,oh_4012718_-8396400,Champaign,tennis,removed,2017,2019,0.44,1,True,low_confidence
oh_4012997_-8301989:c001,oh_4012997_-8301989,Franklin,tennis,removed,2021,2023,0.695,1,False,
oh_4013072_-8443031:c001,oh_4013072_-8443031,Miami,tennis,removed,2017,2019,0.849,1,False,
oh_4013375_-8317393:c001,oh_4013375_-8317393,Union,tennis,hybrid,2011,2013,0.822,1,False,
oh_4013375_-8317393:c001,oh_4013375_-8317393,Union,hybrid,tennis,2013,2015,0.558,1,True,low_confidence;reversion
oh_4013375_-8317393:c003,oh_4013375_-8317393,Union,tennis,hybrid,2011,2013,0.832,1,False,
oh_4013375_-8317393:c003,oh_4013375_-8317393,Union,hybrid,tennis,2013,2015,0.419,1,True,low_confidence;reversion
oh_4013375_-8317393:c004,oh_4013375_-8317393,Union,tennis,hybrid,2011,2013,0.763,1,False,
oh_4013375_-8317393:c004,oh_4013375_-8317393,Union,hybrid,tennis,2013,2015,0.685,1,True,reversion
oh_4013375_-8317393:c005,oh_4013375_-8317393,Union,tennis,hybrid,2011,2013,0.749,1,False,
oh_4013375_-8317393:c005,oh_4013375_-8317393,Union,hybrid,tennis,2013,2015,0.759,1,True,reversion
oh_4013392_-8289608:c002,oh_4013392_-8289608,Delaware,tennis,hybrid,2011,2013,0.471,1,True,low_confidence
oh_4013392_-8289608:c002,oh_4013392_-8289608,Delaware,hybrid,tennis,2013,2015,0.384,1,True,low_confidence;reversion
oh_4013392_-8289608:c003,oh_4013392_-8289608,Delaware,tennis,hybrid,2011,2013,0.502,1,True,low_confidence
oh_4013392_-8289608:c003,oh_4013392_-8289608,Delaware,hybrid,tennis,2013,2015,0.417,1,True,low_confidence;reversion
oh_4013392_-8289608:c004,oh_4013392_-8289608,Delaware,tennis,hybrid,2011,2013,0.393,1,True,low_confidence
oh_4013392_-8289608:c004,oh_4013392_-8289608,Delaware,hybrid,tennis,2015,2017,0.671,1,True,reversion
oh_4013865_-8312542:c001,oh_4013865_-8312542,Franklin,hybrid,tennis,2011,2013,0.325,1,True,low_confidence;reversion
oh_4014002_-8315442:c001,oh_4014002_-8315442,Franklin,tennis,hybrid,2011,2013,0.645,1,False,
oh_4014002_-8315442:c001,oh_4014002_-8315442,Franklin,hybrid,removed,2013,2015,0.477,1,True,low_confidence
oh_4014002_-8315442:c002,oh_4014002_-8315442,Franklin,tennis,removed,2021,2023,0.447,1,True,low_confidence
oh_4014002_-8315442:c003,oh_4014002_-8315442,Franklin,tennis,removed,2019,2021,0.303,1,True,low_confidence
oh_4014002_-8315442:c004,oh_4014002_-8315442,Franklin,tennis,hybrid,2013,2015,0.352,1,True,low_confidence
oh_4014002_-8315442:c004,oh_4014002_-8315442,Franklin,hybrid,tennis,2015,2019,0.622,1,True,reversion
oh_4014002_-8315442:c005,oh_4014002_-8315442,Franklin,tennis,hybrid,2019,2021,0.673,1,False,
oh_4014002_-8315442:c006,oh_4014002_-8315442,Franklin,tennis,hybrid,2019,2021,0.386,1,True,low_confidence
oh_4014002_-8315442:c007,oh_4014002_-8315442,Franklin,tennis,hybrid,2019,2021,0.311,1,True,low_confidence
oh_4014362_-8106914:c001,oh_4014362_-8106914,Belmont,removed,tennis,2013,2015,0.379,1,True,low_confidence;reversion
oh_4014363_-8316438:c001,oh_4014363_-8316438,Delaware,tennis,pickleball,2015,2019,0.351,,True,low_confidence
oh_4014363_-8316438:c001,oh_4014363_-8316438,Delaware,pickleball,tennis,2019,2021,0.573,1,True,low_confidence;reversion
oh_4014363_-8316438:c002,oh_4014363_-8316438,Delaware,tennis,hybrid,2011,2013,0.309,1,True,low_confidence
oh_4014363_-8316438:c002,oh_4014363_-8316438,Delaware,hybrid,tennis,2013,2015,0.241,1,True,low_confidence;reversion
oh_4014669_-8318005:c001,oh_4014669_-8318005,Union,tennis,hybrid,2021,2023,0.484,1,True,low_confidence
oh_4014986_-8286072:c001,oh_4014986_-8286072,Delaware,removed,tennis,2011,2015,0.34,1,True,low_confidence;reversion
oh_4015267_-8289027:c001,oh_4015267_-8289027,Delaware,removed,pickleball,2021,2023,0.888,,True,reversion
oh_4015297_-8314204:c001,oh_4015297_-8314204,Delaware,tennis,hybrid,2011,2013,0.733,1,False,
oh_4015297_-8314204:c001,oh_4015297_-8314204,Delaware,hybrid,tennis,2013,2015,0.382,1,True,low_confidence;reversion
oh_4015297_-8314204:c002,oh_4015297_-8314204,Delaware,tennis,hybrid,2011,2013,0.625,1,False,
oh_4015297_-8314204:c002,oh_4015297_-8314204,Delaware,hybrid,tennis,2015,2017,0.395,1,True,low_confidence;reversion
oh_4015297_-8314204:c004,oh_4015297_-8314204,Delaware,tennis,hybrid,2011,2013,0.735,1,False,
oh_4015297_-8314204:c004,oh_4015297_-8314204,Delaware,hybrid,tennis,2013,2015,0.456,1,True,low_confidence;reversion
oh_4015297_-8314204:c005,oh_4015297_-8314204,Delaware,tennis,hybrid,2011,2013,0.741,1,False,
oh_4015297_-8314204:c005,oh_4015297_-8314204,Delaware,hybrid,tennis,2017,2019,0.428,1,True,low_confidence;reversion
oh_4015297_-8314204:c006,oh_4015297_-8314204,Delaware,tennis,hybrid,2011,2013,0.615,1,False,
oh_4015297_-8314204:c006,oh_4015297_-8314204,Delaware,hybrid,tennis,2015,2017,0.501,1,True,low_confidence;reversion
oh_4015333_-8290595:c003,oh_4015333_-8290595,Delaware,tennis,removed,2021,2023,0.532,1,True,low_confidence
oh_4015629_-8309838:c001,oh_4015629_-8309838,Delaware,hybrid,tennis,2011,2015,0.824,1,True,reversion
oh_4015629_-8309838:c003,oh_4015629_-8309838,Delaware,hybrid,tennis,2015,2017,0.491,1,True,low_confidence;reversion
oh_4015629_-8309838:c003,oh_4015629_-8309838,Delaware,tennis,hybrid,2017,2019,0.461,1,True,low_confidence
oh_4015629_-8309838:c003,oh_4015629_-8309838,Delaware,hybrid,tennis,2019,2021,0.456,1,True,low_confidence;reversion
oh_4015629_-8309838:c005,oh_4015629_-8309838,Delaware,tennis,hybrid,2019,2021,0.491,1,True,low_confidence
oh_4015629_-8309838:c005,oh_4015629_-8309838,Delaware,hybrid,removed,2021,2023,0.457,1,True,low_confidence
oh_4015629_-8309838:c006,oh_4015629_-8309838,Delaware,hybrid,tennis,2011,2015,0.519,1,True,low_confidence;reversion
oh_4015701_-8310016:c001,oh_4015701_-8310016,Delaware,tennis,removed,2017,2019,0.582,1,True,low_confidence
oh_4015701_-8310016:c001,oh_4015701_-8310016,Delaware,removed,tennis,2021,2023,0.581,1,True,low_confidence;reversion
oh_4015701_-8310016:c002,oh_4015701_-8310016,Delaware,removed,pickleball,2013,2015,0.593,,True,low_confidence;reversion
oh_4015701_-8310016:c002,oh_4015701_-8310016,Delaware,pickleball,removed,2017,2019,0.544,1,True,low_confidence
oh_4015701_-8310016:c002,oh_4015701_-8310016,Delaware,removed,pickleball,2021,2023,0.578,,True,low_confidence;reversion
oh_4015701_-8310016:c003,oh_4015701_-8310016,Delaware,removed,pickleball,2013,2015,0.656,,True,reversion
oh_4015701_-8310016:c003,oh_4015701_-8310016,Delaware,pickleball,removed,2017,2019,0.746,1,False,
oh_4015701_-8310016:c003,oh_4015701_-8310016,Delaware,removed,pickleball,2021,2023,0.861,,True,reversion
oh_4015701_-8310016:c004,oh_4015701_-8310016,Delaware,removed,pickleball,2011,2015,0.683,,True,reversion
oh_4015701_-8310016:c004,oh_4015701_-8310016,Delaware,pickleball,removed,2017,2019,0.725,1,False,
oh_4015715_-8306270:c002,oh_4015715_-8306270,Delaware,tennis,hybrid,2011,2013,0.708,1,False,
oh_4015715_-8306270:c002,oh_4015715_-8306270,Delaware,hybrid,tennis,2013,2015,0.767,1,True,reversion
oh_4015790_-8420789:c002,oh_4015790_-8420789,Miami,tennis,removed,2017,2019,0.349,1,True,low_confidence
oh_4015790_-8420789:c004,oh_4015790_-8420789,Miami,tennis,removed,2011,2017,0.349,1,True,low_confidence
oh_4015790_-8420789:c004,oh_4015790_-8420789,Miami,removed,tennis,2017,2019,0.391,1,True,low_confidence;reversion
oh_4015790_-8420789:c005,oh_4015790_-8420789,Miami,tennis,removed,2011,2017,0.42,1,True,low_confidence
oh_4015790_-8420789:c006,oh_4015790_-8420789,Miami,tennis,removed,2021,2023,0.435,1,True,low_confidence
oh_4016068_-8425909:c002,oh_4016068_-8425909,Miami,removed,tennis,2017,2019,0.585,1,True,low_confidence;reversion
oh_4016107_-8426963:c001,oh_4016107_-8426963,Miami,tennis,removed,2011,2021,0.427,1,True,low_confidence
oh_4016557_-8070325:c001,oh_4016557_-8070325,Jefferson,tennis,removed,2015,2016,0.319,1,True,low_confidence
oh_4016557_-8070325:c001,oh_4016557_-8070325,Jefferson,removed,hybrid,2019,2020,0.303,1,True,low_confidence;reversion
oh_4016557_-8070325:c001,oh_4016557_-8070325,Jefferson,hybrid,tennis,2020,2021,0.308,1,True,low_confidence;reversion
oh_4016736_-8294557:c001,oh_4016736_-8294557,Delaware,hybrid,tennis,2011,2013,0.46,1,True,low_confidence;reversion
oh_4016736_-8294557:c002,oh_4016736_-8294557,Delaware,tennis,removed,2021,2023,0.364,1,True,low_confidence
oh_4016736_-8294557:c003,oh_4016736_-8294557,Delaware,tennis,pickleball,2021,2023,0.406,1,True,low_confidence
oh_4016736_-8294557:c005,oh_4016736_-8294557,Delaware,hybrid,tennis,2011,2013,0.462,1,True,low_confidence;reversion
oh_4016736_-8294557:c005,oh_4016736_-8294557,Delaware,tennis,hybrid,2017,2019,0.567,1,True,low_confidence
oh_4016736_-8294557:c005,oh_4016736_-8294557,Delaware,hybrid,tennis,2021,2023,0.567,1,True,low_confidence;reversion
oh_4016736_-8294557:c006,oh_4016736_-8294557,Delaware,removed,tennis,2011,2017,0.578,1,True,low_confidence;reversion
oh_4016736_-8294557:c007,oh_4016736_-8294557,Delaware,pickleball,hybrid,2015,2019,0.326,1,True,low_confidence
oh_4016736_-8294557:c008,oh_4016736_-8294557,Delaware,pickleball,hybrid,2011,2019,0.49,1,True,low_confidence
oh_4016767_-8318991:c001,oh_4016767_-8318991,Union,removed,pickleball,2015,2019,0.439,,True,low_confidence;reversion
oh_4016930_-8291218:c001,oh_4016930_-8291218,Delaware,tennis,hybrid,2011,2013,0.775,1,False,
oh_4016930_-8291218:c001,oh_4016930_-8291218,Delaware,hybrid,tennis,2013,2015,0.449,1,True,low_confidence;reversion
oh_4016930_-8291218:c001,oh_4016930_-8291218,Delaware,tennis,hybrid,2021,2023,0.759,1,False,
oh_4017012_-8289129:c001,oh_4017012_-8289129,Delaware,hybrid,removed,2011,2023,0.492,1,True,low_confidence
oh_4017012_-8289129:c002,oh_4017012_-8289129,Delaware,hybrid,tennis,2015,2019,0.444,1,True,low_confidence;reversion
oh_4017012_-8289129:c005,oh_4017012_-8289129,Delaware,hybrid,tennis,2013,2015,0.41,1,True,low_confidence;reversion
oh_4017083_-8298267:c001,oh_4017083_-8298267,Delaware,removed,tennis,2017,2019,0.892,1,True,reversion
oh_4017083_-8298267:c002,oh_4017083_-8298267,Delaware,tennis,removed,2011,2013,0.637,1,False,
oh_4017083_-8298267:c002,oh_4017083_-8298267,Delaware,removed,tennis,2017,2019,0.885,1,True,reversion
oh_4017083_-8298267:c003,oh_4017083_-8298267,Delaware,tennis,removed,2011,2013,0.396,1,True,low_confidence
oh_4017083_-8298267:c003,oh_4017083_-8298267,Delaware,removed,tennis,2017,2019,0.859,1,True,reversion
oh_4017083_-8298267:c004,oh_4017083_-8298267,Delaware,tennis,removed,2011,2013,0.495,1,True,low_confidence
oh_4017083_-8298267:c004,oh_4017083_-8298267,Delaware,removed,tennis,2017,2019,0.861,1,True,reversion
oh_4017083_-8298267:c005,oh_4017083_-8298267,Delaware,tennis,removed,2011,2013,0.343,1,True,low_confidence
oh_4017083_-8298267:c005,oh_4017083_-8298267,Delaware,removed,tennis,2017,2019,0.865,1,True,reversion
oh_4017083_-8298267:c006,oh_4017083_-8298267,Delaware,tennis,removed,2011,2013,0.435,1,True,low_confidence
oh_4017083_-8298267:c006,oh_4017083_-8298267,Delaware,removed,tennis,2017,2019,0.924,1,True,reversion
oh_4017083_-8298267:c007,oh_4017083_-8298267,Delaware,removed,tennis,2017,2019,0.914,1,True,reversion
oh_4017083_-8298267:c008,oh_4017083_-8298267,Delaware,removed,tennis,2017,2019,0.922,1,True,reversion
oh_4018250_-8336098:c001,oh_4018250_-8336098,Union,tennis,hybrid,2017,2019,0.655,1,False,
oh_4018250_-8336098:c001,oh_4018250_-8336098,Union,hybrid,tennis,2021,2023,0.473,1,True,low_confidence;reversion
oh_4018256_-8427901:c001,oh_4018256_-8427901,Miami,tennis,pickleball,2021,2023,0.803,,False,
oh_4018359_-8319694:c001,oh_4018359_-8319694,Union,removed,tennis,2019,2021,0.439,1,True,low_confidence;reversion
oh_4018359_-8319694:c002,oh_4018359_-8319694,Union,removed,tennis,2019,2021,0.678,1,True,reversion
oh_4018857_-8148542:c001,oh_4018857_-8148542,Guernsey,tennis,removed,2011,2013,0.603,1,False,
oh_4018857_-8148542:c001,oh_4018857_-8148542,Guernsey,removed,tennis,2015,2017,0.654,1,True,reversion
oh_4019547_-8420356:c001,oh_4019547_-8420356,Shelby,tennis,removed,2015,2017,0.461,1,True,low_confidence
oh_4019594_-8424982:c001,oh_4019594_-8424982,Miami,tennis,removed,2015,2017,0.42,1,True,low_confidence
oh_4019594_-8424982:c001,oh_4019594_-8424982,Miami,removed,tennis,2021,2023,0.426,1,True,low_confidence;reversion
oh_4019661_-8308176:c001,oh_4019661_-8308176,Delaware,removed,pickleball,2021,2023,0.639,1,True,reversion
oh_4020139_-8302240:c001,oh_4020139_-8302240,Delaware,tennis,hybrid,2011,2013,0.773,1,False,
oh_4020139_-8302240:c001,oh_4020139_-8302240,Delaware,hybrid,tennis,2013,2015,0.652,1,True,reversion
oh_4020139_-8302240:c002,oh_4020139_-8302240,Delaware,tennis,hybrid,2011,2013,0.792,1,False,
oh_4020139_-8302240:c002,oh_4020139_-8302240,Delaware,hybrid,tennis,2013,2015,0.701,1,True,reversion
oh_4020139_-8302240:c004,oh_4020139_-8302240,Delaware,tennis,hybrid,2011,2013,0.867,1,False,
oh_4020139_-8302240:c004,oh_4020139_-8302240,Delaware,hybrid,tennis,2013,2015,0.637,1,True,reversion
oh_4020139_-8302240:c006,oh_4020139_-8302240,Delaware,tennis,hybrid,2011,2013,0.764,1,False,
oh_4020139_-8302240:c006,oh_4020139_-8302240,Delaware,hybrid,tennis,2013,2015,0.567,1,True,low_confidence;reversion
oh_4020139_-8302240:c007,oh_4020139_-8302240,Delaware,tennis,hybrid,2011,2013,0.817,1,False,
oh_4020139_-8302240:c007,oh_4020139_-8302240,Delaware,hybrid,tennis,2013,2015,0.57,1,True,low_confidence;reversion
oh_4021895_-8447977:c001,oh_4021895_-8447977,Darke,tennis,pickleball,2017,2019,0.466,,True,low_confidence
oh_4021895_-8447977:c001,oh_4021895_-8447977,Darke,pickleball,removed,2019,2021,0.466,1,True,low_confidence
oh_4021895_-8447977:c002,oh_4021895_-8447977,Darke,tennis,hybrid,2017,2019,0.703,1,False,
oh_4021895_-8447977:c002,oh_4021895_-8447977,Darke,hybrid,removed,2019,2021,0.664,1,False,
oh_4023139_-8298674:c001,oh_4023139_-8298674,Delaware,tennis,hybrid,2019,2021,0.417,1,True,low_confidence
oh_4023156_-8336340:c001,oh_4023156_-8336340,Union,tennis,hybrid,2011,2013,0.613,1,False,
oh_4023156_-8336340:c001,oh_4023156_-8336340,Union,hybrid,tennis,2013,2015,0.395,1,True,low_confidence;reversion
oh_4023496_-8285642:c003,oh_4023496_-8285642,Delaware,tennis,hybrid,2011,2013,0.848,1,False,
oh_4023496_-8285642:c003,oh_4023496_-8285642,Delaware,hybrid,tennis,2013,2015,0.727,1,True,reversion
oh_4023553_-8338849:c001,oh_4023553_-8338849,Union,removed,pickleball,2019,2023,0.784,1,True,reversion
oh_4023553_-8338849:c002,oh_4023553_-8338849,Union,removed,pickleball,2019,2023,0.604,1,True,reversion
oh_4024636_-8288220:c002,oh_4024636_-8288220,Delaware,tennis,hybrid,2019,2021,0.577,1,True,low_confidence
oh_4024636_-8288220:c002,oh_4024636_-8288220,Delaware,hybrid,tennis,2021,2023,0.731,1,True,reversion
oh_4024636_-8288220:c003,oh_4024636_-8288220,Delaware,tennis,hybrid,2017,2019,0.577,1,True,low_confidence
oh_4024636_-8288220:c003,oh_4024636_-8288220,Delaware,hybrid,tennis,2021,2023,0.652,1,True,reversion
oh_4024636_-8288220:c004,oh_4024636_-8288220,Delaware,tennis,hybrid,2017,2019,0.546,1,True,low_confidence
oh_4025227_-8300360:c001,oh_4025227_-8300360,Delaware,removed,tennis,2017,2019,0.837,1,True,reversion
oh_4025227_-8300360:c002,oh_4025227_-8300360,Delaware,removed,tennis,2017,2019,0.853,1,True,reversion
oh_4025227_-8300360:c003,oh_4025227_-8300360,Delaware,removed,tennis,2017,2019,0.885,1,True,reversion
oh_4025227_-8300360:c004,oh_4025227_-8300360,Delaware,removed,tennis,2017,2019,0.856,1,True,reversion
oh_4025227_-8300360:c005,oh_4025227_-8300360,Delaware,removed,tennis,2015,2017,0.374,1,True,low_confidence;reversion
oh_4025227_-8300360:c006,oh_4025227_-8300360,Delaware,removed,tennis,2015,2017,0.392,1,True,low_confidence;reversion
oh_4025227_-8300360:c007,oh_4025227_-8300360,Delaware,removed,tennis,2015,2017,0.394,1,True,low_confidence;reversion
oh_4025227_-8300360:c008,oh_4025227_-8300360,Delaware,removed,tennis,2015,2017,0.371,1,True,low_confidence;reversion
oh_4025241_-8185697:c001,oh_4025241_-8185697,Coshocton,removed,pickleball,2011,2021,0.537,2,True,low_confidence;reversion
oh_4026125_-8063389:c001,oh_4026125_-8063389,Jefferson,tennis,hybrid,2015,2016,0.335,1,True,low_confidence
oh_4026125_-8063389:c001,oh_4026125_-8063389,Jefferson,hybrid,tennis,2016,2017,0.659,1,True,reversion
oh_4026125_-8063389:c001,oh_4026125_-8063389,Jefferson,tennis,hybrid,2019,2020,0.445,1,True,low_confidence
oh_4026125_-8063389:c001,oh_4026125_-8063389,Jefferson,hybrid,tennis,2021,2022,0.489,1,True,low_confidence;reversion
oh_4026429_-8100509:c001,oh_4026429_-8100509,Harrison,removed,tennis,2015,2017,0.353,1,True,low_confidence;reversion
oh_4026429_-8100509:c001,oh_4026429_-8100509,Harrison,tennis,removed,2019,2021,0.432,1,True,low_confidence
oh_4026429_-8100509:c001,oh_4026429_-8100509,Harrison,removed,hybrid,2021,2023,0.375,1,True,low_confidence;reversion
oh_4026429_-8100509:c002,oh_4026429_-8100509,Harrison,removed,tennis,2015,2017,0.289,1,True,low_confidence;reversion
oh_4026429_-8100509:c002,oh_4026429_-8100509,Harrison,tennis,removed,2019,2023,0.528,1,True,low_confidence
oh_4026455_-8287391:c001,oh_4026455_-8287391,Delaware,removed,tennis,2021,2023,0.589,1,True,low_confidence;reversion
oh_4026455_-8287391:c002,oh_4026455_-8287391,Delaware,removed,tennis,2021,2023,0.768,1,True,reversion
oh_4026455_-8287391:c003,oh_4026455_-8287391,Delaware,removed,tennis,2021,2023,0.842,1,True,reversion
oh_4026455_-8287391:c004,oh_4026455_-8287391,Delaware,removed,tennis,2021,2023,0.854,1,True,reversion
oh_4026455_-8287391:c005,oh_4026455_-8287391,Delaware,removed,tennis,2021,2023,0.628,1,True,reversion
oh_4027484_-8184106:c001,oh_4027484_-8184106,Coshocton,tennis,removed,2011,2017,0.313,1,True,low_confidence
oh_4027484_-8184106:c001,oh_4027484_-8184106,Coshocton,removed,pickleball,2017,2021,0.444,,True,low_confidence;reversion
oh_4027484_-8184106:c003,oh_4027484_-8184106,Coshocton,tennis,hybrid,2011,2015,0.362,1,True,low_confidence
oh_4027484_-8184106:c003,oh_4027484_-8184106,Coshocton,hybrid,pickleball,2015,2021,0.362,1,True,low_confidence
oh_4027484_-8184106:c004,oh_4027484_-8184106,Coshocton,tennis,pickleball,2011,2021,0.541,2,True,low_confidence
oh_4029278_-8306518:c002,oh_4029278_-8306518,Delaware,tennis,hybrid,2019,2021,0.395,1,True,low_confidence
oh_4029278_-8306518:c003,oh_4029278_-8306518,Delaware,tennis,hybrid,2017,2019,0.615,1,False,
oh_4029278_-8306518:c003,oh_4029278_-8306518,Delaware,hybrid,tennis,2019,2021,0.476,1,True,low_confidence;reversion
oh_4029278_-8306518:c004,oh_4029278_-8306518,Delaware,tennis,removed,2015,2017,0.582,1,True,low_confidence
oh_4029278_-8306518:c004,oh_4029278_-8306518,Delaware,removed,hybrid,2017,2019,0.592,1,True,low_confidence;reversion
oh_4029278_-8306518:c004,oh_4029278_-8306518,Delaware,hybrid,tennis,2019,2021,0.435,1,True,low_confidence;reversion
oh_4029278_-8306518:c005,oh_4029278_-8306518,Delaware,tennis,hybrid,2015,2017,0.325,1,True,low_confidence
oh_4029278_-8306518:c005,oh_4029278_-8306518,Delaware,hybrid,tennis,2021,2023,0.352,1,True,low_confidence;reversion
oh_4029278_-8306518:c006,oh_4029278_-8306518,Delaware,tennis,hybrid,2017,2019,0.579,1,True,low_confidence
oh_4029278_-8306518:c006,oh_4029278_-8306518,Delaware,hybrid,tennis,2019,2021,0.311,1,True,low_confidence;reversion
oh_4029381_-8306404:c002,oh_4029381_-8306404,Delaware,tennis,hybrid,2011,2013,0.649,1,False,
oh_4029381_-8306404:c002,oh_4029381_-8306404,Delaware,hybrid,tennis,2013,2015,0.583,1,True,low_confidence;reversion
oh_4030029_-8307924:c001,oh_4030029_-8307924,Delaware,pickleball,removed,2011,2015,0.478,1,True,low_confidence
oh_4030029_-8307924:c001,oh_4030029_-8307924,Delaware,removed,pickleball,2015,2019,0.459,1,True,low_confidence;reversion
oh_4030029_-8307924:c002,oh_4030029_-8307924,Delaware,tennis,removed,2011,2015,0.498,1,True,low_confidence
oh_4030029_-8307924:c002,oh_4030029_-8307924,Delaware,removed,pickleball,2015,2019,0.419,1,True,low_confidence;reversion
oh_4030506_-8352527:c001,oh_4030506_-8352527,Union,removed,tennis,2017,2019,0.894,1,True,reversion
oh_4030681_-8308177:c001,oh_4030681_-8308177,Delaware,removed,tennis,2013,2017,0.917,1,True,reversion
oh_4030681_-8308177:c002,oh_4030681_-8308177,Delaware,removed,tennis,2013,2017,0.892,1,True,reversion
oh_4030681_-8308177:c003,oh_4030681_-8308177,Delaware,removed,tennis,2013,2017,0.936,1,True,reversion
oh_4030681_-8308177:c004,oh_4030681_-8308177,Delaware,removed,tennis,2015,2017,0.93,1,True,reversion
oh_4030681_-8308177:c005,oh_4030681_-8308177,Delaware,removed,tennis,2015,2017,0.913,1,True,reversion
oh_4030681_-8308177:c006,oh_4030681_-8308177,Delaware,removed,tennis,2013,2017,0.927,1,True,reversion
oh_4030681_-8308177:c007,oh_4030681_-8308177,Delaware,removed,tennis,2013,2017,0.928,1,True,reversion
oh_4030681_-8308177:c008,oh_4030681_-8308177,Delaware,removed,tennis,2015,2017,0.427,1,True,low_confidence;reversion
oh_4031252_-8414912:c001,oh_4031252_-8414912,Shelby,removed,tennis,2011,2015,0.607,1,True,reversion
oh_4031252_-8414912:c001,oh_4031252_-8414912,Shelby,tennis,removed,2017,2019,0.545,1,True,low_confidence
oh_4031437_-8417275:c007,oh_4031437_-8417275,Shelby,tennis,hybrid,2011,2013,0.568,1,True,low_confidence
oh_4031437_-8417275:c007,oh_4031437_-8417275,Shelby,hybrid,pickleball,2013,2015,0.434,,True,low_confidence
oh_4031437_-8417275:c007,oh_4031437_-8417275,Shelby,pickleball,tennis,2015,2017,0.401,1,True,low_confidence;reversion
oh_4031437_-8417275:c008,oh_4031437_-8417275,Shelby,tennis,pickleball,2017,2019,0.281,,True,low_confidence
oh_4031437_-8417275:c008,oh_4031437_-8417275,Shelby,pickleball,tennis,2021,2023,0.394,1,True,low_confidence;reversion
oh_4031437_-8417275:c009,oh_4031437_-8417275,Shelby,tennis,pickleball,2013,2015,0.441,,True,low_confidence
oh_4031437_-8417275:c009,oh_4031437_-8417275,Shelby,pickleball,tennis,2021,2023,0.356,1,True,low_confidence;reversion
oh_4031437_-8417275:c010,oh_4031437_-8417275,Shelby,tennis,pickleball,2013,2015,0.374,,True,low_confidence
oh_4031437_-8417275:c010,oh_4031437_-8417275,Shelby,pickleball,tennis,2019,2021,0.324,1,True,low_confidence;reversion
oh_4031437_-8417275:c011,oh_4031437_-8417275,Shelby,pickleball,tennis,2011,2013,0.345,1,True,low_confidence;reversion
oh_4031437_-8417275:c011,oh_4031437_-8417275,Shelby,tennis,pickleball,2017,2019,0.406,,True,low_confidence
oh_4031437_-8417275:c011,oh_4031437_-8417275,Shelby,pickleball,tennis,2019,2021,0.433,1,True,low_confidence;reversion
oh_4031437_-8417275:c012,oh_4031437_-8417275,Shelby,tennis,pickleball,2015,2017,0.347,1,True,low_confidence
oh_4031437_-8417275:c012,oh_4031437_-8417275,Shelby,pickleball,tennis,2021,2023,0.389,1,True,low_confidence;reversion
oh_4031837_-8118689:c001,oh_4031837_-8118689,Harrison,pickleball,removed,2011,2017,0.637,1,False,
oh_4031837_-8118689:c001,oh_4031837_-8118689,Harrison,removed,pickleball,2017,2019,0.481,,True,low_confidence;reversion
oh_4032632_-8309865:c003,oh_4032632_-8309865,Delaware,tennis,hybrid,2021,2023,0.493,1,True,low_confidence
oh_4032834_-8061690:c001,oh_4032834_-8061690,Jefferson,tennis,hybrid,2011,2016,0.617,1,False,
oh_4032834_-8061690:c002,oh_4032834_-8061690,Jefferson,tennis,hybrid,2011,2015,0.641,1,False,
oh_4032834_-8061690:c002,oh_4032834_-8061690,Jefferson,hybrid,tennis,2017,2018,0.594,1,True,low_confidence;reversion
oh_4032834_-8061690:c002,oh_4032834_-8061690,Jefferson,tennis,hybrid,2021,2022,0.45,1,True,low_confidence
oh_4033545_-8199940:c001,oh_4033545_-8199940,Coshocton,tennis,removed,2019,2021,0.485,1,True,low_confidence
oh_4034573_-8308867:c001,oh_4034573_-8308867,Delaware,removed,tennis,2021,2023,0.885,1,True,reversion
oh_4034573_-8308867:c002,oh_4034573_-8308867,Delaware,removed,tennis,2021,2023,0.815,1,True,reversion
oh_4034573_-8308867:c003,oh_4034573_-8308867,Delaware,removed,tennis,2021,2023,0.838,1,True,reversion
oh_4034573_-8308867:c004,oh_4034573_-8308867,Delaware,removed,tennis,2021,2023,0.843,1,True,reversion
oh_4034573_-8308867:c005,oh_4034573_-8308867,Delaware,removed,tennis,2021,2023,0.822,1,True,reversion
oh_4034798_-8437284:c001,oh_4034798_-8437284,Shelby,tennis,pickleball,2013,2015,0.618,,False,
oh_4034798_-8437284:c001,oh_4034798_-8437284,Shelby,pickleball,tennis,2017,2019,0.548,1,True,low_confidence;reversion
oh_4034798_-8437284:c001,oh_4034798_-8437284,Shelby,tennis,removed,2021,2023,0.386,1,True,low_confidence
oh_4034798_-8437284:c002,oh_4034798_-8437284,Shelby,tennis,pickleball,2013,2015,0.474,,True,low_confidence
oh_4034798_-8437284:c002,oh_4034798_-8437284,Shelby,pickleball,removed,2021,2023,0.574,1,True,low_confidence
oh_4034918_-8375428:c001,oh_4034918_-8375428,Logan,tennis,hybrid,2015,2017,0.58,1,True,low_confidence
oh_4034918_-8375428:c001,oh_4034918_-8375428,Logan,hybrid,tennis,2019,2021,0.562,1,True,low_confidence;reversion
oh_4034918_-8375428:c002,oh_4034918_-8375428,Logan,hybrid,tennis,2015,2017,0.351,1,True,low_confidence;reversion
oh_4034918_-8375428:c003,oh_4034918_-8375428,Logan,hybrid,tennis,2017,2019,0.422,1,True,low_confidence;reversion
oh_4034918_-8375428:c004,oh_4034918_-8375428,Logan,hybrid,tennis,2015,2017,0.318,1,True,low_confidence;reversion
oh_4035018_-8309016:c001,oh_4035018_-8309016,Delaware,tennis,removed,2019,2021,0.846,1,False,
oh_4035018_-8309016:c002,oh_4035018_-8309016,Delaware,hybrid,tennis,2013,2015,0.68,1,True,reversion
oh_4035018_-8309016:c003,oh_4035018_-8309016,Delaware,hybrid,tennis,2013,2015,0.656,1,True,reversion
oh_4035018_-8309016:c004,oh_4035018_-8309016,Delaware,hybrid,tennis,2013,2015,0.672,1,True,reversion
oh_4035018_-8309016:c004,oh_4035018_-8309016,Delaware,tennis,removed,2019,2021,0.841,1,False,
oh_4035018_-8309016:c005,oh_4035018_-8309016,Delaware,hybrid,tennis,2013,2015,0.699,1,True,reversion
oh_4035018_-8309016:c005,oh_4035018_-8309016,Delaware,tennis,removed,2019,2021,0.503,1,True,low_confidence
oh_4036432_-8067731:c001,oh_4036432_-8067731,Jefferson,removed,tennis,2011,2013,0.776,1,True,reversion
oh_4036432_-8067731:c001,oh_4036432_-8067731,Jefferson,tennis,removed,2017,2021,0.545,1,True,low_confidence
oh_4036432_-8067731:c002,oh_4036432_-8067731,Jefferson,tennis,removed,2017,2019,0.494,1,True,low_confidence
oh_4036568_-8143019:c001,oh_4036568_-8143019,Tuscarawas,hybrid,removed,2011,2015,0.708,1,False,
oh_4036568_-8143019:c002,oh_4036568_-8143019,Tuscarawas,tennis,removed,2011,2017,0.561,1,True,low_confidence
oh_4036671_-8374967:c004,oh_4036671_-8374967,Logan,hybrid,pickleball,2015,2017,0.556,2,True,low_confidence
oh_4036916_-8239076:c002,oh_4036916_-8239076,Knox,tennis,hybrid,2011,2013,0.872,1,False,
oh_4036916_-8239076:c002,oh_4036916_-8239076,Knox,hybrid,tennis,2013,2015,0.758,1,True,reversion
oh_4036916_-8239076:c003,oh_4036916_-8239076,Knox,tennis,hybrid,2011,2013,0.723,1,False,
oh_4036916_-8239076:c003,oh_4036916_-8239076,Knox,hybrid,tennis,2013,2015,0.723,1,True,reversion
oh_4036916_-8239076:c004,oh_4036916_-8239076,Knox,tennis,hybrid,2011,2013,0.76,1,False,
oh_4036916_-8239076:c004,oh_4036916_-8239076,Knox,hybrid,tennis,2013,2015,0.775,1,True,reversion
oh_4036916_-8239076:c005,oh_4036916_-8239076,Knox,tennis,hybrid,2011,2013,0.765,1,False,
oh_4036916_-8239076:c005,oh_4036916_-8239076,Knox,hybrid,tennis,2013,2015,0.764,1,True,reversion
oh_4036916_-8239076:c008,oh_4036916_-8239076,Knox,tennis,hybrid,2011,2013,0.673,1,False,
oh_4036916_-8239076:c008,oh_4036916_-8239076,Knox,hybrid,tennis,2013,2015,0.676,1,True,reversion
oh_4036916_-8239076:c010,oh_4036916_-8239076,Knox,tennis,hybrid,2011,2013,0.696,1,False,
oh_4036916_-8239076:c010,oh_4036916_-8239076,Knox,hybrid,tennis,2013,2015,0.655,1,True,reversion
oh_4036916_-8239076:c011,oh_4036916_-8239076,Knox,tennis,hybrid,2011,2013,0.715,1,False,
oh_4036916_-8239076:c011,oh_4036916_-8239076,Knox,hybrid,tennis,2013,2015,0.73,1,True,reversion
oh_4037061_-8247955:c001,oh_4037061_-8247955,Knox,removed,tennis,2015,2017,0.392,1,True,low_confidence;reversion
oh_4037061_-8247955:c002,oh_4037061_-8247955,Knox,removed,tennis,2015,2017,0.548,1,True,low_confidence;reversion
oh_4037061_-8247955:c003,oh_4037061_-8247955,Knox,removed,tennis,2015,2017,0.728,1,True,reversion
oh_4037061_-8247955:c004,oh_4037061_-8247955,Knox,removed,tennis,2015,2017,0.817,1,True,reversion
oh_4037061_-8247955:c005,oh_4037061_-8247955,Knox,removed,tennis,2011,2017,0.778,1,True,reversion
oh_4037061_-8247955:c006,oh_4037061_-8247955,Knox,removed,tennis,2011,2017,0.904,1,True,reversion
oh_4037225_-8247078:c001,oh_4037225_-8247078,Knox,tennis,hybrid,2019,2021,0.815,1,False,
oh_4037225_-8247078:c001,oh_4037225_-8247078,Knox,hybrid,tennis,2021,2023,0.888,1,True,reversion
oh_4038166_-8239369:c001,oh_4038166_-8239369,Knox,tennis,removed,2011,2023,0.385,1,True,low_confidence
oh_4038470_-8247401:c002,oh_4038470_-8247401,Knox,tennis,hybrid,2011,2013,0.654,1,False,
oh_4038470_-8247401:c002,oh_4038470_-8247401,Knox,hybrid,tennis,2015,2017,0.649,1,True,reversion
oh_4038470_-8247401:c003,oh_4038470_-8247401,Knox,tennis,hybrid,2011,2013,0.622,1,False,
oh_4038470_-8247401:c003,oh_4038470_-8247401,Knox,hybrid,tennis,2015,2017,0.808,1,True,reversion
oh_4038470_-8247401:c004,oh_4038470_-8247401,Knox,tennis,hybrid,2011,2013,0.752,1,False,
oh_4038470_-8247401:c004,oh_4038470_-8247401,Knox,hybrid,tennis,2015,2017,0.764,1,True,reversion
oh_4038470_-8247401:c004,oh_4038470_-8247401,Knox,tennis,hybrid,2019,2021,0.591,1,True,low_confidence
oh_4038470_-8247401:c005,oh_4038470_-8247401,Knox,tennis,hybrid,2011,2013,0.693,1,False,
oh_4038470_-8247401:c005,oh_4038470_-8247401,Knox,hybrid,tennis,2015,2017,0.77,1,True,reversion
oh_4038470_-8247401:c005,oh_4038470_-8247401,Knox,tennis,hybrid,2021,2023,0.443,1,True,low_confidence
oh_4038470_-8247401:c006,oh_4038470_-8247401,Knox,tennis,hybrid,2011,2013,0.788,1,False,
oh_4038470_-8247401:c006,oh_4038470_-8247401,Knox,hybrid,tennis,2015,2017,0.82,1,True,reversion
oh_4038470_-8247401:c007,oh_4038470_-8247401,Knox,removed,pickleball,2015,2017,0.386,1,True,low_confidence;reversion
oh_4038470_-8247401:c008,oh_4038470_-8247401,Knox,removed,pickleball,2015,2017,0.544,1,True,low_confidence;reversion
oh_4038470_-8247401:c009,oh_4038470_-8247401,Knox,removed,pickleball,2015,2017,0.282,1,True,low_confidence;reversion
oh_4038470_-8247401:c009,oh_4038470_-8247401,Knox,pickleball,hybrid,2021,2023,0.416,1,True,low_confidence
oh_4038470_-8247401:c010,oh_4038470_-8247401,Knox,removed,tennis,2015,2017,0.571,1,True,low_confidence;reversion
oh_4038470_-8247401:c010,oh_4038470_-8247401,Knox,tennis,pickleball,2017,2019,0.571,1,True,low_confidence
oh_4038470_-8247401:c010,oh_4038470_-8247401,Knox,pickleball,hybrid,2019,2021,0.811,1,False,
oh_4039665_-8250064:c001,oh_4039665_-8250064,Knox,tennis,pickleball,2017,2021,0.49,1,True,low_confidence
oh_4039762_-8418068:c001,oh_4039762_-8418068,Shelby,tennis,hybrid,2017,2019,0.827,1,False,
oh_4039812_-8082658:c001,oh_4039812_-8082658,Jefferson,removed,hybrid,2021,2023,0.716,1,True,reversion
oh_4039812_-8082658:c002,oh_4039812_-8082658,Jefferson,removed,hybrid,2021,2023,0.606,1,True,reversion
oh_4040311_-8438106:c001,oh_4040311_-8438106,Auglaize,tennis,hybrid,2017,2019,0.443,1,True,low_confidence
oh_4040311_-8438106:c001,oh_4040311_-8438106,Auglaize,hybrid,tennis,2019,2021,0.696,1,True,reversion
oh_4040311_-8438106:c004,oh_4040311_-8438106,Auglaize,removed,tennis,2017,2019,0.504,1,True,low_confidence;reversion
oh_4040671_-8294453:c001,oh_4040671_-8294453,Delaware,tennis,removed,2015,2019,0.346,1,True,low_confidence
oh_4040671_-8294453:c001,oh_4040671_-8294453,Delaware,removed,tennis,2021,2023,0.441,1,True,low_confidence;reversion
oh_4040781_-8478409:c001,oh_4040781_-8478409,Mercer,removed,tennis,2017,2018,0.79,1,True,reversion
oh_4040781_-8478409:c002,oh_4040781_-8478409,Mercer,removed,pickleball,2017,2018,0.685,2,True,reversion
oh_4040781_-8478409:c002,oh_4040781_-8478409,Mercer,pickleball,hybrid,2019,2021,0.618,1,False,
oh_4040781_-8478409:c002,oh_4040781_-8478409,Mercer,hybrid,pickleball,2021,2022,0.876,2,False,
oh_4040781_-8478409:c003,oh_4040781_-8478409,Mercer,removed,pickleball,2017,2018,0.61,2,True,reversion
oh_4040781_-8478409:c003,oh_4040781_-8478409,Mercer,pickleball,hybrid,2019,2021,0.511,1,True,low_confidence
oh_4040781_-8478409:c003,oh_4040781_-8478409,Mercer,hybrid,pickleball,2021,2022,0.732,2,False,
oh_4040875_-8322147:c001,oh_4040875_-8322147,Delaware,removed,tennis,2015,2019,0.392,1,True,low_confidence;reversion
oh_4040875_-8322147:c001,oh_4040875_-8322147,Delaware,tennis,pickleball,2019,2021,0.409,,True,low_confidence
oh_4040875_-8322147:c001,oh_4040875_-8322147,Delaware,pickleball,removed,2021,2023,0.409,1,True,low_confidence
oh_4042495_-8463683:c002,oh_4042495_-8463683,Mercer,hybrid,pickleball,2011,2013,0.26,1,True,low_confidence
oh_4042495_-8463683:c002,oh_4042495_-8463683,Mercer,pickleball,hybrid,2015,2017,0.622,1,False,
oh_4042495_-8463683:c003,oh_4042495_-8463683,Mercer,pickleball,hybrid,2015,2017,0.549,1,True,low_confidence
oh_4043011_-8330005:c002,oh_4043011_-8330005,Union,removed,hybrid,2017,2019,0.626,1,True,reversion
oh_4044073_-8402991:c003,oh_4044073_-8402991,Shelby,tennis,pickleball,2019,2021,0.375,1,True,low_confidence
oh_4044073_-8402991:c004,oh_4044073_-8402991,Shelby,tennis,pickleball,2019,2021,0.428,1,True,low_confidence
oh_4044073_-8402991:c005,oh_4044073_-8402991,Shelby,tennis,pickleball,2019,2021,0.605,1,False,
oh_4044073_-8402991:c006,oh_4044073_-8402991,Shelby,tennis,pickleball,2019,2021,0.772,1,False,
oh_4044875_-8436326:c001,oh_4044875_-8436326,Auglaize,removed,tennis,2013,2015,0.497,1,True,low_confidence;reversion
oh_4045856_-8190388:c001,oh_4045856_-8190388,Holmes,tennis,removed,2015,2017,0.383,1,True,low_confidence
oh_4045856_-8190388:c001,oh_4045856_-8190388,Holmes,removed,tennis,2017,2019,0.356,1,True,low_confidence;reversion
oh_4046046_-8061065:c001,oh_4046046_-8061065,Jefferson,tennis,hybrid,2014,2015,0.747,1,False,
oh_4046046_-8061065:c001,oh_4046046_-8061065,Jefferson,hybrid,removed,2018,2019,0.308,1,True,low_confidence
oh_4047133_-8253923:c001,oh_4047133_-8253923,Knox,tennis,removed,2011,2013,0.708,1,False,
oh_4047133_-8253923:c001,oh_4047133_-8253923,Knox,removed,tennis,2015,2017,0.549,1,True,low_confidence;reversion
oh_4047133_-8253923:c002,oh_4047133_-8253923,Knox,tennis,hybrid,2019,2021,0.449,1,True,low_confidence
oh_4047133_-8253923:c005,oh_4047133_-8253923,Knox,tennis,hybrid,2017,2019,0.61,1,False,
oh_4047683_-8254733:c001,oh_4047683_-8254733,Knox,hybrid,removed,2015,2017,0.738,1,False,
oh_4047683_-8254733:c002,oh_4047683_-8254733,Knox,tennis,removed,2011,2013,0.439,1,True,low_confidence
oh_4047683_-8254733:c004,oh_4047683_-8254733,Knox,tennis,removed,2011,2013,0.603,1,False,
oh_4047683_-8254733:c006,oh_4047683_-8254733,Knox,hybrid,removed,2015,2017,0.724,1,False,
oh_4049460_-8288394:c001,oh_4049460_-8288394,Morrow,tennis,hybrid,2011,2013,0.703,1,False,
oh_4049460_-8288394:c001,oh_4049460_-8288394,Morrow,hybrid,tennis,2015,2017,0.56,1,True,low_confidence;reversion
oh_4049460_-8288394:c001,oh_4049460_-8288394,Morrow,tennis,removed,2019,2021,0.375,1,True,low_confidence
oh_4049460_-8288394:c001,oh_4049460_-8288394,Morrow,removed,tennis,2021,2023,0.453,1,True,low_confidence;reversion
oh_4050059_-8144239:c001,oh_4050059_-8144239,Tuscarawas,tennis,hybrid,2015,2017,0.414,1,True,low_confidence
oh_4050059_-8144239:c001,oh_4050059_-8144239,Tuscarawas,hybrid,removed,2017,2019,0.427,1,True,low_confidence
oh_4050059_-8144239:c002,oh_4050059_-8144239,Tuscarawas,tennis,hybrid,2011,2013,0.538,1,True,low_confidence
oh_4050059_-8144239:c002,oh_4050059_-8144239,Tuscarawas,hybrid,tennis,2015,2017,0.612,1,True,reversion
oh_4050059_-8144239:c004,oh_4050059_-8144239,Tuscarawas,tennis,removed,2015,2021,0.389,1,True,low_confidence
oh_4050059_-8144239:c004,oh_4050059_-8144239,Tuscarawas,removed,pickleball,2021,2023,0.672,,True,reversion
oh_4050059_-8144239:c006,oh_4050059_-8144239,Tuscarawas,tennis,hybrid,2011,2013,0.605,1,False,
oh_4050059_-8144239:c006,oh_4050059_-8144239,Tuscarawas,hybrid,tennis,2013,2015,0.42,1,True,low_confidence;reversion
oh_4051993_-8313739:c001,oh_4051993_-8313739,Marion,tennis,hybrid,2011,2013,0.776,1,False,
oh_4051993_-8313739:c001,oh_4051993_-8313739,Marion,hybrid,tennis,2013,2015,0.841,1,True,reversion
oh_4052145_-8062897:c001,oh_4052145_-8062897,Jefferson,tennis,hybrid,2021,2022,0.508,1,True,low_confidence
oh_4052734_-8172099:c001,oh_4052734_-8172099,Holmes,tennis,hybrid,2021,2023,0.74,1,False,
oh_4054377_-8191796:c002,oh_4054377_-8191796,Holmes,hybrid,removed,2015,2017,0.708,1,False,
oh_4054377_-8191796:c002,oh_4054377_-8191796,Holmes,removed,pickleball,2019,2021,0.294,,True,low_confidence;reversion
oh_4054648_-8178083:c002,oh_4054648_-8178083,Holmes,tennis,hybrid,2011,2013,0.833,1,False,
oh_4054648_-8178083:c002,oh_4054648_-8178083,Holmes,hybrid,tennis,2013,2015,0.639,1,True,reversion
oh_4055479_-8283008:c001,oh_4055479_-8283008,Morrow,tennis,hybrid,2011,2013,0.625,1,False,
oh_4055479_-8283008:c001,oh_4055479_-8283008,Morrow,hybrid,tennis,2015,2017,0.614,1,True,reversion
oh_4055479_-8283008:c003,oh_4055479_-8283008,Morrow,tennis,hybrid,2019,2021,0.492,1,True,low_confidence
oh_4055479_-8283008:c003,oh_4055479_-8283008,Morrow,hybrid,tennis,2021,2023,0.393,1,True,low_confidence;reversion
oh_4055479_-8283008:c004,oh_4055479_-8283008,Morrow,tennis,hybrid,2011,2013,0.81,1,False,
oh_4055479_-8283008:c004,oh_4055479_-8283008,Morrow,hybrid,tennis,2013,2015,0.622,1,True,reversion
oh_4056008_-8437483:c001,oh_4056008_-8437483,Auglaize,removed,tennis,2011,2013,0.493,1,True,low_confidence;reversion
oh_4056008_-8437483:c002,oh_4056008_-8437483,Auglaize,removed,tennis,2011,2013,0.453,1,True,low_confidence;reversion
oh_4056008_-8437483:c003,oh_4056008_-8437483,Auglaize,removed,tennis,2011,2013,0.367,1,True,low_confidence;reversion
oh_4056008_-8437483:c004,oh_4056008_-8437483,Auglaize,removed,tennis,2011,2013,0.329,1,True,low_confidence;reversion
oh_4056008_-8437483:c005,oh_4056008_-8437483,Auglaize,removed,tennis,2011,2013,0.326,1,True,low_confidence;reversion
oh_4056686_-8299393:c001,oh_4056686_-8299393,Marion,hybrid,tennis,2011,2015,0.588,1,True,low_confidence;reversion
oh_4056686_-8299393:c001,oh_4056686_-8299393,Marion,tennis,hybrid,2017,2019,0.652,1,False,
oh_4056686_-8299393:c001,oh_4056686_-8299393,Marion,hybrid,tennis,2021,2023,0.432,1,True,low_confidence;reversion
oh_4057221_-8420133:c002,oh_4057221_-8420133,Auglaize,tennis,removed,2019,2021,0.454,1,True,low_confidence
oh_4057221_-8420133:c005,oh_4057221_-8420133,Auglaize,tennis,pickleball,2019,2021,0.375,,True,low_confidence
oh_4057221_-8420133:c006,oh_4057221_-8420133,Auglaize,tennis,removed,2015,2019,0.347,1,True,low_confidence
oh_4057525_-8109614:c001,oh_4057525_-8109614,Carroll,removed,tennis,2019,2021,0.295,1,True,low_confidence;reversion
oh_4057525_-8109614:c001,oh_4057525_-8109614,Carroll,tennis,removed,2021,2023,0.364,1,True,low_confidence
oh_4057587_-8182912:c001,oh_4057587_-8182912,Holmes,tennis,hybrid,2017,2019,0.347,1,True,low_confidence
oh_4058630_-8301277:c001,oh_4058630_-8301277,Marion,tennis,hybrid,2011,2013,0.746,1,False,
oh_4058630_-8301277:c001,oh_4058630_-8301277,Marion,hybrid,tennis,2015,2017,0.65,1,True,reversion
oh_4058630_-8301277:c002,oh_4058630_-8301277,Marion,tennis,hybrid,2011,2013,0.753,1,False,
oh_4058630_-8301277:c002,oh_4058630_-8301277,Marion,hybrid,tennis,2015,2017,0.696,1,True,reversion
oh_4058630_-8301277:c003,oh_4058630_-8301277,Marion,tennis,hybrid,2011,2013,0.788,1,False,
oh_4058630_-8301277:c003,oh_4058630_-8301277,Marion,hybrid,tennis,2015,2017,0.758,1,True,reversion
oh_4058630_-8301277:c004,oh_4058630_-8301277,Marion,tennis,hybrid,2011,2013,0.751,1,False,
oh_4058630_-8301277:c004,oh_4058630_-8301277,Marion,hybrid,tennis,2015,2017,0.667,1,True,reversion
oh_4059535_-8309051:c001,oh_4059535_-8309051,Marion,tennis,removed,2019,2021,0.816,1,False,
oh_4059535_-8309051:c002,oh_4059535_-8309051,Marion,tennis,removed,2019,2021,0.818,1,False,
oh_4059535_-8309051:c003,oh_4059535_-8309051,Marion,tennis,removed,2019,2021,0.634,1,False,
oh_4059535_-8309051:c004,oh_4059535_-8309051,Marion,tennis,hybrid,2017,2019,0.587,1,True,low_confidence
oh_4059535_-8309051:c004,oh_4059535_-8309051,Marion,hybrid,removed,2019,2021,0.466,1,True,low_confidence
oh_4059535_-8309051:c005,oh_4059535_-8309051,Marion,tennis,removed,2019,2021,0.617,1,False,
oh_4059535_-8309051:c006,oh_4059535_-8309051,Marion,tennis,removed,2019,2021,0.768,1,False,
oh_4060165_-8306659:c001,oh_4060165_-8306659,Marion,tennis,hybrid,2011,2013,0.463,1,True,low_confidence
oh_4060165_-8306659:c001,oh_4060165_-8306659,Marion,hybrid,tennis,2015,2017,0.714,1,True,reversion
oh_4060165_-8306659:c001,oh_4060165_-8306659,Marion,tennis,pickleball,2017,2019,0.908,1,False,
oh_4060165_-8306659:c002,oh_4060165_-8306659,Marion,tennis,hybrid,2011,2013,0.571,1,True,low_confidence
oh_4060165_-8306659:c002,oh_4060165_-8306659,Marion,hybrid,tennis,2015,2017,0.638,1,True,reversion
oh_4060165_-8306659:c002,oh_4060165_-8306659,Marion,tennis,pickleball,2017,2019,0.934,1,False,
oh_4060475_-8136402:c001,oh_4060475_-8136402,Tuscarawas,hybrid,tennis,2011,2019,0.459,1,True,low_confidence;reversion
oh_4060497_-8066363:c001,oh_4060497_-8066363,Columbiana,removed,hybrid,2019,2020,0.317,1,True,low_confidence;reversion
oh_4060497_-8066363:c001,oh_4060497_-8066363,Columbiana,hybrid,removed,2020,2021,0.322,1,True,low_confidence
oh_4060497_-8066363:c002,oh_4060497_-8066363,Columbiana,removed,tennis,2022,2023,0.326,1,True,low_confidence;reversion
oh_4196236_-8056211:c001,oh_4196236_-8056211,Ashtabula,tennis,removed,2011,2021,0.515,1,True,low_confidence
oh_4196236_-8056211:c001,oh_4196236_-8056211,Ashtabula,removed,tennis,2021,2022,0.632,1,True,reversion
oh_4196236_-8056211:c002,oh_4196236_-8056211,Ashtabula,removed,hybrid,2021,2022,0.498,1,True,low_confidence;reversion
