site_id,lat,lon,n_features,sports,has_tennis,has_pickleball,has_padel,extent_m,oversized,any_indoor,osm_refs,state
oh_3908015_-8461682,39.080151,-84.616819,1,tennis,True,False,False,37.7,False,False,way/79451391,OH
oh_3908282_-8462567,39.082822,-84.625671,2,tennis,True,False,False,61.3,False,False,way/79451022;way/79451042,OH
oh_3908406_-8462136,39.084062,-84.621363,1,tennis,True,False,False,36.2,False,False,way/202271181,OH
oh_3908383_-8462934,39.083834,-84.629339,1,tennis,True,False,False,40.2,False,False,way/79450961,OH
oh_3908555_-8459768,39.085545,-84.59768,4,tennis,True,False,False,82.1,False,False,way/1488989488;way/1488989489;way/1488989490;way/1488989491,OH
oh_3908590_-8462874,39.085899,-84.628736,1,tennis,True,False,False,40.9,False,False,way/79450957,OH
oh_3908846_-8459179,39.088457,-84.591789,2,tennis,True,False,False,27.5,False,False,way/1488989407;way/1488989408,OH
oh_3908741_-8462895,39.087405,-84.62895,1,tennis,True,False,False,39.8,False,False,way/79450952,OH
oh_3909139_-8463436,39.091385,-84.634357,1,tennis,True,False,False,39.5,False,False,way/48988774,OH
oh_3909556_-8456863,39.095559,-84.568629,6,tennis,True,False,False,93.4,False,False,way/56394986;way/1138133606;way/1138133607;way/1138133608;way/1138133611;way/1138133612,OH
oh_3909546_-8464147,39.095464,-84.641473,1,tennis,True,False,False,85.7,False,False,way/183255014,OH
oh_3909865_-8463312,39.098651,-84.633117,2,tennis,True,False,False,28.0,False,False,way/1488989806;way/1488989807,OH
oh_3910137_-8462545,39.101368,-84.625446,1,tennis,True,False,False,24.5,False,False,way/79455106,OH
oh_3910197_-8461058,39.101969,-84.610585,2,tennis,True,False,False,30.3,False,False,way/56395352;way/1138174499,OH
oh_3911334_-8460911,39.113342,-84.609111,1,pickleball,False,True,False,13.6,False,False,way/756815063,OH
oh_3911281_-8464175,39.112812,-84.641752,1,tennis,True,False,False,33.1,False,False,way/79456729,OH
oh_3911816_-8455138,39.118161,-84.551376,2,tennis,True,False,False,30.0,False,False,way/1488989252;way/1488989253,OH
oh_3912431_-8456662,39.124309,-84.566617,5,tennis,True,False,False,62.6,False,False,way/56235508;way/56235510;way/520776187;way/520776188;way/520776189,OH
oh_3912589_-8464327,39.125887,-84.643271,1,tennis,True,False,False,36.7,False,False,way/79464655,OH
oh_3913209_-8468421,39.132094,-84.684209,2,tennis,True,False,False,55.0,False,False,way/79474814;way/79474832,OH
oh_3913491_-8461064,39.134914,-84.610637,3,tennis,True,False,False,59.6,False,False,way/45474702;way/520776190;way/520776191,OH
oh_3913488_-8463969,39.134877,-84.639687,3,tennis,True,False,False,111.3,False,False,way/79471577;way/79471594;way/79471663,OH
oh_3913883_-8461024,39.13883,-84.610242,1,tennis,True,False,False,36.8,False,False,way/45475428,OH
oh_3914175_-8465730,39.141749,-84.657303,1,tennis,True,False,False,39.9,False,False,way/79472398,OH
oh_3914381_-8460761,39.143806,-84.607606,1,tennis,True,False,False,37.6,False,False,way/48487447,OH
oh_3914711_-8458754,39.147112,-84.587536,5,tennis,True,False,False,74.6,False,False,way/1447809401;way/1447809402;way/1447809403;way/1447809404;way/1447809405,OH
oh_3914712_-8464763,39.147122,-84.647633,5,tennis,True,False,False,63.7,False,False,way/79466667;way/1490876104;way/1490876105;way/1490876106;way/1490876107,OH
oh_3915320_-8458811,39.153199,-84.588108,1,tennis,True,False,False,36.9,False,False,way/33678005,OH
oh_3915392_-8458530,39.153923,-84.585296,1,tennis,True,False,False,39.0,False,False,way/33678002,OH
oh_3915311_-8466972,39.15311,-84.669717,1,tennis,True,False,False,47.7,False,False,way/80217721,OH
oh_3915569_-8461994,39.155688,-84.619938,3,tennis,True,False,False,42.0,False,False,way/1490876212;way/1490876213;way/1490876214,OH
oh_3916667_-8459136,39.166671,-84.591358,1,pickleball,False,True,False,24.7,False,False,way/1380166048,OH
oh_3917439_-8459248,39.174393,-84.592476,1,tennis,True,False,False,41.3,False,False,way/80912452,OH
oh_3917305_-8470508,39.173048,-84.705077,4,pickleball;tennis,True,True,False,63.4,False,False,way/1490873969;way/1490873970;way/1490873971;way/1490873972,OH
oh_3917402_-8474933,39.174025,-84.749333,3,tennis,True,False,False,44.4,False,False,way/632030076;way/632030077;way/632030078,OH
oh_3918154_-8460075,39.181541,-84.600753,2,tennis,True,False,False,39.1,False,False,way/80644128;way/520980146,OH
oh_3918602_-8458759,39.186016,-84.58759,5,tennis,True,False,False,75.7,False,False,way/661269294;way/661269297;way/1171006817;way/1171006818;way/1171006819,OH
oh_3918901_-8459899,39.189006,-84.598989,1,tennis,True,False,False,38.8,False,False,way/80641744,OH
oh_3919046_-8466010,39.190459,-84.660098,1,tennis,True,False,False,40.8,False,False,way/100764414,OH
oh_3919299_-8463621,39.192989,-84.636207,1,tennis,True,False,False,39.8,False,False,way/201071829,OH
oh_3919370_-8463477,39.193698,-84.634771,1,tennis,True,False,False,42.4,False,False,way/201071893,OH
oh_3919868_-8457558,39.198683,-84.575585,5,tennis,True,False,False,84.7,False,False,way/1311830222;way/1311830223;way/1311830224;way/1311830225;way/1311830226,OH
oh_3919537_-8469903,39.195374,-84.699029,1,tennis,True,False,False,39.6,False,False,way/201880928,OH
oh_3920273_-8462680,39.202729,-84.626795,1,tennis,True,False,False,43.0,False,False,way/175819114,OH
oh_3920446_-8463296,39.20446,-84.632963,1,tennis,True,False,False,40.9,False,False,way/80913050,OH
oh_3920958_-8456103,39.209582,-84.56103,1,tennis,True,False,False,38.6,False,False,way/56394222,OH
oh_3920949_-8461624,39.209491,-84.616243,1,tennis,True,False,False,36.1,False,False,way/201071903,OH
oh_3921728_-8456427,39.217276,-84.564265,5,pickleball;tennis,True,True,False,44.1,False,False,way/1490874113;way/1490874114;way/1490874115;way/1490874116;way/1490874117,OH
oh_3921690_-8462735,39.216902,-84.62735,1,tennis,True,False,False,38.4,False,False,way/201071954,OH
oh_3921640_-8471116,39.216402,-84.711157,1,tennis,True,False,False,29.4,False,False,way/1169187961,OH
oh_3922513_-8462281,39.225128,-84.622812,1,tennis,True,False,False,47.5,False,False,way/80913084,OH
oh_3922781_-8460108,39.227812,-84.601075,2,tennis,True,False,False,72.9,False,False,way/33114630;way/479160802,OH
oh_3922918_-8463207,39.229184,-84.632068,4,pickleball;tennis,True,True,False,29.3,False,False,way/1490874049;way/1490874050;way/1490874051;way/1490874052,OH
oh_3923302_-8460472,39.233023,-84.604723,5,tennis,True,False,False,64.6,False,False,way/1360476412;way/1360476413;way/1360476414;way/1360476415;way/1360476416,OH
oh_3925479_-8460863,39.254793,-84.608632,1,tennis,True,False,False,41.1,False,False,way/94876938,OH
oh_3925216_-8480120,39.252163,-84.801204,1,tennis,True,False,False,42.3,False,False,way/154456192,OH
oh_3925499_-8477143,39.254992,-84.771431,5,tennis,True,False,False,79.7,False,False,way/50981233;way/1169187962;way/1169187963;way/1169187965;way/1169187967,OH
oh_3926272_-8462570,39.262717,-84.6257,1,tennis,True,False,False,43.8,False,False,way/60013030,OH
oh_3926482_-8461194,39.264815,-84.611943,1,tennis,True,False,False,38.6,False,False,way/60013090,OH
oh_3925918_-8481040,39.259178,-84.810402,4,pickleball;tennis,True,True,False,56.6,False,False,way/80220978;way/1169430189;way/1169430190;way/1169430191,OH
oh_3926653_-8460934,39.266533,-84.609344,1,tennis,True,False,False,23.3,False,False,way/664943943,OH
oh_3926048_-8480293,39.260477,-84.80293,1,tennis,True,False,False,24.3,False,False,way/154456156,OH
oh_3927159_-8457489,39.271589,-84.574888,5,tennis,True,False,False,72.0,False,False,way/1174123689;way/1360476345;way/1360476346;way/1360476347;way/1360476348,OH
oh_3926762_-8470841,39.267615,-84.708412,1,tennis,True,False,False,38.2,False,False,way/272751503,OH
oh_3927753_-8456662,39.277533,-84.566618,1,tennis,True,False,False,36.7,False,False,way/95492566,OH
oh_3927210_-8476723,39.272101,-84.767232,1,tennis,True,False,False,19.9,False,False,way/270525745,OH
oh_3929006_-8460789,39.290063,-84.607889,1,tennis,True,False,False,19.0,False,False,way/664938430,OH
oh_3929706_-8460864,39.297062,-84.60864,1,tennis,True,False,False,36.8,False,False,way/530936177,OH
oh_3930435_-8456228,39.304347,-84.562278,1,tennis,True,False,False,38.7,False,False,way/53201457,OH
oh_3930598_-8459923,39.305977,-84.599227,1,tennis,True,False,False,40.0,False,False,way/664938405,OH
oh_3931525_-8456482,39.315254,-84.564825,1,tennis,True,False,False,36.7,False,False,way/84240342,OH
oh_3931611_-8457137,39.316112,-84.571371,2,tennis,True,False,False,62.4,False,False,way/1490981741;way/1490981742,OH
oh_3931698_-8457242,39.316984,-84.572421,8,pickleball,False,True,False,44.3,False,False,way/153700444;way/1299147357;way/1299147358;way/1299147359;way/1299147360;way/1299147361;way/1299147362;way/1299147363,OH
oh_3933208_-8463422,39.332076,-84.634218,3,tennis,True,False,False,48.3,False,False,way/632062574;way/632062575;way/632062576,OH
oh_3934001_-8458543,39.340006,-84.585431,1,tennis,True,False,False,82.2,False,False,way/84271136,OH
oh_3934274_-8456196,39.342745,-84.561963,1,tennis,True,False,False,33.7,False,False,way/84271108,OH
oh_3937253_-8456332,39.372527,-84.56332,8,pickleball,False,True,False,40.5,False,False,way/1490982024;way/1490982025;way/1490982026;way/1490982027;way/1490982028;way/1490982029;way/1490982030;way/1490982031,OH
oh_3937970_-8461735,39.379701,-84.617352,15,pickleball;tennis,True,True,False,80.7,False,False,way/1486821919;way/1486821920;way/1486821921;way/1486821922;way/1486821923;way/1486821924;way/1486821925;way/1486821926;way/1486821927;way/1486821928;way/1486821929;way/1486821930;way/1486821931;way/1486821932;way/1486821933,OH
oh_3938071_-8457916,39.380713,-84.579165,1,tennis,True,False,False,18.0,False,False,way/204365727,OH
oh_3937540_-8478298,39.375396,-84.782981,1,tennis,True,False,False,36.6,False,False,way/286842127,OH
oh_3938202_-8458198,39.382019,-84.581984,1,tennis,True,False,False,36.4,False,False,way/204365046,OH
oh_3938541_-8457297,39.385411,-84.572974,12,pickleball;tennis,True,True,False,103.5,False,False,way/1490983295;way/1490983296;way/1490983297;way/1490983298;way/1490983299;way/1490983300;way/1490983301;way/1490983302;way/1490983303;way/1490983304;way/1490983305;way/1490983306,OH
oh_3938814_-8456894,39.388137,-84.568937,1,tennis,True,False,False,24.5,False,False,way/69972113,OH
oh_3939125_-8460533,39.391247,-84.605329,1,tennis,True,False,False,32.2,False,False,way/205726409,OH
oh_3940389_-8463511,39.403893,-84.635111,1,tennis,True,False,False,38.6,False,False,way/205732204,OH
oh_3941836_-8457322,39.418357,-84.573216,4,tennis,True,False,False,74.0,False,False,way/245644366;way/521401986;way/521401987;way/521401988,OH
oh_3943256_-8459678,39.432558,-84.596778,1,tennis,True,False,False,19.8,False,False,way/853049083,OH
oh_3943483_-8462839,39.434826,-84.628394,1,tennis,True,False,False,37.4,False,False,way/209316298,OH
oh_3948047_-8466560,39.480469,-84.665602,1,tennis,True,False,False,40.6,False,False,way/209533367,OH
oh_3948866_-8473374,39.48866,-84.733744,5,tennis,True,False,False,72.5,False,False,way/633776562;way/633776563;way/633776564;way/633776565;way/633776566,OH
oh_3950656_-8475476,39.506556,-84.75476,7,pickleball;tennis,True,True,False,33.3,False,False,way/1486820668;way/1486820669;way/1486820670;way/1486820671;way/1486820672;way/1486820673;way/1486820674,OH
oh_3950944_-8472593,39.509438,-84.725934,1,tennis,True,False,False,70.3,False,False,way/165490825,OH
oh_3950947_-8476855,39.509472,-84.768553,1,tennis,True,False,False,14.1,False,False,way/1028124095,OH
oh_3951844_-8474441,39.518442,-84.744409,1,tennis,True,False,False,36.2,False,False,way/127875898,OH
oh_3952096_-8473522,39.520962,-84.735223,3,tennis,True,False,False,114.4,False,False,way/83700937;way/704247784;way/704247785,OH
oh_3952746_-8470870,39.527464,-84.708701,1,tennis,True,False,False,39.4,False,False,way/210550244,OH
oh_3957360_-8474088,39.573597,-84.740878,2,tennis,True,False,False,28.6,False,False,way/1486820024;way/1486820025,OH
oh_3969875_-8469906,39.69875,-84.69906,1,tennis,True,False,False,25.2,False,False,way/1334988671,OH
oh_3973457_-8464993,39.73457,-84.649933,6,tennis,True,False,False,61.8,False,False,way/1548971004;way/1548971005;way/1548971006;way/1548971007;way/1548971008;way/1548971009,OH
oh_3976066_-8463874,39.76066,-84.638742,5,tennis,True,False,False,79.3,False,False,way/1323367678;way/1323367679;way/1323367680;way/1323367681;way/1323367682,OH
oh_3976705_-8464528,39.767052,-84.645281,1,tennis,True,False,False,41.1,False,False,way/702216595,OH
oh_3979650_-8462403,39.796498,-84.624029,1,tennis,True,False,False,30.0,False,False,way/268503443,OH
oh_4011341_-8463104,40.113411,-84.631043,9,tennis,True,False,False,99.9,False,False,way/630038940;way/630038941;way/630038942;way/630038943;way/630038944;way/630038945;way/630038946;way/630038947;way/630038948,OH
oh_4013042_-8462525,40.130424,-84.625249,1,tennis,True,False,False,31.5,False,False,way/819275412,OH
oh_4040781_-8478409,40.407809,-84.784094,2,pickleball;tennis,True,True,False,30.9,False,False,way/1162303761;way/1162303762,OH
oh_4042495_-8463683,40.424954,-84.636834,7,pickleball;tennis,True,True,False,41.6,False,False,way/1162303780;way/1162303781;way/1162303782;way/1526898617;way/1526898618;way/1526898619;way/1526898620,OH
oh_4048702_-8463740,40.487019,-84.6374,6,tennis,True,False,False,74.2,False,False,way/189150964;way/521623924;way/521623925;way/521623926;way/521623927;way/521623928,OH
oh_4069568_-8465331,40.695678,-84.653313,1,tennis,True,False,False,38.4,False,False,way/118486029,OH
oh_4118253_-8474069,41.182534,-84.740691,1,pickleball,False,True,False,25.6,False,False,way/991786029,OH
oh_4129619_-8477120,41.296192,-84.771204,3,tennis,True,False,False,36.4,False,False,way/1416741605;way/1416741606;way/1416741607,OH
oh_4144992_-8476269,41.449917,-84.762689,3,tennis,True,False,False,41.3,False,False,way/768982465;way/768982466;way/768982467,OH
oh_3910279_-8449653,39.102788,-84.49653,27,pickleball;tennis,True,True,False,117.1,False,False,way/1131304978;way/1131304979;way/1131304980;way/1131304981;way/1131304982;way/1131304983;way/1131304984;way/1131304985;way/1131304986;way/1131304987;way/1131304988;way/1131304989;way/1131304990;way/1131304991;way/1131304992;way/1131304993;way/1131304994;way/1131304995;way/1131304996;way/1131304997;way/1131304998;way/1131304999;way/1131305000;way/1131305001;way/1131305002;way/1131305003;way/1131305004,OH
oh_3910392_-8454774,39.103922,-84.547743,1,tennis,True,False,False,38.5,False,False,way/33652161,OH
oh_3911063_-8451065,39.110626,-84.510654,1,chess,False,False,False,14.9,False,False,way/616026667,OH
oh_3911936_-8448993,39.119364,-84.489927,1,tennis,True,False,False,24.9,False,False,way/32243922,OH
oh_3912329_-8446671,39.123289,-84.466711,1,tennis,True,False,False,24.2,False,False,way/564267801,OH
oh_3912756_-8446469,39.127561,-84.464692,1,tennis,True,False,False,23.8,False,False,way/69701865,OH
oh_3912657_-8451097,39.126573,-84.510967,1,tennis,True,False,False,83.3,False,False,way/33832902,OH
oh_3912846_-8450078,39.128458,-84.500784,7,tennis,True,False,False,74.0,False,False,way/33832928;way/33832930;way/1138105307;way/1138105308;way/1138105309;way/1138105310;way/1138105311,OH
oh_3913005_-8451561,39.130048,-84.515607,6,tennis,True,False,False,75.4,False,False,way/59341754;way/1138127989;way/1138127990;way/1138127991;way/1138127992;way/1138127993,OH
oh_3913401_-8446908,39.134015,-84.469079,10,tennis,True,False,False,83.7,False,False,way/146689325;way/146689326;way/146689331;way/146689334;way/146689335;way/146689351;way/146689356;way/146689359;way/146689370;way/146689373,OH
oh_3913338_-8452374,39.133383,-84.523744,2,tennis,True,False,False,29.2,False,False,way/32948054;way/1138124260,OH
oh_3913859_-8452993,39.13859,-84.529929,1,tennis,True,False,False,24.4,False,False,way/1138123907,OH
oh_3914188_-8448862,39.141878,-84.488618,3,pickleball;tennis,True,True,False,32.2,False,False,way/1138131899;way/1138131901;way/1138131902,OH
oh_3914277_-8447945,39.142767,-84.479449,6,tennis,True,False,False,86.4,False,False,way/631392939;way/631392940;way/631392941;way/631392942;way/631392943;way/631392944,OH
oh_3915429_-8447109,39.154294,-84.471086,6,tennis,True,False,False,144.6,False,False,way/35224797;way/35224889;way/35225068;way/35225173;way/35225302;way/35225601,OH
oh_3915230_-8453373,39.152302,-84.533725,1,tennis,True,False,False,36.6,False,False,way/33971899,OH
oh_3915443_-8449093,39.154426,-84.490928,4,pickleball;tennis,True,True,False,49.8,False,False,way/37511179;way/1138131364;way/1138131365;way/1138131366,OH
oh_3915399_-8452335,39.153993,-84.523351,1,tennis,True,False,False,38.5,False,False,way/56394709,OH
oh_3915447_-8455078,39.154467,-84.550784,1,tennis,True,False,False,40.0,False,False,way/33677779,OH
oh_3915759_-8450227,39.157592,-84.502272,2,tennis,True,False,False,31.1,False,False,way/180775367;way/1138129314,OH
oh_3916077_-8452009,39.160771,-84.520087,6,tennis,True,False,False,107.8,False,False,way/69546614;way/69546615;way/1138123467;way/1138123468;way/1138123469;way/1138123471,OH
oh_3917045_-8449215,39.170452,-84.492153,1,tennis,True,False,False,93.7,False,False,way/37511214,OH
oh_3917269_-8453967,39.172686,-84.539668,1,tennis,True,False,False,36.4,False,False,way/64156377,OH
oh_3917478_-8447020,39.174784,-84.470195,3,tennis,True,False,False,42.6,False,False,way/56343853;way/1138118460;way/1138118461,OH
oh_3917812_-8451434,39.178124,-84.514336,1,tennis,True,False,False,45.7,False,False,way/191708339,OH
oh_3918069_-8446873,39.180685,-84.468729,2,tennis,True,False,False,21.0,False,False,way/56346492;way/56346521,OH
oh_3919389_-8455004,39.193894,-84.550038,1,tennis,True,False,False,36.8,False,False,way/80321902,OH
oh_3920428_-8453173,39.204283,-84.531727,4,pickleball;tennis,True,True,False,65.6,False,False,way/1490874186;way/1490874187;way/1490874188;way/1490874189,OH
oh_3920958_-8450663,39.209579,-84.506626,1,tennis,True,False,False,85.7,False,False,way/27978838,OH
oh_3921126_-8450752,39.211261,-84.507522,12,tennis,True,False,False,143.7,False,False,way/1360474757;way/1360474758;way/1360474759;way/1360474760;way/1360474761;way/1360474762;way/1360474763;way/1360474764;way/1360474765;way/1360474766;way/1360474767;way/1360474768,OH
oh_3921520_-8448488,39.215197,-84.484878,2,tennis,True,False,False,41.0,False,False,way/34048054;way/520925894,OH
oh_3921661_-8448826,39.21661,-84.488259,1,tennis,True,False,False,41.8,False,False,way/80208680,OH
oh_3922327_-8447704,39.223268,-84.477035,2,tennis,True,False,False,21.7,False,False,way/80208015;way/80208016,OH
oh_3922724_-8448002,39.227237,-84.480022,1,tennis,True,False,False,39.5,False,False,way/558683477,OH
oh_3922788_-8451047,39.227883,-84.510467,4,tennis,True,False,False,65.7,False,False,way/93284159;way/1174123696;way/1174123697;way/1174123702,OH
oh_3923341_-8448356,39.233407,-84.483556,1,tennis,True,False,False,35.3,False,False,way/558683468,OH
oh_3923431_-8447041,39.23431,-84.470411,5,tennis,True,False,False,73.2,False,False,way/34048260;way/334126335;way/1176974557;way/1176974560;way/1176974565,OH
oh_3923609_-8447074,39.236091,-84.470744,5,pickleball;tennis,True,True,False,57.6,False,False,way/34048263;way/1176974535;way/1176974538;way/1176974561;way/1176974564,OH
oh_3923908_-8455635,39.239081,-84.556348,5,tennis,True,False,False,70.5,False,False,way/199958794;way/1170408286;way/1170408291;way/1170408292;way/1170408294,OH
oh_3924026_-8451288,39.24026,-84.51288,3,pickleball,False,True,False,27.2,False,False,way/1490874576;way/1490874577;way/1490874578,OH
oh_3924139_-8452809,39.24139,-84.528087,1,tennis,True,False,False,33.6,False,False,way/560119786,OH
oh_3924311_-8447677,39.243107,-84.47677,2,tennis,True,False,False,29.6,False,False,way/34048356;way/1174123677,OH
oh_3924289_-8453538,39.242886,-84.535378,2,tennis,True,False,False,77.1,False,False,way/236083431;way/236083454,OH
oh_3925309_-8454412,39.253092,-84.544122,1,tennis,True,False,False,35.9,False,False,way/193638545,OH
oh_3926475_-8452388,39.264752,-84.52388,2,tennis,True,False,False,36.7,False,False,way/116570105;way/1174123687,OH
oh_3927231_-8449569,39.272308,-84.495688,1,tennis,True,False,False,36.5,False,False,way/36951837,OH
oh_3927346_-8449820,39.273455,-84.4982,1,tennis,True,False,False,40.2,False,False,way/36951792,OH
oh_3927731_-8449707,39.277308,-84.497066,1,tennis,True,False,False,35.3,False,False,way/52097584,OH
oh_3928701_-8452419,39.28701,-84.524194,6,tennis,True,False,False,66.5,False,False,way/36951880;way/36951882;way/1174123695;way/1174123700;way/1174123703;way/1174123706,OH
oh_3929046_-8448089,39.290455,-84.480889,2,pickleball;tennis,True,True,False,20.1,False,False,way/712554558;way/712554559,OH
oh_3929046_-8448207,39.290462,-84.482068,4,tennis,True,False,False,56.8,False,False,way/52097693;way/1174123679;way/1174123680;way/1174123681,OH
oh_3929212_-8454162,39.292122,-84.541622,2,tennis,True,False,False,30.8,False,False,way/1314961386;way/1314961387,OH
oh_3929968_-8448874,39.299681,-84.488739,1,tennis,True,False,False,36.3,False,False,way/52300531,OH
oh_3930762_-8450045,39.307619,-84.500454,1,tennis,True,False,False,39.6,False,False,way/52300847,OH
oh_3930798_-8449739,39.30798,-84.497385,2,tennis,True,False,False,29.4,False,False,way/1490868673;way/1490868674,OH
oh_3930806_-8450698,39.308057,-84.506981,1,tennis,True,False,False,38.2,False,False,way/334632929,OH
oh_3931035_-8450494,39.310347,-84.504935,1,pickleball,False,True,False,38.6,False,False,way/52300854,OH
oh_3931808_-8451108,39.318079,-84.51108,3,pickleball;tennis,True,True,False,32.1,False,False,way/1490868584;way/1490868585;way/1490868586,OH
oh_3932452_-8453353,39.324519,-84.533531,1,tennis,True,False,False,43.3,False,False,way/40838332,OH
oh_3932577_-8451656,39.325767,-84.516561,1,tennis,True,False,False,39.9,False,False,way/36942904,OH
oh_3932508_-8455465,39.325076,-84.554654,9,pickleball;tennis,True,True,False,68.0,False,False,way/84240390;way/1490874878;way/1490874879;way/1490874880;way/1490874881;way/1490874882;way/1490874883;way/1490874884;way/1490874885,OH
oh_3932691_-8451666,39.326909,-84.516656,2,tennis,True,False,False,29.2,False,False,way/1490868361;way/1490868362,OH
oh_3932818_-8452135,39.32818,-84.52135,2,tennis,True,False,False,29.5,False,False,way/1490868151;way/1490868152,OH
oh_3933352_-8453245,39.333523,-84.532447,2,tennis,True,False,False,29.4,False,False,way/1490867840;way/1490867841,OH
oh_3933668_-8453549,39.336683,-84.535492,2,tennis,True,False,False,33.6,False,False,way/632075658;way/632075659,OH
oh_3933821_-8451753,39.338209,-84.517533,8,tennis,True,False,False,66.8,False,False,way/1490866892;way/1490866893;way/1490866894;way/1490866895;way/1490866896;way/1490866897;way/1490866898;way/1490866899,OH
oh_3934224_-8454756,39.342235,-84.547559,1,tennis,True,False,False,35.9,False,False,way/37971328,OH
oh_3934753_-8454726,39.347526,-84.547259,1,tennis,True,False,False,34.6,False,False,way/52303015,OH
oh_3936440_-8450367,39.3644,-84.503673,1,tennis,True,False,False,39.6,False,False,way/52330377,OH
oh_3936628_-8455388,39.366284,-84.553879,1,tennis,True,False,False,37.7,False,False,way/84272102,OH
oh_3937257_-8450865,39.372566,-84.508651,2,tennis,True,False,False,37.6,False,False,way/1490866661;way/1490866662,OH
oh_3937599_-8456289,39.375988,-84.562886,1,tennis,True,False,False,49.9,False,False,way/32128696,OH
oh_3937901_-8449482,39.379008,-84.494816,1,tennis,True,False,False,32.8,False,False,way/205868562,OH
oh_3937749_-8456079,39.377495,-84.56079,2,tennis,True,False,False,28.5,False,False,way/1433094075;way/1433094076,OH
oh_3939490_-8451745,39.394904,-84.517454,2,tennis,True,False,False,30.6,False,False,way/1434456628;way/1434456629,OH
oh_3939654_-8454031,39.396537,-84.54031,1,tennis,True,False,False,83.4,False,False,way/33973117,OH
oh_3940518_-8449139,39.405185,-84.491391,2,tennis,True,False,False,30.5,False,False,way/1490866541;way/1490866542,OH
oh_3941121_-8452127,39.411214,-84.521268,1,tennis,True,False,False,30.1,False,False,way/154431082,OH
oh_3942221_-8449526,39.422211,-84.495257,3,tennis,True,False,False,38.8,False,False,way/169314258;way/1433094441;way/1433094442,OH
oh_3942909_-8455466,39.429092,-84.554664,1,tennis,True,False,False,112.0,False,False,way/205492277,OH
oh_3947949_-8448595,39.479495,-84.48595,5,tennis,True,False,False,70.5,False,False,way/1483122655;way/1483122656;way/1483122657;way/1483122658;way/1483122659,OH
oh_3962732_-8455782,39.627315,-84.557817,4,tennis,True,False,False,55.9,False,False,way/633804509;way/633804510;way/633804511;way/633804512,OH
oh_3974055_-8453397,39.740546,-84.53397,1,tennis,True,False,False,36.9,False,False,way/239175652,OH
oh_3998596_-8455505,39.985957,-84.55505,2,tennis,True,False,False,27.3,False,False,way/842891247;way/842891248,OH
oh_4049185_-8455257,40.491852,-84.552565,1,tennis,True,False,False,39.7,False,False,way/189020476,OH
oh_4055199_-8454826,40.551992,-84.548257,4,pickleball,False,True,False,33.4,False,False,way/1511784100;way/1511784101;way/1511784102;way/1511784103,OH
oh_4055631_-8455658,40.556314,-84.556584,5,tennis,True,False,False,75.0,False,False,way/521684257;way/521684258;way/521684259;way/521684260;way/521684261,OH
oh_4084923_-8460717,40.849228,-84.607171,6,tennis,True,False,False,86.5,False,False,way/521908260;way/521908261;way/521908262;way/521908264;way/521908265;way/521908266,OH
oh_4086566_-8457823,40.865664,-84.57823,2,pickleball,False,True,False,17.8,False,False,way/1523137447;way/1523137448,OH
oh_4086721_-8460590,40.867209,-84.605899,3,tennis,True,False,False,40.4,False,False,way/521908293;way/521908294;way/521908295,OH
oh_4147244_-8462804,41.472438,-84.628037,2,tennis,True,False,False,28.3,False,False,way/1482592730;way/1482592731,OH
oh_4157460_-8460566,41.574595,-84.605663,1,tennis,True,False,False,35.9,False,False,way/355424352,OH
oh_3907838_-8440599,39.078376,-84.405985,1,tennis,True,False,False,24.8,False,False,way/45098583,OH
oh_3908191_-8442032,39.081908,-84.420322,1,tennis,True,False,False,25.4,False,False,way/45098738,OH
oh_3911603_-8441090,39.116031,-84.410905,16,tennis,True,False,False,136.2,False,False,way/31336478;way/93664837;way/1183439988;way/1183439989;way/1183439990;way/1183439991;way/1183439992;way/1183439993;way/1183439994;way/1183439995;way/1183439996;way/1183439997;way/1183439998;way/1183439999;way/1183440000;way/1183440001,OH
oh_3912429_-8442980,39.124289,-84.429801,3,tennis,True,False,False,45.6,False,False,way/79014215;way/1333555558;way/1333555559,OH
oh_3912497_-8444758,39.124966,-84.447577,1,tennis,True,False,False,37.3,False,False,way/56394863,OH
oh_3912680_-8443138,39.126797,-84.431381,1,tennis,True,False,False,11.6,False,False,way/1314917733,OH
oh_3912714_-8446137,39.127142,-84.461375,2,tennis,True,False,False,89.1,False,False,way/74125357;way/1370968546,OH
oh_3912763_-8444531,39.127632,-84.44531,1,tennis,True,False,False,19.5,False,False,way/570784732,OH
oh_3912850_-8444772,39.128496,-84.447723,1,tennis,True,False,False,25.9,False,False,way/1318239511,OH
oh_3912916_-8445396,39.129158,-84.45396,12,pickleball;tennis,True,True,False,228.8,False,False,way/69702555;way/76816082;way/76816083;way/76816085;way/302157087;way/1138110028;way/1138110030;way/1138110031;way/1138110033;way/1138110034;way/1138110038;way/1138110039,OH
oh_3914020_-8443910,39.140196,-84.439099,7,tennis,True,False,False,150.4,False,False,way/302171069;way/302171070;way/302279895;way/1138111514;way/1138111515;way/1138111516;way/1138111517,OH
oh_3914092_-8442168,39.140915,-84.421682,3,tennis,True,False,False,44.8,False,False,way/1216609197;way/1216609198;way/1216609199,OH
oh_3914166_-8440929,39.141664,-84.409288,4,pickleball;tennis,True,True,False,39.5,False,False,way/1490877267;way/1495839583;way/1495839584;way/1495839585,OH
oh_3914393_-8441519,39.143932,-84.415189,12,pickleball;tennis,True,True,False,128.9,False,False,way/729433136;way/729433137;way/729433138;way/729433139;way/729433140;way/729433141;way/729433142;way/729433143;way/729433144;way/1138108611;way/1138108615;way/1138108616,OH
oh_3914438_-8445142,39.144385,-84.451423,8,tennis,True,False,False,136.7,False,False,way/1224015985;way/1224015986;way/1224015987;way/1224015988;way/1224015989;way/1224015990;way/1224015991;way/1224015992,OH
oh_3914599_-8439976,39.145992,-84.399761,6,pickleball;tennis,True,True,False,100.0,False,False,way/33832629;way/74278679;way/1138097844;way/1138097847;way/1138097848;way/1138097849,OH
oh_3916012_-8444239,39.16012,-84.442394,1,pickleball,False,True,False,79.3,False,False,way/1290439741,OH
oh_3916131_-8444233,39.161306,-84.442335,3,tennis,True,False,False,46.6,False,False,way/1314961247;way/1314961248;way/1314961249,OH
oh_3916253_-8440911,39.162533,-84.40911,1,tennis,True,False,False,21.8,False,False,way/189334952,OH
oh_3916581_-8439636,39.165808,-84.396359,4,pickleball;tennis,True,True,False,44.5,False,False,way/33871140;way/1138100240;way/1138100241;way/1138100242,OH
oh_3916934_-8440111,39.169344,-84.401113,10,pickleball,False,True,False,80.7,False,False,way/1138114283;way/1138114284;way/1138114285;way/1138114286;way/1138114287;way/1138114288;way/1312715477;way/1312715478;way/1312715479;way/1312715480,OH
oh_3917150_-8440476,39.171502,-84.404762,5,tennis,True,False,False,99.7,False,False,way/33165323;way/33165325;way/1138114547;way/1138114548;way/1138114549,OH
oh_3917919_-8441648,39.179192,-84.416479,6,pickleball,False,True,False,47.0,False,False,way/59685727;way/1138115902;way/1138115903;way/1138115904;way/1138115905;way/1138115906,OH
oh_3917992_-8442930,39.179919,-84.429301,5,tennis,True,False,False,74.0,False,False,way/76966663;way/1138116702;way/1138116703;way/1138116704;way/1138116705,OH
oh_3918285_-8443055,39.182847,-84.430547,8,pickleball;tennis,True,True,False,126.7,False,False,way/76966446;way/1094544409;way/1094544410;way/1094544411;way/1094544412;way/1094544413;way/1094544414;way/1094544415,OH
oh_3919172_-8444999,39.191717,-84.449989,1,tennis,True,False,False,37.8,False,False,way/43541387,OH
oh_3919385_-8441479,39.193847,-84.414792,1,tennis,True,False,False,38.5,False,False,way/80319059,OH
oh_3919407_-8443959,39.194067,-84.43959,1,tennis,True,False,False,38.3,False,False,way/168950067,OH
oh_3919490_-8443937,39.194902,-84.439373,1,tennis,True,False,False,38.3,False,False,way/168950062,OH
oh_3919790_-8443191,39.1979,-84.431914,4,tennis,True,False,False,56.7,False,False,way/1490876666;way/1490876667;way/1490876668;way/1490876669,OH
oh_3920420_-8439547,39.204199,-84.395473,3,tennis,True,False,False,42.2,False,False,way/78389880;way/1138547226;way/1138547227,OH
oh_3920323_-8442891,39.203229,-84.428912,1,tennis,True,False,False,36.0,False,False,way/553470737,OH
oh_3920625_-8442812,39.206251,-84.428118,5,tennis,True,False,False,64.6,False,False,way/80319625;way/1490877024;way/1490877025;way/1490877026;way/1490877027,OH
oh_3920650_-8442697,39.206501,-84.426969,1,tennis,True,False,False,24.8,False,False,way/1490877028,OH
oh_3921131_-8439943,39.211311,-84.399428,5,tennis,True,False,False,77.2,False,False,way/1469949852;way/1469949948;way/1469949990;way/1469950007;way/1469950044,OH
oh_3921515_-8441505,39.21515,-84.415052,1,tennis,True,False,False,38.9,False,False,way/80320127,OH
oh_3922403_-8440693,39.224028,-84.40693,1,tennis,True,False,False,37.3,False,False,way/33112525,OH
oh_3922370_-8443343,39.223698,-84.433431,2,tennis,True,False,False,33.2,False,False,way/1490875869;way/1490875870,OH
oh_3922430_-8442170,39.224303,-84.421705,1,tennis,True,False,False,36.7,False,False,way/68521935,OH
oh_3922630_-8440085,39.226302,-84.400848,2,tennis,True,False,False,29.1,False,False,way/1469950176;way/1469950177,OH
oh_3922824_-8439790,39.228244,-84.397901,1,tennis,True,False,False,39.7,False,False,way/41938144,OH
oh_3922786_-8441229,39.227858,-84.412286,1,tennis,True,False,False,39.2,False,False,way/33112614,OH
oh_3924023_-8440271,39.240232,-84.402708,1,tennis,True,False,False,40.7,False,False,way/33861211,OH
oh_3924100_-8440516,39.241005,-84.405163,1,tennis,True,False,False,35.2,False,False,way/33861006,OH
oh_3924162_-8440846,39.241624,-84.408456,1,tennis,True,False,False,35.8,False,False,way/33860458,OH
oh_3924379_-8440534,39.243788,-84.405344,1,tennis,True,False,False,39.7,False,False,way/33860457,OH
oh_3924740_-8441123,39.2474,-84.411228,1,tennis,True,False,False,39.4,False,False,way/33863112,OH
oh_3925176_-8440922,39.251758,-84.409221,1,tennis,True,False,False,38.0,False,False,way/33864527,OH
oh_3925751_-8441934,39.257506,-84.419338,4,tennis,True,False,False,84.2,False,False,way/37585154;way/521371523;way/521371524;way/521371525,OH
oh_3926643_-8444918,39.266429,-84.44918,1,tennis,True,False,False,36.6,False,False,way/36951623,OH
oh_3926833_-8440543,39.26833,-84.405432,1,tennis,True,False,False,60.4,False,False,way/41013736,OH
oh_3926950_-8447004,39.269505,-84.470044,5,tennis,True,False,False,113.6,False,False,way/52431153;way/200707875;way/1174123682;way/1174123683;way/1174123684,OH
oh_3927114_-8447054,39.271136,-84.470542,1,tennis,True,False,False,37.6,False,False,way/52431152,OH
oh_3927366_-8444324,39.273664,-84.443236,11,tennis,True,False,False,86.9,False,False,way/169419575;way/553200899;way/1176974536;way/1176974539;way/1176974545;way/1176974547;way/1176974553;way/1176974559;way/1176974563;way/1176974566;way/1202733470,OH
oh_3927351_-8446187,39.273506,-84.461873,2,tennis,True,False,False,44.5,False,False,way/52096529;way/52431056,OH
oh_3927740_-8444537,39.277398,-84.445375,7,tennis,True,False,False,106.8,False,False,way/1490868959;way/1490868960;way/1490868961;way/1490868962;way/1490868963;way/1490868964;way/1490868965,OH
oh_3928453_-8442678,39.284532,-84.42678,1,tennis,True,False,False,18.1,False,False,way/531207797,OH
oh_3928762_-8444391,39.287619,-84.443906,1,pickleball,False,True,False,14.6,False,False,way/169419580,OH
oh_3929412_-8445296,39.294123,-84.452964,1,tennis,True,False,False,38.6,False,False,way/245794418,OH
oh_3929874_-8444245,39.298741,-84.442447,1,tennis,True,False,False,37.1,False,False,way/91518114,OH
oh_3930530_-8440494,39.3053,-84.404937,4,tennis,True,False,False,59.8,False,False,way/1490872340;way/1490872341;way/1490872342;way/1490872343,OH
oh_3931610_-8442143,39.3161,-84.421426,1,tennis,True,False,False,40.1,False,False,way/530904788,OH
oh_3931645_-8444478,39.316448,-84.444779,1,tennis,True,False,False,39.5,False,False,way/84246706,OH
oh_3932977_-8441859,39.329772,-84.418593,2,tennis,True,False,False,28.3,False,False,way/1490869190;way/1490869191,OH
oh_3933152_-8443277,39.33152,-84.432766,1,tennis,True,False,False,82.2,False,False,way/42553398,OH
oh_3934315_-8441805,39.34315,-84.418054,1,tennis,True,False,False,78.1,False,False,way/52332275,OH
oh_3934695_-8441650,39.346946,-84.416498,1,tennis,True,False,False,37.3,False,False,way/81792635,OH
oh_3934840_-8440351,39.348398,-84.40351,1,tennis,True,False,False,24.8,False,False,way/196263590,OH
oh_3934848_-8444274,39.348484,-84.442743,4,tennis,True,False,False,72.2,False,False,way/1442951104;way/1442951105;way/1442951106;way/1442951107,OH
oh_3934974_-8445312,39.34974,-84.453122,1,tennis,True,False,False,41.3,False,False,way/52332052,OH
oh_3935063_-8445656,39.350629,-84.456561,1,tennis,True,False,False,25.0,False,False,way/1490983513,OH
oh_3935559_-8446209,39.355593,-84.46209,1,tennis,True,False,False,14.0,False,False,way/699117041,OH
oh_3935684_-8443911,39.356836,-84.439114,1,tennis,True,False,False,37.3,False,False,way/36833343,OH
oh_3935852_-8446547,39.358521,-84.465471,2,tennis,True,False,False,29.4,False,False,way/867151417;way/867151459,OH
oh_3936673_-8445925,39.366731,-84.459254,1,tennis,True,False,False,36.3,False,False,way/113384680,OH
oh_3937241_-8443438,39.372406,-84.434383,1,tennis,True,False,False,37.6,False,False,way/36832326,OH
oh_3937344_-8446401,39.373445,-84.464013,1,tennis,True,False,False,38.3,False,False,way/699390422,OH
oh_3937559_-8443288,39.375591,-84.43288,2,tennis,True,False,False,28.2,False,False,way/1490983904;way/1490983905,OH
oh_3938895_-8443615,39.38895,-84.436152,5,tennis,True,False,False,72.4,False,False,way/1490984125;way/1490984126;way/1490984127;way/1490984128;way/1490984129,OH
oh_3939215_-8441786,39.392155,-84.41786,1,tennis,True,False,False,38.3,False,False,way/81817193,OH
oh_3939306_-8444946,39.39306,-84.449455,1,tennis,True,False,False,42.1,False,False,way/136161308,OH
oh_3942055_-8446925,39.420546,-84.469249,1,tennis,True,False,False,72.8,False,False,way/88161871,OH
oh_3947118_-8446249,39.471183,-84.462492,3,tennis,True,False,False,41.7,False,False,way/1489981787;way/1489981788;way/1489981789,OH
oh_3949432_-8441314,39.494321,-84.413141,1,tennis,True,False,False,34.1,False,False,way/700819104,OH
oh_3953092_-8443262,39.530924,-84.432621,5,tennis,True,False,False,70.6,False,False,way/209107695;way/1297720879;way/1297720880;way/1297720881;way/1297720882,OH
oh_3953190_-8444846,39.531897,-84.448459,3,tennis,True,False,False,44.0,False,False,way/88172503;way/1297720883;way/1297720884,OH
oh_3998776_-8448912,39.987759,-84.489115,1,tennis,True,False,False,24.7,False,False,way/842890799,OH
oh_4018950_-8446709,40.189503,-84.46709,1,tennis,True,False,False,31.4,False,False,way/805181209,OH
oh_4021895_-8447977,40.218952,-84.479773,3,tennis,True,False,False,39.4,False,False,way/346067759;way/346067761;way/346067762,OH
oh_4022982_-8449350,40.229821,-84.493499,1,tennis,True,False,False,24.3,False,False,way/346068350,OH
oh_4033892_-8449916,40.338923,-84.49916,2,tennis,True,False,False,24.8,False,False,way/1489845953;way/1489845954,OH
oh_4060061_-8449297,40.60061,-84.492974,1,tennis,True,False,False,35.4,False,False,way/189197967,OH
oh_4128298_-8455169,41.282976,-84.551689,1,tennis,True,False,False,25.9,False,False,way/372423068,OH
oh_4137866_-8452434,41.378663,-84.524343,1,tennis,True,False,False,39.0,False,False,way/355407650,OH
oh_4145883_-8457109,41.458835,-84.571091,6,tennis,True,False,False,96.8,False,False,way/1161568031;way/1161568032;way/1161568033;way/1161568034;way/1161568035;way/1161568036,OH
oh_4146460_-8454589,41.464601,-84.545892,1,tennis,True,False,False,24.4,False,False,way/1087569798,OH
oh_4146819_-8456873,41.468193,-84.568729,4,tennis,True,False,False,63.6,False,False,way/355418765;way/521927586;way/521927587;way/521927588,OH
oh_4147300_-8455926,41.473003,-84.559263,1,tennis,True,False,False,24.1,False,False,way/914499365,OH
oh_4168095_-8455524,41.680953,-84.555243,1,tennis,True,False,False,24.3,False,False,way/372481513,OH
oh_3904966_-8434988,39.049658,-84.349884,6,tennis,True,False,False,77.1,False,False,way/1485429351;way/1485429352;way/1485429353;way/1485429354;way/1485429356;way/1485429357,OH
oh_3904940_-8435509,39.049404,-84.355095,1,tennis,True,False,False,40.4,False,False,way/100953092,OH
oh_3906389_-8435838,39.063891,-84.358384,2,tennis,True,False,False,63.9,False,False,way/75375376;way/75375377,OH
oh_3906631_-8437916,39.066312,-84.379163,1,tennis,True,False,False,35.2,False,False,way/100952208,OH
oh_3907001_-8434727,39.070009,-84.347265,5,tennis,True,False,False,68.7,False,False,way/57770490;way/57770493;way/1182767288;way/1182767289;way/1182767290,OH
oh_3908096_-8434610,39.080964,-84.346102,2,pickleball,False,True,False,59.3,False,False,way/57772060;way/57772068,OH
oh_3908546_-8438433,39.085456,-84.384325,2,tennis,True,False,False,28.5,False,False,way/131621911;way/1182767287,OH
oh_3909092_-8437299,39.090924,-84.372989,1,tennis,True,False,False,25.6,False,False,way/91644023,OH
oh_3909623_-8437141,39.096232,-84.371414,2,tennis,True,False,False,28.5,False,False,way/1485428531;way/1485428532,OH
oh_3910198_-8438140,39.101981,-84.381398,1,tennis,True,False,False,36.3,False,False,way/662031777,OH
oh_3910366_-8436439,39.103657,-84.364394,5,tennis,True,False,False,75.2,False,False,way/91640871;way/1183439979;way/1183439980;way/1183439981;way/1183439982,OH
oh_3910556_-8434516,39.105565,-84.345156,1,tennis,True,False,False,46.1,False,False,way/89003195,OH
oh_3910623_-8438309,39.106231,-84.383093,5,tennis,True,False,False,68.0,False,False,way/1339754874;way/1339754875;way/1339754876;way/1339754877;way/1339754878,OH
oh_3910691_-8436844,39.106908,-84.368436,1,tennis,True,False,False,35.7,False,False,way/91644042,OH
oh_3911074_-8437190,39.110738,-84.371904,1,tennis,True,False,False,12.6,False,False,way/1339754884,OH
oh_3911387_-8435127,39.113865,-84.351274,1,tennis,True,False,False,37.2,False,False,way/270293100,OH
oh_3912297_-8434477,39.12297,-84.344769,3,tennis,True,False,False,42.1,False,False,way/1485428252;way/1485428253;way/1485428254,OH
oh_3912438_-8437324,39.12438,-84.37324,6,pickleball,False,True,False,59.0,False,False,way/566608414;way/1138095015;way/1138095016;way/1138095017;way/1138095018;way/1138095019,OH
oh_3913865_-8435430,39.13865,-84.354299,4,pickleball,False,True,False,31.6,False,False,way/1445855389;way/1445855390;way/1445855391;way/1445855392,OH
oh_3913954_-8436639,39.139536,-84.366389,1,tennis,True,False,False,36.1,False,False,way/191203826,OH
oh_3913983_-8436780,39.139834,-84.367798,1,tennis,True,False,False,38.2,False,False,way/191203828,OH
oh_3914206_-8435502,39.142063,-84.355023,1,tennis,True,False,False,40.6,False,False,way/75213013,OH
oh_3914736_-8437836,39.147361,-84.378364,8,tennis,True,False,False,91.4,False,False,way/33832476;way/33832477;way/1138097833;way/1138097834;way/1138097835;way/1138097836;way/1138097837;way/1138097838,OH
oh_3915156_-8434976,39.151555,-84.349755,1,tennis,True,False,False,42.8,False,False,way/79587516,OH
oh_3915185_-8434722,39.151851,-84.347224,1,tennis,True,False,False,38.5,False,False,way/79587514,OH
oh_3915390_-8435097,39.153896,-84.350969,1,tennis,True,False,False,38.5,False,False,way/79587522,OH
oh_3915619_-8436503,39.156187,-84.365034,1,tennis,True,False,False,41.6,False,False,way/33871240,OH
oh_3915757_-8437222,39.157569,-84.372216,1,tennis,True,False,False,41.9,False,False,way/33871238,OH
oh_3915846_-8435136,39.158456,-84.351363,2,tennis,True,False,False,100.4,False,False,way/79587635;way/79587637,OH
oh_3915962_-8437393,39.159624,-84.373925,1,tennis,True,False,False,24.9,False,False,way/33871211,OH
oh_3916015_-8437289,39.160149,-84.372894,1,tennis,True,False,False,24.8,False,False,way/33871213,OH
oh_3916143_-8436473,39.161429,-84.364735,1,tennis,True,False,False,25.1,False,False,way/1318043788,OH
oh_3916294_-8436432,39.162938,-84.364317,1,tennis,True,False,False,25.7,False,False,way/1318043777,OH
oh_3916319_-8437208,39.163186,-84.37208,1,tennis,True,False,False,36.2,False,False,way/270299708,OH
oh_3916408_-8437335,39.164078,-84.373348,1,tennis,True,False,False,29.2,False,False,way/270299782,OH
oh_3916586_-8435155,39.165856,-84.351547,1,tennis,True,False,False,39.6,False,False,way/270299721,OH
oh_3916710_-8435936,39.167098,-84.359363,1,tennis,True,False,False,38.2,False,False,way/270299717,OH
oh_3916690_-8437108,39.166896,-84.37108,1,tennis,True,False,False,35.1,False,False,way/270299710,OH
oh_3916720_-8436389,39.167202,-84.363885,1,tennis,True,False,False,33.2,False,False,way/270299716,OH
oh_3916714_-8436897,39.167142,-84.368967,1,tennis,True,False,False,38.3,False,False,way/270299709,OH
oh_3916860_-8436178,39.168601,-84.361783,1,tennis,True,False,False,24.5,False,False,way/1318043711,OH
oh_3917116_-8439146,39.171156,-84.391465,1,tennis,True,False,False,36.6,False,False,way/196814167,OH
oh_3917265_-8435464,39.172652,-84.354636,1,tennis,True,False,False,24.4,False,False,way/1318043693,OH
oh_3917330_-8435230,39.173296,-84.352303,1,tennis,True,False,False,24.6,False,False,way/1318043689,OH
oh_3917342_-8435595,39.173425,-84.355948,1,tennis,True,False,False,26.2,False,False,way/1318043764,OH
oh_3917461_-8435756,39.174609,-84.357556,1,tennis,True,False,False,24.2,False,False,way/1318043767,OH
oh_3917747_-8436766,39.177468,-84.367658,3,tennis,True,False,False,44.4,False,False,way/1485431124;way/1485431125;way/1485431126,OH
oh_3917834_-8436675,39.178335,-84.366749,2,tennis,True,False,False,36.1,False,False,way/1485431127;way/1485431128,OH
oh_3917865_-8435746,39.178647,-84.357464,1,tennis,True,False,False,24.9,False,False,way/1318435189,OH
oh_3917914_-8434401,39.179138,-84.344009,1,tennis,True,False,False,75.1,False,False,way/75176575,OH
oh_3918259_-8436274,39.18259,-84.362743,2,tennis,True,False,False,27.6,False,False,way/1485432131;way/1485432132,OH
oh_3918284_-8436143,39.182844,-84.361429,2,tennis,True,False,False,28.8,False,False,way/1485432128;way/1485432129,OH
oh_3918357_-8436091,39.183574,-84.36091,2,tennis,True,False,False,27.4,False,False,way/75212139;way/1183439977,OH
oh_3918508_-8438883,39.185078,-84.388829,5,tennis,True,False,False,102.7,False,False,way/111473537;way/111473540;way/111473555;way/111473562;way/111473585,OH
oh_3918638_-8436981,39.186379,-84.369808,10,pickleball;tennis,True,True,False,58.9,False,False,way/1509663863;way/1509663864;way/1509663865;way/1509663866;way/1509663867;way/1509663868;way/1509663869;way/1509663870;way/1509663871;way/1509663872,OH
oh_3918750_-8434752,39.187495,-84.347523,1,tennis,True,False,False,78.6,False,False,way/227764662,OH
oh_3919421_-8434708,39.19421,-84.347083,1,tennis,True,False,False,155.2,False,False,way/75161382,OH
oh_3919702_-8437095,39.197017,-84.370954,1,tennis,True,False,False,77.4,False,False,way/169801168,OH
oh_3919916_-8434957,39.19916,-84.349574,1,tennis,True,False,False,37.8,False,False,way/104902487,OH
oh_3919961_-8434638,39.199607,-84.34638,1,tennis,True,False,False,40.2,False,False,way/739520050,OH
oh_3919967_-8435293,39.199674,-84.352934,2,tennis,True,False,False,51.5,False,False,way/169801171;way/739520042,OH
oh_3920024_-8435015,39.200235,-84.350151,1,tennis,True,False,False,42.8,False,False,way/104902512,OH
oh_3920170_-8435299,39.201697,-84.352992,1,tennis,True,False,False,38.6,False,False,way/739520039,OH
oh_3920361_-8435488,39.203615,-84.354885,1,tennis,True,False,False,24.3,False,False,way/169801183,OH
oh_3920536_-8436434,39.205358,-84.364344,1,tennis,True,False,False,36.5,False,False,way/39460634,OH
oh_3920585_-8435064,39.205852,-84.35064,2,tennis,True,False,False,42.5,False,False,way/1337613886;way/1337613887,OH
oh_3920617_-8434429,39.206166,-84.344291,1,tennis,True,False,False,24.5,False,False,way/1337613851,OH
oh_3920690_-8435384,39.206896,-84.353838,1,tennis,True,False,False,24.8,False,False,way/1337613875,OH
oh_3920788_-8435372,39.207878,-84.353724,1,tennis,True,False,False,24.2,False,False,way/1337613874,OH
oh_3920789_-8437427,39.207893,-84.374273,2,tennis,True,False,False,57.5,False,False,way/34188683;way/34188685,OH
oh_3921032_-8434972,39.210322,-84.349723,1,tennis,True,False,False,24.9,False,False,way/1337613895,OH
oh_3921389_-8435144,39.213887,-84.351445,1,tennis,True,False,False,37.0,False,False,way/739519988,OH
oh_3921591_-8434555,39.215906,-84.345554,1,tennis,True,False,False,24.8,False,False,way/1337613905,OH
oh_3921647_-8439014,39.216472,-84.390143,3,pickleball;tennis,True,True,False,75.3,False,False,way/41935857;way/919619939;way/1424290091,OH
oh_3921849_-8434833,39.218492,-84.348333,2,tennis,True,False,False,38.9,False,False,way/79587353;way/1337845976,OH
oh_3921842_-8435107,39.218424,-84.351066,1,tennis,True,False,False,24.8,False,False,way/1337613863,OH
oh_3922553_-8437384,39.225531,-84.373845,1,tennis,True,False,False,94.6,False,False,way/33112227,OH
oh_3922593_-8438982,39.225926,-84.389824,2,tennis,True,False,False,30.5,False,False,way/1469950223;way/1469950235,OH
oh_3922825_-8435839,39.228249,-84.358388,1,tennis,True,False,False,37.7,False,False,way/704283380,OH
oh_3922905_-8436038,39.229055,-84.360377,1,tennis,True,False,False,39.7,False,False,way/32679932,OH
oh_3923366_-8436380,39.233664,-84.363797,1,tennis,True,False,False,19.1,False,False,way/732245387,OH
oh_3923605_-8438543,39.236051,-84.385429,1,pickleball,False,True,False,86.0,False,False,way/33971767,OH
oh_3923753_-8436614,39.237534,-84.366139,1,tennis,True,False,False,38.5,False,False,way/33860265,OH
oh_3923937_-8436360,39.239369,-84.363603,1,tennis,True,False,False,16.6,False,False,way/670207615,OH
oh_3925369_-8435186,39.253693,-84.351859,2,tennis,True,False,False,30.6,False,False,way/33006986;way/1181898062,OH
oh_3925746_-8436127,39.25746,-84.361269,2,tennis,True,False,False,30.2,False,False,way/1490875054;way/1490875055,OH
oh_3926122_-8435392,39.261217,-84.353925,1,tennis,True,False,False,36.5,False,False,way/431574731,OH
oh_3926616_-8436570,39.266157,-84.365701,1,tennis,True,False,False,32.5,False,False,way/33867929,OH
oh_3926628_-8439247,39.266279,-84.392475,1,tennis,True,False,False,18.4,False,False,way/863998307,OH
oh_3926807_-8434900,39.268075,-84.348998,7,tennis,True,False,False,77.4,False,False,way/32894270;way/431574838;way/1181898059;way/1181898063;way/1181898065;way/1181898066;way/1181898068,OH
oh_3927553_-8437634,39.275534,-84.376342,1,tennis,True,False,False,16.6,False,False,way/334278142,OH
oh_3928096_-8436934,39.280957,-84.369345,2,tennis,True,False,False,30.5,False,False,way/1490984490;way/1490984491,OH
oh_3928652_-8438189,39.286515,-84.381892,2,tennis,True,False,False,29.4,False,False,way/1490872679;way/1490872680,OH
oh_3928984_-8439676,39.289845,-84.396764,1,tennis,True,False,False,36.9,False,False,way/68511029,OH
oh_3929178_-8436874,39.291784,-84.368745,1,tennis,True,False,False,39.3,False,False,way/41953503,OH
oh_3929365_-8437855,39.293654,-84.378555,3,pickleball;tennis,True,True,False,30.4,False,False,way/1490872407;way/1490872408;way/1490872409,OH
oh_3929474_-8435842,39.294736,-84.35842,1,tennis,True,False,False,38.3,False,False,way/32608899,OH
oh_3929826_-8436935,39.298256,-84.369345,1,tennis,True,False,False,39.6,False,False,way/112289330,OH
oh_3933531_-8437778,39.335308,-84.377781,5,pickleball;tennis,True,True,False,35.2,False,False,way/48844096;way/1299147364;way/1299147365;way/1489486137;way/1489486138,OH
oh_3934133_-8437411,39.341333,-84.374106,3,tennis,True,False,False,44.6,False,False,way/1490872313;way/1490872314;way/1490872315,OH
oh_3934300_-8436307,39.342996,-84.363075,6,tennis,True,False,False,64.8,False,False,way/1490872106;way/1490872107;way/1490872108;way/1490872109;way/1490872110;way/1490872111,OH
oh_3934583_-8438077,39.345833,-84.380766,1,tennis,True,False,False,35.8,False,False,way/542679726,OH
oh_3935035_-8437350,39.350353,-84.373496,1,tennis,True,False,False,42.0,False,False,way/71499496,OH
oh_3935197_-8437266,39.351973,-84.372658,1,pickleball,False,True,False,72.5,False,False,way/35800797,OH
oh_3936113_-8438441,39.361131,-84.384411,6,pickleball;tennis,True,True,False,66.4,False,False,way/1490870114;way/1490870115;way/1490870116;way/1490870117;way/1490870118;way/1490870119,OH
oh_3937671_-8438898,39.37671,-84.388982,6,tennis,True,False,False,65.1,False,False,way/41228610;way/605042037;way/605042045;way/605042051;way/605042064;way/605042068,OH
oh_3937786_-8436768,39.37786,-84.367684,5,tennis,True,False,False,71.3,False,False,way/35800240;way/605097264;way/605097265;way/605097266;way/605097267,OH
oh_3938221_-8439968,39.382214,-84.399681,1,tennis,True,False,False,37.9,False,False,way/81792083,OH
oh_3938746_-8435841,39.387462,-84.358414,1,tennis,True,False,False,40.5,False,False,way/227291419,OH
oh_3941359_-8439698,39.413595,-84.39698,1,tennis,True,False,False,27.4,False,False,way/190400793,OH
oh_3944984_-8438088,39.449842,-84.380885,6,tennis,True,False,False,64.7,False,False,way/1487790966;way/1487790967;way/1487790968;way/1487790969;way/1487790970;way/1487790971,OH
oh_3951110_-8440925,39.511105,-84.409246,2,tennis,True,False,False,38.2,False,False,way/1489981921;way/1489981922,OH
oh_3951492_-8437834,39.514917,-84.378345,2,tennis,True,False,False,28.9,False,False,way/1489982203;way/1489982204,OH
oh_3951749_-8438536,39.517491,-84.385364,1,tennis,True,False,False,34.8,False,False,way/701203065,OH
oh_3952508_-8436234,39.525078,-84.362337,4,tennis,True,False,False,61.5,False,False,way/64606100;way/1297720873;way/1297720874;way/1297720875,OH
oh_3952462_-8438553,39.524621,-84.385528,2,tennis,True,False,False,42.0,False,False,way/1297720876;way/1297720877,OH
oh_3955534_-8439793,39.555343,-84.397932,5,tennis,True,False,False,104.2,False,False,way/209111074;way/1490551674;way/1490551675;way/1490551676;way/1490551677,OH
oh_3961626_-8438098,39.616256,-84.380983,4,tennis,True,False,False,55.8,False,False,way/1490551226;way/1490551227;way/1490551228;way/1490551229,OH
oh_3974151_-8440752,39.741514,-84.40752,4,tennis,True,False,False,61.2,False,False,way/464284914;way/464284915;way/464284916;way/464284917,OH
oh_3982601_-8442039,39.826013,-84.420385,6,tennis,True,False,False,84.8,False,False,way/633216371;way/633216373;way/633216376;way/633216378;way/633216380;way/633216383,OH
oh_3983274_-8441668,39.832736,-84.416682,1,tennis,True,False,False,64.9,False,False,way/155962236,OH
oh_3983291_-8442207,39.832911,-84.422072,6,pickleball;tennis,True,True,False,32.8,False,False,way/1490218001;way/1490218002;way/1490218003;way/1490218004;way/1490218005;way/1490218006,OH
oh_3984414_-8442103,39.844142,-84.42103,2,tennis,True,False,False,25.8,False,False,way/1490216101;way/1490216102,OH
oh_3990263_-8440751,39.902626,-84.407514,2,tennis,True,False,False,26.2,False,False,way/1518524671;way/1518524672,OH
oh_4013072_-8443031,40.130716,-84.430312,1,tennis,True,False,False,24.3,False,False,way/637932945,OH
oh_4023011_-8440913,40.230105,-84.409126,5,pickleball;tennis,True,True,False,38.8,False,False,way/346090737;way/346090738;way/1553215678;way/1553215679;way/1553215680,OH
oh_3905531_-8430391,39.055309,-84.303908,1,tennis,True,False,False,37.3,False,False,way/233920943,OH
oh_3905694_-8431374,39.056937,-84.313745,1,tennis,True,False,False,44.2,False,False,way/100953363,OH
oh_3905696_-8433418,39.056964,-84.334181,8,pickleball;tennis,True,True,False,152.4,False,False,way/529318913;way/1434060374;way/1434060375;way/1434060376;way/1485429972;way/1485429973;way/1485429974;way/1493434720,OH
oh_3906412_-8433709,39.064118,-84.337092,1,tennis,True,False,False,38.0,False,False,way/657839560,OH
oh_3907455_-8430107,39.074552,-84.301073,2,tennis,True,False,False,46.0,False,False,way/100953647;way/100953648,OH
oh_3907569_-8430542,39.075692,-84.305424,2,tennis,True,False,False,68.2,False,False,way/199621436;way/199621438,OH
oh_3907973_-8430152,39.079728,-84.301521,1,tennis,True,False,False,39.4,False,False,way/530940449,OH
oh_3908296_-8433088,39.082955,-84.330877,1,tennis,True,False,False,23.6,False,False,way/57768791,OH
oh_3908497_-8432689,39.084973,-84.326895,3,tennis,True,False,False,45.7,False,False,way/57769081;way/1181898070;way/1181898071,OH
oh_3909039_-8432837,39.090391,-84.328366,1,tennis,True,False,False,17.6,False,False,way/57769305,OH
oh_3913448_-8430759,39.134482,-84.307589,1,tennis,True,False,False,25.5,False,False,way/1336505056,OH
oh_3915290_-8433514,39.152898,-84.335138,1,tennis,True,False,False,36.3,False,False,way/79587513,OH
oh_3915429_-8431831,39.154295,-84.318312,6,tennis,True,False,False,96.2,False,False,way/1450392561;way/1450392562;way/1450392563;way/1450392564;way/1450392565;way/1450392566,OH
oh_3915909_-8432364,39.159093,-84.32364,1,tennis,True,False,False,43.0,False,False,way/79587530,OH
oh_3916574_-8432135,39.165745,-84.32135,1,tennis,True,False,False,20.5,False,False,way/1334859044,OH
oh_3916557_-8433300,39.165566,-84.333004,1,tennis,True,False,False,38.4,False,False,way/79587565,OH
oh_3916880_-8433065,39.168798,-84.330651,1,tennis,True,False,False,24.9,False,False,way/79587542,OH
oh_3916956_-8431461,39.169562,-84.314607,1,tennis,True,False,False,40.5,False,False,way/79587527,OH
oh_3916991_-8431955,39.169913,-84.319551,1,tennis,True,False,False,40.2,False,False,way/79587544,OH
oh_3917102_-8430796,39.171015,-84.307962,1,tennis,True,False,False,41.3,False,False,way/79587392,OH
oh_3917138_-8430576,39.171383,-84.30576,1,tennis,True,False,False,39.8,False,False,way/79587393,OH
oh_3917249_-8430911,39.172494,-84.309112,1,tennis,True,False,False,40.5,False,False,way/79587394,OH
oh_3917325_-8430254,39.17325,-84.302536,1,tennis,True,False,False,38.4,False,False,way/657618738,OH
oh_3917768_-8431225,39.177677,-84.312246,1,tennis,True,False,False,42.6,False,False,way/79587388,OH
oh_3917860_-8431053,39.178605,-84.310535,1,tennis,True,False,False,35.5,False,False,way/79587389,OH
oh_3917991_-8430143,39.179914,-84.30143,1,tennis,True,False,False,37.5,False,False,way/79587385,OH
oh_3917907_-8433787,39.179065,-84.337865,2,tennis,True,False,False,28.8,False,False,way/1485426965;way/1485426966,OH
oh_3917985_-8431611,39.179846,-84.316109,1,tennis,True,False,False,18.8,False,False,way/79587377,OH
oh_3918067_-8430069,39.180671,-84.300686,1,tennis,True,False,False,41.3,False,False,way/79587386,OH
oh_3918015_-8433149,39.180152,-84.331495,7,tennis,True,False,False,88.5,False,False,way/1485427391;way/1485427392;way/1485427393;way/1485427394;way/1485427395;way/1485427396;way/1485427397,OH
oh_3918108_-8433562,39.181075,-84.335624,2,tennis,True,False,False,25.9,False,False,way/1485426614;way/1485426615,OH
oh_3918176_-8433891,39.181757,-84.338907,1,tennis,True,False,False,40.3,False,False,way/75174219,OH
oh_3918233_-8432482,39.182328,-84.324817,1,tennis,True,False,False,38.3,False,False,way/79587368,OH
oh_3918244_-8432196,39.182436,-84.321957,1,tennis,True,False,False,39.6,False,False,way/79587381,OH
oh_3918299_-8432953,39.182994,-84.329526,1,tennis,True,False,False,38.0,False,False,way/567538387,OH
oh_3918327_-8431971,39.183274,-84.319706,1,tennis,True,False,False,38.3,False,False,way/75163831,OH
oh_3918567_-8433295,39.185671,-84.332951,4,tennis,True,False,False,57.5,False,False,way/75164748;way/75164805;way/75164852;way/75164956,OH
oh_3918634_-8433139,39.186337,-84.331394,8,tennis,True,False,False,189.7,False,False,way/75165092;way/556587438;way/556587439;way/556587440;way/556587441;way/556587442;way/556587443;way/556587444,OH
oh_3918631_-8432390,39.186315,-84.323895,1,tennis,True,False,False,37.9,False,False,way/75162697,OH
oh_3918680_-8431954,39.186804,-84.319542,1,tennis,True,False,False,41.7,False,False,way/75162966,OH
oh_3918797_-8432377,39.187974,-84.323767,1,tennis,True,False,False,39.6,False,False,way/75162641,OH
oh_3919177_-8433698,39.191772,-84.336979,2,tennis,True,False,False,91.4,False,False,way/75160487;way/75160524,OH
oh_3919315_-8430611,39.193154,-84.30611,1,tennis,True,False,False,42.5,False,False,way/75148640,OH
oh_3919444_-8430721,39.194443,-84.307215,1,tennis,True,False,False,39.5,False,False,way/75148520,OH
oh_3919461_-8432747,39.194606,-84.327471,1,tennis,True,False,False,40.8,False,False,way/75160257,OH
oh_3919501_-8431926,39.195007,-84.319258,1,tennis,True,False,False,36.5,False,False,way/75160056,OH
oh_3919573_-8431333,39.195731,-84.313328,1,tennis,True,False,False,38.8,False,False,way/75147028,OH
oh_3919610_-8434098,39.196101,-84.340983,1,tennis,True,False,False,41.6,False,False,way/75160689,OH
oh_3919732_-8432106,39.197319,-84.321062,1,tennis,True,False,False,42.2,False,False,way/75146294,OH
oh_3919765_-8431407,39.197654,-84.314074,1,tennis,True,False,False,38.8,False,False,way/75146942,OH
oh_3919780_-8431595,39.1978,-84.315946,1,tennis,True,False,False,40.8,False,False,way/75146872,OH
oh_3919813_-8432993,39.198132,-84.329929,1,tennis,True,False,False,40.9,False,False,way/75146181,OH
oh_3920073_-8430831,39.200731,-84.308306,1,tennis,True,False,False,42.7,False,False,way/108052470,OH
oh_3920244_-8430836,39.202436,-84.30836,1,tennis,True,False,False,40.8,False,False,way/108052471,OH
oh_3920294_-8432709,39.202937,-84.32709,1,tennis,True,False,False,42.6,False,False,way/75143235,OH
oh_3920701_-8433103,39.20701,-84.331026,1,tennis,True,False,False,41.6,False,False,way/75144638,OH
oh_3920779_-8433260,39.207795,-84.332596,1,tennis,True,False,False,36.7,False,False,way/75145634,OH
oh_3921006_-8433227,39.210063,-84.332273,1,tennis,True,False,False,42.1,False,False,way/75144729,OH
oh_3921465_-8432431,39.214652,-84.324309,1,tennis,True,False,False,37.9,False,False,way/739649243,OH
oh_3921984_-8434338,39.219839,-84.343378,1,tennis,True,False,False,19.0,False,False,way/739519969,OH
oh_3922099_-8432821,39.220987,-84.328211,1,tennis,True,False,False,39.3,False,False,way/75141760,OH
oh_3922517_-8432857,39.225165,-84.328575,1,tennis,True,False,False,36.8,False,False,way/32678329,OH
oh_3923004_-8432849,39.230038,-84.328491,1,tennis,True,False,False,41.6,False,False,way/33007309,OH
oh_3924116_-8431330,39.241156,-84.313298,1,tennis,True,False,False,16.2,False,False,way/431584875,OH
oh_3924118_-8433759,39.241182,-84.337586,1,tennis,True,False,False,42.1,False,False,way/33007245,OH
oh_3924215_-8433551,39.24215,-84.335507,1,tennis,True,False,False,35.9,False,False,way/33007234,OH
oh_3924286_-8431623,39.242856,-84.316225,1,tennis,True,False,False,38.2,False,False,way/739649283,OH
oh_3924341_-8431834,39.243412,-84.318343,1,tennis,True,False,False,39.1,False,False,way/740083777,OH
oh_3924625_-8431319,39.246247,-84.313193,2,tennis,True,False,False,34.8,False,False,way/34403038;way/1181898060,OH
oh_3924609_-8433764,39.24609,-84.33764,1,tennis,True,False,False,37.2,False,False,way/33007223,OH
oh_3924650_-8432941,39.246502,-84.329409,1,tennis,True,False,False,15.5,False,False,way/431584855,OH
oh_3924705_-8431645,39.247047,-84.316449,1,tennis,True,False,False,45.5,False,False,way/157510502,OH
oh_3924773_-8431561,39.24773,-84.315611,1,tennis,True,False,False,38.1,False,False,way/664603219,OH
oh_3924774_-8433537,39.247744,-84.335366,1,tennis,True,False,False,34.7,False,False,way/33006894,OH
oh_3924844_-8433765,39.248443,-84.337651,1,tennis,True,False,False,36.5,False,False,way/33007218,OH
oh_3924888_-8433622,39.248882,-84.336222,1,tennis,True,False,False,37.3,False,False,way/33006892,OH
oh_3924864_-8434566,39.248642,-84.345663,2,tennis,True,False,False,39.3,False,False,way/33006935;way/1181898069,OH
oh_3925060_-8430622,39.250597,-84.306224,1,tennis,True,False,False,38.0,False,False,way/431601718,OH
oh_3925020_-8433507,39.250199,-84.335068,1,tennis,True,False,False,37.2,False,False,way/33006888,OH
oh_3925187_-8432350,39.251873,-84.3235,1,tennis,True,False,False,36.6,False,False,way/39861469,OH
oh_3925277_-8433052,39.252773,-84.330524,1,tennis,True,False,False,38.8,False,False,way/33006886,OH
oh_3925280_-8433340,39.252798,-84.333399,1,tennis,True,False,False,35.7,False,False,way/33860213,OH
oh_3925842_-8432642,39.258416,-84.326419,1,tennis,True,False,False,38.8,False,False,way/32896319,OH
oh_3926038_-8434592,39.260381,-84.345923,1,tennis,True,False,False,38.8,False,False,way/32940398,OH
oh_3926198_-8434315,39.261982,-84.343145,1,tennis,True,False,False,24.4,False,False,way/32940394,OH
oh_3926344_-8432088,39.26344,-84.320883,4,tennis,True,False,False,60.9,False,False,way/30637663;way/1176974540;way/1176974552;way/1176974558,OH
oh_3926826_-8432728,39.268255,-84.327277,2,tennis,True,False,False,34.5,False,False,way/1490875186;way/1490875187,OH
oh_3927019_-8432558,39.270189,-84.32558,6,tennis,True,False,False,82.0,False,False,way/1490875341;way/1490875342;way/1490875343;way/1490875344;way/1490875345;way/1490875346,OH
oh_3927487_-8430547,39.274874,-84.305468,2,tennis,True,False,False,29.0,False,False,way/1484753456;way/1484753457,OH
oh_3927563_-8431495,39.275631,-84.314949,1,tennis,True,False,False,26.3,False,False,way/55200033,OH
oh_3927778_-8433624,39.277779,-84.336243,7,tennis,True,False,False,88.6,False,False,way/30368398;way/30368402;way/682209479;way/1176974546;way/1176974548;way/1176974549;way/1176974567,OH
oh_3928027_-8432059,39.280266,-84.320587,1,tennis,True,False,False,43.0,False,False,way/32896564,OH
oh_3928140_-8434140,39.281401,-84.341405,3,pickleball;tennis,True,True,False,28.5,False,False,way/1490873388;way/1490873389;way/1490873390,OH
oh_3928220_-8431738,39.282201,-84.317384,2,tennis,True,False,False,31.1,False,False,way/32896482;way/1176974543,OH
oh_3928402_-8433063,39.284024,-84.330629,8,tennis,True,False,False,111.6,False,False,way/32896420;way/32896421;way/1020100248;way/1020100249;way/1020100250;way/1020100251;way/1020100252;way/1020100253,OH
oh_3928428_-8431925,39.284278,-84.319251,1,tennis,True,False,False,41.2,False,False,way/32896472,OH
oh_3928618_-8432346,39.286185,-84.323457,1,pickleball,False,True,False,22.8,False,False,way/36806766,OH
oh_3929021_-8433533,39.290212,-84.335326,1,tennis,True,False,False,37.9,False,False,way/34903205,OH
oh_3929059_-8432359,39.290588,-84.323589,2,tennis,True,False,False,29.6,False,False,way/1490872876;way/1490872877,OH
oh_3930157_-8432005,39.301572,-84.320049,1,tennis,True,False,False,24.5,False,False,way/98383272,OH
oh_3930649_-8432928,39.30649,-84.329283,4,tennis,True,False,False,62.2,False,False,way/1490872753;way/1490872754;way/1490872755;way/1490872756,OH
oh_3930827_-8431110,39.308268,-84.311096,1,tennis,True,False,False,36.8,False,False,way/34228042,OH
oh_3931603_-8431550,39.316028,-84.315496,1,tennis,True,False,False,39.0,False,False,way/37294060,OH
oh_3932055_-8432269,39.320553,-84.322687,1,tennis,True,False,False,37.9,False,False,way/87675269,OH
oh_3932516_-8434071,39.325163,-84.340713,1,tennis,True,False,False,40.4,False,False,way/106045201,OH
oh_3932959_-8432632,39.329593,-84.326325,1,tennis,True,False,False,40.2,False,False,way/35027001,OH
oh_3934257_-8434321,39.342575,-84.343212,1,tennis,True,False,False,41.2,False,False,way/35092164,OH
oh_3936711_-8434393,39.367108,-84.343932,1,tennis,True,False,False,35.0,False,False,way/35091917,OH
oh_3936941_-8431240,39.369407,-84.3124,1,tennis,True,False,False,36.6,False,False,way/34231133,OH
oh_3937203_-8433980,39.372027,-84.339799,2,tennis,True,False,False,28.8,False,False,way/1490872036;way/1490872037,OH
oh_3937738_-8431005,39.377379,-84.310046,1,tennis,True,False,False,37.4,False,False,way/168959572,OH
oh_3937812_-8434674,39.378121,-84.346737,9,pickleball;tennis,True,True,False,75.6,False,False,way/81789072;way/143155897;way/197867303;way/1490558198;way/1490558199;way/1490558200;way/1490558201;way/1490558202;way/1490558203,OH
oh_3938405_-8433951,39.384049,-84.339509,1,tennis,True,False,False,38.2,False,False,way/87342582,OH
oh_3938824_-8434269,39.388243,-84.342689,1,tennis,True,False,False,37.6,False,False,way/168959421,OH
oh_3939389_-8431606,39.393889,-84.316064,1,tennis,True,False,False,34.6,False,False,way/35115652,OH
oh_3949208_-8435294,39.49208,-84.352938,16,pickleball,False,True,False,105.9,False,False,way/1490554368;way/1490554369;way/1490554370;way/1490554371;way/1490554372;way/1490554373;way/1490554374;way/1490554375;way/1490554376;way/1490554377;way/1490554378;way/1490554379;way/1490554380;way/1490554381;way/1490554382;way/1490554383,OH
oh_3949793_-8432572,39.497926,-84.325719,1,tennis,True,False,False,38.4,False,False,way/99999363,OH
oh_3952324_-8435119,39.523237,-84.351192,5,tennis,True,False,False,71.8,False,False,way/64607899;way/117451456;way/1297720870;way/1297720871;way/1297720872,OH
oh_3952396_-8433822,39.523958,-84.338221,1,tennis,True,False,False,44.7,False,False,way/88176761,OH
oh_3958515_-8432098,39.585146,-84.320978,5,tennis,True,False,False,69.4,False,False,way/646322734;way/646322735;way/1297720867;way/1297720868;way/1297720869,OH
oh_3986241_-8436478,39.862408,-84.364785,2,tennis,True,False,False,35.7,False,False,way/1490218318;way/1490218319,OH
oh_3987306_-8434346,39.873056,-84.343458,8,tennis,True,False,False,65.1,False,False,way/633812070;way/633812071;way/633812072;way/633812073;way/633812074;way/633812075;way/633812076;way/633812077,OH
oh_3996324_-8434766,39.963238,-84.347659,6,tennis,True,False,False,60.6,False,False,way/634102729;way/634102731;way/634102733;way/634102735;way/634102737;way/634102739,OH
oh_4034798_-8437284,40.347981,-84.37284,1,tennis,True,False,False,48.6,False,False,way/839663161,OH
oh_4040311_-8438106,40.403108,-84.381056,4,tennis,True,False,False,59.6,False,False,way/630144755;way/630144756;way/630144757;way/630144758,OH
oh_4044011_-8437624,40.440115,-84.376243,2,tennis,True,False,False,26.4,False,False,way/1489845701;way/1489845702,OH
oh_4044875_-8436326,40.448748,-84.363264,1,tennis,True,False,False,39.3,False,False,way/1431824581,OH
oh_4053397_-8439126,40.533972,-84.391263,1,pickleball,False,True,False,27.1,False,False,way/1238759075,OH
oh_4053765_-8438110,40.537652,-84.381102,10,pickleball;tennis,True,True,False,64.7,False,False,way/133117211;way/1287172956;way/1287172957;way/1287172958;way/1287172959;way/1287172960;way/1287172961;way/1385380633;way/1385380634;way/1385380635,OH
oh_4056008_-8437483,40.560085,-84.374832,6,tennis,True,False,False,84.7,False,False,way/635681058;way/635681062;way/635681065;way/635681068;way/635681071;way/635681075,OH
oh_4127807_-8440355,41.278072,-84.403554,4,tennis,True,False,False,56.7,False,False,way/917820683;way/917820684;way/917820685;way/917820686,OH
oh_4159100_-8443368,41.590995,-84.433678,2,tennis,True,False,False,26.1,False,False,way/1429355282;way/1429355283,OH
oh_3893715_-8425821,38.937149,-84.258215,1,tennis,True,False,False,37.7,False,False,way/1323994418,OH
oh_3893706_-8426303,38.937065,-84.263031,1,tennis,True,False,False,38.3,False,False,way/1323734549,OH
oh_3895239_-8426873,38.95239,-84.268728,3,tennis,True,False,False,40.6,False,False,way/1456802673;way/1456802674;way/1456802675,OH
oh_3897572_-8425284,38.975722,-84.252842,1,tennis,True,False,False,37.2,False,False,way/1327877950,OH
oh_3898015_-8428843,38.980146,-84.288428,1,tennis,True,False,False,41.3,False,False,way/216274880,OH
oh_3898615_-8423224,38.986153,-84.232238,2,tennis,True,False,False,33.0,False,False,way/1481003482;way/1481003483,OH
oh_3899361_-8422214,38.993612,-84.222142,1,tennis,True,False,False,38.5,False,False,way/93305776,OH
oh_3902923_-8427071,39.029234,-84.270714,4,pickleball;tennis,True,True,False,33.6,False,False,way/1481003598;way/1481003599;way/1481003600;way/1481003601,OH
oh_3903552_-8427612,39.035516,-84.276121,2,tennis,True,False,False,37.0,False,False,way/1447824519;way/1447824520,OH
oh_3906036_-8422960,39.060356,-84.229595,3,tennis,True,False,False,38.9,False,False,way/1481003864;way/1481003865;way/1481003866,OH
oh_3906748_-8428411,39.067478,-84.284105,1,tennis,True,False,False,40.6,False,False,way/156582228,OH
oh_3906997_-8425113,39.069967,-84.251134,5,tennis,True,False,False,87.4,False,False,way/1481003793;way/1481003794;way/1481003795;way/1481003796;way/1481003797,OH
oh_3908485_-8427220,39.084854,-84.272203,3,tennis,True,False,False,51.9,False,False,way/96796848;way/1182767284;way/1182767285,OH
oh_3909791_-8425700,39.097912,-84.257,1,tennis,True,False,False,35.6,False,False,way/157353119,OH
oh_3911956_-8428483,39.119561,-84.284828,1,pickleball,False,True,False,42.9,False,False,way/1337457395,OH
oh_3914460_-8428356,39.144604,-84.283559,1,tennis,True,False,False,39.5,False,False,way/66445020,OH
oh_3915610_-8429480,39.156099,-84.294802,1,tennis,True,False,False,35.6,False,False,way/105137207,OH
oh_3916377_-8429343,39.163771,-84.293432,1,tennis,True,False,False,41.7,False,False,way/105137258,OH
oh_3917398_-8425075,39.173983,-84.250747,1,tennis,True,False,False,26.2,False,False,way/1312104358,OH
oh_3918033_-8423641,39.180334,-84.236413,5,tennis,True,False,False,72.8,False,False,way/1442171176;way/1442171177;way/1442171178;way/1442171179;way/1442171180,OH
oh_3918392_-8423922,39.183917,-84.239224,4,tennis,True,False,False,65.3,False,False,way/633589709;way/633589712;way/633589714;way/633589717,OH
oh_3918901_-8425188,39.189014,-84.251878,1,pickleball,False,True,False,19.8,False,False,way/668008489,OH
oh_3919672_-8425648,39.196719,-84.256485,1,tennis,True,False,False,24.9,False,False,way/1337189831,OH
oh_3919853_-8424768,39.198526,-84.247678,1,tennis,True,False,False,24.9,False,False,way/1337189841,OH
oh_3920364_-8425792,39.203636,-84.257921,2,tennis,True,False,False,29.5,False,False,way/1442171274;way/1442171275,OH
oh_3921100_-8426899,39.211,-84.268985,1,tennis,True,False,False,33.7,False,False,way/49801058,OH
oh_3922038_-8424415,39.220382,-84.244153,1,tennis,True,False,False,25.5,False,False,way/1337189823,OH
oh_3922167_-8423843,39.221671,-84.238427,1,tennis,True,False,False,25.8,False,False,way/1337189824,OH
oh_3922477_-8423447,39.224772,-84.234469,1,tennis,True,False,False,25.7,False,False,way/1337586516,OH
oh_3923109_-8426897,39.231089,-84.26897,1,tennis,True,False,False,36.5,False,False,way/529910617,OH
oh_3923777_-8424575,39.23777,-84.245754,1,tennis,True,False,False,40.9,False,False,way/56236630,OH
oh_3924326_-8429241,39.24326,-84.292408,2,tennis,True,False,False,33.2,False,False,way/1490875475;way/1490875476,OH
oh_3924523_-8424823,39.24523,-84.248229,1,tennis,True,False,False,41.3,False,False,way/56236518,OH
oh_3925302_-8427258,39.253022,-84.272582,1,tennis,True,False,False,39.5,False,False,way/702426629,OH
oh_3925784_-8429493,39.257844,-84.294934,1,tennis,True,False,False,21.4,False,False,way/474257602,OH
oh_3925995_-8425413,39.259955,-84.254129,1,pickleball,False,True,False,47.4,False,False,way/31879438,OH
oh_3927189_-8428681,39.271893,-84.286807,2,pickleball,False,True,False,40.2,False,False,way/31928353;way/1176974551,OH
oh_3928276_-8427539,39.282756,-84.275392,5,tennis,True,False,False,72.4,False,False,way/529910733;way/1176974537;way/1176974541;way/1176974542;way/1176974554,OH
oh_3928270_-8429712,39.282697,-84.297122,4,tennis,True,False,False,58.0,False,False,way/1484753154;way/1484753155;way/1484753156;way/1484753157,OH
oh_3928707_-8429798,39.287068,-84.297982,2,tennis,True,False,False,32.2,False,False,way/1484752913;way/1484752914,OH
oh_3928994_-8429292,39.28994,-84.292917,1,tennis,True,False,False,42.9,False,False,way/32641611,OH
oh_3929092_-8428754,39.290919,-84.287545,1,tennis,True,False,False,38.9,False,False,way/36981306,OH
oh_3929303_-8430002,39.293025,-84.300021,1,tennis,True,False,False,37.2,False,False,way/37007647,OH
oh_3929410_-8428821,39.294104,-84.288211,1,tennis,True,False,False,38.2,False,False,way/36981378,OH
oh_3929800_-8427557,39.297999,-84.275571,1,tennis,True,False,False,42.3,False,False,way/37272135,OH
oh_3930005_-8429267,39.30005,-84.292667,1,tennis,True,False,False,40.5,False,False,way/37007574,OH
oh_3930729_-8427396,39.307292,-84.273959,1,tennis,True,False,False,41.6,False,False,way/33860094,OH
oh_3930925_-8429106,39.309252,-84.291056,1,tennis,True,False,False,42.6,False,False,way/33808517,OH
oh_3931508_-8426244,39.315075,-84.262439,1,tennis,True,False,False,49.3,False,False,way/33807864,OH
oh_3931603_-8427097,39.316034,-84.27097,2,tennis,True,False,False,30.6,False,False,way/1484752595;way/1484752596,OH
oh_3931717_-8423658,39.317172,-84.236581,2,tennis,True,False,False,30.9,False,False,way/1442143658;way/1442143659,OH
oh_3931623_-8427858,39.316233,-84.278579,2,tennis,True,False,False,27.0,False,False,way/1484751542;way/1484751543,OH
oh_3931623_-8428146,39.316232,-84.281457,3,pickleball;tennis,True,True,False,34.1,False,False,way/1484751665;way/1484751666;way/1484751667,OH
oh_3931667_-8430311,39.316671,-84.303113,1,tennis,True,False,False,22.3,False,False,way/35092371,OH
oh_3931896_-8424061,39.318959,-84.240606,1,tennis,True,False,False,22.2,False,False,way/1256682399,OH
oh_3931846_-8428896,39.318464,-84.288961,1,tennis,True,False,False,26.0,False,False,way/1484751836,OH
oh_3932284_-8426729,39.322843,-84.267294,1,tennis,True,False,False,36.7,False,False,way/33072734,OH
oh_3932511_-8427797,39.325114,-84.277972,1,tennis,True,False,False,37.6,False,False,way/33072260,OH
oh_3932673_-8430022,39.326727,-84.300221,1,tennis,True,False,False,37.9,False,False,way/35026919,OH
oh_3932842_-8427875,39.328424,-84.27875,2,tennis,True,False,False,30.4,False,False,way/1484751322;way/1484751323,OH
oh_3933076_-8427797,39.330756,-84.277968,2,tennis,True,False,False,29.3,False,False,way/1484751170;way/1484751171,OH
oh_3933903_-8424287,39.339031,-84.242872,1,tennis,True,False,False,41.2,False,False,way/97811576,OH
oh_3934017_-8430163,39.340168,-84.301631,1,tennis,True,False,False,39.5,False,False,way/34229051,OH
oh_3934742_-8430554,39.347422,-84.305537,16,tennis,True,False,False,109.0,False,False,way/112403726;way/112403732;way/112403749;way/1298902852;way/1298902853;way/1298902854;way/1298902855;way/1298902856;way/1490871446;way/1490871447;way/1490871448;way/1490871449;way/1490871450;way/1490871451;way/1490871452;way/1490871453,OH
oh_3934891_-8427577,39.348909,-84.275772,22,padel;pickleball;tennis,True,True,True,1111.5,True,False,node/13730638496;node/13730638497;way/34228989;way/34228998;way/182328012;way/182328021;way/654094498;way/711856620;way/711856621;way/711856622;way/711856623;way/711856632;way/711856640;way/711856663;way/711856664;way/711856665;way/711867434;way/1549490512;way/1549490515;way/1549490516;way/1549490517;way/1549490518,OH
oh_3935246_-8428428,39.352463,-84.284282,3,pickleball;tennis,True,True,False,30.9,False,False,way/1481009686;way/1481009687;way/1481009688,OH
oh_3935372_-8425383,39.353719,-84.253833,5,tennis,True,False,False,75.0,False,False,way/1481009504;way/1481009505;way/1481009506;way/1481009507;way/1481009508,OH
oh_3935354_-8426634,39.353538,-84.266342,2,tennis,True,False,False,31.8,False,False,way/1468123482;way/1468123483,OH
oh_3936724_-8430117,39.367238,-84.301165,7,tennis,True,False,False,76.1,False,False,way/1498679057;way/1498679058;way/1498679059;way/1498679060;way/1498679061;way/1498679062;way/1498679199,OH
oh_3937794_-8430419,39.37794,-84.304186,2,tennis,True,False,False,32.4,False,False,way/1490870621;way/1490870622,OH
oh_3938014_-8430370,39.380143,-84.303697,1,tennis,True,False,False,39.4,False,False,way/98411660,OH
oh_3938564_-8430547,39.385635,-84.305467,1,tennis,True,False,False,39.1,False,False,way/113360782,OH
oh_3941097_-8428181,39.410965,-84.281813,1,tennis,True,False,False,38.2,False,False,way/98411524,OH
oh_3945569_-8427845,39.45569,-84.278453,2,tennis,True,False,False,30.7,False,False,way/1490416773;way/1490416774,OH
oh_3946256_-8427073,39.462557,-84.270725,2,tennis,True,False,False,28.3,False,False,way/1490416724;way/1490416725,OH
oh_3948950_-8428004,39.489503,-84.280036,1,tennis,True,False,False,38.0,False,False,way/100119761,OH
oh_3949106_-8429745,39.491059,-84.297446,1,tennis,True,False,False,79.8,False,False,way/100119746,OH
oh_3952422_-8426554,39.524223,-84.265543,1,tennis,True,False,False,37.0,False,False,way/643215424,OH
oh_3955324_-8429837,39.553239,-84.298373,6,tennis,True,False,False,70.5,False,False,way/99998368;way/99998377;way/1390779796;way/1390779797;way/1390779798;way/1390779799,OH
oh_3956156_-8428522,39.561558,-84.285222,1,tennis,True,False,False,20.0,False,False,way/643735415,OH
oh_3956716_-8430618,39.567161,-84.306176,1,tennis,True,False,False,38.9,False,False,way/290493147,OH
oh_3959074_-8428968,39.590737,-84.289679,2,tennis,True,False,False,25.6,False,False,way/644985548;way/644985549,OH
oh_3962651_-8425727,39.626513,-84.257272,6,tennis,True,False,False,61.4,False,False,way/1456777643;way/1456777644;way/1456777645;way/1456777646;way/1456777647;way/1456777648,OH
oh_3962806_-8430028,39.628062,-84.300283,1,tennis,True,False,False,36.9,False,False,way/246551353,OH
oh_3963322_-8426049,39.633223,-84.260492,1,tennis,True,False,False,43.0,False,False,way/61040716,OH
oh_3965536_-8425662,39.655359,-84.256615,3,tennis,True,False,False,44.7,False,False,way/1087579494;way/1087579495;way/1087579496,OH
oh_3973758_-8428500,39.737583,-84.285,8,tennis,True,False,False,72.8,False,False,way/1323026288;way/1323026521;way/1323027797;way/1323028322;way/1323028442;way/1323029363;way/1323029409;way/1323029436,OH
oh_3975446_-8425889,39.754456,-84.258886,2,tennis,True,False,False,26.2,False,False,way/1490546781;way/1490546782,OH
oh_3976539_-8425989,39.76539,-84.259887,5,tennis,True,False,False,70.1,False,False,way/1490546548;way/1490546549;way/1490546550;way/1490546551;way/1490546552,OH
oh_3978962_-8426925,39.789623,-84.269248,1,tennis,True,False,False,39.7,False,False,way/97359270,OH
oh_3979134_-8430962,39.791341,-84.309624,4,tennis,True,False,False,55.1,False,False,way/632379772;way/632379774;way/632379776;way/632379778,OH
oh_3979313_-8431597,39.793133,-84.315966,2,pickleball,False,True,False,30.8,False,False,way/1490544850;way/1490544851,OH
oh_3980856_-8430841,39.808556,-84.308408,6,tennis,True,False,False,90.5,False,False,way/632368648;way/632368649;way/632368650;way/632368651;way/632368652;way/632368653,OH
oh_3981932_-8429402,39.819322,-84.29402,1,tennis,True,False,False,24.1,False,False,way/1490940005,OH
oh_3981968_-8430000,39.819678,-84.300004,2,tennis,True,False,False,25.1,False,False,way/1518523986;way/1518523987,OH
oh_3982470_-8428367,39.824699,-84.283665,1,tennis,True,False,False,26.1,False,False,way/1334996457,OH
oh_3983563_-8426767,39.835626,-84.267668,2,tennis,True,False,False,27.7,False,False,way/1518523914;way/1518523915,OH
oh_3984238_-8430793,39.842382,-84.30793,6,pickleball;tennis,True,True,False,32.2,False,False,way/1490219830;way/1490219831;way/1490219832;way/1490219833;way/1490219834;way/1490219835,OH
oh_3985368_-8427473,39.853678,-84.274732,1,tennis,True,False,False,38.7,False,False,way/132784385,OH
oh_3986294_-8430734,39.862939,-84.307341,1,tennis,True,False,False,29.3,False,False,way/132910059,OH
oh_3987425_-8431250,39.874253,-84.312504,8,pickleball;tennis,True,True,False,55.7,False,False,way/1490219441;way/1490219442;way/1490219443;way/1490219444;way/1490219445;way/1490219446;way/1490219447;way/1490219448,OH
oh_3989716_-8430951,39.897157,-84.309508,2,tennis,True,False,False,55.5,False,False,way/1485171193;way/1485171194,OH
oh_3995922_-8433166,39.959221,-84.331663,3,tennis,True,False,False,69.1,False,False,way/1490219273;way/1490219274;way/1490219275,OH
oh_4018256_-8427901,40.182563,-84.27901,1,tennis,True,False,False,34.6,False,False,way/134366530,OH
oh_4070622_-8435298,40.706218,-84.352976,2,tennis,True,False,False,34.4,False,False,way/312974753;way/312974754,OH
oh_4085300_-8434192,40.853001,-84.341919,6,tennis,True,False,False,61.2,False,False,way/619002628;way/1162304325;way/1162304326;way/1162304327;way/1162304328;way/1162304329,OH
oh_4126563_-8436047,41.265633,-84.360472,1,tennis,True,False,False,74.9,False,False,way/1086853417,OH
oh_4128722_-8435314,41.287217,-84.353138,3,tennis,True,False,False,46.2,False,False,way/917820553;way/917820554;way/917820555,OH
oh_4130066_-8435446,41.300661,-84.354461,6,tennis,True,False,False,70.6,False,False,way/911540521;way/911540522;way/911540523;way/911540524;way/911540525;way/911540526,OH
oh_4150667_-8441324,41.506668,-84.413236,2,tennis,True,False,False,26.5,False,False,way/1482592929;way/1482592930,OH
oh_3900417_-8422192,39.004172,-84.221924,1,tennis,True,False,False,31.6,False,False,way/1318193094,OH
oh_3906158_-8421528,39.061579,-84.215277,1,pickleball,False,True,False,40.3,False,False,way/717951683,OH
oh_3906661_-8420434,39.066613,-84.204341,2,tennis,True,False,False,31.7,False,False,way/1332519024;way/1332519025,OH
oh_3906998_-8418778,39.069983,-84.187782,2,tennis,True,False,False,35.0,False,False,way/1481003976;way/1481003977,OH
oh_3907179_-8417059,39.071789,-84.170593,2,tennis,True,False,False,32.6,False,False,way/1301314040;way/1301314041,OH
oh_3907924_-8419937,39.079242,-84.199371,1,tennis,True,False,False,38.2,False,False,way/37862552,OH
oh_3908073_-8417154,39.080729,-84.171541,1,tennis,True,False,False,40.1,False,False,way/136930423,OH
oh_3916147_-8418269,39.161474,-84.182692,1,tennis,True,False,False,24.8,False,False,way/1319358799,OH
oh_3916801_-8419356,39.16801,-84.19356,1,tennis,True,False,False,36.7,False,False,way/197355157,OH
oh_3917258_-8420321,39.172577,-84.203206,2,pickleball,False,True,False,31.8,False,False,way/1331391968;way/1331391969,OH
oh_3918241_-8417874,39.182411,-84.17874,1,tennis,True,False,False,28.9,False,False,way/1408901320,OH
oh_3918870_-8417256,39.188703,-84.172565,1,tennis,True,False,False,25.2,False,False,way/1331643552,OH
oh_3919382_-8422272,39.193824,-84.222718,4,pickleball;tennis,True,True,False,42.0,False,False,way/1442171042;way/1442171043;way/1442171044;way/1442171045,OH
oh_3926134_-8423245,39.261339,-84.232453,1,tennis,True,False,False,37.2,False,False,way/218700894,OH
oh_3926330_-8422105,39.263303,-84.221049,1,tennis,True,False,False,37.5,False,False,way/37299752,OH
oh_3931025_-8422672,39.310251,-84.22672,1,tennis,True,False,False,23.4,False,False,way/1551809653,OH
oh_3933640_-8423550,39.336396,-84.235505,1,tennis,True,False,False,37.3,False,False,way/97940760,OH
oh_3936112_-8422262,39.361117,-84.222624,4,tennis,True,False,False,58.3,False,False,way/1481009429;way/1481009430;way/1481009431;way/1481009432,OH
oh_3940961_-8421241,39.409614,-84.212411,6,tennis,True,False,False,65.8,False,False,way/1490870437;way/1490870438;way/1490870439;way/1490870440;way/1490870441;way/1490870442,OH
oh_3943034_-8420435,39.43034,-84.204349,4,tennis,True,False,False,114.8,False,False,way/69210810;way/1490416999;way/1490417000;way/1490417001,OH
oh_3945151_-8419699,39.451509,-84.196986,1,tennis,True,False,False,39.7,False,False,way/34025993,OH
oh_3945720_-8422124,39.4572,-84.221236,1,tennis,True,False,False,38.7,False,False,way/34025771,OH
oh_3946497_-8417872,39.464975,-84.178725,5,tennis,True,False,False,75.3,False,False,way/1277871690;way/1277871691;way/1277871692;way/1277871693;way/1277871694,OH
oh_3946989_-8420383,39.469894,-84.203828,1,tennis,True,False,False,35.5,False,False,way/95462803,OH
oh_3947209_-8422829,39.472087,-84.228292,1,tennis,True,False,False,29.6,False,False,way/95467849,OH
oh_3950444_-8418466,39.504439,-84.184658,1,tennis,True,False,False,42.0,False,False,way/244392301,OH
oh_3951794_-8418901,39.51794,-84.189009,1,tennis,True,False,False,24.1,False,False,way/87895791,OH
oh_3953319_-8423301,39.533191,-84.233015,4,pickleball;tennis,True,True,False,29.7,False,False,way/1490416620;way/1490416621;way/1490416622;way/1490416623,OH
oh_3953574_-8423854,39.535736,-84.238537,6,tennis,True,False,False,95.6,False,False,way/1311817672;way/1311817673;way/1311817674;way/1311817675;way/1311817676;way/1311817677,OH
oh_3954142_-8419226,39.541425,-84.192259,2,tennis,True,False,False,31.7,False,False,way/1490415880;way/1490415881,OH
oh_3954194_-8421362,39.54194,-84.213622,1,tennis,True,False,False,39.7,False,False,way/87895764,OH
oh_3954543_-8422264,39.54543,-84.222639,1,tennis,True,False,False,36.4,False,False,way/87894481,OH
oh_3955742_-8419670,39.557419,-84.196703,1,tennis,True,False,False,37.9,False,False,way/87894155,OH
oh_3955825_-8424399,39.558255,-84.24399,1,tennis,True,False,False,38.8,False,False,way/87897992,OH
oh_3956034_-8420627,39.560336,-84.206271,1,tennis,True,False,False,23.9,False,False,way/1518520262,OH
oh_3956264_-8421914,39.56264,-84.219144,6,pickleball;tennis,True,True,False,78.3,False,False,way/240897308;way/1490416388;way/1490416389;way/1490416390;way/1490416391;way/1490416392,OH
oh_3956787_-8423999,39.567866,-84.239988,2,tennis,True,False,False,27.7,False,False,way/1487331105;way/1487331106,OH
oh_3956912_-8421489,39.569118,-84.214892,1,tennis,True,False,False,36.2,False,False,way/240897307,OH
oh_3957415_-8421539,39.574151,-84.215391,2,tennis,True,False,False,28.9,False,False,way/1489958294;way/1489958295,OH
oh_3957488_-8422330,39.574878,-84.223301,2,tennis,True,False,False,31.3,False,False,way/1489957896;way/1489957897,OH
oh_3958363_-8424832,39.583626,-84.248319,1,tennis,True,False,False,36.3,False,False,way/205877914,OH
oh_3958656_-8418402,39.586558,-84.184019,1,tennis,True,False,False,41.9,False,False,way/98416345,OH
oh_3958826_-8423258,39.588262,-84.232578,6,tennis,True,False,False,80.1,False,False,way/87889244;way/87889251;way/584220239;way/584220240;way/584220241;way/584220242,OH
oh_3960840_-8419407,39.608399,-84.194068,2,tennis,True,False,False,34.8,False,False,way/728914981;way/728914984,OH
oh_3961588_-8422072,39.615884,-84.220723,2,tennis,True,False,False,31.6,False,False,way/728914979;way/728914983,OH
oh_3961642_-8421799,39.616422,-84.217994,1,tennis,True,False,False,24.8,False,False,way/728914980,OH
oh_3961703_-8422538,39.617034,-84.22538,2,tennis,True,False,False,28.8,False,False,way/1489956648;way/1489956649,OH
oh_3961711_-8422402,39.617107,-84.224016,2,tennis,True,False,False,46.7,False,False,way/142759554;way/142759611,OH
oh_3962178_-8419758,39.621777,-84.19758,1,tennis,True,False,False,40.7,False,False,way/221166711,OH
oh_3962474_-8420512,39.624739,-84.205119,1,tennis,True,False,False,39.5,False,False,way/221167131,OH
oh_3962448_-8423330,39.624482,-84.233302,1,tennis,True,False,False,36.1,False,False,way/318783512,OH
oh_3963157_-8418575,39.631567,-84.185746,2,tennis,True,False,False,78.7,False,False,way/143018013;way/143018021,OH
oh_3963933_-8419860,39.639335,-84.198604,3,tennis,True,False,False,53.0,False,False,way/379687233;way/475672163;way/475672164,OH
oh_3964023_-8418911,39.640232,-84.189109,1,tennis,True,False,False,39.9,False,False,way/325371508,OH
oh_3964138_-8418817,39.641377,-84.18817,1,tennis,True,False,False,39.5,False,False,way/325371510,OH
oh_3964349_-8418824,39.643488,-84.188239,1,tennis,True,False,False,44.1,False,False,way/143018019,OH
oh_3964401_-8423460,39.644006,-84.234604,1,tennis,True,False,False,33.8,False,False,way/39791601,OH
oh_3964647_-8420521,39.646474,-84.205211,2,tennis,True,False,False,28.0,False,False,way/1489956343;way/1489956344,OH
oh_3964901_-8422999,39.649012,-84.229991,2,tennis,True,False,False,32.7,False,False,way/1334996388;way/1334996389,OH
oh_3964958_-8423494,39.649577,-84.234937,2,tennis,True,False,False,47.8,False,False,way/190364553;way/190364556,OH
oh_3965169_-8420023,39.651685,-84.200234,1,tennis,True,False,False,39.1,False,False,way/318785142,OH
oh_3965085_-8423718,39.650848,-84.237175,1,tennis,True,False,False,26.2,False,False,way/1434177342,OH
oh_3965422_-8418909,39.654224,-84.189095,1,tennis,True,False,False,40.8,False,False,way/137508581,OH
oh_3965804_-8419325,39.658036,-84.193252,1,tennis,True,False,False,38.8,False,False,way/137508584,OH
oh_3965888_-8420419,39.658883,-84.204189,1,tennis,True,False,False,41.9,False,False,way/137507631,OH
oh_3965914_-8420023,39.659144,-84.200227,1,tennis,True,False,False,35.5,False,False,way/137508608,OH
oh_3966291_-8420084,39.662915,-84.200838,1,tennis,True,False,False,41.8,False,False,way/137508578,OH
oh_3966521_-8420243,39.665212,-84.202431,1,tennis,True,False,False,40.7,False,False,way/137507659,OH
oh_3966651_-8419967,39.666506,-84.199665,1,tennis,True,False,False,35.9,False,False,way/137507647,OH
oh_3967178_-8425097,39.671775,-84.250968,1,tennis,True,False,False,38.4,False,False,way/97345237,OH
oh_3967433_-8421084,39.674332,-84.210838,1,tennis,True,False,False,36.5,False,False,way/137507655,OH
oh_3967493_-8421679,39.674931,-84.216786,1,tennis,True,False,False,38.1,False,False,way/137508595,OH
oh_3967585_-8421012,39.675851,-84.210121,1,tennis,True,False,False,42.1,False,False,way/74469789,OH
oh_3967609_-8420552,39.676087,-84.205517,1,pickleball,False,True,False,13.7,False,False,way/137508560,OH
oh_3967937_-8420725,39.679365,-84.207248,1,tennis,True,False,False,35.1,False,False,way/137508602,OH
oh_3969132_-8419528,39.691324,-84.195277,2,tennis,True,False,False,32.1,False,False,way/674439820;way/674439821,OH
oh_3969685_-8419999,39.69685,-84.199986,1,tennis,True,False,False,34.0,False,False,way/1107640462,OH
oh_3970471_-8420070,39.704705,-84.200702,2,tennis,True,False,False,68.7,False,False,way/938199776;way/1117440745,OH
oh_3972066_-8419586,39.720655,-84.195861,1,tennis,True,False,False,36.5,False,False,way/1107640509,OH
oh_3973509_-8424720,39.735085,-84.247203,1,tennis,True,False,False,38.0,False,False,way/340748035,OH
oh_3973578_-8422937,39.735783,-84.229367,4,tennis,True,False,False,59.2,False,False,way/1490549400;way/1490549401;way/1490549402;way/1490549403,OH
oh_3975194_-8420770,39.751943,-84.2077,1,tennis,True,False,False,34.2,False,False,way/38347780,OH
oh_3975376_-8419256,39.753758,-84.192559,7,tennis,True,False,False,109.3,False,False,way/195522743;way/1205358916;way/1205358917;way/1205358918;way/1205358919;way/1205358920;way/1205358921,OH
oh_3976571_-8419992,39.765708,-84.19992,1,pickleball,False,True,False,53.5,False,False,way/38347959,OH
oh_3977128_-8422956,39.771281,-84.229559,2,tennis,True,False,False,25.6,False,False,way/1469379718;way/1469379719,OH
oh_3977350_-8420461,39.773505,-84.204606,1,tennis,True,False,False,27.5,False,False,way/764039752,OH
oh_3978546_-8420199,39.785463,-84.201989,9,tennis,True,False,False,99.5,False,False,way/45761697;way/679627542;way/679627543;way/679627545;way/679627546;way/679627548;way/679627549;way/679627551;way/679627552,OH
oh_3979358_-8421866,39.793582,-84.218664,2,tennis,True,False,False,26.1,False,False,way/1490545968;way/1490545969,OH
oh_3981288_-8424984,39.812875,-84.249838,3,tennis,True,False,False,41.5,False,False,way/1489943506;way/1489943507;way/1489943508,OH
oh_3981400_-8423140,39.813996,-84.231397,2,tennis,True,False,False,27.2,False,False,way/1489943190;way/1489943191,OH
oh_3981422_-8423604,39.814224,-84.236037,4,tennis,True,False,False,62.5,False,False,way/1489943294;way/1489943295;way/1489943296;way/1489943297,OH
oh_3981557_-8419375,39.81557,-84.193755,6,tennis,True,False,False,88.4,False,False,way/97511390;way/532654493;way/532654494;way/532654509;way/532654512;way/532654527,OH
oh_3981807_-8424442,39.818068,-84.244419,1,tennis,True,False,False,36.0,False,False,way/1110026342,OH
oh_3982390_-8419630,39.823899,-84.196301,1,tennis,True,False,False,37.6,False,False,way/148025442,OH
oh_3982346_-8422784,39.823457,-84.22784,2,tennis,True,False,False,26.1,False,False,way/1489943034;way/1489943035,OH
oh_3982416_-8422851,39.824157,-84.228508,2,tennis,True,False,False,33.6,False,False,way/1489943032;way/1489943033,OH
oh_3983417_-8422041,39.834166,-84.220409,2,tennis,True,False,False,25.6,False,False,way/1489942754;way/1489942755,OH
oh_3983893_-8422053,39.838933,-84.220534,1,tennis,True,False,False,35.1,False,False,way/148029879,OH
oh_3984276_-8425962,39.84276,-84.259616,1,tennis,True,False,False,25.7,False,False,way/305497754,OH
oh_3984494_-8421336,39.844938,-84.213359,6,tennis,True,False,False,62.4,False,False,way/1487840463;way/1487840464;way/1487840465;way/1487840466;way/1487840467;way/1487840468,OH
oh_3987803_-8422171,39.878034,-84.221711,1,tennis,True,False,False,29.4,False,False,way/155946489,OH
oh_3988081_-8421509,39.880807,-84.215087,14,pickleball;tennis,True,True,False,118.9,False,False,way/1489941598;way/1489941599;way/1489941600;way/1489941601;way/1489941602;way/1489941603;way/1489941604;way/1489941605;way/1489941606;way/1489941607;way/1489941608;way/1489941609;way/1489941610;way/1489941611,OH
oh_4001706_-8422407,40.017064,-84.224073,6,pickleball;tennis,True,True,False,47.8,False,False,way/1489935964;way/1489935965;way/1489935966;way/1489935967;way/1489935968;way/1489935969,OH
oh_4003221_-8424767,40.032206,-84.247666,1,tennis,True,False,False,36.8,False,False,way/134876479,OH
oh_4003578_-8420765,40.035778,-84.207649,1,tennis,True,False,False,43.9,False,False,way/1196395409,OH
oh_4003633_-8422534,40.036326,-84.225335,1,tennis,True,False,False,36.9,False,False,way/134876504,OH
oh_4004765_-8420599,40.04765,-84.205989,4,tennis,True,False,False,61.3,False,False,way/1489934961;way/1489934962;way/1489934963;way/1489934964,OH
oh_4004896_-8420698,40.048959,-84.206985,5,tennis,True,False,False,72.2,False,False,way/1489934387;way/1489934388;way/1489934389;way/1489934390;way/1489934391,OH
oh_4005097_-8423568,40.050967,-84.235682,1,pickleball,False,True,False,12.6,False,False,way/226680895,OH
oh_4005700_-8420828,40.057001,-84.208285,12,pickleball,False,True,False,69.0,False,False,way/1489934112;way/1489934113;way/1489934114;way/1489934115;way/1489934116;way/1489934117;way/1489934118;way/1489934119;way/1489934120;way/1489934121;way/1489934122;way/1489934123,OH
oh_4013420_-8426145,40.134202,-84.261446,5,tennis,True,False,False,63.1,False,False,way/133191701;way/1257002243;way/1257002244;way/1257002245;way/1257002246,OH
oh_4016068_-8425909,40.160677,-84.259091,2,tennis,True,False,False,29.5,False,False,way/1489865517;way/1489865518,OH
oh_4016107_-8426963,40.161071,-84.269629,1,tennis,True,False,False,26.5,False,False,way/134366540,OH
oh_4019594_-8424982,40.19594,-84.249822,1,tennis,True,False,False,40.4,False,False,way/133466676,OH
oh_4090352_-8429504,40.903517,-84.295043,1,tennis,True,False,False,40.7,False,False,way/239800589,OH
oh_4110488_-8426344,41.104877,-84.263443,2,tennis,True,False,False,26.0,False,False,way/276149309;way/276149310,OH
oh_4123527_-8428412,41.235265,-84.284125,2,tennis,True,False,False,26.4,False,False,way/1435151945;way/1435151946,OH
oh_4151388_-8430871,41.513879,-84.308713,4,tennis,True,False,False,66.7,False,False,way/328823434;way/328830153;way/328830155;way/328830159,OH
oh_4151725_-8431193,41.517252,-84.311933,6,tennis,True,False,False,111.2,False,False,way/917533994;way/917534769;way/917535129;way/917535367;way/917537838;way/917538015,OH
oh_4152363_-8431283,41.523634,-84.312834,2,tennis,True,False,False,37.9,False,False,way/328833284;way/328833285,OH
oh_4167532_-8432335,41.675319,-84.323347,3,tennis,True,False,False,41.5,False,False,way/379243451;way/1161523677;way/1161523678,OH
oh_3883551_-8410040,38.835508,-84.100402,3,tennis,True,False,False,46.9,False,False,way/1481002431;way/1481002432;way/1481002433,OH
oh_3896184_-8411423,38.961838,-84.114233,1,tennis,True,False,False,35.7,False,False,way/239860425,OH
oh_3907580_-8412721,39.075801,-84.127215,3,tennis,True,False,False,49.2,False,False,way/1334536764;way/1334536765;way/1334536766,OH
oh_3910229_-8414936,39.102292,-84.149365,1,pickleball,False,True,False,14.6,False,False,way/1334103363,OH
oh_3915351_-8413205,39.153512,-84.132048,1,tennis,True,False,False,24.8,False,False,way/1330460327,OH
oh_3916878_-8414426,39.168783,-84.144255,1,tennis,True,False,False,25.3,False,False,way/1329972534,OH
oh_3922951_-8414842,39.229508,-84.148421,5,tennis,True,False,False,77.7,False,False,way/633595785;way/633595786;way/633595787;way/633595788;way/633595789,OH
oh_3935797_-8415775,39.35797,-84.157751,5,tennis,True,False,False,71.0,False,False,way/1481009383;way/1481009384;way/1481009385;way/1481009386;way/1481009387,OH
oh_3939532_-8415546,39.395316,-84.155465,1,tennis,True,False,False,38.1,False,False,way/187896503,OH
oh_3941981_-8415351,39.419806,-84.153514,1,tennis,True,False,False,38.9,False,False,way/224925223,OH
oh_3945236_-8413431,39.45236,-84.134309,1,tennis,True,False,False,40.3,False,False,way/41230709,OH
oh_3954011_-8416712,39.540112,-84.167122,3,tennis,True,False,False,45.3,False,False,way/1490415838;way/1490415839;way/1490415840,OH
oh_3958661_-8412952,39.586612,-84.129517,3,tennis,True,False,False,44.8,False,False,way/1479871669;way/1479871670;way/1479871671,OH
oh_3959044_-8413168,39.590438,-84.131684,1,tennis,True,False,False,42.3,False,False,way/142756246,OH
oh_3959059_-8414822,39.590591,-84.148221,1,tennis,True,False,False,24.9,False,False,way/728914414,OH
oh_3959499_-8415510,39.59499,-84.1551,2,tennis,True,False,False,58.7,False,False,way/87890247;way/87890267,OH
oh_3959960_-8413198,39.599596,-84.131979,1,tennis,True,False,False,50.0,False,False,way/133020829,OH
oh_3960450_-8416051,39.604499,-84.160508,3,tennis,True,False,False,34.2,False,False,way/142750949;way/1479870781;way/1479870782,OH
oh_3960636_-8414258,39.606362,-84.142579,2,tennis,True,False,False,29.3,False,False,way/728914404;way/728914437,OH
oh_3961016_-8417706,39.610162,-84.177056,4,tennis,True,False,False,63.8,False,False,way/1479870452;way/1479870453;way/1479870454;way/1479870455,OH
oh_3961598_-8416134,39.61598,-84.16134,1,tennis,True,False,False,34.7,False,False,way/161026327,OH
oh_3961592_-8418088,39.615925,-84.180883,2,tennis,True,False,False,33.9,False,False,way/1479870229;way/1479870230,OH
oh_3961810_-8416214,39.618099,-84.162144,1,tennis,True,False,False,36.4,False,False,way/161026308,OH
oh_3961843_-8417744,39.618426,-84.177437,2,tennis,True,False,False,27.8,False,False,way/1479870037;way/1479870038,OH
oh_3961920_-8418218,39.619204,-84.182182,1,tennis,True,False,False,26.5,False,False,way/215546341,OH
oh_3962273_-8414816,39.622732,-84.148162,1,tennis,True,False,False,0.0,False,False,relation/12453035,OH
oh_3962483_-8416610,39.62483,-84.166099,2,tennis,True,False,False,68.4,False,False,way/61435659;way/143010874,OH
oh_3962471_-8417542,39.624713,-84.175415,2,tennis,True,False,False,32.3,False,False,way/1484216779;way/1484216780,OH
oh_3962612_-8418365,39.626123,-84.183652,1,tennis,True,False,False,35.3,False,False,way/61435341,OH
oh_3963193_-8416947,39.631926,-84.16947,1,tennis,True,False,False,37.7,False,False,way/318788490,OH
oh_3963546_-8416232,39.635464,-84.162321,6,pickleball,False,True,False,36.7,False,False,way/1479869689;way/1479869690;way/1479869691;way/1479869692;way/1479869693;way/1479869694,OH
oh_3963678_-8414329,39.636784,-84.143295,1,tennis,True,False,False,26.2,False,False,way/75505105,OH
oh_3963621_-8417015,39.636213,-84.170154,1,tennis,True,False,False,36.1,False,False,way/100549064,OH
oh_3963903_-8414199,39.639025,-84.141987,2,tennis,True,False,False,29.2,False,False,way/1479868839;way/1479868840,OH
oh_3964181_-8414014,39.641808,-84.140138,2,tennis,True,False,False,45.0,False,False,way/203341271;way/203341303,OH
oh_3964619_-8413392,39.646193,-84.133924,1,tennis,True,False,False,38.0,False,False,way/132751103,OH
oh_3964692_-8413195,39.646921,-84.131952,2,tennis,True,False,False,29.7,False,False,way/1517304305;way/1517304306,OH
oh_3964696_-8413517,39.646965,-84.135172,1,tennis,True,False,False,39.6,False,False,way/203341308,OH
oh_3964803_-8416768,39.648027,-84.16768,1,tennis,True,False,False,34.6,False,False,way/100549006,OH
oh_3964859_-8416946,39.648594,-84.169461,1,tennis,True,False,False,34.2,False,False,way/143021176,OH
oh_3965152_-8414844,39.651519,-84.148439,2,tennis,True,False,False,39.1,False,False,way/733596469;way/733596470,OH
oh_3965611_-8413026,39.656105,-84.130262,2,tennis,True,False,False,28.5,False,False,way/728914410;way/728914439,OH
oh_3965916_-8413528,39.659164,-84.135281,2,tennis,True,False,False,28.4,False,False,way/1468769830;way/1468769831,OH
oh_3966068_-8413356,39.660677,-84.133556,2,tennis,True,False,False,28.3,False,False,way/728914427;way/728914433,OH
oh_3966329_-8414936,39.663294,-84.149362,2,tennis,True,False,False,26.7,False,False,way/732643471;way/732643472,OH
oh_3966366_-8417661,39.663665,-84.176612,2,tennis,True,False,False,75.1,False,False,way/733048902;way/733048903,OH
oh_3967304_-8418191,39.673045,-84.181914,6,tennis,True,False,False,84.7,False,False,way/1489955594;way/1489955595;way/1489955596;way/1489955597;way/1489955598;way/1489955599,OH
oh_3967873_-8413312,39.678728,-84.133116,10,tennis,True,False,False,104.6,False,False,way/728914407;way/728914411;way/728914413;way/728914415;way/728914416;way/728914422;way/728914423;way/728914426;way/728914434;way/728914438,OH
oh_3968083_-8414899,39.680829,-84.148993,1,tennis,True,False,False,80.8,False,False,way/75502509,OH
oh_3968273_-8418082,39.682734,-84.180824,1,tennis,True,False,False,50.1,False,False,way/74469331,OH
oh_3969611_-8415309,39.696114,-84.153089,2,tennis,True,False,False,27.3,False,False,way/1479873032;way/1479873033,OH
oh_3969750_-8416632,39.697501,-84.166321,6,tennis,True,False,False,63.8,False,False,way/1479873844;way/1479873845;way/1479873846;way/1479873847;way/1479873848;way/1479873849,OH
oh_3969826_-8415678,39.698256,-84.156779,1,tennis,True,False,False,24.1,False,False,way/1479873367,OH
oh_3969910_-8413925,39.699101,-84.139249,2,tennis,True,False,False,28.8,False,False,way/81177211;way/968909552,OH
oh_3970585_-8417698,39.705847,-84.176981,1,tennis,True,False,False,24.9,False,False,way/1550571040,OH
oh_3970802_-8416517,39.708019,-84.165166,2,tennis,True,False,False,71.6,False,False,way/163686079;way/163686081,OH
oh_3971680_-8415680,39.716796,-84.156801,2,tennis,True,False,False,29.0,False,False,way/1479874496;way/1479874497,OH
oh_3971853_-8417822,39.718528,-84.17822,1,tennis,True,False,False,24.0,False,False,way/1486376070,OH
oh_3972171_-8417401,39.72171,-84.174005,1,tennis,True,False,False,24.1,False,False,way/531087211,OH
oh_3972576_-8416917,39.725759,-84.169172,5,tennis,True,False,False,66.5,False,False,way/1485465351;way/1485465352;way/1485465353;way/1485465354;way/1485465355,OH
oh_3972704_-8418670,39.727035,-84.186699,4,tennis,True,False,False,61.9,False,False,way/1479877907;way/1479877908;way/1479877909;way/1479877910,OH
oh_3973131_-8416868,39.731313,-84.168677,7,tennis,True,False,False,108.1,False,False,way/1479876099;way/1479876100;way/1479876101;way/1479876102;way/1479876103;way/1479876104;way/1479876105,OH
oh_3973220_-8413772,39.732204,-84.137718,2,tennis,True,False,False,27.5,False,False,way/1479879064;way/1479879065,OH
oh_3973206_-8415335,39.732063,-84.153353,2,tennis,True,False,False,28.3,False,False,way/1479874651;way/1479874652,OH
oh_3973476_-8418455,39.734763,-84.184552,1,tennis,True,False,False,38.2,False,False,way/188584828,OH
oh_3973518_-8418907,39.735184,-84.189069,6,tennis,True,False,False,92.2,False,False,way/1479876898;way/1479876899;way/1479876900;way/1479876901;way/1479876902;way/1479876903,OH
oh_3973744_-8415395,39.737435,-84.153955,3,tennis,True,False,False,46.9,False,False,way/1479875239;way/1479875240;way/1479875241,OH
oh_3973814_-8418411,39.738141,-84.184114,6,tennis,True,False,False,79.0,False,False,way/1432328001;way/1432328002;way/1432328003;way/1479876316;way/1479876317;way/1479876318,OH
oh_3974088_-8416067,39.740881,-84.160668,1,tennis,True,False,False,86.4,False,False,way/81176599,OH
oh_3975230_-8418113,39.752295,-84.181132,1,tennis,True,False,False,25.6,False,False,way/1479878274,OH
oh_3975707_-8417509,39.757067,-84.17509,3,tennis,True,False,False,42.7,False,False,way/1479878907;way/1479878908;way/1479878909,OH
oh_3976180_-8415116,39.7618,-84.15116,1,tennis,True,False,False,31.1,False,False,way/777560212,OH
oh_3976872_-8414450,39.768723,-84.144499,1,tennis,True,False,False,30.4,False,False,way/76344168,OH
oh_3977723_-8418023,39.777233,-84.180232,8,pickleball,False,True,False,44.5,False,False,way/1324650733;way/1324650734;way/1324650735;way/1324650736;way/1324650737;way/1324650738;way/1324650739;way/1324650740,OH
oh_3978092_-8416855,39.780922,-84.168551,2,tennis,True,False,False,28.1,False,False,way/823648783;way/823648784,OH
oh_3978136_-8418128,39.781356,-84.18128,1,tennis,True,False,False,40.2,False,False,way/76345300,OH
oh_3985007_-8418880,39.85007,-84.188795,1,tennis,True,False,False,16.7,False,False,way/229129974,OH
oh_3988600_-8419664,39.885996,-84.196645,5,tennis,True,False,False,75.1,False,False,way/1489939977;way/1489939978;way/1489939979;way/1489939980;way/1489939981,OH
oh_3989727_-8418861,39.897267,-84.188612,1,tennis,True,False,False,26.2,False,False,way/1489939384,OH
oh_3989858_-8418335,39.89858,-84.183346,1,tennis,True,False,False,36.0,False,False,way/89385626,OH
oh_3992713_-8417605,39.927129,-84.176047,1,tennis,True,False,False,40.1,False,False,way/1167966940,OH
oh_3996527_-8419561,39.965272,-84.195612,4,tennis,True,False,False,66.4,False,False,way/1489938272;way/1489938273;way/1489938274;way/1489938275,OH
oh_3996754_-8418448,39.967544,-84.184477,6,tennis,True,False,False,63.9,False,False,way/632457841;way/632457842;way/632457843;way/632457844;way/632457845;way/632457846,OH
oh_3996810_-8417084,39.968098,-84.170838,4,pickleball;tennis,True,True,False,25.4,False,False,way/1489938966;way/1489938967;way/1489938968;way/1489938969,OH
oh_3996792_-8419786,39.967923,-84.197857,1,tennis,True,False,False,38.6,False,False,way/200574492,OH
oh_4004633_-8419878,40.046329,-84.198782,5,tennis,True,False,False,69.6,False,False,way/1489935322;way/1489935323;way/1489935324;way/1489935325;way/1489935326,OH
oh_4015790_-8420789,40.157898,-84.207892,6,tennis,True,False,False,62.7,False,False,way/1489933707;way/1489933708;way/1489933709;way/1489933710;way/1489933711;way/1489933712,OH
oh_4016447_-8420297,40.164468,-84.202971,6,tennis,True,False,False,62.5,False,False,way/1489932902;way/1489932903;way/1489932904;way/1489932905;way/1489932906;way/1489932907,OH
oh_4019547_-8420356,40.195473,-84.203563,1,tennis,True,False,False,38.2,False,False,way/134466546,OH
oh_4027762_-8417333,40.277615,-84.17333,9,tennis,True,False,False,79.0,False,False,way/38415147;way/1199664824;way/1199664825;way/1199664826;way/1199664827;way/1199664828;way/1199664829;way/1199664830;way/1199664831,OH
oh_4031437_-8417275,40.314369,-84.172755,7,tennis,True,False,False,87.2,False,False,way/38415350;way/1199664250;way/1199664251;way/1199664252;way/1199664253;way/1199664254;way/1199664255,OH
oh_4039762_-8418068,40.397617,-84.180679,3,tennis,True,False,False,45.8,False,False,way/1208126903;way/1208126904;way/1208126905,OH
oh_4047459_-8417085,40.474585,-84.170855,2,tennis,True,False,False,30.3,False,False,way/1489838199;way/1489838200,OH
oh_4057221_-8420133,40.572212,-84.201331,6,tennis,True,False,False,66.3,False,False,way/550920505;way/550920506;way/550920507;way/550920508;way/550920509;way/550920510,OH
oh_4058311_-8419296,40.583107,-84.19296,6,tennis,True,False,False,73.2,False,False,way/1274421050;way/1274421051;way/1274421052;way/1274421053;way/1274421054;way/1274421055,OH
oh_4068558_-8421087,40.685576,-84.210874,2,pickleball;tennis,True,True,False,28.2,False,False,way/1489836137;way/1489836138,OH
oh_4078907_-8419352,40.789071,-84.193523,6,tennis,True,False,False,72.1,False,False,way/636208420;way/636208421;way/636208422;way/636208423;way/636208424;way/636208425,OH
oh_4091104_-8419603,40.911042,-84.196034,1,tennis,True,False,False,24.3,False,False,way/1095767596,OH
oh_4098752_-8419840,40.987525,-84.198396,2,tennis,True,False,False,26.7,False,False,way/1462201025;way/1462201026,OH
oh_3886580_-8391285,38.865804,-83.912846,1,tennis,True,False,False,40.1,False,False,way/574975554,OH
oh_3888228_-8390146,38.882276,-83.901465,1,tennis,True,False,False,72.2,False,False,way/337276380,OH
oh_3896248_-8408355,38.962483,-84.083554,3,pickleball;tennis,True,True,False,31.7,False,False,way/1481002911;way/1481002912;way/1481002913,OH
oh_3896361_-8409384,38.963611,-84.093838,3,tennis,True,False,False,42.2,False,False,way/1481003003;way/1481003004;way/1481003005,OH
oh_3903543_-8393910,39.035432,-83.939096,5,tennis,True,False,False,72.7,False,False,way/636339249;way/636339250;way/636339251;way/636339252;way/636339253,OH
oh_3905654_-8406417,39.056539,-84.064167,1,tennis,True,False,False,48.2,False,False,way/131351350,OH
oh_3912951_-8410246,39.129505,-84.10246,3,tennis,True,False,False,41.7,False,False,way/1481004031;way/1481004032;way/1481004033,OH
oh_3918845_-8396911,39.188446,-83.969111,1,tennis,True,False,False,37.5,False,False,way/322839320,OH
oh_3921711_-8405796,39.217111,-84.057963,1,pickleball,False,True,False,21.7,False,False,way/1543063740,OH
oh_3929993_-8396849,39.299928,-83.968485,5,tennis,True,False,False,73.2,False,False,way/1481009029;way/1481009030;way/1481009031;way/1481009032;way/1481009033,OH
oh_3940001_-8410621,39.400011,-84.106215,2,tennis,True,False,False,37.3,False,False,way/1481009128;way/1481009129,OH
oh_3944773_-8398436,39.447729,-83.984361,3,tennis,True,False,False,45.2,False,False,way/1311809116;way/1311809117;way/1311809118,OH
oh_3945359_-8393630,39.453585,-83.936303,1,tennis,True,False,False,37.7,False,False,way/645918376,OH
oh_3949042_-8391996,39.490418,-83.919962,1,tennis,True,False,False,24.8,False,False,way/1548031545,OH
oh_3949160_-8396731,39.491603,-83.967309,1,tennis,True,False,False,36.6,False,False,way/135370252,OH
oh_3951147_-8408981,39.511467,-84.089814,1,tennis,True,False,False,25.7,False,False,way/645557225,OH
oh_3953747_-8409174,39.537472,-84.091741,4,tennis,True,False,False,56.8,False,False,way/1490415557;way/1490415558;way/1490415559;way/1490415560,OH
oh_3960883_-8411195,39.608825,-84.111953,1,tennis,True,False,False,36.1,False,False,way/135627401,OH
oh_3960985_-8411274,39.609851,-84.112745,1,tennis,True,False,False,37.1,False,False,way/135627379,OH
oh_3962514_-8412076,39.62514,-84.120765,3,tennis,True,False,False,42.7,False,False,way/728914406;way/728914424;way/728914429,OH
oh_3963257_-8412497,39.632568,-84.12497,2,tennis,True,False,False,30.9,False,False,way/728914431;way/728914435,OH
oh_3963516_-8408244,39.635156,-84.082439,3,pickleball;tennis,True,True,False,34.4,False,False,way/240904889;way/293043985;way/1436201517,OH
oh_3963533_-8410453,39.635332,-84.104533,2,tennis,True,False,False,35.1,False,False,way/1479871925;way/1479871926,OH
oh_3963658_-8409383,39.636583,-84.09383,1,tennis,True,False,False,25.0,False,False,way/312432019,OH
oh_3964348_-8412861,39.64348,-84.128611,1,tennis,True,False,False,37.1,False,False,way/132751109,OH
oh_3964743_-8412740,39.647433,-84.127404,1,tennis,True,False,False,25.7,False,False,way/100549084,OH
oh_3964989_-8412234,39.649886,-84.122341,2,tennis,True,False,False,50.2,False,False,way/75504384;way/75504385,OH
oh_3965268_-8408629,39.652682,-84.086286,1,tennis,True,False,False,32.6,False,False,way/934460126,OH
oh_3965642_-8410117,39.65642,-84.101171,8,tennis,True,False,False,149.1,False,False,way/100557189;way/100557235;way/292751210;way/292751211;way/292751212;way/711049868;way/711049869;way/711049870,OH
oh_3965711_-8411425,39.657109,-84.114246,1,tennis,True,False,False,25.0,False,False,way/100549041,OH
oh_3965725_-8412596,39.657247,-84.125957,1,tennis,True,False,False,25.8,False,False,way/75504183,OH
oh_3965768_-8411730,39.65768,-84.117302,2,tennis,True,False,False,31.9,False,False,way/728914408;way/728914412,OH
oh_3966789_-8410437,39.667893,-84.104368,4,tennis,True,False,False,60.2,False,False,way/1274421070;way/1274421071;way/1274421072;way/1274421073,OH
oh_3966876_-8410304,39.668763,-84.103037,3,tennis,True,False,False,42.7,False,False,way/1479872575;way/1479872576;way/1479872577,OH
oh_3967130_-8412897,39.671304,-84.128975,12,pickleball,False,True,False,60.5,False,False,way/728914420;way/728914425;way/728914430;way/728914436;way/873198724;way/873198725;way/1385381575;way/1385381576;way/1385381577;way/1385381578;way/1385381579;way/1385381580,OH
oh_3968108_-8409411,39.681083,-84.094107,1,tennis,True,False,False,46.0,False,False,way/100557195,OH
oh_3968503_-8410420,39.685029,-84.104201,2,tennis,True,False,False,30.5,False,False,way/1448255637;way/1448255638,OH
oh_3969072_-8410184,39.690719,-84.101837,1,tennis,True,False,False,42.1,False,False,way/100557249,OH
oh_3969222_-8406474,39.692224,-84.064744,1,tennis,True,False,False,38.8,False,False,way/142993876,OH
oh_3969391_-8402334,39.693915,-84.023338,2,tennis,True,False,False,30.3,False,False,way/728912646;way/728912649,OH
oh_3969150_-8411565,39.691497,-84.115653,1,tennis,True,False,False,38.2,False,False,way/81177206,OH
oh_3969236_-8410846,39.692358,-84.108462,5,tennis,True,False,False,77.2,False,False,way/74476397;way/732737455;way/732737456;way/732737457;way/732737458,OH
oh_3970212_-8394022,39.702122,-83.940221,6,tennis,True,False,False,71.9,False,False,way/728912642;way/728912644;way/728912648;way/728912650;way/728912651;way/728912654,OH
oh_3970102_-8406204,39.701024,-84.062042,1,tennis,True,False,False,39.2,False,False,way/305379373,OH
oh_3970906_-8408485,39.709063,-84.084848,4,tennis,True,False,False,63.3,False,False,way/77981757;way/1087304702;way/1087304703;way/1087304704,OH
oh_3971405_-8398594,39.714051,-83.985938,1,tennis,True,False,False,35.7,False,False,way/231675130,OH
oh_3971651_-8412293,39.716514,-84.122934,1,tennis,True,False,False,40.6,False,False,way/145009120,OH
oh_3972079_-8403198,39.720792,-84.03198,5,tennis,True,False,False,70.1,False,False,way/728912640;way/728912643;way/728912645;way/728912647;way/728912653,OH
oh_3972227_-8399070,39.722274,-83.990697,4,pickleball;tennis,True,True,False,29.0,False,False,way/1489969660;way/1489969661;way/1489969662;way/1489969663,OH
oh_3972280_-8406618,39.722804,-84.066179,4,tennis,True,False,False,64.0,False,False,way/1456803105;way/1456803106;way/1456803107;way/1456803108,OH
oh_3973136_-8406979,39.731357,-84.069787,1,tennis,True,False,False,39.4,False,False,way/181393611,OH
oh_3973672_-8410282,39.73672,-84.102822,3,tennis,True,False,False,46.4,False,False,way/1479881268;way/1479881269;way/1479881270,OH
oh_3974032_-8403635,39.740321,-84.036353,1,tennis,True,False,False,36.6,False,False,way/77989206,OH
oh_3974635_-8410613,39.746345,-84.106125,1,tennis,True,False,False,35.1,False,False,way/188015795,OH
oh_3974875_-8402757,39.748747,-84.027567,1,tennis,True,False,False,42.8,False,False,way/309363111,OH
oh_3974862_-8404001,39.748621,-84.040012,1,tennis,True,False,False,37.3,False,False,way/1149656568,OH
oh_3975122_-8403610,39.751221,-84.036099,2,pickleball;tennis,True,True,False,25.8,False,False,way/1479883776;way/1479883777,OH
oh_3975877_-8405769,39.758771,-84.057695,1,tennis,True,False,False,26.0,False,False,way/1479881775,OH
oh_3976060_-8404663,39.760605,-84.046632,2,tennis,True,False,False,32.9,False,False,way/77985085;way/1479881896,OH
oh_3976260_-8403125,39.762598,-84.031249,2,tennis,True,False,False,100.3,False,False,way/77986852;way/821175966,OH
oh_3976145_-8410187,39.761452,-84.101872,2,tennis,True,False,False,28.5,False,False,way/1479880723;way/1479880724,OH
oh_3976322_-8411818,39.763219,-84.118184,2,tennis,True,False,False,34.2,False,False,way/1479879706;way/1479879707,OH
oh_3976649_-8411491,39.766492,-84.114905,2,tennis,True,False,False,33.5,False,False,way/1479880058;way/1479880059,OH
oh_3977029_-8405913,39.770291,-84.059128,1,tennis,True,False,False,17.8,False,False,way/725155160,OH
oh_3977029_-8407391,39.770287,-84.073906,1,tennis,True,False,False,36.0,False,False,way/191510038,OH
oh_3977860_-8407249,39.778601,-84.072492,1,tennis,True,False,False,39.2,False,False,way/76436544,OH
oh_3977876_-8407523,39.778764,-84.075227,2,tennis,True,False,False,39.9,False,False,way/76436525;way/415843148,OH
oh_3977826_-8412489,39.778258,-84.124891,1,tennis,True,False,False,37.3,False,False,way/76432558,OH
oh_3978430_-8400691,39.784305,-84.006905,5,pickleball;tennis,True,True,False,63.9,False,False,way/277527465;way/1479883968;way/1479883969;way/1479883970;way/1479883971,OH
oh_3978394_-8404696,39.783945,-84.046962,1,tennis,True,False,False,93.5,False,False,way/75564047,OH
oh_3978934_-8399215,39.789335,-83.992148,1,tennis,True,False,False,37.4,False,False,way/309367151,OH
oh_3979929_-8401162,39.799293,-84.011619,1,tennis,True,False,False,36.9,False,False,way/675444596,OH
oh_3979796_-8412695,39.797963,-84.126946,4,tennis,True,False,False,65.4,False,False,way/1443075573;way/1443075574;way/1443075575;way/1443075576,OH
oh_3980325_-8402691,39.803249,-84.02691,2,tennis,True,False,False,42.9,False,False,way/584549112;way/584549113,OH
oh_3980577_-8411944,39.805769,-84.119437,2,tennis,True,False,False,34.8,False,False,way/1479891158;way/1479891159,OH
oh_3981058_-8404394,39.810575,-84.043939,2,tennis,True,False,False,31.2,False,False,way/1479889627;way/1479889628,OH
oh_3982248_-8400950,39.822479,-84.009502,2,tennis,True,False,False,32.5,False,False,way/1479888986;way/1479888987,OH
oh_3982456_-8412473,39.824562,-84.124726,12,tennis,True,False,False,149.7,False,False,way/1293469808;way/1293469809;way/1293469810;way/1293469811;way/1293469812;way/1293469813;way/1293469814;way/1293469815;way/1293469816;way/1293469817;way/1293469818;way/1293469819,OH
oh_3983027_-8399605,39.830275,-83.996054,2,tennis,True,False,False,32.1,False,False,way/77970619;way/680559956,OH
oh_3983434_-8402291,39.83434,-84.022908,1,tennis,True,False,False,66.9,False,False,way/77502113,OH
oh_3983458_-8413711,39.834582,-84.137109,1,tennis,True,False,False,32.6,False,False,way/250933789,OH
oh_3984980_-8413037,39.849803,-84.130369,1,pickleball,False,True,False,40.4,False,False,way/61257080,OH
oh_3985261_-8411290,39.852613,-84.112897,1,tennis,True,False,False,37.8,False,False,way/61259212,OH
oh_3987470_-8406483,39.874705,-84.06483,1,tennis,True,False,False,37.9,False,False,way/191520761,OH
oh_3991341_-8399458,39.913406,-83.994577,5,tennis,True,False,False,71.2,False,False,way/1489954400;way/1489954401;way/1489954402;way/1489954403;way/1489954404,OH
oh_3993675_-8403448,39.936748,-84.034479,3,pickleball;tennis,True,True,False,63.5,False,False,way/681647346;way/917822116;way/917822117,OH
oh_4012718_-8396400,40.12718,-83.963998,1,tennis,True,False,False,24.9,False,False,way/917821331,OH
oh_4030919_-8415451,40.309195,-84.154514,2,tennis,True,False,False,27.4,False,False,way/1437021228;way/1437021229,OH
oh_4031252_-8414912,40.312522,-84.149119,1,tennis,True,False,False,39.6,False,False,way/294784680,OH
oh_4044073_-8402991,40.440727,-84.029912,6,pickleball;tennis,True,True,False,51.6,False,False,way/1489843776;way/1489843777;way/1489843778;way/1489843779;way/1489843780;way/1489843781,OH
oh_4065086_-8413962,40.65086,-84.139622,2,tennis,True,False,False,26.2,False,False,way/917820977;way/917820978,OH
oh_4066265_-8398105,40.662647,-83.981049,1,tennis,True,False,False,32.4,False,False,way/413038657,OH
oh_4069218_-8416936,40.69218,-84.16936,1,tennis,True,False,False,24.0,False,False,way/327890138,OH
oh_4072977_-8412149,40.729766,-84.121486,8,tennis,True,False,False,85.7,False,False,way/272470818;way/519391169;way/519391171;way/519391172;way/519391173;way/519391174;way/519391175;way/519391176,OH
oh_4075719_-8415421,40.757186,-84.154214,1,tennis,True,False,False,42.8,False,False,way/379840557,OH
oh_4075860_-8411069,40.758601,-84.110687,3,pickleball;tennis,True,True,False,25.8,False,False,way/1489576978;way/1489576979;way/1489576980,OH
oh_4076042_-8415974,40.760418,-84.159744,9,tennis,True,False,False,104.7,False,False,way/1489579139;way/1489579140;way/1489579141;way/1489579142;way/1489579143;way/1489579144;way/1489579145;way/1489579146;way/1489579147,OH
oh_4077411_-8405708,40.774105,-84.057077,5,tennis,True,False,False,73.9,False,False,way/1489576718;way/1489576719;way/1489576720;way/1489576721;way/1489576722,OH
oh_4089665_-8405623,40.896646,-84.056231,1,tennis,True,False,False,35.8,False,False,way/753173751,OH
oh_4092721_-8405607,40.927206,-84.056074,2,tennis,True,False,False,29.5,False,False,way/1489576194;way/1489576195,OH
oh_4102360_-8404032,41.023603,-84.040322,6,tennis,True,False,False,92.8,False,False,way/1314964814;way/1314964815;way/1314964816;way/1314964817;way/1314964818;way/1314964819,OH
oh_4103182_-8412419,41.031824,-84.124187,1,tennis,True,False,False,35.3,False,False,way/1097608064,OH
oh_4138943_-8414787,41.389427,-84.147873,5,tennis,True,False,False,77.6,False,False,way/521950757;way/521950758;way/521950759;way/521950760;way/521950761,OH
oh_4144399_-8400524,41.443988,-84.005238,2,tennis,True,False,False,36.0,False,False,way/181225412;way/1161950000,OH
oh_4153148_-8421819,41.531483,-84.218191,1,tennis,True,False,False,24.6,False,False,way/313115520,OH
oh_4155243_-8412984,41.552429,-84.129843,6,tennis,True,False,False,63.4,False,False,way/1161523679;way/1161523680;way/1161523681;way/1161523682;way/1161523683;way/1161523684,OH
oh_4170217_-8406725,41.702173,-84.067251,2,tennis,True,False,False,25.9,False,False,way/917820440;way/917820441,OH
oh_3873882_-8384085,38.738816,-83.840854,1,tennis,True,False,False,46.2,False,False,way/575388822,OH
oh_3882676_-8381701,38.826758,-83.817008,1,tennis,True,False,False,40.4,False,False,way/574964752,OH
oh_3888969_-8361618,38.889692,-83.616183,1,tennis,True,False,False,36.6,False,False,way/394701984,OH
oh_3892772_-8377921,38.927718,-83.779211,5,pickleball;tennis,True,True,False,32.6,False,False,way/1481004207;way/1481004208;way/1481004209;way/1481004210;way/1481004211,OH
oh_3900831_-8388296,39.008314,-83.882955,1,tennis,True,False,False,41.4,False,False,way/313041115,OH
oh_3914461_-8373200,39.144611,-83.731998,1,tennis,True,False,False,40.2,False,False,way/902145601,OH
oh_3919138_-8362600,39.191378,-83.626005,1,tennis,True,False,False,25.2,False,False,way/1441924793,OH
oh_3920473_-8368135,39.204731,-83.681353,1,tennis,True,False,False,23.4,False,False,way/1443366916,OH
oh_3920922_-8388675,39.20922,-83.886753,1,tennis,True,False,False,33.5,False,False,way/310186111,OH
oh_3923419_-8378972,39.234189,-83.789721,2,tennis,True,False,False,27.2,False,False,way/1481004252;way/1481004253,OH
oh_3932593_-8368573,39.325933,-83.685727,2,pickleball;tennis,True,True,False,26.7,False,False,way/1481004357;way/1481004358,OH
oh_3940843_-8387851,39.408427,-83.878514,1,tennis,True,False,False,40.3,False,False,way/645946292,OH
oh_3941766_-8365030,39.417657,-83.650295,3,tennis,True,False,False,46.8,False,False,way/1481004419;way/1481004420;way/1481004421,OH
oh_3943299_-8385172,39.432993,-83.851725,2,tennis,True,False,False,33.3,False,False,way/1481004641;way/1481004642,OH
oh_3943996_-8381774,39.439958,-83.817742,1,tennis,True,False,False,93.7,False,False,way/105915669,OH
oh_3944111_-8380981,39.441114,-83.809806,1,tennis,True,False,False,21.2,False,False,way/648312083,OH
oh_3944655_-8380894,39.446549,-83.80894,2,tennis,True,False,False,29.8,False,False,way/558324778;way/558324779,OH
oh_3944927_-8384151,39.44927,-83.841509,10,tennis,True,False,False,88.3,False,False,way/1481004485;way/1481004486;way/1481004487;way/1481004488;way/1481004489;way/1481004490;way/1481004491;way/1481004492;way/1481004493;way/1481004494,OH
oh_3945675_-8386212,39.45675,-83.862122,1,tennis,True,False,False,38.5,False,False,way/135370263,OH
oh_3946209_-8387594,39.462092,-83.875939,1,tennis,True,False,False,39.1,False,False,way/135370237,OH
oh_3947565_-8386683,39.475654,-83.866833,1,tennis,True,False,False,42.4,False,False,way/579337182,OH
oh_3965770_-8375675,39.657702,-83.756754,6,tennis,True,False,False,77.0,False,False,way/1490415200;way/1490415201;way/1490415202;way/1490415203;way/1490415204;way/1490415205,OH
oh_3966936_-8392178,39.669355,-83.921782,1,tennis,True,False,False,37.4,False,False,way/849344038,OH
oh_3970056_-8392153,39.700564,-83.921534,2,tennis,True,False,False,26.5,False,False,way/1489968152;way/1489968153,OH
oh_3974108_-8380416,39.741075,-83.804161,1,tennis,True,False,False,49.1,False,False,way/142569720,OH
oh_3975422_-8381393,39.754219,-83.813933,11,tennis,True,False,False,115.9,False,False,way/914831049;way/914831050;way/914831051;way/914831052;way/914831053;way/914831054;way/914831055;way/914831056;way/914831057;way/918487157;way/1211808114,OH
oh_3979426_-8388859,39.794261,-83.888591,1,tennis,True,False,False,26.6,False,False,way/106864659,OH
oh_3979746_-8388928,39.797458,-83.889278,6,tennis,True,False,False,104.8,False,False,way/82226885;way/680559339;way/680559340;way/680559341;way/680559342;way/680559343,OH
oh_3980911_-8388779,39.809106,-83.887785,1,tennis,True,False,False,45.0,False,False,way/82227059,OH
oh_3984610_-8385416,39.846099,-83.854164,1,tennis,True,False,False,37.3,False,False,way/189010743,OH
oh_3986939_-8378006,39.869387,-83.780057,5,tennis,True,False,False,70.9,False,False,way/1469950279;way/1469950328;way/1469950394;way/1469950448;way/1469950835,OH
oh_3989844_-8379964,39.898436,-83.799643,6,pickleball;tennis,True,True,False,43.6,False,False,way/1489966883;way/1489966884;way/1489966885;way/1489966886;way/1489966887;way/1489966888,OH
oh_3991480_-8380788,39.914799,-83.807883,9,pickleball;tennis,True,True,False,74.5,False,False,way/1489966004;way/1489966005;way/1489966006;way/1489966007;way/1489966008;way/1489966009;way/1489966010;way/1489966011;way/1489966012,OH
oh_3993387_-8384055,39.933868,-83.840548,3,tennis,True,False,False,42.2,False,False,way/1489967144;way/1489967145;way/1489967146,OH
oh_3993950_-8368158,39.939495,-83.681581,6,tennis,True,False,False,61.1,False,False,way/1489472302;way/1489472303;way/1489472304;way/1489472305;way/1489472306;way/1489472307,OH
oh_3993804_-8381480,39.938038,-83.814796,12,tennis,True,False,False,259.8,False,False,way/138654930;way/138654931;way/138654932;way/544443520;way/544443521;way/544443522;way/1416741466;way/1416741467;way/1416741468;way/1416741469;way/1416741470;way/1416741471,OH
oh_3994880_-8379260,39.948798,-83.792604,6,tennis,True,False,False,85.7,False,False,way/1489845387;way/1489845388;way/1489845389;way/1489845390;way/1489845391;way/1489845392,OH
oh_3995468_-8380935,39.954681,-83.809347,8,pickleball;tennis,True,True,False,76.8,False,False,way/1436824570;way/1436824571;way/1436824572;way/1436824573;way/1436824574;way/1436824575;way/1436824576;way/1436824577,OH
oh_3995676_-8382124,39.956763,-83.821236,3,tennis,True,False,False,43.5,False,False,way/1445919228;way/1445919229;way/1445919230,OH
oh_3996091_-8381065,39.960908,-83.810646,2,tennis,True,False,False,74.5,False,False,way/129021255;way/129021256,OH
oh_3996519_-8380762,39.965188,-83.807619,1,tennis,True,False,False,38.2,False,False,way/1338030745,OH
oh_3996742_-8380574,39.967421,-83.805741,1,tennis,True,False,False,41.7,False,False,way/129019677,OH
oh_3997532_-8381084,39.975319,-83.810835,1,tennis,True,False,False,32.2,False,False,way/129023216,OH
oh_3998704_-8375997,39.987039,-83.759973,5,tennis,True,False,False,71.1,False,False,way/573700251;way/1147229007;way/1147229008;way/1147229009;way/1147229010,OH
oh_3999375_-8390728,39.993751,-83.907277,6,tennis,True,False,False,72.8,False,False,way/681864627;way/681864630;way/1299529774;way/1299529775;way/1299529776;way/1299529777,OH
oh_4011607_-8373569,40.116066,-83.735693,5,tennis,True,False,False,75.5,False,False,way/129071064;way/1159758970;way/1159758971;way/1159758972;way/1159758973,OH
oh_4013529_-8374599,40.135288,-83.745992,2,tennis,True,False,False,28.1,False,False,way/1458853603;way/1458853604,OH
oh_4034918_-8375428,40.34918,-83.754283,4,tennis,True,False,False,58.6,False,False,way/635539159;way/635539160;way/635539161;way/635539162,OH
oh_4036671_-8374967,40.366706,-83.749673,7,pickleball;tennis,True,True,False,65.5,False,False,way/1489844535;way/1489844536;way/1489844537;way/1489844538;way/1489844539;way/1489844540;way/1489844541,OH
oh_4046281_-8386018,40.462808,-83.860183,1,tennis,True,False,False,39.7,False,False,way/236145986,OH
oh_4051798_-8392867,40.51798,-83.928666,1,tennis,True,False,False,33.3,False,False,way/268154026,OH
oh_4066596_-8393010,40.665964,-83.930103,1,tennis,True,False,False,36.1,False,False,way/413038658,OH
oh_4076370_-8381708,40.763705,-83.817077,4,tennis,True,False,False,54.4,False,False,way/308471341;way/308471343;way/308471344;way/308471345,OH
oh_4076147_-8395514,40.761471,-83.955144,3,tennis,True,False,False,48.4,False,False,way/703782661;way/703782671;way/703782681,OH
oh_4076750_-8384094,40.767496,-83.840943,6,tennis,True,False,False,69.7,False,False,way/244765795;way/1160956632;way/1160956633;way/1160956634;way/1160956635;way/1160956636,OH
oh_4089108_-8389169,40.891083,-83.891693,4,tennis,True,False,False,66.4,False,False,way/172203216;way/172203218;way/172203221;way/172203223,OH
oh_4089755_-8389857,40.897548,-83.89857,4,tennis,True,False,False,61.0,False,False,way/156265143;way/156265146;way/156265148;way/156265149,OH
oh_4090507_-8389472,40.905071,-83.894717,1,tennis,True,False,False,25.0,False,False,way/239806452,OH
oh_4093754_-8382219,40.937543,-83.822194,1,tennis,True,False,False,24.0,False,False,way/722756662,OH
oh_4095224_-8378412,40.95224,-83.78412,1,tennis,True,False,False,24.2,False,False,way/389326536,OH
oh_4095001_-8396388,40.950013,-83.963884,2,tennis,True,False,False,35.6,False,False,way/1160534145;way/1160534146,OH
oh_4110593_-8378313,41.105928,-83.783127,1,tennis,True,False,False,24.0,False,False,way/241759132,OH
oh_4110150_-8397836,41.101498,-83.97836,2,tennis,True,False,False,27.2,False,False,way/365948127;way/365948128,OH
oh_4120788_-8389207,41.207882,-83.892072,2,tennis,True,False,False,33.8,False,False,way/304308936;way/304308937,OH
oh_4136966_-8393993,41.369665,-83.939931,1,pickleball,False,True,False,17.0,False,False,way/1347342902,OH
oh_4141062_-8386068,41.410625,-83.860677,1,tennis,True,False,False,24.6,False,False,way/265212556,OH
oh_4144104_-8378419,41.441039,-83.784194,1,tennis,True,False,False,25.9,False,False,way/402515184,OH
oh_4150253_-8372870,41.502535,-83.728697,5,tennis,True,False,False,70.7,False,False,way/334109420;way/334109424;way/1167208898;way/1167208899;way/1167208900,OH
oh_4150354_-8372875,41.50354,-83.728752,3,pickleball;tennis,True,True,False,40.7,False,False,way/334109537;way/1167208896;way/1167208897,OH
oh_4150429_-8372242,41.504293,-83.722417,4,pickleball;tennis,True,True,False,43.5,False,False,way/133114681;way/1167208894;way/1167208895;way/1286634562,OH
oh_4151813_-8379900,41.518133,-83.799004,3,pickleball,False,True,False,25.6,False,False,way/1068545455;way/1068545456;way/1068545457,OH
oh_4153089_-8377697,41.530891,-83.776971,6,tennis,True,False,False,88.6,False,False,way/1167208869;way/1167208871;way/1167208874;way/1167208875;way/1167208879;way/1167208882,OH
oh_4153409_-8378375,41.53409,-83.783751,1,tennis,True,False,False,34.1,False,False,way/697842307,OH
oh_4155628_-8371214,41.556278,-83.712143,5,pickleball;tennis,True,True,False,33.6,False,False,way/181230527;way/1167208868;way/1167208870;way/1167208873;way/1167208881,OH
oh_4155625_-8375566,41.556253,-83.755664,1,pickleball,False,True,False,44.6,False,False,way/181243787,OH
oh_4156069_-8373610,41.560693,-83.7361,2,tennis,True,False,False,28.2,False,False,way/1166230276;way/1166230277,OH
oh_4156546_-8371584,41.565457,-83.715835,1,tennis,True,False,False,41.2,False,False,way/661552873,OH
oh_4157757_-8374087,41.577571,-83.740872,1,pickleball,False,True,False,38.7,False,False,way/1261915570,OH
oh_4157863_-8399927,41.578625,-83.999266,2,tennis,True,False,False,27.4,False,False,way/263302713;way/263302714,OH
oh_4158337_-8389048,41.583365,-83.890478,2,tennis,True,False,False,29.2,False,False,way/263302899;way/263302900,OH
oh_4160445_-8374646,41.604454,-83.746458,1,tennis,True,False,False,37.5,False,False,way/1012898894,OH
oh_4163606_-8375447,41.63606,-83.754465,9,pickleball;tennis,True,True,False,74.1,False,False,way/1442636486;way/1442636487;way/1442636488;way/1442636489;way/1442636548;way/1442636549;way/1442636550;way/1442636551;way/1442636552,OH
oh_4164696_-8373523,41.646958,-83.735231,1,tennis,True,False,False,23.8,False,False,way/1382883098,OH
oh_4165254_-8373216,41.652537,-83.732157,1,tennis,True,False,False,23.7,False,False,way/1382883068,OH
oh_4165822_-8371464,41.658217,-83.71464,5,tennis,True,False,False,71.6,False,False,way/769785447;way/769785448;way/769785449;way/769785450;way/769785451,OH
oh_4166190_-8374772,41.661901,-83.74772,1,tennis,True,False,False,24.0,False,False,way/1314964783,OH
oh_4166615_-8374950,41.666145,-83.749495,1,tennis,True,False,False,24.7,False,False,way/1420466735,OH
oh_4168648_-8371584,41.686481,-83.715838,5,tennis,True,False,False,67.1,False,False,way/190137846;way/518919293;way/518919294;way/518919295;way/518919296,OH
oh_4169210_-8377377,41.6921,-83.773765,1,tennis,True,False,False,40.7,False,False,way/1372671596,OH
oh_4169981_-8377203,41.699814,-83.77203,1,tennis,True,False,False,41.4,False,False,way/1372667698,OH
oh_4171497_-8373034,41.714966,-83.730339,1,tennis,True,False,False,26.7,False,False,way/1314963018,OH
oh_4171548_-8373178,41.715481,-83.731778,1,tennis,True,False,False,24.4,False,False,way/1277944040,OH
oh_4171567_-8374654,41.715674,-83.746538,3,tennis,True,False,False,30.9,False,False,way/363746837;way/1165944146;way/1165944148,OH
oh_4171366_-8390991,41.713665,-83.909912,1,tennis,True,False,False,33.1,False,False,way/353079708,OH
oh_3914692_-8360203,39.146924,-83.602032,1,tennis,True,False,False,23.7,False,False,way/1446953178,OH
oh_3918266_-8361227,39.182662,-83.612274,6,tennis,True,False,False,61.4,False,False,way/1314961047;way/1314961048;way/1314961049;way/1314961050;way/1314961051;way/1314961052,OH
oh_3918529_-8351459,39.185292,-83.514594,1,tennis,True,False,False,25.4,False,False,way/1391733092,OH
oh_3920361_-8359859,39.203612,-83.598589,1,tennis,True,False,False,25.7,False,False,way/1441734902,OH
oh_3982906_-8363354,39.829059,-83.633539,3,tennis,True,False,False,80.8,False,False,way/209272538;way/209272559;way/1299529769,OH
oh_4007645_-8356508,40.076448,-83.56508,1,tennis,True,False,False,23.9,False,False,way/1489470270,OH
oh_4065288_-8359675,40.652884,-83.596745,6,tennis,True,False,False,93.4,False,False,way/308483860;way/519468900;way/519468901;way/519468902;way/519468903;way/519468904,OH
oh_4089627_-8364965,40.896272,-83.649653,2,tennis,True,False,False,26.8,False,False,way/291852433;way/291852434,OH
oh_4101380_-8365959,41.013805,-83.659589,1,tennis,True,False,False,38.1,False,False,way/291239140,OH
oh_4102632_-8365550,41.026316,-83.655498,3,tennis,True,False,False,37.9,False,False,way/732698391;way/732698392;way/732698393,OH
oh_4104265_-8357814,41.042648,-83.578135,1,tennis,True,False,False,37.6,False,False,way/232682174,OH
oh_4104468_-8357872,41.04468,-83.578724,2,tennis,True,False,False,25.8,False,False,way/305757248;way/305757249,OH
oh_4104419_-8366030,41.044193,-83.660302,2,tennis,True,False,False,26.2,False,False,way/229432165;way/286117014,OH
oh_4104627_-8362463,41.046266,-83.62463,4,tennis,True,False,False,61.6,False,False,way/232067930;way/286665086;way/286665219;way/286665220,OH
oh_4104723_-8363217,41.047231,-83.63217,8,pickleball,False,True,False,35.5,False,False,way/691511806;way/691511807;way/691511808;way/691511809;way/691511810;way/691511811;way/691511812;way/691511813,OH
oh_4105159_-8361294,41.051592,-83.612937,1,tennis,True,False,False,65.2,False,False,way/230522646,OH
oh_4105631_-8366735,41.056305,-83.667354,6,tennis,True,False,False,80.5,False,False,way/293632434;way/293632435;way/293632436;way/293632437;way/293632438;way/293632439,OH
oh_4105933_-8364242,41.059326,-83.642422,6,tennis,True,False,False,61.4,False,False,way/230265724;way/288495803;way/288495804;way/288495805;way/288495806;way/288495807,OH
oh_4124212_-8363719,41.242123,-83.637188,1,tennis,True,False,False,23.9,False,False,way/284269636,OH
oh_4136217_-8366283,41.362174,-83.662829,1,tennis,True,False,False,23.3,False,False,way/433540755,OH
oh_4138085_-8362676,41.380854,-83.626757,8,tennis,True,False,False,73.4,False,False,way/182556877;way/182556878;way/182556879;way/182556882;way/182556883;way/182556884;way/182556885;way/182556888,OH
oh_4138053_-8367854,41.380531,-83.678539,1,tennis,True,False,False,25.4,False,False,way/404100637,OH
oh_4138887_-8365591,41.388865,-83.655906,6,tennis,True,False,False,65.6,False,False,way/184206725;way/184206726;way/184206729;way/184206730;way/184206732;way/184206734,OH
oh_4151381_-8363696,41.513813,-83.63696,9,tennis,True,False,False,154.8,False,False,way/524154296;way/547119785;way/547119787;way/547119788;way/547119790;way/1482585608;way/1482585609;way/1482585610;way/1482585611,OH
oh_4152428_-8369655,41.52428,-83.696545,1,tennis,True,False,False,26.5,False,False,way/892912410,OH
oh_4153304_-8369030,41.533043,-83.690301,1,tennis,True,False,False,39.2,False,False,way/1132897434,OH
oh_4153464_-8365480,41.534638,-83.654801,5,tennis,True,False,False,78.9,False,False,way/479366252;way/518958859;way/518958860;way/518958861;way/518958862,OH
oh_4154340_-8360518,41.543404,-83.60518,2,tennis,True,False,False,34.7,False,False,way/917585998;way/917585999,OH
oh_4154962_-8361932,41.549616,-83.619323,8,pickleball;tennis,True,True,False,70.8,False,False,way/197974370;way/660476057;way/816510504;way/816510505;way/816510506;way/816510507;way/816510508;way/816510509,OH
oh_4155836_-8367284,41.558356,-83.672842,2,tennis,True,False,False,37.5,False,False,way/364280524;way/519060380,OH
oh_4156245_-8361928,41.562454,-83.619281,11,pickleball;tennis,True,True,False,84.9,False,False,way/634991097;way/634991098;way/634991099;way/634991101;way/634991102;way/634991103;way/634991104;way/723235335;way/723235336;way/723235337;way/723235338,OH
oh_4156604_-8360741,41.566042,-83.607413,1,tennis,True,False,False,36.9,False,False,way/231778305,OH
oh_4156676_-8364724,41.56676,-83.64724,2,tennis,True,False,False,45.5,False,False,way/231960174;way/519060381,OH
oh_4157303_-8362721,41.573035,-83.62721,1,tennis,True,False,False,25.8,False,False,way/426679624,OH
oh_4157827_-8364094,41.578273,-83.640941,5,tennis,True,False,False,69.3,False,False,way/301164770;way/301164771;way/1167432346;way/1167432347;way/1167432348,OH
oh_4158015_-8359839,41.580153,-83.59839,4,pickleball;tennis,True,True,False,38.2,False,False,way/1482585375;way/1482585376;way/1482585377;way/1482585378,OH
oh_4158519_-8362267,41.585189,-83.622672,1,tennis,True,False,False,25.7,False,False,way/769769980,OH
oh_4158620_-8363436,41.586202,-83.63436,1,tennis,True,False,False,23.5,False,False,way/767755917,OH
oh_4158828_-8364025,41.588275,-83.640246,6,tennis,True,False,False,87.0,False,False,way/1167432352;way/1167432353;way/1167432354;way/1167432355;way/1167432356;way/1167432357,OH
oh_4159131_-8362300,41.591314,-83.622997,2,tennis,True,False,False,34.4,False,False,way/916069479;way/916069480,OH
oh_4159044_-8370074,41.590443,-83.700736,1,tennis,True,False,False,40.6,False,False,way/1324376370,OH
oh_4159571_-8368656,41.595712,-83.686564,2,tennis,True,False,False,32.2,False,False,way/787787444;way/787787445,OH
oh_4159824_-8365087,41.598238,-83.65087,2,tennis,True,False,False,36.0,False,False,way/584074364;way/1167432321,OH
oh_4160090_-8370291,41.600902,-83.702913,1,tennis,True,False,False,24.5,False,False,way/1100852006,OH
oh_4160640_-8366023,41.606398,-83.660231,5,tennis,True,False,False,70.6,False,False,way/757229722;way/757229723;way/757229724;way/757229725;way/757229726,OH
oh_4161115_-8368144,41.611146,-83.681443,13,tennis,True,False,False,126.2,False,False,way/317770255;way/1167432323;way/1167432325;way/1167432326;way/1167432327;way/1167432328;way/1167432329;way/1167432331;way/1167432332;way/1460867491;way/1460867492;way/1460867493;way/1460867494,OH
oh_4161753_-8361907,41.617529,-83.619069,3,tennis,True,False,False,40.8,False,False,way/1511565616;way/1511565617;way/1511565618,OH
oh_4161771_-8370421,41.617708,-83.704211,6,tennis,True,False,False,77.2,False,False,way/279483061;way/1166230282;way/1166230284;way/1166230285;way/1166230287;way/1166230288,OH
oh_4161968_-8370406,41.619679,-83.704062,1,pickleball,False,True,False,0.0,False,True,node/13312652436,OH
oh_4162179_-8370618,41.621789,-83.70618,2,tennis,True,False,False,69.5,False,False,way/1395082619;way/1395082620,OH
oh_4163741_-8364954,41.637409,-83.649542,2,tennis,True,False,False,26.3,False,False,way/917817831;way/917817832,OH
oh_4163762_-8366746,41.63762,-83.667462,2,tennis,True,False,False,28.0,False,False,way/917819378;way/917819379,OH
oh_4164310_-8367635,41.643096,-83.676351,6,tennis,True,False,False,101.3,False,False,way/365614869;way/1167459743;way/1167459744;way/1167459745;way/1167459746;way/1167459747,OH
oh_4164967_-8365398,41.649672,-83.653977,2,tennis,True,False,False,26.5,False,False,way/1023985020;way/1023985021,OH
oh_4165117_-8363848,41.651169,-83.638484,2,tennis,True,False,False,29.1,False,False,way/757515138;way/757515139,OH
oh_4165348_-8369713,41.653483,-83.697132,2,tennis,True,False,False,46.4,False,False,way/1382418955;way/1382418956,OH
oh_4165534_-8361469,41.655339,-83.614686,2,tennis,True,False,False,38.0,False,False,way/421857558;way/1167459725,OH
oh_4165872_-8361428,41.658715,-83.614275,7,tennis,True,False,False,73.5,False,False,way/112574103;way/934877077;way/934877078;way/934877079;way/934877080;way/934877081;way/934877082,OH
oh_4165776_-8367987,41.657759,-83.679874,1,tennis,True,False,False,24.0,False,False,way/917819791,OH
oh_4166308_-8366571,41.663084,-83.665708,1,tennis,True,False,False,24.0,False,False,way/1052769507,OH
oh_4166683_-8370387,41.666825,-83.703869,1,tennis,True,False,False,23.6,False,False,way/1377499066,OH
oh_4167014_-8363340,41.670143,-83.633396,5,tennis,True,False,False,70.0,False,False,way/264851435;way/264851436;way/264851437;way/264851438;way/264851439,OH
oh_4166967_-8370134,41.669674,-83.701345,1,tennis,True,False,False,36.2,False,False,way/1377470976,OH
oh_4167074_-8369122,41.670743,-83.691223,1,tennis,True,False,False,24.4,False,False,way/1314963111,OH
oh_4167449_-8364460,41.67449,-83.644603,15,tennis,True,False,False,106.8,False,False,way/213567410;way/1167459727;way/1167459728;way/1167459729;way/1167459730;way/1167459731;way/1167459732;way/1167459734;way/1167459735;way/1167459736;way/1167459737;way/1167459738;way/1167459740;way/1167459741;way/1167459742,OH
oh_4167343_-8370015,41.673428,-83.700147,1,tennis,True,False,False,36.8,False,False,way/1377340044,OH
oh_4168028_-8360928,41.68028,-83.609276,1,tennis,True,False,False,37.4,False,False,way/1529240816,OH
oh_4168011_-8361690,41.680109,-83.616902,1,tennis,True,False,False,29.8,False,False,way/1167459726,OH
oh_4168355_-8363156,41.68355,-83.631561,2,tennis,True,False,False,34.7,False,False,way/1167459733;way/1167459739,OH
oh_4168673_-8369928,41.686734,-83.699276,11,pickleball;tennis,True,True,False,78.3,False,False,way/190603487;way/518919286;way/518919287;way/518919288;way/518919289;way/518919290;way/518919291;way/518919292;way/1017265851;way/1017265852;way/1017265853,OH
oh_4169264_-8370132,41.692637,-83.701317,2,tennis,True,False,False,37.2,False,False,way/1372206370;way/1372206371,OH
oh_4169712_-8362091,41.697123,-83.620913,2,tennis,True,False,False,33.4,False,False,way/186844674;way/1168831034,OH
oh_4169835_-8362907,41.69835,-83.629069,2,tennis,True,False,False,36.7,False,False,way/196496283;way/1168831032,OH
oh_4170439_-8370130,41.704394,-83.701296,2,tennis,True,False,False,34.0,False,False,way/1372209701;way/1372209702,OH
oh_4171120_-8366313,41.711195,-83.663134,1,tennis,True,False,False,24.4,False,False,way/917819916,OH
oh_4171466_-8361977,41.714662,-83.619775,2,tennis,True,False,False,25.5,False,False,way/757255352;way/757255353,OH
oh_4171359_-8371134,41.713586,-83.711339,5,tennis,True,False,False,77.1,False,False,way/187705028;way/518919297;way/518919298;way/518919299;way/518919300,OH
oh_4171576_-8365448,41.715764,-83.654479,1,tennis,True,False,False,35.2,False,False,way/1502076579,OH
oh_4171971_-8361047,41.719712,-83.610466,6,tennis,True,False,False,74.7,False,False,way/1168831036;way/1168831037;way/1168831040;way/1168831045;way/1168831051;way/1168831052,OH
oh_4172140_-8370610,41.721395,-83.706103,6,pickleball,False,True,False,51.8,False,False,way/1165944134;way/1165944136;way/1165944139;way/1165944140;way/1165944142;way/1165944144,OH
oh_4172225_-8370476,41.722247,-83.704763,1,tennis,True,False,False,26.5,False,False,way/1314963088,OH
oh_3874142_-8320479,38.741422,-83.204785,2,tennis,True,False,False,33.9,False,False,way/654040404;way/654040405,OH
oh_3887702_-8347387,38.877023,-83.473874,1,tennis,True,False,False,38.4,False,False,way/1210432578,OH
oh_3908769_-8332067,39.087692,-83.32067,1,tennis,True,False,False,24.7,False,False,way/1271995266,OH
oh_3952513_-8344619,39.525132,-83.44619,3,tennis,True,False,False,43.5,False,False,way/1318518536;way/1318518537;way/1318518538,OH
oh_3953258_-8343686,39.532577,-83.436855,4,tennis,True,False,False,62.8,False,False,way/979724155;way/979724156;way/979724157;way/979724158,OH
oh_3953550_-8342567,39.535504,-83.42567,1,tennis,True,False,False,28.5,False,False,way/155763226,OH
oh_3953941_-8344536,39.539413,-83.445364,4,pickleball,False,True,False,38.1,False,False,way/1318485279;way/1318485280;way/1318485281;way/1318485282,OH
oh_3954483_-8342363,39.544827,-83.423635,6,tennis,True,False,False,60.1,False,False,way/1318508903;way/1318508904;way/1318508905;way/1318508906;way/1318508907;way/1318508908,OH
oh_3957610_-8346969,39.5761,-83.469692,1,tennis,True,False,False,87.6,False,False,way/1021123867,OH
oh_3962352_-8323664,39.623521,-83.236643,3,tennis,True,False,False,51.3,False,False,way/1369233272;way/1369233273;way/1369233274,OH
oh_3963743_-8324088,39.637428,-83.240881,1,pickleball,False,True,False,14.6,False,False,way/1369684761,OH
oh_3969633_-8316162,39.696333,-83.161617,1,tennis,True,False,False,39.4,False,False,way/375583980,OH
oh_3988117_-8315884,39.881173,-83.158837,1,tennis,True,False,False,25.2,False,False,way/285854210,OH
oh_3990424_-8345144,39.90424,-83.451438,6,tennis,True,False,False,78.5,False,False,way/1494597767;way/1494597768;way/1494597769;way/1494597770;way/1494597771;way/1494597772,OH
oh_3990460_-8344667,39.904605,-83.446673,5,tennis,True,False,False,71.4,False,False,way/1489469873;way/1489469874;way/1489469875;way/1489469876;way/1489469877,OH
oh_3993021_-8322723,39.930206,-83.227233,1,tennis,True,False,False,25.9,False,False,way/1485856043,OH
oh_3993305_-8327670,39.93305,-83.276703,5,tennis,True,False,False,70.4,False,False,way/1518526301;way/1518526302;way/1518526303;way/1518526304;way/1518526305,OH
oh_3993736_-8328049,39.937356,-83.280486,1,tennis,True,False,False,30.6,False,False,way/234393561,OH
oh_3994117_-8328946,39.941169,-83.289464,3,tennis,True,False,False,39.4,False,False,way/917585452;way/917585453;way/917585454,OH
oh_3995559_-8349054,39.955587,-83.490539,5,pickleball;tennis,True,True,False,39.5,False,False,way/1489468864;way/1489468865;way/1489468866;way/1489468867;way/1489468868,OH
oh_4000296_-8320152,40.002958,-83.201516,10,tennis,True,False,False,177.5,False,False,way/1489467773;way/1489467774;way/1489467775;way/1489467776;way/1489467777;way/1489467778;way/1489467779;way/1489467780;way/1489467781;way/1489467782,OH
oh_4003002_-8317065,40.030024,-83.170651,1,tennis,True,False,False,23.9,False,False,way/583476575,OH
oh_4003382_-8316548,40.033823,-83.165477,1,tennis,True,False,False,80.0,False,False,way/42484509,OH
oh_4003900_-8317001,40.038997,-83.170014,1,tennis,True,False,False,90.0,False,False,way/42484273,OH
oh_4005275_-8315866,40.052754,-83.158658,10,tennis,True,False,False,74.9,False,False,way/583239352;way/583239353;way/583239354;way/583239355;way/583239356;way/583239357;way/583239358;way/583239359;way/583239360;way/583239361,OH
oh_4007766_-8329006,40.077665,-83.290059,4,tennis,True,False,False,62.8,False,False,way/635195263;way/635195264;way/635195265;way/635195266,OH
oh_4011124_-8327230,40.111242,-83.272301,6,pickleball,False,True,False,33.7,False,False,way/1489468567;way/1489468568;way/1489468569;way/1489468570;way/1489468571;way/1489468572,OH
oh_4011511_-8316645,40.115112,-83.166447,5,tennis,True,False,False,73.7,False,False,way/255068205;way/1014499839;way/1014499840;way/1014499841;way/1014499842,OH
oh_4013375_-8317393,40.133752,-83.173926,5,tennis,True,False,False,78.2,False,False,way/948500575;way/948500576;way/948500577;way/1486911425;way/1486911426,OH
oh_4013267_-8325320,40.132667,-83.253202,1,tennis,True,False,False,41.8,False,False,way/574655471,OH
oh_4014363_-8316438,40.14363,-83.164378,5,tennis,True,False,False,83.9,False,False,way/1152544562;way/1152544563;way/1152544564;way/1152544565;way/1152544566,OH
oh_4014669_-8318005,40.146686,-83.180055,6,tennis,True,False,False,76.9,False,False,way/1486910742;way/1486910743;way/1486910744;way/1486910745;way/1486910746;way/1486910747,OH
oh_4015160_-8316617,40.151604,-83.166169,6,tennis,True,False,False,63.2,False,False,way/1486909970;way/1486909971;way/1486909972;way/1486909973;way/1486909974;way/1486909975,OH
oh_4016767_-8318991,40.167671,-83.189912,1,tennis,True,False,False,20.4,False,False,way/1125011370,OH
oh_4018359_-8319694,40.183589,-83.196941,2,tennis,True,False,False,37.8,False,False,way/1152544543;way/1152544544,OH
oh_4018250_-8336098,40.182496,-83.360977,1,tennis,True,False,False,38.6,False,False,way/243722514,OH
oh_4020895_-8330878,40.208952,-83.308779,2,tennis,True,False,False,34.4,False,False,way/1293457239;way/1293457240,OH
oh_4023156_-8336340,40.231564,-83.363395,2,tennis,True,False,False,28.7,False,False,way/272841609;way/272841610,OH
oh_4023171_-8338043,40.231714,-83.380432,2,tennis,True,False,False,26.3,False,False,way/1020164827;way/1087517433,OH
oh_4023553_-8338849,40.235533,-83.388486,1,pickleball,False,True,False,20.9,False,False,way/1426211264,OH
oh_4025096_-8338235,40.250963,-83.38235,6,tennis,True,False,False,73.0,False,False,way/1314964842;way/1314964843;way/1314964844;way/1314964845;way/1314964846;way/1314964847,OH
oh_4027485_-8349541,40.274847,-83.495406,1,tennis,True,False,False,38.3,False,False,way/1057042076,OH
oh_4030506_-8352527,40.305061,-83.525266,1,tennis,True,False,False,37.6,False,False,way/1056930809,OH
oh_4040875_-8322147,40.408753,-83.221471,1,tennis,True,False,False,35.0,False,False,way/1457398319,OH
oh_4043011_-8330005,40.430113,-83.300054,2,tennis,True,False,False,27.4,False,False,way/917585759;way/917585760,OH
oh_4079726_-8350611,40.797258,-83.506109,2,tennis,True,False,False,26.9,False,False,way/304169206;way/304169207,OH
oh_4082706_-8327551,40.827057,-83.275508,2,tennis,True,False,False,25.9,False,False,way/272485435;way/635749021,OH
oh_4084194_-8328333,40.841943,-83.28333,6,tennis,True,False,False,111.4,False,False,way/173008689;way/544590633;way/544590635;way/544590637;way/544590639;way/544590642,OH
oh_4090145_-8355789,40.901446,-83.557887,1,tennis,True,False,False,40.3,False,False,way/314321163,OH
oh_4094758_-8338284,40.94758,-83.38284,3,tennis,True,False,False,42.6,False,False,way/173109870;way/1160954491;way/1160954492,OH
oh_4097266_-8348045,40.97266,-83.480447,1,tennis,True,False,False,25.8,False,False,way/285366863,OH
oh_4105267_-8332032,41.05267,-83.320316,1,tennis,True,False,False,26.8,False,False,way/917585917,OH
oh_4105671_-8357636,41.056711,-83.576356,1,tennis,True,False,False,37.1,False,False,way/233033648,OH
oh_4112864_-8327435,41.128635,-83.27435,2,tennis,True,False,False,32.9,False,False,way/378948242;way/378948243,OH
oh_4116823_-8340539,41.168226,-83.405391,6,pickleball;tennis,True,True,False,38.6,False,False,way/1482586373;way/1482586374;way/1482586375;way/1482586376;way/1482586377;way/1482586378,OH
oh_4117037_-8343317,41.17037,-83.433167,1,tennis,True,False,False,81.7,False,False,way/133113637,OH
oh_4118091_-8341645,41.180911,-83.416453,1,tennis,True,False,False,24.3,False,False,way/374975701,OH
oh_4123489_-8323740,41.234888,-83.237401,2,tennis,True,False,False,24.1,False,False,way/353039216;way/353039217,OH
oh_4134165_-8328538,41.341655,-83.285383,1,tennis,True,False,False,35.7,False,False,way/374521307,OH
oh_4141340_-8345772,41.413403,-83.45772,3,pickleball;tennis,True,True,False,31.3,False,False,way/346401128;way/346401218;way/1514000154,OH
oh_4144921_-8336655,41.449209,-83.366551,1,tennis,True,False,False,26.8,False,False,way/493515670,OH
oh_4147267_-8328708,41.472673,-83.287077,3,tennis,True,False,False,36.2,False,False,way/940419335;way/940419336;way/940419337,OH
oh_4151873_-8335344,41.518729,-83.35344,2,tennis,True,False,False,27.8,False,False,way/366028414;way/366028416,OH
oh_4156612_-8336175,41.566116,-83.36175,1,tennis,True,False,False,24.2,False,False,way/380870800,OH
oh_4156941_-8356566,41.569405,-83.565655,6,tennis,True,False,False,92.6,False,False,way/254678029;way/1161220034;way/1161220035;way/1161220036;way/1161220037;way/1161220038,OH
oh_4157879_-8359700,41.578788,-83.597001,1,tennis,True,False,False,36.5,False,False,way/931083544,OH
oh_4158381_-8358523,41.58381,-83.585233,4,tennis,True,False,False,65.8,False,False,way/1482584818;way/1482584819;way/1482584820;way/1482584821,OH
oh_4159193_-8349555,41.591929,-83.495555,2,tennis,True,False,False,25.9,False,False,way/632339865;way/632339866,OH
oh_4159506_-8359766,41.595061,-83.597661,4,tennis,True,False,False,70.7,False,False,way/1044357234;way/1044357235;way/1044357236;way/1044357237,OH
oh_4160745_-8355718,41.607447,-83.557175,1,pickleball,False,True,False,37.9,False,False,way/754343818,OH
oh_4160840_-8355456,41.608404,-83.55456,2,tennis,True,False,False,26.3,False,False,way/915306601;way/915306602,OH
oh_4162619_-8347490,41.626186,-83.474905,5,tennis,True,False,False,64.7,False,False,way/1482584365;way/1482584366;way/1482584367;way/1482584368;way/1482584369,OH
oh_4163108_-8358543,41.631077,-83.585432,4,tennis,True,False,False,57.9,False,False,way/198239862;way/1167432333;way/1167432334;way/1167432342,OH
oh_4163611_-8350748,41.636109,-83.507478,4,tennis,True,False,False,55.2,False,False,way/1482584513;way/1482584514;way/1482584515;way/1482584516,OH
oh_4164265_-8344070,41.64265,-83.440699,4,tennis,True,False,False,55.7,False,False,way/1482584157;way/1482584158;way/1482584159;way/1482584160,OH
oh_4164621_-8347463,41.646211,-83.474634,4,tennis,True,False,False,60.6,False,False,way/1482584346;way/1482584347;way/1482584348;way/1482584349,OH
oh_4165434_-8341062,41.654343,-83.410617,8,tennis,True,False,False,123.0,False,False,way/1482583839;way/1482583840;way/1482583841;way/1482583842;way/1482583843;way/1482583844;way/1482583845;way/1482583846,OH
oh_4165407_-8356695,41.654065,-83.566948,2,tennis,True,False,False,35.4,False,False,way/595244686;way/1167459707,OH
oh_4166427_-8359303,41.664274,-83.593034,6,tennis,True,False,False,90.3,False,False,way/208829100;way/1167459710;way/1167459712;way/1167459715;way/1167459718;way/1167459720,OH
oh_4167190_-8358774,41.671902,-83.587741,10,tennis,True,False,False,143.2,False,False,way/38456363;way/1167459709;way/1167459711;way/1167459713;way/1167459714;way/1167459716;way/1167459717;way/1167459719;way/1167459721;way/1167459723,OH
oh_4168276_-8337011,41.682758,-83.370115,7,pickleball;tennis,True,True,False,66.7,False,False,way/244280646;way/395889411;way/395889414;way/395889415;way/1017264240;way/1017264241;way/1017264242,OH
oh_4168222_-8352907,41.682217,-83.529074,2,tennis,True,False,False,41.8,False,False,way/186522282;way/1167459148,OH
oh_4168401_-8354936,41.684009,-83.549358,2,tennis,True,False,False,26.8,False,False,way/757494513;way/757494514,OH
oh_4168408_-8357413,41.684078,-83.574134,4,tennis,True,False,False,56.9,False,False,way/186924504;way/1167459705;way/1167459706;way/1167459708,OH
oh_4169747_-8356312,41.697474,-83.563124,2,tennis,True,False,False,37.7,False,False,way/186776317;way/1512756781,OH
oh_4170670_-8355693,41.706696,-83.556928,2,tennis,True,False,False,36.1,False,False,way/186559205;way/1169126340,OH
oh_4171137_-8348686,41.711372,-83.486858,2,tennis,True,False,False,32.1,False,False,way/1167459955;way/1167459956,OH
oh_4171625_-8358101,41.716246,-83.581008,2,tennis,True,False,False,26.5,False,False,way/1482585760;way/1482585761,OH
oh_4171786_-8355381,41.717859,-83.553812,2,tennis,True,False,False,26.6,False,False,way/903629897;way/903629898,OH
oh_4172275_-8349113,41.722751,-83.491131,1,tennis,True,False,False,41.3,False,False,way/218813649,OH
oh_3869573_-8310158,38.695725,-83.101579,1,tennis,True,False,False,25.9,False,False,way/1066424674,OH
oh_3871971_-8304723,38.719712,-83.047231,3,tennis,True,False,False,55.6,False,False,way/1042652556;way/1042652557;way/1042652558,OH
oh_3984580_-8307415,39.845804,-83.074145,2,tennis,True,False,False,78.6,False,False,way/1314965006;way/1314965085,OH
oh_3986827_-8307327,39.868266,-83.073274,8,tennis,True,False,False,99.7,False,False,way/706085991;way/706085992;way/706085993;way/706085994;way/706085995;way/706085996;way/706085997;way/706085998,OH
oh_3987424_-8309625,39.874241,-83.096251,6,pickleball,False,True,False,34.4,False,False,way/1124322999;way/1124323000;way/1124323001;way/1124323002;way/1124323003;way/1124323004,OH
oh_3987508_-8309387,39.875082,-83.093873,4,tennis,True,False,False,68.2,False,False,way/527807731;way/956325493;way/956325494;way/956325495,OH
oh_3988842_-8310357,39.888421,-83.103567,7,pickleball,False,True,False,68.4,False,False,way/1246163408;way/1246163409;way/1246163410;way/1246163411;way/1246163412;way/1246163413;way/1246163421,OH
oh_3989692_-8311634,39.896918,-83.116339,8,tennis,True,False,False,69.2,False,False,way/609304596;way/1061230256;way/1061230257;way/1061230258;way/1061230259;way/1061230260;way/1061230261;way/1061230262,OH
oh_3992765_-8313462,39.927651,-83.134618,2,tennis,True,False,False,28.8,False,False,way/490745042;way/1124313581,OH
oh_3993341_-8309245,39.933408,-83.092454,8,tennis,True,False,False,135.1,False,False,way/1487032266;way/1487032267;way/1487032268;way/1487032269;way/1487032270;way/1487032271;way/1487032272;way/1487032273,OH
oh_3994614_-8308222,39.946136,-83.082221,6,tennis,True,False,False,74.4,False,False,way/1487031807;way/1487031808;way/1487031809;way/1487031810;way/1487031811;way/1487031812,OH
oh_3994722_-8314854,39.947224,-83.148538,8,tennis,True,False,False,103.9,False,False,way/133125138;way/1141850565;way/1141850566;way/1141850567;way/1141850568;way/1141850569;way/1141850570;way/1141850571,OH
oh_3995356_-8307660,39.953557,-83.076604,3,tennis,True,False,False,41.2,False,False,way/1487031609;way/1487031610;way/1487031611,OH
oh_4000001_-8310230,40.000007,-83.1023,1,tennis,True,False,False,25.4,False,False,way/244030813,OH
oh_4000131_-8307676,40.001306,-83.076762,4,tennis,True,False,False,39.9,False,False,way/540518727;way/540518728;way/540518729;way/540518730,OH
oh_4001583_-8308807,40.015832,-83.088065,1,tennis,True,False,False,34.8,False,False,way/583786526,OH
oh_4002340_-8308596,40.023404,-83.085958,4,tennis,True,False,False,62.4,False,False,way/758839680;way/758839681;way/758839682;way/758839683,OH
oh_4002514_-8311347,40.025138,-83.113471,2,tennis,True,False,False,76.7,False,False,way/246571936;way/246571937,OH
oh_4002996_-8314920,40.029957,-83.149196,1,tennis,True,False,False,25.1,False,False,way/1125313235,OH
oh_4004655_-8315536,40.046546,-83.155355,5,tennis,True,False,False,71.9,False,False,way/1125525070;way/1125525071;way/1125525072;way/1125525073;way/1125525074,OH
oh_4005513_-8310219,40.05513,-83.102191,1,pickleball,False,True,False,38.5,False,False,way/1248950724,OH
oh_4006422_-8310858,40.064219,-83.108585,1,tennis,True,False,False,24.9,False,False,way/1263056951,OH
oh_4006730_-8307917,40.067304,-83.079169,2,tennis,True,False,False,28.3,False,False,way/274744474;way/274744475,OH
oh_4006829_-8308149,40.068295,-83.081489,2,tennis,True,False,False,60.8,False,False,way/233812880;way/1130778018,OH
oh_4006888_-8308932,40.068885,-83.089318,2,tennis,True,False,False,26.7,False,False,way/233581070;way/1125298123,OH
oh_4007842_-8311962,40.078418,-83.119623,2,tennis,True,False,False,28.9,False,False,way/233645027;way/1130781426,OH
oh_4007864_-8314604,40.078644,-83.146036,2,tennis,True,False,False,36.7,False,False,way/781136856;way/781136857,OH
oh_4008124_-8314413,40.081239,-83.144131,2,tennis,True,False,False,32.3,False,False,way/781163802;way/781163803,OH
oh_4008507_-8315442,40.085065,-83.154423,2,tennis,True,False,False,32.4,False,False,way/477791135;way/1014496791,OH
oh_4008997_-8310470,40.089973,-83.104702,2,tennis,True,False,False,27.0,False,False,way/1436610041;way/1436610042,OH
oh_4009252_-8309596,40.092516,-83.095962,1,tennis,True,False,False,44.5,False,False,way/233581810,OH
oh_4009663_-8308016,40.096629,-83.080156,3,tennis,True,False,False,43.6,False,False,way/426506286;way/752823271;way/752823272,OH
oh_4009642_-8309863,40.096418,-83.098628,1,tennis,True,False,False,35.1,False,False,way/429219857,OH
oh_4009725_-8311951,40.097253,-83.119515,1,tennis,True,False,False,53.5,False,False,way/391006321,OH
oh_4010051_-8311784,40.100512,-83.117843,2,tennis,True,False,False,25.5,False,False,way/1486914449;way/1486914450,OH
oh_4010195_-8314136,40.101948,-83.141363,8,pickleball,False,True,False,36.0,False,False,way/1381676785;way/1381676786;way/1381676787;way/1381676788;way/1381676789;way/1381676790;way/1381676791;way/1381676792,OH
oh_4010444_-8313531,40.104443,-83.135309,4,pickleball;tennis,True,True,False,47.3,False,False,way/1486911638;way/1486911639;way/1486911640;way/1486911641,OH
oh_4010877_-8312958,40.10877,-83.12958,6,tennis,True,False,False,83.7,False,False,way/1486912909;way/1486912910;way/1486912911;way/1486912912;way/1486912913;way/1486912914,OH
oh_4011499_-8311449,40.114991,-83.114488,1,tennis,True,False,False,37.8,False,False,way/310311504,OH
oh_4012247_-8309752,40.122466,-83.097523,5,tennis,True,False,False,84.8,False,False,way/330969553;way/330969554;way/330970432;way/330970433;way/330970434,OH
oh_4012225_-8315993,40.122253,-83.159926,2,tennis,True,False,False,37.8,False,False,way/452448970;way/1124668518,OH
oh_4012501_-8311437,40.125008,-83.11437,2,tennis,True,False,False,27.4,False,False,way/1495331437;way/1495331438,OH
oh_4013493_-8314235,40.134931,-83.142352,4,tennis,True,False,False,59.0,False,False,way/1435169147;way/1435169148;way/1435169149;way/1435169150,OH
oh_4013865_-8312542,40.138646,-83.125417,1,tennis,True,False,False,32.2,False,False,way/246571933,OH
oh_4014002_-8315442,40.140017,-83.15442,7,tennis,True,False,False,88.7,False,False,way/295376516;way/1435168802;way/1435168803;way/1435168926;way/1435168927;way/1435169006;way/1435169007,OH
oh_4014363_-8313795,40.14363,-83.137954,1,tennis,True,False,False,40.5,False,False,way/912786183,OH
oh_4015297_-8314204,40.152971,-83.142042,6,tennis,True,False,False,87.5,False,False,way/1435168579;way/1435168580;way/1435168581;way/1435168582;way/1435168583;way/1435168584,OH
oh_4015629_-8309838,40.156286,-83.098375,1,tennis,True,False,False,115.6,False,False,way/550348025,OH
oh_4015701_-8310016,40.157008,-83.100158,5,tennis,True,False,False,70.2,False,False,way/550348000;way/1220637614;way/1220637615;way/1220637616;way/1220637617,OH
oh_4016855_-8308569,40.168554,-83.085691,1,pickleball,False,True,False,18.6,False,False,way/1553319441,OH
oh_4018730_-8309907,40.1873,-83.099068,10,pickleball;tennis,True,True,False,71.4,False,False,way/1417435718;way/1417435719;way/1417435720;way/1417435721;way/1417435722;way/1417435723;way/1417435724;way/1417435725;way/1417435726;way/1417435727,OH
oh_4019234_-8308596,40.192343,-83.085961,4,tennis,True,False,False,62.1,False,False,way/1435167680;way/1435167681;way/1435167682;way/1435167683,OH
oh_4019430_-8314982,40.194303,-83.149823,2,tennis,True,False,False,33.6,False,False,way/386692999;way/386693000,OH
oh_4019963_-8309988,40.199634,-83.099878,8,tennis,True,False,False,135.0,False,False,way/537306910;way/537306911;way/537306912;way/537306913;way/537306914;way/537306915;way/537306916;way/537306917,OH
oh_4021823_-8309764,40.218234,-83.097636,1,pickleball,False,True,False,20.1,False,False,way/1450145302,OH
oh_4022509_-8310736,40.225091,-83.107355,1,tennis,True,False,False,18.8,False,False,way/1460312645,OH
oh_4029765_-8310563,40.297647,-83.105633,1,tennis,True,False,False,24.7,False,False,way/558120672,OH
oh_4032632_-8309865,40.326321,-83.098647,12,pickleball;tennis,True,True,False,59.4,False,False,way/917585623;way/1531276845;way/1531276846;way/1531276847;way/1531276848;way/1531276849;way/1531276850;way/1531276851;way/1531276852;way/1531276853;way/1531276854;way/1531276855,OH
oh_4034573_-8308867,40.345727,-83.08867,5,tennis,True,False,False,77.3,False,False,way/1532849823;way/1532849824;way/1532849825;way/1532849826;way/1532849827,OH
oh_4035018_-8309016,40.350184,-83.090156,5,tennis,True,False,False,71.0,False,False,way/1532814479;way/1532814480;way/1532814481;way/1532814482;way/1532814483,OH
oh_4051993_-8313739,40.51993,-83.137391,5,tennis,True,False,False,73.6,False,False,way/1162915654;way/1162915655;way/1162915656;way/1162915657;way/1162915658,OH
oh_4058138_-8311898,40.581382,-83.118983,5,tennis,True,False,False,64.0,False,False,way/1150747626;way/1162665717;way/1162665718;way/1162665719;way/1162665720,OH
oh_4110345_-8315713,41.103453,-83.157131,2,tennis,True,False,False,26.3,False,False,way/312959306;way/312959308,OH
oh_4110991_-8317999,41.109906,-83.179989,5,tennis,True,False,False,70.5,False,False,way/241879736;way/241879737;way/241879738;way/472268252;way/472268253,OH
oh_4111638_-8316638,41.116382,-83.166381,4,tennis,True,False,False,58.5,False,False,way/1482586721;way/1482586722;way/1482586723;way/1482586724,OH
oh_4112030_-8318950,41.120305,-83.189504,6,tennis,True,False,False,85.2,False,False,way/402523783;way/438086326;way/438086327;way/438086328;way/438086329;way/1368018463,OH
oh_4131277_-8313309,41.312765,-83.133093,2,tennis,True,False,False,27.8,False,False,way/457622944;way/457622946,OH
oh_4133125_-8314660,41.331247,-83.146599,1,tennis,True,False,False,38.0,False,False,way/228181897,OH
oh_4133432_-8311891,41.334324,-83.118913,8,tennis,True,False,False,63.3,False,False,way/263344609;way/263344610;way/263344611;way/263344612;way/263344613;way/263344614;way/263344615;way/263344616,OH
oh_4135422_-8315661,41.354215,-83.156611,2,tennis,True,False,False,28.1,False,False,way/374522796;way/374522797,OH
oh_4136736_-8312291,41.367357,-83.122905,4,tennis,True,False,False,153.2,False,False,way/374524708;way/374524709;way/374524710;way/374524711,OH
oh_4151494_-8315899,41.514941,-83.158988,1,tennis,True,False,False,78.4,False,False,way/478877729,OH
oh_4156556_-8314688,41.565564,-83.146876,2,tennis,True,False,False,32.3,False,False,way/855284057;way/1162664966,OH
oh_3873055_-8298839,38.730549,-82.988387,6,tennis,True,False,False,105.2,False,False,way/255068207;way/255068208;way/520021604;way/520021606;way/520021608;way/520021611,OH
oh_3873605_-8299179,38.736046,-82.991795,5,tennis,True,False,False,79.8,False,False,way/314913923;way/314913924;way/314913925;way/314913926;way/314913927,OH
oh_3902461_-8303519,39.024608,-83.035189,1,tennis,True,False,False,24.3,False,False,way/1501586217,OH
oh_3941064_-8304045,39.410645,-83.040446,1,tennis,True,False,False,24.1,False,False,way/1386355363,OH
oh_3986858_-8304896,39.868578,-83.048959,2,tennis,True,False,False,33.4,False,False,way/170960881;way/976151171,OH
oh_3989749_-8306061,39.897489,-83.060613,2,tennis,True,False,False,28.3,False,False,way/413492613;way/940985882,OH
oh_3992723_-8306626,39.927228,-83.066259,3,tennis,True,False,False,44.8,False,False,way/1489467261;way/1489467262;way/1489467263,OH
oh_3996178_-8306725,39.961777,-83.067246,2,tennis,True,False,False,26.8,False,False,way/466145798;way/466145799,OH
oh_3997018_-8304909,39.970178,-83.049088,2,tennis,True,False,False,59.8,False,False,way/589720925;way/589720926,OH
oh_3997269_-8303808,39.972685,-83.03808,1,pickleball,False,True,False,23.3,False,False,way/1365840606,OH
oh_3997642_-8305022,39.976419,-83.050217,4,tennis,True,False,False,51.3,False,False,way/1487031469;way/1487031470;way/1487031471;way/1487031472,OH
oh_3998028_-8303435,39.980277,-83.034352,1,pickleball,False,True,False,41.8,False,False,way/166892312,OH
oh_3998134_-8305763,39.981337,-83.057628,1,tennis,True,False,False,31.7,False,False,way/1364339551,OH
oh_3998663_-8303472,39.986626,-83.034725,1,pickleball,False,True,False,17.8,False,False,way/1390239443,OH
oh_3999475_-8303298,39.994751,-83.032976,1,tennis,True,False,False,25.8,False,False,way/462585272,OH
oh_3999602_-8306276,39.996022,-83.062759,1,tennis,True,False,False,16.8,False,False,way/1472874389,OH
oh_4000025_-8306060,40.000249,-83.060601,4,tennis,True,False,False,59.7,False,False,way/549216385;way/549216386;way/549216387;way/549216388,OH
oh_4000053_-8307502,40.000529,-83.075018,13,pickleball;tennis,True,True,False,97.4,False,False,way/540518707;way/540518709;way/540518710;way/540518712;way/540518713;way/540518714;way/540518716;way/540518717;way/540518719;way/540518720;way/540518721;way/1361480594;way/1361480595,OH
oh_4001374_-8306353,40.013741,-83.063532,15,pickleball;tennis,True,True,False,187.8,False,False,way/540725553;way/540725556;way/540725557;way/540725558;way/540725559;way/540725560;way/540725561;way/540725562;way/540725563;way/540725564;way/1530875576;way/1530875577;way/1530875578;way/1530875579;way/1530875580,OH
oh_4001689_-8305364,40.016887,-83.053645,10,tennis,True,False,False,80.8,False,False,way/547978363;way/547978365;way/547978367;way/547978369;way/547978371;way/547978374;way/547978377;way/547978380;way/547978384;way/547978386,OH
oh_4001966_-8303151,40.01966,-83.031507,2,tennis,True,False,False,26.1,False,False,way/863192354;way/863192355,OH
oh_4003002_-8304705,40.030021,-83.047048,16,tennis,True,False,False,150.5,False,False,way/627422381;way/627422382;way/627422383;way/627422384;way/627422385;way/627422386;way/627422387;way/627422388;way/627422389;way/627422390;way/627422392;way/627422393;way/627422394;way/627422396;way/627422397;way/627422398,OH
oh_4003234_-8306332,40.032341,-83.063315,5,tennis,True,False,False,81.8,False,False,way/557388748;way/557388749;way/557388750;way/557388751;way/557388752,OH
oh_4003411_-8306952,40.03411,-83.069523,4,tennis,True,False,False,61.8,False,False,way/548599007;way/548599008;way/548599009;way/548599010,OH
oh_4003950_-8304973,40.039505,-83.049726,2,pickleball,False,True,False,18.1,False,False,node/13376187607;node/13376187608,OH
oh_4003980_-8306643,40.039801,-83.066433,1,tennis,True,False,False,24.5,False,False,way/984686806,OH
oh_4004097_-8305228,40.040971,-83.052278,1,tennis,True,False,False,24.6,False,False,way/1106662720,OH
oh_4004136_-8306038,40.041362,-83.06038,1,tennis,True,False,False,24.4,False,False,way/1106674425,OH
oh_4004495_-8307277,40.04495,-83.072766,4,tennis,True,False,False,56.5,False,False,way/627681808;way/627681809;way/627681810;way/627681811,OH
oh_4004593_-8306063,40.045934,-83.060631,1,tennis,True,False,False,25.2,False,False,way/758831188,OH
oh_4004852_-8302980,40.048524,-83.029799,3,tennis,True,False,False,41.6,False,False,way/555859025;way/1124661892;way/1124661893,OH
oh_4004931_-8304791,40.049309,-83.047913,1,tennis,True,False,False,24.6,False,False,way/1518528017,OH
oh_4005436_-8304875,40.054361,-83.048745,2,tennis,True,False,False,30.7,False,False,way/1484128963;way/1484128964,OH
oh_4005477_-8304387,40.054766,-83.043865,10,pickleball,False,True,False,48.3,False,False,node/13376187611;node/13376187612;node/13376187613;node/13376187614;node/13376187615;node/13376187616;node/13376187617;node/13376187618;node/13376187619;node/13376187620,OH
oh_4005479_-8305111,40.054791,-83.051114,1,tennis,True,False,False,24.2,False,False,way/769798304,OH
oh_4005527_-8305443,40.055274,-83.054433,1,tennis,True,False,False,38.2,False,False,way/392099270,OH
oh_4005631_-8303609,40.056313,-83.036091,2,tennis,True,False,False,29.5,False,False,way/551388165;way/757051365,OH
oh_4005713_-8304124,40.057127,-83.041243,2,tennis,True,False,False,35.8,False,False,way/551388136;way/757051290,OH
oh_4005926_-8307610,40.059255,-83.076101,1,tennis,True,False,False,24.6,False,False,way/1226637439,OH
oh_4005929_-8307694,40.05929,-83.076938,1,tennis,True,False,False,24.6,False,False,way/756268815,OH
oh_4006102_-8305882,40.061017,-83.058822,3,tennis,True,False,False,41.8,False,False,way/753072864;way/753072865;way/753072866,OH
oh_4006208_-8307043,40.062079,-83.07043,2,tennis,True,False,False,27.5,False,False,way/468498941;way/1124665378,OH
oh_4006391_-8307696,40.063912,-83.07696,1,tennis,True,False,False,24.4,False,False,way/756278565,OH
oh_4006494_-8304729,40.064944,-83.047289,2,tennis,True,False,False,28.6,False,False,way/917585053;way/917585054,OH
oh_4006583_-8304110,40.065827,-83.041097,1,tennis,True,False,False,24.0,False,False,way/561556774,OH
oh_4007710_-8304350,40.0771,-83.043503,2,tennis,True,False,False,32.9,False,False,way/1435164684;way/1435164685,OH
oh_4007879_-8303669,40.078791,-83.036686,1,tennis,True,False,False,90.0,False,False,way/360559030,OH
oh_4008623_-8305096,40.086227,-83.050965,2,tennis,True,False,False,26.2,False,False,way/462724025;way/1125295273,OH
oh_4009151_-8306813,40.091515,-83.068133,1,tennis,True,False,False,24.0,False,False,way/552272485,OH
oh_4009276_-8303428,40.092765,-83.034282,1,tennis,True,False,False,33.9,False,False,way/551500855,OH
oh_4009464_-8303459,40.09464,-83.034588,1,tennis,True,False,False,37.6,False,False,way/469310386,OH
oh_4009521_-8306279,40.095214,-83.062788,9,pickleball;tennis,True,True,False,94.4,False,False,way/1487031288;way/1487031289;way/1487031290;way/1487031291;way/1487031292;way/1487031293;way/1487031294;way/1487031295;way/1487031296,OH
oh_4009788_-8307843,40.097878,-83.078426,2,tennis,True,False,False,39.3,False,False,way/449474732;way/752823270,OH
oh_4009998_-8307758,40.099978,-83.077578,1,tennis,True,False,False,40.5,False,False,way/449474731,OH
oh_4010215_-8307843,40.102148,-83.078434,2,tennis,True,False,False,26.6,False,False,way/426505269;way/1125294381,OH
oh_4010252_-8307739,40.102522,-83.077395,1,tennis,True,False,False,20.7,False,False,way/444670850,OH
oh_4010995_-8303211,40.109953,-83.032113,10,pickleball;tennis,True,True,False,97.8,False,False,way/1125086950;way/1125086951;way/1125086952;way/1125086953;way/1125086954;way/1125086955;way/1125086956;way/1125086957;way/1125086958;way/1125086959,OH
oh_4011486_-8305398,40.114857,-83.053977,5,tennis,True,False,False,72.3,False,False,way/844669228;way/844669229;way/844669230;way/844669231;way/844669232,OH
oh_4012024_-8307714,40.120238,-83.077144,5,tennis,True,False,False,80.9,False,False,way/1152544579;way/1152544580;way/1152544581;way/1152544582;way/1152544583,OH
oh_4012358_-8304591,40.123576,-83.045907,19,tennis,True,False,False,241.0,False,False,way/554444624;way/554444625;way/554444626;way/554444627;way/554444628;way/554444632;way/1125087636;way/1125087637;way/1125087638;way/1125087639;way/1125087640;way/1125087641;way/1125087642;way/1125087643;way/1125087644;way/1125087645;way/1125087646;way/1125087647;way/1125087648,OH
oh_4013026_-8305162,40.130262,-83.051623,1,tennis,True,False,False,33.2,False,False,way/554444573,OH
oh_4014319_-8305049,40.143186,-83.050491,2,tennis,True,False,False,28.7,False,False,way/1435167179;way/1435167180,OH
oh_4015308_-8307285,40.153083,-83.072849,5,tennis,True,False,False,80.7,False,False,way/1341955849;way/1341955850;way/1341955851;way/1341955852;way/1341955856,OH
oh_4015715_-8306270,40.157148,-83.062701,4,tennis,True,False,False,59.8,False,False,way/1435167354;way/1435167355;way/1435167356;way/1435167357,OH
oh_4017858_-8306992,40.178578,-83.069924,1,tennis,True,False,False,24.5,False,False,way/1455047679,OH
oh_4018686_-8304888,40.186861,-83.048879,1,tennis,True,False,False,36.9,False,False,way/1460788683,OH
oh_4019661_-8308176,40.196608,-83.081757,1,pickleball,False,True,False,14.4,False,False,way/1458165579,OH
oh_4027513_-8307262,40.275129,-83.072621,1,tennis,True,False,False,24.6,False,False,way/554444559,OH
oh_4029278_-8306518,40.292778,-83.065178,6,tennis,True,False,False,63.4,False,False,way/315047419;way/1014692967;way/1014692968;way/1014692969;way/1014692970;way/1014692971,OH
oh_4029381_-8306404,40.293811,-83.064038,6,tennis,True,False,False,64.7,False,False,way/315047418;way/1014692962;way/1014692963;way/1014692964;way/1014692965;way/1014692966,OH
oh_4030029_-8307924,40.300293,-83.079242,2,pickleball,False,True,False,33.7,False,False,way/386820907;way/1014950827,OH
oh_4030651_-8305905,40.306514,-83.059046,4,tennis,True,False,False,65.1,False,False,way/288585423;way/288586625;way/288586626;way/288586627,OH
oh_4030681_-8308177,40.306813,-83.081766,8,tennis,True,False,False,114.5,False,False,way/584175282;way/584175283;way/584175284;way/584175285;way/1014941487;way/1014941488;way/1014941489;way/1014941490,OH
oh_4059535_-8309051,40.595354,-83.090514,6,tennis,True,False,False,91.7,False,False,way/1162665724;way/1162665725;way/1162665726;way/1162665727;way/1162665728;way/1162665729,OH
oh_4060165_-8306659,40.601647,-83.066595,2,pickleball,False,True,False,25.3,False,False,way/1085701460;way/1085701461,OH
oh_4133561_-8309851,41.335614,-83.098508,4,tennis,True,False,False,60.3,False,False,way/263344597;way/263344598;way/263344599;way/263344600,OH
oh_4133724_-8307419,41.337236,-83.074189,2,tennis,True,False,False,32.6,False,False,way/1482586911;way/1482586912,OH
oh_4160655_-8310209,41.60655,-83.102087,2,tennis,True,False,False,73.2,False,False,way/1500114359;way/1500114360,OH
oh_3874385_-8297608,38.743855,-82.976085,12,pickleball;tennis,True,True,False,65.8,False,False,way/314919704;way/314919707;way/314919709;way/314919711;way/1042670880;way/1042670881;way/1042670882;way/1042670883;way/1042670884;way/1042670885;way/1042670886;way/1042670887,OH
oh_3875885_-8292709,38.758845,-82.927091,4,tennis,True,False,False,60.1,False,False,way/1043083669;way/1043083670;way/1043083671;way/1043083672,OH
oh_3878544_-8297793,38.785445,-82.977925,2,tennis,True,False,False,27.6,False,False,way/1474821955;way/1474821956,OH
oh_3878603_-8297074,38.78603,-82.970744,1,tennis,True,False,False,52.9,False,False,way/1042652628,OH
oh_3888375_-8296506,38.883751,-82.965065,4,tennis,True,False,False,56.0,False,False,way/598626483;way/598626484;way/598626485;way/598626486,OH
oh_3911491_-8299375,39.114914,-82.993746,1,tennis,True,False,False,24.8,False,False,way/1455014262,OH
oh_3912881_-8297695,39.128813,-82.976948,4,tennis,True,False,False,64.8,False,False,way/1432093047;way/1432093048;way/1432093049;way/1432093050,OH
oh_3913038_-8297010,39.130381,-82.970105,1,tennis,True,False,False,25.4,False,False,way/1455014070,OH
oh_3933014_-8300224,39.330137,-83.002235,6,tennis,True,False,False,98.6,False,False,way/1281259304;way/1281259305;way/1281259306;way/1281259307;way/1281259308;way/1281259309,OH
oh_3933847_-8298164,39.338474,-82.981643,4,tennis,True,False,False,62.6,False,False,way/1239789342;way/1239789343;way/1239789344;way/1239789345,OH
oh_3935820_-8298046,39.358195,-82.980462,1,tennis,True,False,False,24.9,False,False,way/1492009719,OH
oh_3971623_-8294748,39.716228,-82.947479,3,pickleball,False,True,False,24.2,False,False,way/1368184500;way/1368184501;way/1368184502,OH
oh_3972078_-8294630,39.720785,-82.946303,5,tennis,True,False,False,66.5,False,False,way/634243656;way/634243657;way/634243659;way/634243663;way/634243664,OH
oh_3971995_-8299144,39.719948,-82.991442,5,pickleball;tennis,True,True,False,36.5,False,False,way/1027234637;way/1318795147;way/1318795148;way/1318795149;way/1318795150,OH
oh_3985904_-8297240,39.859037,-82.972403,5,tennis,True,False,False,71.2,False,False,way/1277942500;way/1277942501;way/1277942502;way/1277942503;way/1277942504,OH
oh_3988216_-8298960,39.882162,-82.989604,4,tennis,True,False,False,56.7,False,False,way/1489308759;way/1489308760;way/1489308761;way/1489308762,OH
oh_3990856_-8296791,39.908565,-82.967913,5,tennis,True,False,False,68.6,False,False,way/1228038954;way/1228038955;way/1228038956;way/1228038957;way/1228038958,OH
oh_3993936_-8298028,39.939357,-82.980277,5,tennis,True,False,False,71.2,False,False,way/1487035241;way/1487035242;way/1487035243;way/1487035244;way/1487035245,OH
oh_3994229_-8299180,39.942285,-82.991795,4,tennis,True,False,False,74.0,False,False,way/1490285864;way/1490285865;way/1490285866;way/1490285867,OH
oh_3994473_-8294894,39.944731,-82.948937,2,tennis,True,False,False,26.8,False,False,way/587520499;way/587520500,OH
oh_3995881_-8297586,39.958814,-82.975862,1,tennis,True,False,False,38.1,False,False,way/555391780,OH
oh_3995830_-8301261,39.958304,-83.01261,1,pickleball,False,True,False,35.3,False,False,way/1362987967,OH
oh_3996699_-8294884,39.966986,-82.948839,8,tennis,True,False,False,87.2,False,False,way/1314965191;way/1314965192;way/1314965193;way/1314965194;way/1314965195;way/1314965196;way/1314965197;way/1314965198,OH
oh_3997039_-8297002,39.970391,-82.970018,1,tennis,True,False,False,38.1,False,False,way/829250189,OH
oh_3997560_-8297388,39.975603,-82.973885,2,tennis,True,False,False,29.2,False,False,way/921839840;way/921839841,OH
oh_3997569_-8300759,39.975686,-83.007587,2,tennis,True,False,False,26.5,False,False,way/652150823;way/652150824,OH
oh_3997623_-8300865,39.976225,-83.008647,4,tennis,True,False,False,62.4,False,False,way/30171705;way/652150704;way/652150705;way/652150706,OH
oh_3999972_-8301999,39.999718,-83.019987,16,tennis,True,False,False,108.6,False,False,way/154204843;way/154204847;way/154204851;way/154204855;way/154204862;way/154204864;way/154204866;way/154204869;way/154204874;way/154204877;way/154204879;way/154204881;way/154204882;way/154204883;way/154204884;way/154204888,OH
oh_4000089_-8296564,40.000886,-82.965637,4,pickleball;tennis,True,True,False,31.5,False,False,way/1487032516;way/1487032517;way/1487032518;way/1487032519,OH
oh_4000838_-8301498,40.008379,-83.014983,2,tennis,True,False,False,29.8,False,False,way/1245731701;way/1245731702,OH
oh_4001039_-8297298,40.010388,-82.972983,1,tennis,True,False,False,75.0,False,False,way/264061348,OH
oh_4001399_-8302402,40.013994,-83.024015,10,tennis,True,False,False,93.2,False,False,way/444978488;way/444978489;way/444978490;way/444978491;way/444978492;way/444978493;way/444978494;way/444978495;way/444978496;way/444978497,OH
oh_4001436_-8301787,40.014361,-83.017867,1,tennis,True,False,False,22.6,False,False,way/1554607836,OH
oh_4001835_-8297495,40.018347,-82.974945,2,tennis,True,False,False,28.5,False,False,way/1196067716;way/1196067717,OH
oh_4002765_-8302293,40.027649,-83.022926,1,tennis,True,False,False,24.7,False,False,way/480658566,OH
oh_4003442_-8299931,40.034418,-82.999309,1,tennis,True,False,False,111.4,False,False,way/359633460,OH
oh_4004131_-8302172,40.041313,-83.021716,11,tennis,True,False,False,161.4,False,False,way/361610503;way/1124661880;way/1124661881;way/1124661882;way/1124661883;way/1124661884;way/1124661885;way/1124661886;way/1124661887;way/1124661888;way/1124661889,OH
oh_4004708_-8297096,40.047082,-82.970965,1,tennis,True,False,False,38.6,False,False,way/894336942,OH
oh_4004720_-8299403,40.047205,-82.994033,1,tennis,True,False,False,25.2,False,False,way/896779385,OH
oh_4005010_-8298217,40.050097,-82.982165,1,tennis,True,False,False,46.1,False,False,way/1557900076,OH
oh_4005446_-8302344,40.054461,-83.023442,1,tennis,True,False,False,26.9,False,False,way/563526744,OH
oh_4006514_-8300483,40.065141,-83.004833,2,tennis,True,False,False,64.9,False,False,way/563526702;way/563526703,OH
oh_4007130_-8296503,40.071301,-82.965033,3,tennis,True,False,False,42.3,False,False,way/1088200925;way/1088200926;way/1088200927,OH
oh_4007229_-8298411,40.072286,-82.984109,6,tennis,True,False,False,90.5,False,False,way/1487030657;way/1487030658;way/1487030659;way/1487030660;way/1487030661;way/1487030662,OH
oh_4007645_-8296421,40.076455,-82.964208,1,tennis,True,False,False,36.8,False,False,way/551999843,OH
oh_4007760_-8300157,40.077601,-83.00157,2,tennis,True,False,False,25.4,False,False,way/546660939;way/546660941,OH
oh_4008633_-8299637,40.086327,-82.996373,1,tennis,True,False,False,36.7,False,False,way/551387584,OH
oh_4008854_-8295902,40.088536,-82.959022,7,tennis,True,False,False,189.7,False,False,way/617636351;way/1487029722;way/1487029723;way/1487029724;way/1487029725;way/1487029726;way/1487029727,OH
oh_4008873_-8296827,40.088725,-82.968274,1,tennis,True,False,False,25.2,False,False,way/918362551,OH
oh_4009028_-8302278,40.090279,-83.022779,5,tennis,True,False,False,69.7,False,False,way/1435165117;way/1435165118;way/1435165119;way/1435165120;way/1435165121,OH
oh_4009170_-8299529,40.091699,-82.995294,1,tennis,True,False,False,24.5,False,False,way/551387241,OH
oh_4009455_-8301150,40.09455,-83.011496,2,tennis,True,False,False,80.8,False,False,way/424676085;way/424676086,OH
oh_4009528_-8296236,40.09528,-82.962359,3,tennis,True,False,False,42.0,False,False,way/1487028867;way/1487028868;way/1487028869,OH
oh_4010146_-8295462,40.10146,-82.95462,1,pickleball,False,True,False,28.8,False,False,way/1409257710,OH
oh_4010461_-8298657,40.104607,-82.986574,2,tennis,True,False,False,28.6,False,False,way/1487030725;way/1487030726,OH
oh_4010742_-8302291,40.107424,-83.022914,2,tennis,True,False,False,27.3,False,False,way/1432348487;way/1432348488,OH
oh_4011438_-8300446,40.114377,-83.004464,1,tennis,True,False,False,14.9,False,False,way/547187110,OH
oh_4011550_-8298937,40.115496,-82.989372,1,tennis,True,False,False,37.4,False,False,way/545594128,OH
oh_4011963_-8302097,40.11963,-83.020974,2,tennis,True,False,False,25.7,False,False,way/1435165742;way/1435165743,OH
oh_4012471_-8299859,40.124707,-82.998591,1,tennis,True,False,False,39.4,False,False,way/547194499,OH
oh_4012567_-8302575,40.125668,-83.02575,1,tennis,True,False,False,32.5,False,False,way/554194412,OH
oh_4012752_-8300239,40.127516,-83.002391,2,tennis,True,False,False,28.8,False,False,way/1435166273;way/1435166274,OH
oh_4012939_-8296061,40.129391,-82.96061,2,tennis,True,False,False,27.1,False,False,way/435275482;way/1124512699,OH
oh_4012997_-8301989,40.129973,-83.019892,2,tennis,True,False,False,28.3,False,False,way/1435165876;way/1435165877,OH
oh_4013351_-8298019,40.13351,-82.98019,1,tennis,True,False,False,80.1,False,False,way/557559641,OH
oh_4013389_-8300415,40.133889,-83.004146,1,tennis,True,False,False,35.3,False,False,way/562399122,OH
oh_4013726_-8297014,40.137262,-82.970141,1,tennis,True,False,False,22.6,False,False,way/561682696,OH
oh_4017083_-8298267,40.170828,-82.982669,8,tennis,True,False,False,138.3,False,False,way/1054294038;way/1054294039;way/1054294040;way/1054294041;way/1054294042;way/1054294043;way/1054294044;way/1054294045,OH
oh_4017300_-8302900,40.173001,-83.029003,1,tennis,True,False,False,40.5,False,False,way/554535745,OH
oh_4018893_-8301040,40.188935,-83.010403,6,tennis,True,False,False,166.2,False,False,way/1391565469;way/1391565471;way/1391565472;way/1391565473;way/1391565474;way/1391565476,OH
oh_4019031_-8301878,40.190309,-83.018777,1,pickleball,False,True,False,19.1,False,False,way/1556459819,OH
oh_4020139_-8302240,40.201388,-83.022401,8,tennis,True,False,False,104.7,False,False,way/615510481;way/615510482;way/615510483;way/615510484;way/615510485;way/615510486;way/615510488;way/615510490,OH
oh_4020322_-8301490,40.20322,-83.0149,1,pickleball,False,True,False,47.1,False,False,way/1413936869,OH
oh_4023139_-8298674,40.231389,-82.98674,3,pickleball;tennis,True,True,False,37.9,False,False,way/1453373844;way/1453373845;way/1453373846,OH
oh_4025227_-8300360,40.252275,-83.003603,8,tennis,True,False,False,72.8,False,False,way/1163439206;way/1163439207;way/1163439208;way/1163439209;way/1163439210;way/1163439211;way/1163439212;way/1163439213,OH
oh_4056686_-8299393,40.566861,-82.993934,2,pickleball;tennis,True,True,False,24.9,False,False,way/1426754018;way/1426754019,OH
oh_4058630_-8301277,40.586302,-83.012769,5,tennis,True,False,False,71.0,False,False,way/1432683890;way/1432683891;way/1432683892;way/1432683893;way/1432683894,OH
oh_4080498_-8298908,40.804976,-82.989083,8,pickleball;tennis,True,True,False,72.4,False,False,way/1486833961;way/1486833962;way/1486833963;way/1486833964;way/1486833965;way/1486833966;way/1486833967;way/1486833968,OH
oh_4081501_-8298716,40.815012,-82.987164,7,tennis,True,False,False,76.1,False,False,way/544758699;way/544758700;way/544758701;way/544758702;way/544758703;way/544758704;way/1199660638,OH
oh_4125358_-8304612,41.253584,-83.046124,2,tennis,True,False,False,27.0,False,False,way/325590433;way/325590434,OH
oh_4128950_-8298671,41.2895,-82.986707,6,tennis,True,False,False,72.2,False,False,way/263348064;way/263348065;way/263348066;way/263348067;way/263348068;way/263348069,OH
oh_3872376_-8284629,38.723762,-82.84629,3,tennis,True,False,False,43.9,False,False,way/1180132713;way/1180132714;way/1180132715,OH
oh_3873461_-8285801,38.734613,-82.85801,3,pickleball,False,True,False,24.8,False,False,way/1090292035;way/1354309564;way/1354309565,OH
oh_3876426_-8288919,38.764258,-82.889186,3,tennis,True,False,False,41.4,False,False,way/1180132694;way/1180132695;way/1180132696,OH
oh_3886055_-8285169,38.860551,-82.851686,3,tennis,True,False,False,39.6,False,False,way/598693970;way/598693971;way/598693972,OH
oh_3955895_-8285340,39.558955,-82.8534,4,tennis,True,False,False,61.2,False,False,way/1154153254;way/1154153255;way/1154153256;way/1154153257,OH
oh_3961060_-8292645,39.610598,-82.926454,1,tennis,True,False,False,38.0,False,False,way/425638533,OH
oh_3961116_-8291962,39.611158,-82.919625,3,tennis,True,False,False,42.7,False,False,way/425419357;way/1155059870;way/1155059871,OH
oh_3979884_-8290074,39.798839,-82.90074,1,tennis,True,False,False,37.9,False,False,way/1259528609,OH
oh_3984981_-8289389,39.849811,-82.893886,1,tennis,True,False,False,50.6,False,False,way/846803480,OH
oh_3985872_-8289236,39.858716,-82.892356,4,tennis,True,False,False,55.4,False,False,way/917582260;way/917582261;way/917582262;way/917582263,OH
oh_3988269_-8294159,39.882687,-82.941594,1,tennis,True,False,False,45.2,False,False,way/860883197,OH
oh_3990582_-8285546,39.905818,-82.85546,4,tennis,True,False,False,62.7,False,False,way/984777642;way/984777643;way/984777644;way/984777645,OH
oh_3992872_-8284105,39.928716,-82.841052,11,pickleball;tennis,True,True,False,166.8,False,False,way/802006960;way/802006961;way/802006962;way/802006963;way/802006967;way/923882236;way/1128367550;way/1128367551;way/1128367552;way/1128367553;way/1128367554,OH
oh_3993721_-8286270,39.937209,-82.862695,2,tennis,True,False,False,27.4,False,False,way/1487022023;way/1487022024,OH
oh_3994144_-8286582,39.941437,-82.865817,6,tennis,True,False,False,108.5,False,False,way/1277943788;way/1277943789;way/1277943790;way/1277943791;way/1277943792;way/1277943793,OH
oh_3994843_-8290720,39.948426,-82.907204,6,tennis,True,False,False,82.3,False,False,way/731999994;way/731999995;way/731999996;way/731999997;way/731999998;way/731999999,OH
oh_3995311_-8285830,39.95311,-82.858303,3,tennis,True,False,False,40.1,False,False,way/1321583024;way/1321583025;way/1321583026,OH
oh_3995300_-8293687,39.953004,-82.936874,1,tennis,True,False,False,75.6,False,False,way/254708577,OH
oh_3995878_-8288121,39.958775,-82.881208,1,tennis,True,False,False,37.5,False,False,way/727350057,OH
oh_3995959_-8288866,39.959595,-82.888658,5,tennis,True,False,False,78.1,False,False,way/1314965411;way/1314965412;way/1314965413;way/1314965414;way/1314965415,OH
oh_3996274_-8287019,39.962742,-82.870192,4,pickleball,False,True,False,37.5,False,False,way/1334996763;way/1334996764;way/1334996765;way/1334996766,OH
oh_3996327_-8292836,39.96327,-82.928356,5,tennis,True,False,False,170.6,False,False,way/1487034928;way/1487034929;way/1487034930;way/1487034931;way/1487034932,OH
oh_3996436_-8290909,39.964362,-82.909086,3,tennis,True,False,False,42.4,False,False,way/1487034751;way/1487034752;way/1487034753,OH
oh_3996448_-8294473,39.96448,-82.944727,1,tennis,True,False,False,27.1,False,False,way/829241760,OH
oh_3996707_-8284676,39.967073,-82.846757,1,tennis,True,False,False,24.1,False,False,way/1334996846,OH
oh_3997157_-8294389,39.971574,-82.943887,6,pickleball;tennis,True,True,False,49.5,False,False,way/1462200351;way/1462200352;way/1462200353;way/1462200354;way/1462200355;way/1462200356,OH
oh_3997310_-8285283,39.973104,-82.852829,3,pickleball;tennis,True,True,False,31.6,False,False,way/1487024579;way/1487024580;way/1487024581,OH
oh_3997367_-8286954,39.973668,-82.869537,10,tennis,True,False,False,110.8,False,False,way/553689951;way/1432550669;way/1432550670;way/1487023427;way/1487023428;way/1487023429;way/1487023430;way/1487023431;way/1487023432;way/1487023433,OH
oh_3997494_-8285595,39.974943,-82.855947,2,tennis,True,False,False,35.2,False,False,way/1487024419;way/1487024420,OH
oh_3997526_-8283498,39.97526,-82.834978,1,tennis,True,False,False,37.7,False,False,way/553689532,OH
oh_3997861_-8283214,39.978615,-82.832144,2,tennis,True,False,False,28.3,False,False,way/553689499;way/1125970922,OH
oh_3997837_-8291874,39.978374,-82.91874,6,tennis,True,False,False,89.3,False,False,way/847838292;way/847838293;way/847838294;way/847838295;way/847838296;way/847838297,OH
oh_3997885_-8294219,39.978848,-82.94219,1,tennis,True,False,False,36.9,False,False,way/556675679,OH
oh_3998277_-8286102,39.982771,-82.861023,2,tennis,True,False,False,30.4,False,False,way/1487023863;way/1487023864,OH
oh_3998430_-8289068,39.984297,-82.890677,3,tennis,True,False,False,50.1,False,False,way/589275159;way/589275160;way/589275161,OH
oh_3998825_-8292418,39.98825,-82.92418,1,tennis,True,False,False,24.4,False,False,way/554642582,OH
oh_3999462_-8294406,39.994619,-82.944055,6,tennis,True,False,False,62.9,False,False,way/1487033289;way/1487033290;way/1487033291;way/1487033292;way/1487033293;way/1487033294,OH
oh_3999579_-8294822,39.99579,-82.948215,2,tennis,True,False,False,28.6,False,False,way/917582870;way/917582871,OH
oh_4000650_-8286276,40.006504,-82.862758,1,tennis,True,False,False,43.6,False,False,way/545293845,OH
oh_4000831_-8283000,40.008313,-82.829999,2,tennis,True,False,False,38.2,False,False,way/774627469;way/774627470,OH
oh_4001437_-8287911,40.014369,-82.879114,5,tennis,True,False,False,73.0,False,False,way/1487024782;way/1487024783;way/1487024784;way/1487024785;way/1487024786,OH
oh_4001556_-8287528,40.015565,-82.875282,1,tennis,True,False,False,37.6,False,False,way/171450403,OH
oh_4002736_-8288789,40.027365,-82.88789,1,tennis,True,False,False,63.1,False,False,way/640135035,OH
oh_4003084_-8287451,40.030838,-82.874507,1,tennis,True,False,False,36.8,False,False,way/630778390,OH
oh_4003430_-8287913,40.034296,-82.879127,1,tennis,True,False,False,34.4,False,False,way/648917241,OH
oh_4003496_-8287557,40.034965,-82.875573,1,tennis,True,False,False,25.0,False,False,way/631098044,OH
oh_4004213_-8292488,40.042126,-82.924884,3,tennis,True,False,False,46.6,False,False,way/1216665929;way/1216665930;way/1216665931,OH
oh_4005071_-8287684,40.050707,-82.876839,8,tennis,True,False,False,71.4,False,False,way/1487025900;way/1487025901;way/1487025902;way/1487025903;way/1487025904;way/1487025905;way/1487025906;way/1487025907,OH
oh_4005020_-8294298,40.050203,-82.942976,6,tennis,True,False,False,61.2,False,False,way/1524485355;way/1524485356;way/1524485357;way/1524485358;way/1524485359;way/1524485360,OH
oh_4006686_-8282940,40.066861,-82.8294,21,pickleball;tennis,True,True,False,228.0,False,False,way/324127157;way/324127158;way/1487026275;way/1487026276;way/1487026277;way/1487026278;way/1487026279;way/1487026280;way/1487026281;way/1487026282;way/1487026283;way/1487026284;way/1487026285;way/1487026286;way/1487026287;way/1487026288;way/1487026289;way/1487026290;way/1487026291;way/1487026292;way/1487026293,OH
oh_4006720_-8284291,40.067198,-82.842909,2,tennis,True,False,False,79.9,False,False,way/374589765;way/374589766,OH
oh_4007670_-8289690,40.076697,-82.896904,1,tennis,True,False,False,32.1,False,False,way/1230233182,OH
oh_4008226_-8292471,40.082255,-82.924714,4,tennis,True,False,False,59.6,False,False,way/917583584;way/917583585;way/917583586;way/917583587,OH
oh_4008637_-8287457,40.086365,-82.874572,4,tennis,True,False,False,57.2,False,False,way/622973682;way/622973684;way/622973686;way/622973687,OH
oh_4008676_-8286758,40.086763,-82.867578,1,tennis,True,False,False,24.4,False,False,way/554784612,OH
oh_4008726_-8287465,40.087256,-82.874652,1,tennis,True,False,False,35.8,False,False,way/667374470,OH
oh_4009354_-8286314,40.093537,-82.863141,2,pickleball,False,True,False,67.3,False,False,way/1432580426;way/1432580427,OH
oh_4009506_-8285436,40.095055,-82.854363,1,tennis,True,False,False,37.7,False,False,way/187990389,OH
oh_4011148_-8291205,40.111483,-82.912046,1,tennis,True,False,False,39.7,False,False,way/551631058,OH
oh_4011538_-8290533,40.115383,-82.905333,2,tennis,True,False,False,28.0,False,False,way/243016128;way/243016131,OH
oh_4011805_-8292128,40.118049,-82.921279,5,tennis,True,False,False,96.3,False,False,way/917584001;way/917584002;way/917584003;way/917584004;way/917584005,OH
oh_4012268_-8294946,40.122685,-82.949457,4,pickleball;tennis,True,True,False,32.0,False,False,way/1487028287;way/1487028288;way/1487028289;way/1487028290,OH
oh_4013120_-8293572,40.131203,-82.935722,6,tennis,True,False,False,62.7,False,False,way/465291380;way/465291381;way/465291382;way/465291383;way/465291384;way/465291385,OH
oh_4013392_-8289608,40.13392,-82.896078,5,tennis,True,False,False,71.0,False,False,way/120228170;way/1125073571;way/1125073572;way/1125073573;way/1125073574,OH
oh_4014057_-8291711,40.140571,-82.917113,6,pickleball;tennis,True,True,False,80.7,False,False,way/187636188;way/187636190;way/1125073587;way/1189771928;way/1189771929;way/1189771930,OH
oh_4014986_-8286072,40.149857,-82.860724,1,tennis,True,False,False,34.7,False,False,way/1112098206,OH
oh_4015267_-8289027,40.152665,-82.890271,1,tennis,True,False,False,50.2,False,False,way/1245136073,OH
oh_4015333_-8290595,40.15333,-82.905947,6,tennis,True,False,False,63.5,False,False,way/917584447;way/917584448;way/917584449;way/917584450;way/917584451;way/917584452,OH
oh_4016736_-8294557,40.167361,-82.945574,9,pickleball;tennis,True,True,False,107.3,False,False,way/1061542785;way/1061542786;way/1061542787;way/1061542788;way/1061542789;way/1061542790;way/1061542791;way/1061542792;way/1061542793,OH
oh_4016972_-8286303,40.169721,-82.863032,1,tennis,True,False,False,35.7,False,False,way/188007298,OH
oh_4016930_-8291218,40.169298,-82.91218,1,tennis,True,False,False,79.9,False,False,way/188006740,OH
oh_4017012_-8289129,40.170119,-82.89129,2,tennis,True,False,False,96.3,False,False,way/435150021;way/435150022,OH
oh_4020888_-8285136,40.20888,-82.851358,1,tennis,True,False,False,39.4,False,False,way/1449279184,OH
oh_4023496_-8285642,40.234962,-82.85642,5,tennis,True,False,False,83.6,False,False,way/561171660;way/1152733114;way/1152733115;way/1152733116;way/1152733117,OH
oh_4024636_-8288220,40.246356,-82.882197,5,tennis,True,False,False,71.9,False,False,way/561171427;way/1124567953;way/1124567954;way/1124567955;way/1124567956,OH
oh_4026455_-8287391,40.264555,-82.873907,5,tennis,True,False,False,70.6,False,False,way/1288224895;way/1288224896;way/1288224897;way/1288224898;way/1288224899,OH
oh_4027723_-8290380,40.27723,-82.903802,2,tennis,True,False,False,63.3,False,False,way/707530491;way/707542878,OH
oh_4040671_-8294453,40.40671,-82.944531,1,tennis,True,False,False,36.9,False,False,way/660090852,OH
oh_4049460_-8288394,40.494598,-82.883936,1,tennis,True,False,False,40.1,False,False,way/61014893,OH
oh_4129077_-8297564,41.290766,-82.975644,2,tennis,True,False,False,138.3,False,False,way/758783200;way/758783202,OH
oh_4150486_-8293608,41.504856,-82.936077,9,tennis,True,False,False,123.5,False,False,way/288812259;way/551957807;way/551957808;way/551957809;way/551957810;way/551957811;way/551957812;way/551957813;way/724565650,OH
oh_4151648_-8294146,41.516476,-82.941457,1,tennis,True,False,False,37.8,False,False,way/649186128,OH
oh_3852671_-8266865,38.526708,-82.668647,4,tennis,True,False,False,62.5,False,False,way/1281257803;way/1281257804;way/1281257805;way/1281257806,OH
oh_3853334_-8267546,38.533337,-82.675459,1,tennis,True,False,False,25.9,False,False,way/1154619827,OH
oh_3853873_-8268786,38.538729,-82.687858,6,pickleball,False,True,False,41.1,False,False,way/1474822646;way/1474822647;way/1474822648;way/1474822649;way/1474822650;way/1474822651,OH
oh_3855592_-8271124,38.555922,-82.711241,6,tennis,True,False,False,71.9,False,False,way/852219963;way/852219964;way/852219965;way/852219966;way/852219967;way/852219968,OH
oh_3903659_-8263494,39.036593,-82.634944,1,tennis,True,False,False,24.6,False,False,way/1521460787,OH
oh_3904462_-8263853,39.044624,-82.638528,2,pickleball,False,True,False,22.4,False,False,way/1524226611;way/1524226612,OH
oh_3904532_-8262858,39.045321,-82.628583,4,tennis,True,False,False,62.3,False,False,way/1180131739;way/1180131740;way/1180131741;way/1180131742,OH
oh_3904969_-8262911,39.049694,-82.629105,8,pickleball;tennis,True,True,False,57.4,False,False,way/1518300356;way/1518300357;way/1518300358;way/1518300359;way/1518300360;way/1518300361;way/1518300362;way/1518300363,OH
oh_3973756_-8274811,39.737561,-82.748115,1,tennis,True,False,False,26.2,False,False,way/918937413,OH
oh_3974306_-8264875,39.743059,-82.648747,2,tennis,True,False,False,31.6,False,False,way/1296767839;way/1296767840,OH
oh_3975690_-8275904,39.756902,-82.759035,1,tennis,True,False,False,40.3,False,False,way/973296087,OH
oh_3979832_-8269034,39.798315,-82.690341,5,tennis,True,False,False,60.7,False,False,way/1280555701;way/1280555702;way/1280555703;way/1280555704;way/1280555705,OH
oh_3983897_-8281119,39.838975,-82.811191,6,tennis,True,False,False,61.7,False,False,way/987200879;way/1487021079;way/1487021080;way/1487021081;way/1487021082;way/1487021083,OH
oh_3987803_-8275475,39.878031,-82.754755,12,tennis,True,False,False,148.6,False,False,way/637155881;way/637155883;way/637155885;way/637155886;way/637155887;way/637155889;way/637155892;way/637155893;way/637155895;way/637155896;way/637155898;way/637155900,OH
oh_3987819_-8274340,39.878188,-82.743397,4,pickleball;tennis,True,True,False,45.8,False,False,way/862372432;way/1128112411;way/1128112412;way/1128112413,OH
oh_3989633_-8271068,39.896334,-82.710681,1,tennis,True,False,False,25.4,False,False,way/1128109634,OH
oh_3989970_-8270254,39.899696,-82.70254,1,tennis,True,False,False,33.9,False,False,way/1290986150,OH
oh_3991146_-8273173,39.911462,-82.731731,6,tennis,True,False,False,66.3,False,False,way/917581814;way/917581815;way/917581816;way/917581817;way/917581818;way/917581819,OH
oh_3991337_-8273422,39.913373,-82.734217,6,tennis,True,False,False,92.9,False,False,way/1061444059;way/1061444060;way/1061444061;way/1061444062;way/1061444063;way/1061444064,OH
oh_3992865_-8275554,39.92865,-82.755544,1,tennis,True,False,False,24.1,False,False,way/1162138914,OH
oh_3995271_-8280421,39.952709,-82.804207,2,pickleball,False,True,False,18.9,False,False,way/1313881975;way/1313881976,OH
oh_3995852_-8266036,39.958524,-82.660365,6,tennis,True,False,False,64.0,False,False,way/1152836967;way/1412276640;way/1412276641;way/1412276642;way/1412276643;way/1412276644,OH
oh_3995813_-8280577,39.958131,-82.805767,4,tennis,True,False,False,58.3,False,False,way/916466340;way/1125970923;way/1125970924;way/1125970925,OH
oh_3996511_-8264845,39.965114,-82.648453,6,tennis,True,False,False,68.7,False,False,way/395841584;way/395841586;way/395841588;way/395841592;way/395841595;way/395841597,OH
oh_3996974_-8274712,39.969738,-82.747122,10,tennis,True,False,False,73.5,False,False,way/395841582;way/395841583;way/395841585;way/395841587;way/395841589;way/395841590;way/395841591;way/395841593;way/395841594;way/395841596,OH
oh_3997506_-8281288,39.975055,-82.812885,1,tennis,True,False,False,37.6,False,False,way/553690345,OH
oh_3997677_-8278207,39.976774,-82.782069,5,tennis,True,False,False,71.4,False,False,way/395842472;way/395842473;way/395842474;way/395842475;way/395842476,OH
oh_4001424_-8278173,40.014245,-82.78173,1,tennis,True,False,False,75.8,False,False,way/1107823666,OH
oh_4003133_-8281972,40.031331,-82.819716,1,tennis,True,False,False,32.4,False,False,way/554638916,OH
oh_4004258_-8281783,40.042582,-82.817827,1,tennis,True,False,False,37.2,False,False,way/551436897,OH
oh_4006028_-8280585,40.060277,-82.805854,2,tennis,True,False,False,86.6,False,False,way/1227043317;way/1227043323,OH
oh_4006578_-8280797,40.065782,-82.807967,1,tennis,True,False,False,24.6,False,False,way/1227043295,OH
oh_4006768_-8280351,40.067681,-82.803511,1,tennis,True,False,False,24.4,False,False,way/551869058,OH
oh_4008603_-8281487,40.086027,-82.814875,10,tennis,True,False,False,140.9,False,False,way/564014312;way/564014317;way/564014320;way/564014323;way/564014326;way/564014329;way/564014332;way/564014335;way/564014338;way/564014341,OH
oh_4010065_-8278684,40.10065,-82.786845,2,tennis,True,False,False,36.0,False,False,way/1432348909;way/1432348910,OH
oh_4010080_-8280953,40.100797,-82.809529,1,pickleball,False,True,False,13.9,False,False,way/953962809,OH
oh_4010890_-8281468,40.108904,-82.814684,2,pickleball,False,True,False,22.6,False,False,way/1526399898;way/1526399899,OH
oh_4011307_-8279049,40.113067,-82.790491,16,pickleball,False,True,False,128.3,False,False,way/1389894212;way/1389894213;way/1389894214;way/1389894215;way/1389894216;way/1389894217;way/1389894218;way/1389894219;way/1389894220;way/1389894221;way/1389894222;way/1389894223;way/1389894224;way/1389894225;way/1389894226;way/1389894227,OH
oh_4011750_-8278845,40.117503,-82.788455,6,pickleball;tennis,True,True,False,33.0,False,False,way/1487027240;way/1487027241;way/1487027242;way/1487027243;way/1487027244;way/1487027245,OH
oh_4054596_-8276312,40.545957,-82.763118,2,tennis,True,False,False,33.8,False,False,way/387204730;way/387204731,OH
oh_4055479_-8283008,40.554787,-82.830077,4,tennis,True,False,False,62.3,False,False,way/487428342;way/487428343;way/487428344;way/487428345,OH
oh_4062442_-8277744,40.624424,-82.777436,2,tennis,True,False,False,42.9,False,False,way/703913650;way/703913651,OH
oh_4070769_-8280824,40.707689,-82.808239,2,tennis,True,False,False,27.0,False,False,way/1486834252;way/1486834253,OH
oh_4072264_-8279204,40.722641,-82.792038,2,tennis,True,False,False,25.9,False,False,way/396085628;way/396085634,OH
oh_4073623_-8279737,40.736233,-82.797372,6,tennis,True,False,False,77.1,False,False,way/544766584;way/544766585;way/544766586;way/544766587;way/1151322082;way/1151322083,OH
oh_4080054_-8274111,40.80054,-82.74111,6,tennis,True,False,False,79.5,False,False,way/272486327;way/1199661945;way/1199661946;way/1199661947;way/1199661948;way/1199661949,OH
oh_4104441_-8271961,41.044405,-82.719605,6,tennis,True,False,False,95.0,False,False,way/1473421050;way/1473421051;way/1473421052;way/1473421053;way/1473421054;way/1473421055,OH
oh_4124887_-8269475,41.248871,-82.694752,2,tennis,True,False,False,30.6,False,False,way/1445364770;way/1445364773,OH
oh_4127913_-8284737,41.279133,-82.84737,2,tennis,True,False,False,27.9,False,False,way/263349393;way/263349394,OH
oh_4128242_-8284447,41.282423,-82.844475,5,tennis,True,False,False,77.0,False,False,way/186995695;way/544751215;way/544751216;way/544751217;way/544751218,OH
oh_4139628_-8280914,41.396279,-82.809136,2,tennis,True,False,False,25.8,False,False,way/1482586961;way/1482586962,OH
oh_4141290_-8270057,41.412902,-82.700572,7,tennis,True,False,False,68.8,False,False,way/1485741132;way/1485741133;way/1485741134;way/1485741135;way/1485741136;way/1485741137;way/1485741138,OH
oh_4141669_-8269188,41.416692,-82.691885,2,tennis,True,False,False,34.1,False,False,way/1468982065;way/1468982066,OH
oh_4143479_-8270871,41.434795,-82.708708,9,tennis,True,False,False,112.8,False,False,way/659481592;way/659481593;way/659481594;way/659481595;way/659481596;way/659481597;way/659481598;way/659481599;way/659481600,OH
oh_4145966_-8270149,41.459661,-82.701494,5,tennis,True,False,False,73.2,False,False,way/1485740468;way/1485740469;way/1485740470;way/1485740471;way/1485740472,OH
oh_4151450_-8272893,41.514502,-82.728926,1,tennis,True,False,False,36.4,False,False,way/487480528,OH
oh_4154076_-8274502,41.540761,-82.745024,15,pickleball;tennis,True,True,False,128.1,False,False,way/1162664951;way/1162664954;way/1162664958;way/1162664959;way/1162664960;way/1162664961;way/1162664962;way/1164774476;way/1164774477;way/1164774478;way/1164774479;way/1164774484;way/1164774485;way/1164774486;way/1164774487,OH
oh_4154524_-8274375,41.545235,-82.743754,3,tennis,True,False,False,26.2,False,False,relation/15754977;relation/15754978;relation/15754979,OH
oh_4155482_-8284876,41.554816,-82.848756,1,tennis,True,False,False,35.8,False,False,way/1075872951,OH
oh_4155898_-8284849,41.558982,-82.848493,3,pickleball;tennis,True,True,False,28.0,False,False,way/1485740006;way/1485740007;way/1485740008,OH
oh_4156690_-8285198,41.566903,-82.851982,1,tennis,True,False,False,35.9,False,False,way/1075892220,OH
oh_4156941_-8284938,41.56941,-82.849377,2,tennis,True,False,False,65.3,False,False,way/1285436677;way/1285436678,OH
oh_4157601_-8284817,41.57601,-82.848174,1,pickleball,False,True,False,0.0,False,False,node/13123782664,OH
oh_4157661_-8284695,41.576611,-82.846951,4,pickleball;tennis,True,True,False,38.6,False,False,way/1447539694;way/1447539695;way/1447539696;way/1447539697,OH
oh_4165265_-8282215,41.652645,-82.82215,2,tennis,True,False,False,35.0,False,False,way/1017653538;way/1017653539,OH
oh_4165557_-8280623,41.655567,-82.806234,1,tennis,True,False,False,36.9,False,False,way/1233679972,OH
oh_4166371_-8280447,41.663705,-82.804467,1,tennis,True,False,False,40.3,False,False,way/814323779,OH
oh_4168148_-8285470,41.681479,-82.854704,1,tennis,True,False,False,27.0,False,False,way/380448829,OH
oh_3890114_-8256708,38.901142,-82.567081,2,pickleball,False,True,False,24.3,False,False,way/1459187276;way/1459187277,OH
oh_3890832_-8257287,38.908322,-82.57287,3,tennis,True,False,False,48.6,False,False,way/1180131726;way/1180131727;way/1180131728,OH
oh_3899461_-8255687,38.994608,-82.556872,1,tennis,True,False,False,25.8,False,False,way/1547735858,OH
oh_3911249_-8253104,39.112487,-82.531039,1,pickleball,False,True,False,30.5,False,False,way/1453237484,OH
oh_3925002_-8248628,39.250019,-82.486278,3,tennis,True,False,False,45.2,False,False,way/1066423468;way/1066423469;way/1066423470,OH
oh_3925021_-8249232,39.250207,-82.49232,3,tennis,True,False,False,45.8,False,False,way/636670539;way/636670540;way/636670541,OH
oh_3939437_-8260865,39.394366,-82.608651,1,tennis,True,False,False,18.7,False,False,way/1549764988,OH
oh_3951405_-8237330,39.514045,-82.373303,5,tennis,True,False,False,69.2,False,False,way/1474820304;way/1474820305;way/1474820306;way/1474820307;way/1474820308,OH
oh_3953566_-8242237,39.535665,-82.422373,1,tennis,True,False,False,37.4,False,False,way/701210295,OH
oh_3953787_-8253799,39.537873,-82.537988,1,tennis,True,False,False,38.8,False,False,way/1514828727,OH
oh_3954462_-8240690,39.544623,-82.406896,4,pickleball;tennis,True,True,False,27.7,False,False,way/1474820809;way/1474820810;way/1474820811;way/1474820812,OH
oh_3965829_-8245295,39.658287,-82.452948,2,tennis,True,False,False,35.7,False,False,way/1281222927;way/1281222928,OH
oh_3970163_-8242235,39.701633,-82.422345,1,tennis,True,False,False,25.0,False,False,way/241746250,OH
oh_3970587_-8260894,39.705868,-82.608944,4,pickleball,False,True,False,56.3,False,False,way/321026719;way/522212610;way/522212611;way/522212612,OH
oh_3970620_-8262090,39.706198,-82.620903,8,pickleball,False,True,False,76.8,False,False,way/1317279734;way/1317279735;way/1317279736;way/1317279737;way/1317279738;way/1317279739;way/1317279740;way/1317279741,OH
oh_3971096_-8258930,39.710959,-82.589296,2,tennis,True,False,False,27.8,False,False,way/1085210367;way/1445640392,OH
oh_3972066_-8263756,39.720664,-82.637564,1,tennis,True,False,False,37.8,False,False,way/1251360724,OH
oh_3972696_-8259509,39.726958,-82.595085,6,pickleball;tennis,True,True,False,96.8,False,False,way/516917328;way/1069070788;way/1069070789;way/1069070791;way/1069070792;way/1069070793,OH
oh_3972704_-8263916,39.727039,-82.639163,2,pickleball;tennis,True,True,False,30.1,False,False,way/1302535345;way/1302535346,OH
oh_3972922_-8258395,39.72922,-82.583953,5,tennis,True,False,False,62.2,False,False,way/584479904;way/584479906;way/1314545838;way/1314545839;way/1314545840,OH
oh_3973315_-8261527,39.733147,-82.615274,1,tennis,True,False,False,20.0,False,False,way/1264374958,OH
oh_3991827_-8241952,39.918271,-82.419519,1,tennis,True,False,False,39.4,False,False,way/519876085,OH
oh_3993487_-8244730,39.934875,-82.447301,2,tennis,True,False,False,29.2,False,False,way/916068885;way/916068886,OH
oh_3995884_-8244099,39.958837,-82.440988,2,pickleball;tennis,True,True,False,24.4,False,False,way/1486928062;way/1486928063,OH
oh_4002014_-8263953,40.020145,-82.639534,3,tennis,True,False,False,42.8,False,False,way/1306406581;way/1306406582;way/1306406583,OH
oh_4004063_-8246681,40.040626,-82.466808,4,tennis,True,False,False,61.9,False,False,way/188009405;way/188009409;way/188009421;way/1486927257,OH
oh_4005911_-8251706,40.059109,-82.51706,1,tennis,True,False,False,72.6,False,False,way/382105937,OH
oh_4006334_-8250480,40.063345,-82.5048,1,tennis,True,False,False,36.4,False,False,way/188008242,OH
oh_4006761_-8242161,40.067606,-82.42161,6,tennis,True,False,False,88.5,False,False,way/241745747;way/241745755;way/241745757;way/241745758;way/241745759;way/241745761,OH
oh_4007339_-8244175,40.073386,-82.441747,1,pickleball,False,True,False,48.3,False,False,way/1280202338,OH
oh_4007400_-8252048,40.074002,-82.520478,13,tennis,True,False,False,140.7,False,False,way/246571935;way/246571940;way/246571941;way/246571942;way/1015266116;way/1015266117;way/1015266119;way/1015266120;way/1015266125;way/1015266126;way/1015266127;way/1015266128;way/1015266129,OH
oh_4008019_-8252572,40.080191,-82.525719,6,tennis,True,False,False,89.8,False,False,way/917581533;way/917581534;way/917581535;way/917581536;way/917581537;way/917581538,OH
oh_4009303_-8246082,40.093031,-82.460815,1,tennis,True,False,False,35.4,False,False,way/1024420200,OH
oh_4036916_-8239076,40.369161,-82.390757,12,tennis,True,False,False,125.0,False,False,way/560622014;way/1108000696;way/1108000697;way/1108000698;way/1108000699;way/1108000700;way/1108000701;way/1108000702;way/1108000703;way/1108000704;way/1108000705;way/1108000706,OH
oh_4037061_-8247955,40.370611,-82.479551,8,tennis,True,False,False,68.2,False,False,way/1491074820;way/1491074821;way/1491074822;way/1491074823;way/1491074824;way/1491074825;way/1491074826;way/1491074827,OH
oh_4037225_-8247078,40.372254,-82.470782,2,tennis,True,False,False,27.2,False,False,way/632599548;way/632599551,OH
oh_4038166_-8239369,40.381665,-82.393692,2,tennis,True,False,False,25.2,False,False,way/1486923987;way/1486923988,OH
oh_4038470_-8247401,40.384702,-82.474006,10,pickleball;tennis,True,True,False,107.9,False,False,way/637265336;way/637265338;way/637265339;way/637265341;way/637265342;way/637265344;way/1088220898;way/1088220899;way/1088220900;way/1088220901,OH
oh_4039665_-8250064,40.396651,-82.500637,4,pickleball,False,True,False,19.0,False,False,node/13374895485;node/13374895486;node/13374895487;node/13374895488,OH
oh_4041390_-8246758,40.413902,-82.467578,2,tennis,True,False,False,49.0,False,False,way/544373352;way/544373353,OH
oh_4047133_-8253923,40.471334,-82.539231,5,tennis,True,False,False,75.4,False,False,way/713880084;way/713880085;way/713880086;way/713880087;way/713880088,OH
oh_4047683_-8254733,40.476827,-82.547333,1,tennis,True,False,False,74.6,False,False,way/39088251,OH
oh_4061913_-8250631,40.619127,-82.506307,3,tennis,True,False,False,41.4,False,False,way/918934927;way/918934928;way/918934929,OH
oh_4063524_-8243917,40.635242,-82.439174,1,tennis,True,False,False,33.0,False,False,way/161090619,OH
oh_4064043_-8233252,40.640426,-82.332518,1,tennis,True,False,False,41.0,False,False,way/1524408326,OH
oh_4064653_-8234389,40.646534,-82.34389,1,tennis,True,False,False,21.0,False,False,way/1524473418,OH
oh_4067297_-8259022,40.672974,-82.590215,5,tennis,True,False,False,70.3,False,False,way/356400040;way/1015077746;way/1015077747;way/1015077748;way/1015077749,OH
oh_4067647_-8257499,40.67647,-82.574987,6,tennis,True,False,False,60.5,False,False,way/695887151;way/1015077728;way/1015077729;way/1015077730;way/1015077731;way/1015077732,OH
oh_4069031_-8259543,40.690308,-82.595425,2,tennis,True,False,False,27.4,False,False,way/285330519;way/1015074895,OH
oh_4070891_-8247881,40.708906,-82.478813,2,tennis,True,False,False,36.3,False,False,way/918934706;way/918934707,OH
oh_4072563_-8253345,40.725626,-82.533448,3,pickleball;tennis,True,True,False,31.6,False,False,way/1302687343;way/1302687344;way/1302687345,OH
oh_4072897_-8252203,40.728974,-82.522032,6,tennis,True,False,False,84.5,False,False,way/1487034243;way/1487034244;way/1487034245;way/1487034246;way/1487034247;way/1487034248,OH
oh_4073437_-8254021,40.734374,-82.540213,3,tennis,True,False,False,39.9,False,False,way/1487034402;way/1487034403;way/1487034404,OH
oh_4073440_-8254123,40.734398,-82.541231,2,pickleball;tennis,True,True,False,23.8,False,False,way/1487034400;way/1487034401,OH
oh_4073606_-8252291,40.736065,-82.522906,4,tennis,True,False,False,67.1,False,False,way/297458250;way/297458251;way/297458252;way/297458254,OH
oh_4074391_-8255460,40.743913,-82.554605,2,tennis,True,False,False,26.0,False,False,way/1487034595;way/1487034596,OH
oh_4075201_-8254588,40.752011,-82.545877,6,tennis,True,False,False,84.8,False,False,way/339474402;way/1124573724;way/1124573725;way/1124573726;way/1124573727;way/1124573728,OH
oh_4076589_-8263313,40.765893,-82.633133,6,tennis,True,False,False,85.2,False,False,way/918936253;way/918936254;way/918936255;way/918936256;way/918936257;way/918936258,OH
oh_4077231_-8249624,40.772309,-82.496241,4,tennis,True,False,False,55.4,False,False,way/1487033619;way/1487033620;way/1487033621;way/1487033622,OH
oh_4077443_-8245835,40.774426,-82.458345,5,tennis,True,False,False,61.0,False,False,way/918934879;way/918934880;way/918934881;way/918934882;way/918934883,OH
oh_4080035_-8257949,40.800352,-82.579489,2,tennis,True,False,False,28.4,False,False,way/316621197;way/316621198,OH
oh_4087776_-8234519,40.877755,-82.345188,3,tennis,True,False,False,42.2,False,False,way/285331895;way/1181831351;way/1181831352,OH
oh_4087889_-8265440,40.878893,-82.654397,2,tennis,True,False,False,26.6,False,False,way/918936839;way/918936840,OH
oh_4089030_-8266914,40.890303,-82.669142,8,tennis,True,False,False,69.2,False,False,way/1153850567;way/1153850568;way/1153850569;way/1153850570;way/1153850571;way/1153850572;way/1153850573;way/1153850574,OH
oh_4108114_-8240539,41.081138,-82.40539,4,tennis,True,False,False,64.4,False,False,way/893297664;way/893297665;way/893297666;way/893297667,OH
oh_4123117_-8261201,41.231168,-82.612007,7,tennis,True,False,False,116.0,False,False,way/291977393;way/1106492568;way/1106492569;way/1106492570;way/1106492571;way/1106492572;way/1106492573,OH
oh_4127953_-8262288,41.279531,-82.622883,1,tennis,True,False,False,24.8,False,False,way/1416106539,OH
oh_4129579_-8259692,41.29579,-82.596918,5,tennis,True,False,False,71.9,False,False,way/186843729;way/1373495172;way/1373495173;way/1373495174;way/1373495175,OH
oh_4132219_-8248978,41.32219,-82.489776,1,tennis,True,False,False,24.4,False,False,way/345603669,OH
oh_4138978_-8253654,41.389784,-82.536544,1,tennis,True,False,False,23.8,False,False,way/424602936,OH
oh_4139155_-8254134,41.39155,-82.54134,1,tennis,True,False,False,23.7,False,False,way/424602456,OH
oh_4139492_-8257316,41.394917,-82.573164,8,pickleball;tennis,True,True,False,76.4,False,False,way/1485741735;way/1485741736;way/1485741737;way/1485741738;way/1485741739;way/1485741740;way/1485741741;way/1485741742,OH
oh_4140048_-8266111,41.400484,-82.661115,1,tennis,True,False,False,223.3,False,False,way/673089588,OH
oh_4140993_-8236283,41.409932,-82.362829,6,tennis,True,False,False,84.7,False,False,way/1485739596;way/1485739597;way/1485739598;way/1485739599;way/1485739600;way/1485739601,OH
oh_4141348_-8234512,41.413484,-82.345119,1,tennis,True,False,False,31.2,False,False,way/589938746,OH
oh_4142207_-8235694,41.422066,-82.356941,1,tennis,True,False,False,20.8,False,False,way/590003236,OH
oh_4142504_-8235315,41.425045,-82.353149,3,pickleball;tennis,True,True,False,24.7,False,False,way/1537257038;way/1537257039;way/1537257040,OH
oh_4142724_-8234717,41.427243,-82.347172,2,tennis,True,False,False,25.6,False,False,way/591113341;way/1132630907,OH
oh_4144413_-8267387,41.444134,-82.673868,1,tennis,True,False,False,49.3,False,False,way/852553416,OH
oh_3880266_-8226320,38.802659,-82.263199,4,tennis,True,False,False,57.0,False,False,way/1552895636;way/1552895637;way/1552895638;way/1552895639,OH
oh_3881074_-8221139,38.81074,-82.21139,1,tennis,True,False,False,38.0,False,False,way/920904954,OH
oh_3881193_-8220553,38.811935,-82.205531,2,tennis,True,False,False,46.0,False,False,way/1164714762;way/1164714763,OH
oh_3882126_-8218831,38.821257,-82.18831,2,tennis,True,False,False,45.8,False,False,way/920904929;way/1164714769,OH
oh_3885242_-8214567,38.852418,-82.145673,1,pickleball,False,True,False,0.0,False,False,node/10787280079,OH
oh_3899365_-8197214,38.993648,-81.972138,2,tennis,True,False,False,28.1,False,False,way/1065979531;way/1065979532,OH
oh_3899591_-8205964,38.995909,-82.059637,2,tennis,True,False,False,38.3,False,False,way/329817855;way/1152544597,OH
oh_3932113_-8209757,39.321129,-82.097567,6,tennis,True,False,False,65.2,False,False,way/522235274;way/1218280194;way/1218280195;way/1218280196;way/1218280197;way/1218280198,OH
oh_3933600_-8207884,39.335995,-82.078836,3,tennis,True,False,False,36.2,False,False,way/1244779835;way/1411349054;way/1411349055,OH
oh_3933606_-8207566,39.336058,-82.075664,1,pickleball,False,True,False,36.7,False,False,way/1244779836,OH
oh_3937354_-8212811,39.373541,-82.128115,4,tennis,True,False,False,67.7,False,False,way/1280015422;way/1280015423;way/1280015424;way/1280015425,OH
oh_3944122_-8222194,39.441223,-82.221942,2,tennis,True,False,False,31.8,False,False,way/463924512;way/463924513,OH
oh_3949437_-8208736,39.49437,-82.087356,1,tennis,True,False,False,38.1,False,False,way/1025246247,OH
oh_3952966_-8203352,39.529661,-82.033517,2,tennis,True,False,False,28.8,False,False,way/1474820097;way/1474820098,OH
oh_3977942_-8209827,39.779421,-82.098273,2,tennis,True,False,False,31.2,False,False,way/917581503;way/917581504,OH
oh_3981426_-8207466,39.814255,-82.074661,1,tennis,True,False,False,40.1,False,False,way/535300452,OH
oh_3989855_-8201459,39.89855,-82.014587,2,tennis,True,False,False,37.1,False,False,way/1185365182;way/1185365183,OH
oh_3995016_-8195186,39.950161,-81.951858,2,tennis,True,False,False,32.3,False,False,way/1412121710;way/1412121711,OH
oh_3996690_-8201927,39.966904,-82.019271,3,pickleball,False,True,False,26.2,False,False,way/1079709651;way/1079709652;way/1079709653,OH
oh_3996852_-8199119,39.968521,-81.991187,2,tennis,True,False,False,31.2,False,False,way/917578982;way/917578983,OH
oh_3997547_-8200227,39.975468,-82.002267,1,tennis,True,False,False,25.7,False,False,way/1147870474,OH
oh_3997681_-8202832,39.976814,-82.028318,3,tennis,True,False,False,41.7,False,False,way/1077238767;way/1077238768;way/1077238769,OH
oh_4001827_-8211764,40.018274,-82.117645,2,tennis,True,False,False,25.7,False,False,way/917579355;way/917579356,OH
oh_4012167_-8200770,40.121674,-82.007697,2,tennis,True,False,False,31.0,False,False,way/1537250146;way/1537250147,OH
oh_4033545_-8199940,40.335447,-81.999395,1,tennis,True,False,False,24.3,False,False,way/605042747,OH
oh_4066011_-8231466,40.660113,-82.314656,1,tennis,True,False,False,26.0,False,False,way/918934487,OH
oh_4066337_-8210154,40.663368,-82.101541,1,tennis,True,False,False,33.1,False,False,way/1151585462,OH
oh_4068677_-8202101,40.686768,-82.021007,1,tennis,True,False,False,24.1,False,False,way/893547140,OH
oh_4076261_-8197948,40.76261,-81.979478,5,tennis,True,False,False,69.6,False,False,way/1486917713;way/1486917714;way/1486917715;way/1486917716;way/1486917717,OH
oh_4080269_-8219278,40.802694,-82.192785,1,tennis,True,False,False,23.8,False,False,way/893548713,OH
oh_4085485_-8230343,40.854849,-82.303433,2,tennis,True,False,False,26.8,False,False,way/1486918093;way/1486918094,OH
oh_4086433_-8232521,40.86433,-82.325207,6,tennis,True,False,False,107.7,False,False,way/1537252951;way/1537252952;way/1537252953;way/1537252954;way/1537252955;way/1537252956,OH
oh_4087473_-8229388,40.874732,-82.293877,3,pickleball,False,True,False,25.3,False,False,way/1181856787;way/1181856788;way/1181856789,OH
oh_4087467_-8233083,40.874672,-82.330831,6,tennis,True,False,False,79.9,False,False,way/339568145;way/339568146;way/1100641251;way/1100641252;way/1100641253;way/1100641254,OH
oh_4098563_-8219014,40.985628,-82.190141,2,pickleball;tennis,True,True,False,28.9,False,False,way/1153381689;way/1344685366,OH
oh_4104200_-8196513,41.041996,-81.965132,5,tennis,True,False,False,70.3,False,False,way/1219764041;way/1219764042;way/1219764043;way/1219764044;way/1219764045,OH
oh_4109481_-8212001,41.094806,-82.120013,1,tennis,True,False,False,24.3,False,False,way/1072894741,OH
oh_4116942_-8211621,41.169418,-82.116209,2,tennis,True,False,False,27.5,False,False,way/426337126;way/426337128,OH
oh_4117310_-8222802,41.173103,-82.228017,1,tennis,True,False,False,35.6,False,False,way/171852238,OH
oh_4123753_-8222040,41.23753,-82.220398,2,tennis,True,False,False,25.0,False,False,way/426338796;way/426338798,OH
oh_4123919_-8212451,41.239185,-82.124514,2,tennis,True,False,False,37.9,False,False,way/1490707307;way/1490707308,OH
oh_4129665_-8222370,41.296648,-82.223702,10,tennis,True,False,False,195.2,False,False,way/88115241;way/88115262;way/88115345;way/88115396;way/88115588;way/544886839;way/544886840;way/544886841;way/544886842;way/544886843,OH
oh_4130082_-8205958,41.300817,-82.059579,6,tennis,True,False,False,73.8,False,False,way/1327528503;way/1327528504;way/1327528505;way/1327528506;way/1327528507;way/1327528508,OH
oh_4130183_-8206282,41.301829,-82.062816,3,tennis,True,False,False,46.4,False,False,way/1156984508;way/1156984511;way/1156984515,OH
oh_4130189_-8206102,41.301888,-82.061021,2,tennis,True,False,False,37.3,False,False,way/1156984506;way/1156984510,OH
oh_4130726_-8221238,41.307257,-82.212382,1,tennis,True,False,False,30.4,False,False,way/296944999,OH
oh_4133890_-8210548,41.338905,-82.105478,1,tennis,True,False,False,38.8,False,False,way/1323631715,OH
oh_4134520_-8211010,41.345203,-82.1101,8,tennis,True,False,False,92.3,False,False,way/481530288;way/1157072664;way/1157072668;way/1157072669;way/1157072670;way/1374497738;way/1374497752;way/1374497753,OH
oh_4134584_-8206423,41.345844,-82.064232,1,tennis,True,False,False,36.8,False,False,way/254448786,OH
oh_4134821_-8205413,41.348211,-82.054129,2,pickleball,False,True,False,50.0,False,False,way/1263245789;way/1263245790,OH
oh_4134959_-8210289,41.34959,-82.10289,2,tennis,True,False,False,32.5,False,False,way/1157072658;way/1157072660,OH
oh_4135368_-8205494,41.353681,-82.054945,5,pickleball;tennis,True,True,False,39.6,False,False,way/1262944771;way/1262944774;way/1262944775;way/1262944776;way/1262944777,OH
oh_4137915_-8213438,41.379154,-82.134382,4,pickleball,False,True,False,31.8,False,False,way/1463553355;way/1463553365;way/1463553366;way/1463553367,OH
oh_4138197_-8203704,41.381973,-82.037039,6,tennis,True,False,False,63.4,False,False,way/1132335754;way/1132335755;way/1132335756;way/1132335757;way/1132335758;way/1132335759,OH
oh_4138279_-8201729,41.382791,-82.017295,12,pickleball;tennis,True,True,False,56.7,False,False,way/1537254745;way/1537254746;way/1537254747;way/1537254748;way/1537254749;way/1537254750;way/1537254751;way/1537254752;way/1537254753;way/1537254754;way/1537254755;way/1537254756,OH
oh_4138770_-8203250,41.387701,-82.032496,1,tennis,True,False,False,38.1,False,False,way/693352365,OH
oh_4138974_-8200016,41.389737,-82.000162,5,tennis,True,False,False,94.0,False,False,way/1375316691;way/1375316692;way/1375316693;way/1375316694;way/1375316695,OH
oh_4140563_-8197810,41.405634,-81.978101,3,pickleball;tennis,True,True,False,31.7,False,False,way/1554374793;way/1554374794;way/1554374795,OH
oh_4140507_-8222329,41.405065,-82.22329,5,tennis,True,False,False,66.7,False,False,way/1157067992;way/1157067995;way/1157068016;way/1157068018;way/1157068022,OH
oh_4140854_-8208338,41.408544,-82.083381,4,pickleball;tennis,True,True,False,46.3,False,False,way/1374701899;way/1374701900;way/1374701901;way/1374701902,OH
oh_4140956_-8203019,41.409559,-82.030189,2,tennis,True,False,False,27.5,False,False,way/1132260088;way/1132260089,OH
oh_4141357_-8233930,41.413569,-82.339297,1,tennis,True,False,False,25.0,False,False,way/1537257318,OH
oh_4141683_-8207234,41.416828,-82.07234,6,tennis,True,False,False,80.2,False,False,way/920897235;way/920897236;way/920897237;way/920897238;way/920897239;way/920897240,OH
oh_4141975_-8218848,41.419748,-82.188475,2,tennis,True,False,False,24.7,False,False,way/1306008040;way/1306008041,OH
oh_4142511_-8199062,41.425112,-81.990617,4,pickleball,False,True,False,37.5,False,False,way/1421207599;way/1421207600;way/1421207601;way/1421207602,OH
oh_4142723_-8230108,41.427226,-82.301082,2,tennis,True,False,False,26.5,False,False,way/590841219;way/1432944381,OH
oh_4143142_-8202454,41.431425,-82.024538,2,tennis,True,False,False,37.0,False,False,way/1132213685;way/1132213686,OH
oh_4142898_-8231437,41.428975,-82.314375,1,tennis,True,False,False,23.9,False,False,way/590841254,OH
oh_4143758_-8223047,41.437583,-82.230467,5,pickleball;tennis,True,True,False,33.5,False,False,way/1537258616;way/1537258617;way/1537258618;way/1537258619;way/1537258620,OH
oh_4144518_-8203983,41.445181,-82.039834,13,pickleball;tennis,True,True,False,127.8,False,False,way/1157261493;way/1157261494;way/1157261495;way/1157261496;way/1157261497;way/1308662211;way/1308662212;way/1308662213;way/1308662214;way/1308662215;way/1308662216;way/1308662217;way/1308662218,OH
oh_4146018_-8197636,41.460178,-81.976362,1,tennis,True,False,False,83.9,False,False,way/496769117,OH
oh_4146052_-8210413,41.460524,-82.104125,1,tennis,True,False,False,24.3,False,False,way/541781175,OH
oh_4146137_-8219532,41.46137,-82.195319,8,pickleball;tennis,True,True,False,59.6,False,False,way/1485739321;way/1485739322;way/1485739323;way/1485739324;way/1485739325;way/1485739326;way/1485739327;way/1485739328,OH
oh_4146352_-8202508,41.463519,-82.025079,2,tennis,True,False,False,32.8,False,False,way/1421813239;way/1421813240,OH
oh_4148325_-8202099,41.483245,-82.020994,8,tennis,True,False,False,62.5,False,False,way/1447728903;way/1447728904;way/1447728905;way/1447728906;way/1447728907;way/1447728908;way/1447728909;way/1447728910,OH
oh_4148784_-8200651,41.487841,-82.006507,3,pickleball;tennis,True,True,False,31.9,False,False,way/1537596509;way/1537596510;way/1537596511,OH
oh_4148897_-8204278,41.488974,-82.042783,3,pickleball;tennis,True,True,False,29.7,False,False,way/1537523199;way/1537523200;way/1537523201,OH
oh_4149466_-8197917,41.494657,-81.979171,4,pickleball;tennis,True,True,False,38.3,False,False,way/1537597323;way/1537597324;way/1537597325;way/1537597326,OH
oh_4149474_-8201712,41.494743,-82.01712,2,pickleball;tennis,True,True,False,37.7,False,False,way/1537596231;way/1537596232,OH
oh_4149488_-8203991,41.494885,-82.039913,3,pickleball;tennis,True,True,False,29.6,False,False,way/1537523028;way/1537523029;way/1537523030,OH
oh_4149686_-8206453,41.496858,-82.06453,1,tennis,True,False,False,24.1,False,False,way/1537522834,OH
oh_4149779_-8208142,41.497785,-82.081422,1,tennis,True,False,False,36.4,False,False,way/889930367,OH
oh_4150087_-8197967,41.500867,-81.979672,3,pickleball;tennis,True,True,False,31.4,False,False,way/1485735929;way/1485735930;way/1485735931,OH
oh_4150961_-8201413,41.509607,-82.014129,6,tennis,True,False,False,61.3,False,False,way/1537595860;way/1537595861;way/1537595862;way/1537595863;way/1537595864;way/1537595865,OH
oh_4151126_-8202108,41.511262,-82.021083,8,pickleball;tennis,True,True,False,55.5,False,False,way/1537523366;way/1537523367;way/1537523368;way/1537523369;way/1537523370;way/1537523371;way/1537523372;way/1537523373,OH
oh_3920498_-8186384,39.204975,-81.863844,1,tennis,True,False,False,41.9,False,False,way/1279835345,OH
oh_3965112_-8185594,39.651122,-81.855936,2,tennis,True,False,False,28.1,False,False,way/484642074;way/484642075,OH
oh_3985585_-8190901,39.855853,-81.90901,3,pickleball,False,True,False,25.3,False,False,way/1549856251;way/1549856252;way/1549856253,OH
oh_3987947_-8191399,39.879471,-81.913991,2,tennis,True,False,False,32.2,False,False,way/1492953421;way/1492953422,OH
oh_4025241_-8185697,40.252405,-81.856969,4,pickleball,False,True,False,33.2,False,False,way/1526888600;way/1526888601;way/1526888602;way/1526888603,OH
oh_4025708_-8184780,40.257078,-81.847802,6,tennis,True,False,False,87.2,False,False,way/1486915898;way/1486915899;way/1486915900;way/1486915901;way/1486915902;way/1486915903,OH
oh_4027484_-8184106,40.274835,-81.84106,5,pickleball;tennis,True,True,False,42.8,False,False,way/1156037285;way/1156037286;way/1156037289;way/1156037290;way/1156037291,OH
oh_4045856_-8190388,40.458557,-81.903877,2,tennis,True,False,False,27.2,False,False,way/1537251874;way/1537251875,OH
oh_4054377_-8191796,40.543768,-81.917958,2,tennis,True,False,False,26.9,False,False,way/327214969;way/327214970,OH
oh_4054648_-8178083,40.546475,-81.780829,5,tennis,True,False,False,103.9,False,False,way/310869872;way/310869873;way/310869874;way/310869875;way/310869876,OH
oh_4057587_-8182912,40.575872,-81.829119,1,tennis,True,False,False,25.9,False,False,way/1460869653,OH
oh_4075002_-8183109,40.750017,-81.831092,1,tennis,True,False,False,25.9,False,False,way/297458187,OH
oh_4077614_-8192009,40.776138,-81.920085,2,tennis,True,False,False,24.2,False,False,way/464449542;way/464449543,OH
oh_4080542_-8194829,40.805423,-81.948287,6,pickleball,False,True,False,32.7,False,False,way/1218294092;way/1218294093;way/1218294094;way/1218294095;way/1218294096;way/1218294097,OH
oh_4080864_-8194683,40.808635,-81.946829,4,tennis,True,False,False,65.8,False,False,way/918933784;way/918933785;way/918933786;way/1218283042,OH
oh_4081367_-8195287,40.813668,-81.95287,3,tennis,True,False,False,43.3,False,False,way/894249019;way/1016903779;way/1016903780,OH
oh_4083875_-8194454,40.838749,-81.944539,6,tennis,True,False,False,61.3,False,False,way/1009209028;way/1009209029;way/1009209030;way/1009209031;way/1009209032;way/1009209033,OH
oh_4097455_-8179956,40.974552,-81.799558,2,tennis,True,False,False,26.0,False,False,way/1046720969;way/1046720970,OH
oh_4098821_-8189181,40.98821,-81.891805,1,tennis,True,False,False,29.1,False,False,way/1154380766,OH
oh_4102530_-8192507,41.025301,-81.925072,2,tennis,True,False,False,30.2,False,False,way/1220020453;way/1220020454,OH
oh_4103637_-8193517,41.03637,-81.935172,2,pickleball;tennis,True,True,False,23.9,False,False,way/1015703302;way/1015703303,OH
oh_4104077_-8195925,41.040774,-81.959248,4,tennis,True,False,False,51.9,False,False,way/238811695;way/1219772565;way/1219772566;way/1219772567,OH
oh_4106851_-8190312,41.068506,-81.903115,2,tennis,True,False,False,24.3,False,False,way/1537255468;way/1537255469,OH
oh_4110676_-8180440,41.106761,-81.8044,2,tennis,True,False,False,27.4,False,False,way/804782236;way/1301637731,OH
oh_4111986_-8185678,41.119856,-81.856778,2,tennis,True,False,False,26.2,False,False,way/1086716233;way/1086716234,OH
oh_4112070_-8187284,41.120705,-81.872839,4,tennis,True,False,False,61.1,False,False,way/506234720;way/966868248;way/966868249;way/966868250,OH
oh_4113124_-8185436,41.131239,-81.854358,1,tennis,True,False,False,26.2,False,False,way/1014213885,OH
oh_4114316_-8185227,41.143164,-81.852265,12,tennis,True,False,False,90.0,False,False,way/1230857105;way/1230857106;way/1230857107;way/1230857108;way/1230857109;way/1230857110;way/1230857111;way/1230857112;way/1230857113;way/1230857114;way/1230857115;way/1230857116,OH
oh_4114805_-8181703,41.148054,-81.817026,1,tennis,True,False,False,40.9,False,False,way/1307531897,OH
oh_4115893_-8179140,41.158931,-81.791398,1,tennis,True,False,False,25.1,False,False,way/1334160194,OH
oh_4123884_-8185331,41.238838,-81.853313,11,pickleball;tennis,True,True,False,77.4,False,False,way/384720737;way/1105954737;way/1105954738;way/1105954739;way/1105954740;way/1105954741;way/1105954742;way/1105954743;way/1105954744;way/1105954745;way/1105954746,OH
oh_4124997_-8185487,41.249973,-81.854871,2,tennis,True,False,False,24.8,False,False,way/1085939618;way/1085939619,OH
oh_4125520_-8183017,41.255204,-81.83017,1,tennis,True,False,False,24.2,False,False,way/1537255932,OH
oh_4125667_-8185195,41.256668,-81.851953,1,tennis,True,False,False,40.1,False,False,way/545954671,OH
oh_4127275_-8183177,41.272747,-81.831773,1,tennis,True,False,False,24.7,False,False,way/1184925578,OH
oh_4127827_-8180140,41.27827,-81.801398,1,tennis,True,False,False,27.8,False,False,way/1176485139,OH
oh_4127900_-8181608,41.279004,-81.816084,1,tennis,True,False,False,26.4,False,False,way/793958501,OH
oh_4128232_-8180333,41.282318,-81.803328,1,tennis,True,False,False,26.3,False,False,way/1126195563,OH
oh_4128272_-8184854,41.282723,-81.848544,2,tennis,True,False,False,31.5,False,False,way/1155587809;way/1155587810,OH
oh_4128820_-8182360,41.288205,-81.823604,2,tennis,True,False,False,26.0,False,False,way/1456071759;way/1456071760,OH
oh_4128917_-8181380,41.289169,-81.813795,2,tennis,True,False,False,60.1,False,False,way/1176485294;way/1176485295,OH
oh_4129701_-8183687,41.297007,-81.836871,1,tennis,True,False,False,24.0,False,False,way/1180132622,OH
oh_4130092_-8184264,41.300918,-81.842642,6,tennis,True,False,False,66.1,False,False,way/1153082509;way/1153082510;way/1153082511;way/1153082512;way/1153082513;way/1153082514,OH
oh_4130271_-8184685,41.302708,-81.846847,5,tennis,True,False,False,71.9,False,False,way/724462449;way/1155587812;way/1155587813;way/1155587814;way/1155587815,OH
oh_4130775_-8185566,41.307755,-81.855656,1,tennis,True,False,False,37.6,False,False,way/1459882564,OH
oh_4131039_-8181242,41.310392,-81.812422,2,pickleball;tennis,True,True,False,28.0,False,False,way/1537256164;way/1537256165,OH
oh_4131348_-8192719,41.313481,-81.927191,2,tennis,True,False,False,41.3,False,False,way/469691067;way/1156984525,OH
oh_4131967_-8182946,41.319674,-81.829456,3,tennis,True,False,False,78.8,False,False,way/1395626962;way/1395626963;way/1395626964,OH
oh_4132249_-8180184,41.322485,-81.801842,2,pickleball;tennis,True,True,False,28.4,False,False,way/1132184956;way/1132184957,OH
oh_4132490_-8186324,41.324902,-81.863236,2,tennis,True,False,False,33.4,False,False,way/1058662998;way/1058662999,OH
oh_4133638_-8179577,41.336379,-81.79577,2,tennis,True,False,False,26.8,False,False,way/264158765;way/1105961004,OH
oh_4133856_-8181134,41.338556,-81.811342,2,tennis,True,False,False,25.9,False,False,way/1453136743;way/1453136744,OH
oh_4134200_-8180018,41.341997,-81.800182,1,tennis,True,False,False,29.7,False,False,way/1154851791,OH
oh_4135729_-8193032,41.357293,-81.93032,1,tennis,True,False,False,39.1,False,False,way/1412613689,OH
oh_4135776_-8187861,41.357762,-81.878611,1,tennis,True,False,False,24.9,False,False,way/1334160122,OH
oh_4135869_-8191834,41.358689,-81.918344,1,tennis,True,False,False,37.6,False,False,way/1413267656,OH
oh_4136850_-8184939,41.3685,-81.849392,6,tennis,True,False,False,63.6,False,False,way/1417846983;way/1417846984;way/1417846985;way/1417846986;way/1417846987;way/1417846988,OH
oh_4137137_-8192965,41.371365,-81.929654,5,tennis,True,False,False,70.4,False,False,way/1457625984;way/1457625985;way/1457625986;way/1457625987;way/1457625988,OH
oh_4137385_-8182219,41.373847,-81.822193,1,tennis,True,False,False,18.8,False,False,way/1273234733,OH
oh_4137856_-8180277,41.378564,-81.802766,5,tennis,True,False,False,74.9,False,False,way/1154851756;way/1154851757;way/1154851758;way/1154851759;way/1154851760,OH
oh_4138071_-8193642,41.380712,-81.93642,2,tennis,True,False,False,31.9,False,False,way/1456807848;way/1456807849,OH
oh_4138399_-8190608,41.383988,-81.906083,2,tennis,True,False,False,26.2,False,False,way/1454951842;way/1454951843,OH
oh_4139636_-8182106,41.396362,-81.821062,4,tennis,True,False,False,62.4,False,False,way/553022183;way/553022184;way/553022185;way/553022186,OH
oh_4140347_-8194675,41.403474,-81.946749,2,tennis,True,False,False,27.6,False,False,way/1443281850;way/1443281851,OH
oh_4140740_-8192595,41.407395,-81.92595,5,tennis,True,False,False,79.1,False,False,way/338203277;way/1134079131;way/1134079132;way/1134079133;way/1134079134,OH
oh_4140865_-8187379,41.408654,-81.873794,1,tennis,True,False,False,28.5,False,False,way/1093000639,OH
oh_4141689_-8187751,41.416892,-81.877513,1,tennis,True,False,False,38.2,False,False,way/1257637509,OH
oh_4143432_-8181454,41.434324,-81.814539,2,tennis,True,False,False,28.6,False,False,way/1052333850;way/1168168124,OH
oh_4144301_-8193193,41.443015,-81.931933,2,pickleball;tennis,True,True,False,35.0,False,False,way/1445308564;way/1445308565,OH
oh_4144784_-8180619,41.447844,-81.806194,1,tennis,True,False,False,35.8,False,False,way/133387362,OH
oh_4144889_-8195938,41.448895,-81.959379,4,tennis,True,False,False,58.1,False,False,way/1485736425;way/1485736426;way/1485736427;way/1485736428,OH
oh_4145151_-8188138,41.451509,-81.881385,1,tennis,True,False,False,39.6,False,False,way/254448787,OH
oh_4145326_-8187315,41.453256,-81.873152,12,pickleball;tennis,True,True,False,138.5,False,False,way/1000377895;way/1000377896;way/1000377897;way/1000377898;way/1000377899;way/1000377900;way/1000377901;way/1000377902;way/1000377903;way/1000377904;way/1000377905;way/1000377906,OH
oh_4145581_-8184893,41.455812,-81.848931,1,tennis,True,False,False,32.8,False,False,way/114495076,OH
oh_4145854_-8184602,41.458544,-81.846016,3,tennis,True,False,False,43.6,False,False,way/552661595;way/1155587836;way/1155587837,OH
oh_4146070_-8192624,41.460702,-81.926245,5,tennis,True,False,False,70.4,False,False,way/1015699877;way/1015699878;way/1015699879;way/1015699880;way/1015699881,OH
oh_4146655_-8180590,41.466554,-81.805898,6,pickleball;tennis,True,True,False,94.2,False,False,way/153197153;way/153197155;way/153197157;way/153197159;way/279144918;way/279144919,OH
oh_4146630_-8188606,41.466296,-81.886064,4,tennis,True,False,False,59.5,False,False,way/1408581347;way/1408581348;way/1408581349;way/1408581350,OH
oh_4146800_-8187238,41.467997,-81.872379,4,tennis,True,False,False,65.4,False,False,way/1447996266;way/1447996267;way/1447996268;way/1447996269,OH
oh_4146826_-8193200,41.468258,-81.932002,2,tennis,True,False,False,35.2,False,False,way/1485737609;way/1485737610,OH
oh_4147057_-8184967,41.470566,-81.849665,6,tennis,True,False,False,70.5,False,False,way/1485738741;way/1485738742;way/1485738743;way/1485738744;way/1485738745;way/1485738746,OH
oh_4147122_-8196812,41.471221,-81.968115,1,tennis,True,False,False,86.3,False,False,way/496769118,OH
oh_4147541_-8184123,41.475405,-81.841234,4,tennis,True,False,False,132.6,False,False,way/920901073;way/920901074;way/920901075;way/920901076,OH
oh_4147820_-8179131,41.478204,-81.791311,5,tennis,True,False,False,186.6,False,False,way/120426881;way/120426885;way/416444629;way/416444630;way/416444632,OH
oh_4147868_-8188138,41.478679,-81.881382,5,pickleball;tennis,True,True,False,56.6,False,False,way/999305376;way/999305377;way/999305378;way/999305379;way/999305380,OH
oh_4148312_-8196236,41.483121,-81.962361,5,tennis,True,False,False,71.9,False,False,way/1005088775;way/1005088776;way/1005088777;way/1005088778;way/1005088779,OH
oh_4148606_-8180526,41.48606,-81.805263,2,tennis,True,False,False,27.1,False,False,way/1486919511;way/1486919512,OH
oh_4148588_-8192134,41.485878,-81.921342,4,tennis,True,False,False,55.8,False,False,way/1000093022;way/1000093023;way/1000093024;way/1000093025,OH
oh_4148738_-8181884,41.487375,-81.818842,1,tennis,True,False,False,37.3,False,False,way/469226227,OH
oh_4148965_-8183261,41.489647,-81.832611,2,tennis,True,False,False,26.8,False,False,way/1486918460;way/1486918461,OH
oh_4149448_-8179863,41.494481,-81.798634,2,pickleball;tennis,True,True,False,73.5,False,False,way/108281353;way/1509910989,OH
oh_3927462_-8159118,39.274622,-81.591177,2,tennis,True,False,False,27.0,False,False,way/1180074192;way/1180074193,OH
oh_3930662_-8166556,39.306623,-81.665559,1,tennis,True,False,False,25.2,False,False,way/1233300888,OH
oh_3953800_-8163908,39.538001,-81.639079,1,tennis,True,False,False,26.4,False,False,way/1155674727,OH
oh_3954674_-8163407,39.546738,-81.634073,1,tennis,True,False,False,24.4,False,False,way/917576637,OH
oh_4052734_-8172099,40.527338,-81.720987,1,tennis,True,False,False,35.7,False,False,way/863653488,OH
oh_4069697_-8170022,40.696969,-81.700221,2,tennis,True,False,False,34.9,False,False,way/1486915544;way/1486915545,OH
oh_4071321_-8160266,40.713213,-81.602661,1,tennis,True,False,False,37.1,False,False,way/1191895658,OH
oh_4075325_-8174433,40.753247,-81.744331,5,tennis,True,False,False,62.3,False,False,way/1154380748;way/1154380754;way/1154380756;way/1154380759;way/1364421820,OH
oh_4084104_-8178189,40.841041,-81.781894,1,tennis,True,False,False,24.4,False,False,way/362457409,OH
oh_4084475_-8177011,40.844748,-81.770111,2,pickleball,False,True,False,17.0,False,False,way/1309491780;way/1309491781,OH
oh_4084508_-8177271,40.845076,-81.772711,4,tennis,True,False,False,52.7,False,False,way/243307678;way/1013918771;way/1013918772;way/1013918773,OH
oh_4088528_-8159507,40.885283,-81.595074,1,pickleball,False,True,False,9.9,False,False,way/1087063099,OH
oh_4096189_-8169342,40.96189,-81.693422,5,tennis,True,False,False,69.9,False,False,way/1131304697;way/1131304698;way/1131304699;way/1131304700;way/1131304701,OH
oh_4097480_-8169552,40.974804,-81.695517,2,tennis,True,False,False,36.4,False,False,way/211186740;way/211186742,OH
oh_4099129_-8164433,40.99129,-81.644328,2,tennis,True,False,False,26.3,False,False,way/1046033756;way/1046033757,OH
oh_4101103_-8163227,41.011032,-81.632268,2,tennis,True,False,False,26.2,False,False,way/918763250;way/918763251,OH
oh_4101973_-8171038,41.019728,-81.710384,6,tennis,True,False,False,68.1,False,False,way/773634923;way/773634924;way/1015700918;way/1015700919;way/1015700920;way/1015700921,OH
oh_4102216_-8164653,41.022158,-81.64653,4,tennis,True,False,False,58.6,False,False,way/463365457;way/1115857610;way/1115857611;way/1115857612,OH
oh_4102376_-8173734,41.02376,-81.737344,2,tennis,True,False,False,26.4,False,False,way/773625263;way/1046375696,OH
oh_4102828_-8160527,41.028275,-81.605274,6,tennis,True,False,False,93.3,False,False,way/975445849;way/975445850;way/975445851;way/975445852;way/975445853;way/975445854,OH
oh_4102904_-8172526,41.029044,-81.725258,4,tennis,True,False,False,97.6,False,False,way/668064318;way/668064319;way/668064320;way/668064321,OH
oh_4111144_-8160668,41.11144,-81.606677,5,tennis,True,False,False,77.8,False,False,way/1312930905;way/1312930906;way/1312930907;way/1312930908;way/1312930909,OH
oh_4111346_-8164738,41.113464,-81.647382,5,tennis,True,False,False,68.3,False,False,way/1013501940;way/1013501941;way/1013501942;way/1013501943;way/1013501944,OH
oh_4111832_-8167052,41.118317,-81.670516,2,tennis,True,False,False,34.8,False,False,way/1126109988;way/1126109989,OH
oh_4111919_-8165992,41.119191,-81.659922,2,tennis,True,False,False,34.7,False,False,way/1126111286;way/1126111287,OH
oh_4112045_-8163240,41.120449,-81.632396,2,tennis,True,False,False,27.0,False,False,way/1456799428;way/1456799429,OH
oh_4112285_-8162311,41.122851,-81.623106,4,tennis,True,False,False,71.0,False,False,way/458778822;way/699092760;way/699092761;way/699092762,OH
oh_4112448_-8176778,41.124481,-81.767779,1,tennis,True,False,False,40.2,False,False,way/1473758185,OH
oh_4112502_-8168635,41.125023,-81.686346,2,tennis,True,False,False,25.9,False,False,way/1126111294;way/1126111295,OH
oh_4112928_-8165878,41.129281,-81.658775,1,tennis,True,False,False,37.4,False,False,way/1471738681,OH
oh_4113093_-8160913,41.130927,-81.609134,3,tennis,True,False,False,46.5,False,False,way/631443511;way/884004941;way/884004942,OH
oh_4113112_-8162877,41.131122,-81.628772,2,tennis,True,False,False,26.3,False,False,way/310188692;way/966866464,OH
oh_4113287_-8165620,41.132866,-81.656195,2,tennis,True,False,False,25.7,False,False,way/237898889;way/957701487,OH
oh_4113914_-8164344,41.139136,-81.643443,6,tennis,True,False,False,85.6,False,False,way/308407562;way/966866522;way/966866523;way/966866524;way/966866525;way/966866526,OH
oh_4115587_-8169384,41.155873,-81.693842,2,tennis,True,False,False,26.5,False,False,way/1126130036;way/1126130037,OH
oh_4116178_-8174395,41.161778,-81.743948,8,tennis,True,False,False,64.1,False,False,way/1232983553;way/1232983554;way/1232983555;way/1232983556;way/1232983557;way/1232983558;way/1232983559;way/1232983560,OH
oh_4116276_-8167366,41.162758,-81.673657,1,tennis,True,False,False,24.0,False,False,way/1372092770,OH
oh_4116477_-8168268,41.164765,-81.682683,1,tennis,True,False,False,23.8,False,False,way/1289547215,OH
oh_4117959_-8163297,41.179587,-81.632972,8,pickleball;tennis,True,True,False,66.9,False,False,way/86974255;way/86974256;way/1158556988;way/1158556989;way/1254594662;way/1254594663;way/1254594664;way/1254594665,OH
oh_4118558_-8162470,41.185585,-81.624698,6,tennis,True,False,False,60.7,False,False,way/86974102;way/1126131535;way/1126131536;way/1126131537;way/1126131538;way/1126131539,OH
oh_4119066_-8165059,41.190658,-81.650595,2,tennis,True,False,False,31.1,False,False,way/1126131508;way/1126131509,OH
oh_4120039_-8162082,41.200386,-81.620818,5,tennis,True,False,False,63.1,False,False,way/1126131528;way/1126131529;way/1126131530;way/1126131531;way/1126131532,OH
oh_4122675_-8162638,41.226751,-81.626378,2,tennis,True,False,False,26.6,False,False,way/86972820;way/966857366,OH
oh_4123690_-8161589,41.236903,-81.61589,1,tennis,True,False,False,42.2,False,False,way/86974787,OH
oh_4124033_-8162487,41.240331,-81.624869,1,tennis,True,False,False,39.3,False,False,way/86974731,OH
oh_4126470_-8164054,41.264705,-81.640541,1,tennis,True,False,False,48.3,False,False,way/86971642,OH
oh_4126994_-8165096,41.26994,-81.650958,1,tennis,True,False,False,24.5,False,False,way/86818240,OH
oh_4128198_-8169117,41.28198,-81.691168,1,tennis,True,False,False,24.5,False,False,way/1126190415,OH
oh_4128714_-8178716,41.287144,-81.787163,2,tennis,True,False,False,25.3,False,False,way/1126194126;way/1126194127,OH
oh_4128813_-8176087,41.28813,-81.760871,2,tennis,True,False,False,25.3,False,False,way/1126194103;way/1126194104,OH
oh_4129286_-8164398,41.292857,-81.643984,2,pickleball,False,True,False,25.9,False,False,way/86817636;way/1105958263,OH
oh_4129601_-8162889,41.29601,-81.628889,1,pickleball,False,True,False,19.3,False,False,way/1548715906,OH
oh_4131014_-8172691,41.310137,-81.72691,6,tennis,True,False,False,59.9,False,False,way/1090922568;way/1126203900;way/1126203901;way/1126203902;way/1126203903;way/1126203904,OH
oh_4131607_-8162550,41.31607,-81.625505,3,tennis,True,False,False,45.8,False,False,way/86991315;way/525712407;way/525712408,OH
oh_4132257_-8168942,41.32257,-81.689418,2,tennis,True,False,False,25.8,False,False,way/993778006;way/993778007,OH
oh_4132327_-8168280,41.323274,-81.682805,1,tennis,True,False,False,24.0,False,False,way/993777999,OH
oh_4132822_-8164102,41.328219,-81.641024,5,tennis,True,False,False,68.8,False,False,way/998152067;way/998152068;way/998152069;way/998152070;way/998152071,OH
oh_4133871_-8169503,41.338714,-81.69503,2,tennis,True,False,False,29.5,False,False,way/1126347316;way/1126347317,OH
oh_4135618_-8167980,41.356176,-81.679798,2,tennis,True,False,False,35.2,False,False,way/372512853;way/372512854,OH
oh_4135776_-8175366,41.35776,-81.75366,2,tennis,True,False,False,28.3,False,False,way/1451400793;way/1451400794,OH
oh_4136285_-8170486,41.362852,-81.704858,1,tennis,True,False,False,24.0,False,False,way/1334160151,OH
oh_4136364_-8169909,41.363636,-81.699095,6,tennis,True,False,False,73.0,False,False,way/1049679968;way/1210323240;way/1210323241;way/1210323242;way/1210323243;way/1210323244,OH
oh_4137691_-8164465,41.376906,-81.644651,10,pickleball;tennis,True,True,False,88.4,False,False,way/239702082;way/239702083;way/239702085;way/239702086;way/723168528;way/723168529;way/723168530;way/723168531;way/723168532;way/723168533,OH
oh_4138063_-8172801,41.380627,-81.728015,2,tennis,True,False,False,27.8,False,False,way/920901642;way/920901643,OH
oh_4138524_-8161256,41.385243,-81.61256,1,tennis,True,False,False,35.7,False,False,way/1200634719,OH
oh_4139211_-8171178,41.392115,-81.711782,8,tennis,True,False,False,72.6,False,False,way/120430348;way/120430349;way/120430354;way/120430357;way/1155587841;way/1155587842;way/1155587843;way/1155587844,OH
oh_4139294_-8176192,41.392944,-81.761917,7,pickleball;tennis,True,True,False,85.0,False,False,way/120430338;way/120430341;way/120430345;way/120430346;way/120430358;way/1017255959;way/1017255960,OH
oh_4139729_-8167256,41.397294,-81.672564,3,pickleball;tennis,True,True,False,33.1,False,False,way/1126350548;way/1126350549;way/1547720490,OH
oh_4140267_-8171907,41.402671,-81.719072,4,pickleball,False,True,False,62.5,False,False,way/545021052;way/1463512238;way/1463512239;way/1463512240,OH
oh_4141071_-8168997,41.410713,-81.689969,2,tennis,True,False,False,29.9,False,False,way/757995592;way/757995593,OH
oh_4141494_-8168081,41.414938,-81.680805,2,tennis,True,False,False,23.3,False,False,way/1446517956;way/1446517960,OH
oh_4141623_-8159912,41.416233,-81.599123,3,tennis,True,False,False,57.9,False,False,way/595573417;way/595573418;way/595573419,OH
oh_4142430_-8178383,41.424303,-81.783827,2,tennis,True,False,False,27.5,False,False,way/161979819;way/1168168123,OH
oh_4142567_-8171297,41.425672,-81.712967,2,tennis,True,False,False,26.3,False,False,way/96020550;way/1168168122,OH
oh_4142585_-8170346,41.425846,-81.703459,1,tennis,True,False,False,37.2,False,False,way/421664641,OH
oh_4143781_-8169297,41.437806,-81.692967,2,tennis,True,False,False,24.9,False,False,way/87734228;way/421664602,OH
oh_4143826_-8174047,41.43826,-81.740472,2,tennis,True,False,False,36.6,False,False,way/120427348;way/120427351,OH
oh_4144923_-8164367,41.449231,-81.64367,2,tennis,True,False,False,24.7,False,False,way/122805723;way/1084513737,OH
oh_4145490_-8177087,41.454896,-81.770871,2,tennis,True,False,False,34.7,False,False,way/102422223;way/783081195,OH
oh_4145626_-8178146,41.456265,-81.781463,8,tennis,True,False,False,83.6,False,False,way/1177295627;way/1177295628;way/1177295629;way/1177295630;way/1177295631;way/1177295632;way/1177295633;way/1177295634,OH
oh_4145711_-8163369,41.457108,-81.633688,1,tennis,True,False,False,23.6,False,False,way/1515517184,OH
oh_4147084_-8160438,41.470841,-81.604377,3,tennis,True,False,False,48.4,False,False,way/117403072;way/534572201;way/534572202,OH
oh_4147341_-8172970,41.473409,-81.729699,2,tennis,True,False,False,58.9,False,False,way/477705259;way/477705260,OH
oh_4147449_-8168471,41.474486,-81.684715,2,tennis,True,False,False,39.6,False,False,way/1259728718;way/1259728719,OH
oh_4148733_-8178836,41.487328,-81.788364,1,tennis,True,False,False,39.9,False,False,way/120427352,OH
oh_4149082_-8165499,41.490815,-81.65499,1,tennis,True,False,False,41.7,False,False,way/955114060,OH
oh_4149103_-8170266,41.491032,-81.702659,4,tennis,True,False,False,47.8,False,False,way/1393887497;way/1393887498;way/1393887499;way/1393887500,OH
oh_4149210_-8177831,41.4921,-81.778307,1,tennis,True,False,False,36.3,False,False,way/120426882,OH
oh_4149523_-8169655,41.49523,-81.696554,1,tennis,True,False,False,40.7,False,False,way/425547265,OH
oh_4150417_-8167687,41.504174,-81.676874,1,tennis,True,False,False,97.3,False,False,way/919943990,OH
oh_4151147_-8162795,41.511468,-81.627949,4,tennis,True,False,False,62.0,False,False,way/123815444;way/123815446;way/123815447;way/123815450,OH
oh_4151233_-8161636,41.512326,-81.616361,7,tennis,True,False,False,66.4,False,False,way/96025364;way/1168168125;way/1168168126;way/1168168127;way/1168168128;way/1168168129;way/1168168130,OH
oh_4152015_-8160220,41.520151,-81.602196,1,tennis,True,False,False,35.7,False,False,way/104996253,OH
oh_4154707_-8161475,41.547073,-81.614754,3,pickleball;tennis,True,True,False,28.1,False,False,way/1314958959;way/1314958960;way/1314958961,OH
oh_4155330_-8160900,41.553296,-81.609003,2,tennis,True,False,False,31.2,False,False,way/1537736477;way/1537736478,OH
oh_3974192_-8152748,39.741918,-81.527481,1,tennis,True,False,False,24.5,False,False,way/1180132525,OH
oh_4004007_-8158598,40.040067,-81.58598,4,tennis,True,False,False,73.3,False,False,way/342876474;way/342876475;way/545515043;way/545515044,OH
oh_4010483_-8153155,40.104835,-81.531549,2,tennis,True,False,False,34.1,False,False,way/1537249231;way/1537249232,OH
oh_4059430_-8152263,40.594297,-81.522628,3,tennis,True,False,False,43.4,False,False,way/356388367;way/356388368;way/356388369,OH
oh_4067219_-8153687,40.672189,-81.536871,1,tennis,True,False,False,36.0,False,False,way/164410148,OH
oh_4071962_-8152728,40.719617,-81.527282,1,tennis,True,False,False,39.9,False,False,way/164410145,OH
oh_4078788_-8151413,40.787882,-81.514127,2,tennis,True,False,False,47.0,False,False,way/725190070;way/1160098557,OH
oh_4079084_-8154835,40.790837,-81.548354,2,tennis,True,False,False,31.1,False,False,way/1465117213;way/1465117214,OH
oh_4080256_-8150789,40.802558,-81.507892,5,tennis,True,False,False,107.7,False,False,way/270467347;way/270467348;way/270467349;way/270467351;way/270467352,OH
oh_4088655_-8159066,40.886546,-81.59066,2,tennis,True,False,False,25.9,False,False,way/985673588;way/985673589,OH
oh_4099010_-8156257,40.9901,-81.562572,1,tennis,True,False,False,24.0,False,False,way/1137862488,OH
oh_4099935_-8156212,40.999354,-81.562116,2,tennis,True,False,False,28.5,False,False,way/449620285;way/449620286,OH
oh_4101306_-8158819,41.013065,-81.588194,2,tennis,True,False,False,26.3,False,False,way/461636684;way/979898315,OH
oh_4103212_-8150937,41.032117,-81.509372,2,tennis,True,False,False,25.3,False,False,way/662875622;way/884253424,OH
oh_4104229_-8151841,41.042286,-81.51841,4,tennis,True,False,False,55.8,False,False,way/472095533;way/472095534;way/472095535;way/472095536,OH
oh_4104713_-8156923,41.047131,-81.569231,4,tennis,True,False,False,63.5,False,False,way/405678050;way/405678052;way/405678054;way/405678056,OH
oh_4106879_-8153228,41.068792,-81.53228,2,tennis,True,False,False,26.0,False,False,way/164376234;way/967013370,OH
oh_4106913_-8154549,41.069132,-81.545495,2,tennis,True,False,False,26.1,False,False,way/471722412;way/471722413,OH
oh_4107030_-8151104,41.0703,-81.51104,6,tennis,True,False,False,101.5,False,False,way/734092500;way/734092501;way/734092502;way/734092503;way/734092504;way/734092505,OH
oh_4107690_-8154027,41.076896,-81.540273,6,tennis,True,False,False,61.1,False,False,way/157582984;way/925225338;way/925225339;way/925225341;way/925225342;way/925225343,OH
oh_4108300_-8157158,41.082999,-81.571581,2,tennis,True,False,False,26.0,False,False,way/918763077;way/918763078,OH
oh_4109262_-8151332,41.09262,-81.513316,1,tennis,True,False,False,25.5,False,False,way/157582979,OH
oh_4109645_-8151093,41.096454,-81.51093,2,tennis,True,False,False,27.6,False,False,way/165712027;way/545035624,OH
oh_4109626_-8159203,41.096264,-81.592026,3,pickleball,False,True,False,40.7,False,False,way/1159006176;way/1159006180;way/1159006183,OH
oh_4110045_-8158184,41.100455,-81.581843,2,tennis,True,False,False,36.9,False,False,way/1235349201;way/1235349202,OH
oh_4110491_-8155662,41.104906,-81.556621,1,tennis,True,False,False,23.6,False,False,way/1313802265,OH
oh_4110678_-8154857,41.106781,-81.548568,8,pickleball;tennis,True,True,False,107.8,False,False,way/1306059019;way/1306059020;way/1306059021;way/1306059022;way/1306059023;way/1306059024;way/1477865382;way/1477865383,OH
oh_4111358_-8158335,41.113576,-81.583354,1,tennis,True,False,False,24.0,False,False,way/563702980,OH
oh_4111560_-8157583,41.115602,-81.575827,2,tennis,True,False,False,37.6,False,False,way/553880213;way/881807759,OH
oh_4112191_-8159606,41.121914,-81.596063,5,tennis,True,False,False,74.9,False,False,way/157561465;way/966866216;way/966866217;way/966866218;way/966866219,OH
oh_4113358_-8155544,41.133576,-81.555435,1,tennis,True,False,False,26.1,False,False,way/466826862,OH
oh_4113630_-8155189,41.136299,-81.551894,2,tennis,True,False,False,30.0,False,False,way/98280472;way/286899718,OH
oh_4113728_-8157879,41.137284,-81.578785,3,tennis,True,False,False,44.2,False,False,way/157561468;way/969649995;way/969649996,OH
oh_4114174_-8159486,41.141742,-81.59486,2,tennis,True,False,False,26.0,False,False,way/1158556977;way/1158556978,OH
oh_4114217_-8157909,41.142171,-81.579089,2,tennis,True,False,False,34.0,False,False,way/157561466;way/969649998,OH
oh_4114260_-8155552,41.142598,-81.555516,1,pickleball,False,True,False,10.9,False,False,way/1275452819,OH
oh_4114604_-8156307,41.146045,-81.563074,10,tennis,True,False,False,257.1,False,False,way/98280423;way/1084442297;way/1084442298;way/1084442299;way/1084442300;way/1084442301;way/1084442302;way/1084442303;way/1084442304;way/1456804958,OH
oh_4114817_-8158669,41.148174,-81.586693,1,tennis,True,False,False,39.7,False,False,way/86482487,OH
oh_4115080_-8151494,41.150798,-81.514938,1,tennis,True,False,False,24.5,False,False,way/1298631394,OH
oh_4116822_-8153634,41.168219,-81.536337,2,pickleball,False,True,False,39.0,False,False,way/86483994;way/1158987746,OH
oh_4117535_-8157227,41.175349,-81.572266,2,tennis,True,False,False,35.4,False,False,way/86576758;way/1054873268,OH
oh_4117753_-8152675,41.177527,-81.526755,1,pickleball,False,True,False,14.5,False,False,way/1336995753,OH
oh_4118525_-8158666,41.185247,-81.586658,6,tennis,True,False,False,75.4,False,False,way/86576741;way/484826614;way/1084532337;way/1084532338;way/1084532339;way/1084532340,OH
oh_4119248_-8150909,41.19248,-81.509088,6,tennis,True,False,False,73.3,False,False,way/86578585;way/86578586;way/966858442;way/966858443;way/966858444;way/966858445,OH
oh_4123903_-8156047,41.239031,-81.560474,3,tennis,True,False,False,40.0,False,False,way/86553046;way/1084433049;way/1084433050,OH
oh_4130115_-8151289,41.301154,-81.512889,5,tennis,True,False,False,65.0,False,False,way/699050612;way/699050613;way/699050614;way/699050615;way/699050616,OH
oh_4131088_-8156507,41.310882,-81.565068,2,tennis,True,False,False,24.4,False,False,way/609364728;way/1082726082,OH
oh_4132602_-8152434,41.326018,-81.524343,1,tennis,True,False,False,25.9,False,False,way/1122171496,OH
oh_4133018_-8153356,41.330178,-81.533561,1,tennis,True,False,False,26.0,False,False,way/1524485595,OH
oh_4133225_-8154650,41.33225,-81.546504,2,tennis,True,False,False,45.9,False,False,way/606487358;way/1158745012,OH
oh_4136245_-8153620,41.36245,-81.536197,2,tennis,True,False,False,24.8,False,False,way/546625722;way/546625726,OH
oh_4138581_-8159298,41.385811,-81.59298,2,tennis,True,False,False,27.9,False,False,way/1456925333;way/1456925334,OH
oh_4140120_-8152334,41.401201,-81.523339,5,tennis,True,False,False,70.4,False,False,way/697551230;way/697551231;way/697551232;way/697551233;way/697551234,OH
oh_4141331_-8154264,41.41331,-81.542641,2,tennis,True,False,False,37.2,False,False,way/252921158;way/252921159,OH
oh_4143065_-8156231,41.430647,-81.562307,3,tennis,True,False,False,47.3,False,False,way/595573429;way/595573430;way/595573431,OH
oh_4144496_-8157175,41.444962,-81.571753,2,tennis,True,False,False,30.7,False,False,way/1168168110;way/1168168111,OH
oh_4145446_-8157628,41.454463,-81.576282,6,tennis,True,False,False,98.6,False,False,way/692811185;way/692811186;way/692811187;way/692811188;way/692811189;way/692811190,OH
oh_4146315_-8153899,41.463153,-81.538986,3,pickleball;tennis,True,True,False,40.7,False,False,way/920902121;way/920902122;way/920902123,OH
oh_4146970_-8154316,41.469701,-81.543156,2,pickleball,False,True,False,22.1,False,False,way/1552356945;way/1552356946,OH
oh_4147056_-8153360,41.470556,-81.533597,5,tennis,True,False,False,77.5,False,False,way/847801775;way/847801776;way/847801777;way/847801778;way/847801779,OH
oh_4147200_-8154369,41.472002,-81.543687,4,tennis,True,False,False,61.1,False,False,way/1552356906;way/1552356907;way/1552356908;way/1552356909,OH
oh_4147523_-8157097,41.475232,-81.570974,9,tennis,True,False,False,72.4,False,False,way/1537741455;way/1537741456;way/1537741457;way/1537741458;way/1537741459;way/1537741460;way/1537741461;way/1537741462;way/1537741463,OH
oh_4147593_-8152726,41.475927,-81.527264,1,tennis,True,False,False,23.9,False,False,way/1537736638,OH
oh_4147817_-8153165,41.478168,-81.531647,2,tennis,True,False,False,42.3,False,False,way/1369860338;way/1369860339,OH
oh_4148074_-8154092,41.480738,-81.540921,6,tennis,True,False,False,60.4,False,False,way/1487365125;way/1487365126;way/1487365127;way/1487365128;way/1487365129;way/1487365130,OH
oh_4148280_-8153071,41.482799,-81.530707,6,tennis,True,False,False,86.8,False,False,way/1488990497;way/1488990498;way/1488990499;way/1488990500;way/1488990501;way/1488990502,OH
oh_4148292_-8151113,41.482923,-81.511127,1,tennis,True,False,False,24.3,False,False,way/1537736539,OH
oh_4148483_-8155039,41.484834,-81.55039,1,tennis,True,False,False,25.0,False,False,way/1334160171,OH
oh_4148623_-8156741,41.486234,-81.567408,1,tennis,True,False,False,31.0,False,False,way/1069813138,OH
oh_4148991_-8152690,41.489911,-81.526902,2,tennis,True,False,False,81.4,False,False,way/102312799;way/1271352179,OH
oh_4149070_-8159199,41.490699,-81.591994,3,tennis,True,False,False,170.9,False,False,way/1213844495;way/1213844496;way/1213844497,OH
oh_4149283_-8157888,41.49283,-81.57888,1,tennis,True,False,False,25.9,False,False,way/854963304,OH
oh_4149424_-8159090,41.494237,-81.590901,5,tennis,True,False,False,72.7,False,False,way/174804190;way/525467913;way/525467914;way/525467915;way/525467916,OH
oh_4149509_-8159763,41.495086,-81.597635,1,tennis,True,False,False,35.0,False,False,way/546926974,OH
oh_4149979_-8152618,41.499791,-81.526179,7,tennis,True,False,False,73.6,False,False,way/737164674;way/737164675;way/737164676;way/737164677;way/737164678;way/737164679;way/737164680,OH
oh_4150181_-8159885,41.501808,-81.598847,6,tennis,True,False,False,82.2,False,False,way/1476664571;way/1476664640;way/1476664649;way/1476666256;way/1476666270;way/1476666369,OH
oh_4150403_-8158695,41.504026,-81.586947,1,tennis,True,False,False,36.2,False,False,way/1154118066,OH
oh_4150640_-8155853,41.506397,-81.558527,6,tennis,True,False,False,95.5,False,False,way/242750757;way/1017184041;way/1017184042;way/1017184043;way/1017184044;way/1017184045,OH
oh_4151449_-8151046,41.514486,-81.510463,6,tennis,True,False,False,86.0,False,False,way/757461870;way/757461871;way/757461872;way/757461873;way/757461874;way/757461875,OH
oh_4151455_-8152933,41.514548,-81.529326,3,tennis,True,False,False,48.4,False,False,way/349607237;way/525430339;way/525430340,OH
oh_4151623_-8151026,41.516229,-81.510262,4,tennis,True,False,False,39.6,False,False,way/757461881;way/757461882;way/757461883;way/757461884,OH
oh_4152168_-8157197,41.521683,-81.571966,6,tennis,True,False,False,71.3,False,False,way/120043956;way/120043958;way/1017184029;way/1017184031;way/1017184032;way/1017184033,OH
oh_4152309_-8152203,41.523085,-81.522027,1,pickleball,False,True,False,18.9,False,False,way/1395764390,OH
oh_4152786_-8157488,41.527857,-81.574876,1,tennis,True,False,False,113.9,False,False,way/120043959,OH
oh_4153091_-8159771,41.530909,-81.59771,1,tennis,True,False,False,34.4,False,False,way/456426555,OH
oh_4153412_-8153298,41.534122,-81.532981,2,tennis,True,False,False,111.2,False,False,way/349574440;way/349574441,OH
oh_4154149_-8155608,41.541494,-81.556079,1,tennis,True,False,False,39.8,False,False,way/637362309,OH
oh_4155125_-8151954,41.551252,-81.519537,2,tennis,True,False,False,26.5,False,False,way/757466042;way/757466043,OH
oh_4155507_-8156493,41.555069,-81.564927,1,tennis,True,False,False,35.7,False,False,way/120520842,OH
oh_4157107_-8154492,41.571072,-81.544916,2,tennis,True,False,False,45.4,False,False,way/120520843;way/120520845,OH
oh_4157718_-8156537,41.577184,-81.565367,2,tennis,True,False,False,29.1,False,False,way/97028282;way/1168168117,OH
oh_4158376_-8152507,41.58376,-81.525069,1,tennis,True,False,False,24.1,False,False,way/462340268,OH
oh_4160174_-8152394,41.601737,-81.523937,6,tennis,True,False,False,84.5,False,False,way/462589307;way/462589309;way/462589312;way/462589314;way/462589316;way/462589319,OH
oh_3941415_-8144832,39.414151,-81.448323,8,tennis,True,False,False,89.8,False,False,way/1059442917;way/1059442918;way/1059442919;way/1059442920;way/1059442921;way/1059442922;way/1059442923;way/1059442924,OH
oh_3941864_-8146970,39.418635,-81.469695,4,tennis,True,False,False,81.4,False,False,way/1059442570;way/1059442571;way/1059442572;way/1059442573,OH
oh_3942083_-8144369,39.420834,-81.443691,4,tennis,True,False,False,60.4,False,False,way/1173761606;way/1173761607;way/1173761608;way/1173761609,OH
oh_3943054_-8145959,39.430539,-81.459585,1,tennis,True,False,False,40.3,False,False,way/916322490,OH
oh_3943386_-8146916,39.433857,-81.469161,2,tennis,True,False,False,27.8,False,False,way/1180131840;way/1180131841,OH
oh_3946246_-8146118,39.462456,-81.461176,1,tennis,True,False,False,24.5,False,False,way/1282180946,OH
oh_3946636_-8147286,39.466361,-81.472861,1,tennis,True,False,False,26.7,False,False,way/1096399735,OH
oh_3946737_-8148094,39.467375,-81.480943,1,tennis,True,False,False,26.2,False,False,way/404829151,OH
oh_4018857_-8148542,40.188568,-81.485417,1,tennis,True,False,False,41.0,False,False,way/341931302,OH
oh_4054327_-8148974,40.543265,-81.489741,8,tennis,True,False,False,88.2,False,False,way/1537247639;way/1537247640;way/1537247641;way/1537247642;way/1537247643;way/1537247644;way/1537247645;way/1537247646,OH
oh_4065265_-8145268,40.652647,-81.452681,2,tennis,True,False,False,41.9,False,False,way/164420206;way/730201227,OH
oh_4075123_-8147904,40.751232,-81.479038,1,tennis,True,False,False,33.7,False,False,way/718245897,OH
oh_4078931_-8145956,40.789309,-81.459559,6,tennis,True,False,False,62.0,False,False,way/359002076;way/1091329099;way/1091329100;way/1091329101;way/1091329102;way/1091329103,OH
oh_4079188_-8147375,40.791876,-81.473754,3,tennis,True,False,False,45.9,False,False,way/470256177;way/470256178;way/470256181,OH
oh_4081903_-8145505,40.81903,-81.455047,4,tennis,True,False,False,70.8,False,False,way/1211273852;way/1211273853;way/1211273854;way/1211273855,OH
oh_4084238_-8146611,40.842379,-81.466113,6,pickleball;tennis,True,True,False,105.2,False,False,way/1124049398;way/1124049399;way/1124049400;way/1124049401;way/1124049402;way/1124049403,OH
oh_4085649_-8145708,40.856489,-81.457084,2,tennis,True,False,False,26.5,False,False,way/620155720;way/966866977,OH
oh_4086206_-8148729,40.862065,-81.487293,10,tennis,True,False,False,110.1,False,False,way/197928095;way/232545585;way/232545586;way/966867184;way/966867185;way/966867186;way/966867187;way/966867188;way/966867189;way/966867190,OH
oh_4088742_-8147997,40.88742,-81.479967,1,pickleball,False,True,False,44.6,False,False,way/1431379306,OH
oh_4091771_-8146522,40.917708,-81.465222,6,pickleball;tennis,True,True,False,84.4,False,False,way/185542861;way/185542862;way/1159501465;way/1159501466;way/1159501467;way/1159501468,OH
oh_4094955_-8147194,40.94955,-81.471945,6,tennis,True,False,False,60.8,False,False,way/937310020;way/1105667731;way/1105667732;way/1105667733;way/1105667734;way/1105667735,OH
oh_4097783_-8150402,40.97783,-81.504017,2,tennis,True,False,False,26.1,False,False,way/470579851;way/470579852,OH
oh_4106256_-8149389,41.062562,-81.493888,6,tennis,True,False,False,64.3,False,False,way/967011525;way/967011526;way/967011527;way/967011528;way/967011529;way/967011530,OH
oh_4106923_-8149725,41.069229,-81.497254,4,tennis,True,False,False,60.3,False,False,way/750944570;way/750944571;way/750944572;way/750944573,OH
oh_4107520_-8146503,41.075199,-81.465031,4,tennis,True,False,False,61.5,False,False,way/165815720;way/694605616;way/694605617;way/694605618,OH
oh_4110610_-8150459,41.106098,-81.504594,2,tennis,True,False,False,25.0,False,False,way/302853974;way/302853977,OH
oh_4111985_-8145663,41.11985,-81.456634,2,tennis,True,False,False,28.0,False,False,way/436560188;way/967010427,OH
oh_4112106_-8146018,41.12106,-81.460182,2,tennis,True,False,False,26.7,False,False,way/549828851;way/967010428,OH
oh_4112485_-8147343,41.124853,-81.47343,4,pickleball,False,True,False,30.6,False,False,way/1348318177;way/1348318178;way/1348318179;way/1348318180,OH
oh_4114064_-8148827,41.14064,-81.488266,6,tennis,True,False,False,81.6,False,False,way/324615355;way/324615356;way/324615357;way/324615358;way/324615359;way/324615360,OH
oh_4114950_-8145738,41.149497,-81.457379,2,tennis,True,False,False,29.0,False,False,way/1159006189;way/1457650177,OH
oh_4116075_-8147341,41.160749,-81.473405,2,tennis,True,False,False,41.7,False,False,way/317596073;way/998042584,OH
oh_4116261_-8146839,41.162609,-81.468386,2,pickleball,False,True,False,26.0,False,False,way/1297139919;way/1297139920,OH
oh_4116767_-8147229,41.167675,-81.47229,1,tennis,True,False,False,25.7,False,False,way/1265185558,OH
oh_4117745_-8150275,41.177453,-81.502751,1,tennis,True,False,False,31.6,False,False,way/1235065829,OH
oh_4119420_-8149943,41.194203,-81.499426,5,tennis,True,False,False,71.1,False,False,way/86578692;way/966858447;way/966858448;way/966858449;way/966858450,OH
oh_4119466_-8149210,41.19466,-81.4921,5,tennis,True,False,False,69.8,False,False,way/86578656;way/764572809;way/764572810;way/764572811;way/764572812,OH
oh_4119513_-8149595,41.195126,-81.495953,5,tennis,True,False,False,63.6,False,False,way/1465760046;way/1465760047;way/1465760048;way/1465760049;way/1465760050,OH
oh_4122302_-8148317,41.223021,-81.483168,1,tennis,True,False,False,25.1,False,False,way/719033978,OH
oh_4125218_-8146979,41.252181,-81.469793,5,tennis,True,False,False,118.7,False,False,way/1356679620;way/1356679621;way/1356679623;way/1356679624;way/1356679625,OH
oh_4125409_-8145642,41.254092,-81.456416,1,tennis,True,False,False,39.0,False,False,way/579569021,OH
oh_4131929_-8146006,41.319291,-81.460062,2,tennis,True,False,False,25.9,False,False,way/1468983026;way/1468983027,OH
oh_4132084_-8145773,41.320835,-81.457727,4,tennis,True,False,False,101.4,False,False,way/239951213;way/239951215;way/239951219;way/1154851783,OH
oh_4134121_-8145975,41.341211,-81.459755,1,tennis,True,False,False,35.8,False,False,way/155054275,OH
oh_4140879_-8150114,41.408787,-81.501138,1,tennis,True,False,False,23.8,False,False,way/1366343697,OH
oh_4142575_-8148179,41.425746,-81.481793,2,pickleball;tennis,True,True,False,23.9,False,False,way/1537737713;way/1537737714,OH
oh_4143490_-8146553,41.4349,-81.465526,1,pickleball,False,True,False,18.3,False,False,way/1380044833,OH
oh_4143518_-8146741,41.435181,-81.467411,1,pickleball,False,True,False,20.4,False,False,way/1380044821,OH
oh_4145151_-8147333,41.451509,-81.47333,2,tennis,True,False,False,25.6,False,False,way/962086145;way/1126830276,OH
oh_4146171_-8147216,41.461711,-81.472163,4,tennis,True,False,False,56.8,False,False,way/1552356865;way/1552356866;way/1552356867;way/1552356868,OH
oh_4146340_-8146666,41.463398,-81.466657,14,tennis,True,False,False,109.6,False,False,way/1529520679;way/1529520680;way/1529520681;way/1529520682;way/1529520683;way/1529520684;way/1529520685;way/1529520686;way/1529520687;way/1529520688;way/1529520689;way/1529520690;way/1529520691;way/1529520692,OH
oh_4146356_-8146847,41.463563,-81.468474,4,pickleball,False,True,False,41.5,False,False,way/1529520695;way/1529520696;way/1529520697;way/1529520698,OH
oh_4147551_-8149055,41.475514,-81.490552,4,tennis,True,False,False,59.8,False,False,way/1489255637;way/1489255638;way/1489255639;way/1489255640,OH
oh_4148231_-8149297,41.482315,-81.492971,1,tennis,True,False,False,26.6,False,False,way/1527926799,OH
oh_4148327_-8146033,41.483266,-81.460326,10,pickleball;tennis,True,True,False,110.6,False,False,way/1489263048;way/1489263049;way/1489263050;way/1489263051;way/1489263052;way/1489263053;way/1489263054;way/1489263055;way/1489263056;way/1489263057,OH
oh_4148761_-8150139,41.487608,-81.501392,9,pickleball;tennis,True,True,False,123.5,False,False,way/967946393;way/967946394;way/967946395;way/967946396;way/967946397;way/967946398;way/967946399;way/967946400;way/1484992996,OH
oh_4149403_-8149383,41.494034,-81.493826,4,tennis,True,False,False,55.4,False,False,way/1488990960;way/1488990961;way/1488990962;way/1488990963,OH
oh_4149450_-8148934,41.494496,-81.489337,1,tennis,True,False,False,26.0,False,False,way/1537736845,OH
oh_4149587_-8149140,41.495872,-81.491402,3,pickleball;tennis,True,True,False,31.6,False,False,way/1537737189;way/1537737190;way/1537737191,OH
oh_4149808_-8146369,41.498078,-81.463686,6,tennis,True,False,False,60.8,False,False,way/1442425762;way/1442425763;way/1442425764;way/1442425765;way/1442425766;way/1442425767,OH
oh_4149912_-8148467,41.499125,-81.484666,1,tennis,True,False,False,24.0,False,False,way/1348522173,OH
oh_4150332_-8148386,41.503315,-81.483862,3,pickleball;tennis,True,True,False,31.7,False,False,way/1511705019;way/1511705020;way/1511705021,OH
oh_4150470_-8149500,41.5047,-81.494997,2,tennis,True,False,False,31.8,False,False,way/1387364306;way/1387364307,OH
oh_4151021_-8147951,41.510213,-81.479511,3,pickleball;tennis,True,True,False,31.8,False,False,way/753133246;way/1155435193;way/1155435194,OH
oh_4151245_-8149988,41.512446,-81.499879,5,tennis,True,False,False,69.9,False,False,way/757919269;way/757919270;way/757919271;way/757919272;way/757919273,OH
oh_4152091_-8150698,41.520914,-81.506981,5,tennis,True,False,False,69.0,False,False,way/757477272;way/757477273;way/757477274;way/757477275;way/878474429,OH
oh_4152332_-8148826,41.523322,-81.488256,4,tennis,True,False,False,55.2,False,False,way/312133402;way/1160861317;way/1160861318;way/1160861319,OH
oh_4154084_-8146740,41.540842,-81.467396,8,tennis,True,False,False,99.2,False,False,way/255869325;way/256118766;way/1157965398;way/1157965399;way/1157965400;way/1157965401;way/1157965402;way/1157965403,OH
oh_4155519_-8149165,41.555185,-81.491648,4,tennis,True,False,False,55.3,False,False,way/757466027;way/757466028;way/757466029;way/757466030,OH
oh_4156288_-8146782,41.562878,-81.467823,1,tennis,True,False,False,39.0,False,False,way/256116049,OH
oh_4156365_-8145859,41.563649,-81.458594,1,tennis,True,False,False,25.7,False,False,way/1085726446,OH
oh_4159663_-8147529,41.596632,-81.47529,4,tennis,True,False,False,59.0,False,False,way/250881198;way/550530901;way/550530903;way/550530904,OH
oh_4160885_-8145960,41.608845,-81.459596,2,tennis,True,False,False,25.6,False,False,way/384767076;way/552034635,OH
oh_4161986_-8147911,41.619863,-81.479111,4,pickleball;tennis,True,True,False,47.1,False,False,way/442838281;way/961671122;way/961671123;way/961671124,OH
oh_4163073_-8146270,41.630725,-81.462699,2,tennis,True,False,False,26.8,False,False,way/400690172;way/550506217,OH
oh_4163964_-8146322,41.639642,-81.463224,1,tennis,True,False,False,25.5,False,False,way/384767056,OH
oh_3939539_-8139943,39.395387,-81.399426,3,tennis,True,False,False,47.6,False,False,way/1169236825;way/1169236826;way/1169236827,OH
oh_3940079_-8139447,39.400788,-81.394468,1,tennis,True,False,False,25.3,False,False,way/1169397486,OH
oh_3941214_-8141923,39.412141,-81.419231,4,tennis,True,False,False,62.7,False,False,way/1069369507;way/1069369508;way/1069369509;way/1069369510,OH
oh_4036568_-8143019,40.365679,-81.430193,2,tennis,True,False,False,34.3,False,False,way/730851577;way/730851578,OH
oh_4050059_-8144239,40.50059,-81.442387,8,tennis,True,False,False,124.7,False,False,way/161080303;way/161080312;way/161080319;way/545456508;way/545456509;way/545456510;way/545456511;way/545456512,OH
oh_4079300_-8143956,40.793001,-81.43956,4,tennis,True,False,False,58.2,False,False,way/233064904;way/1159990436;way/1159990438;way/1159990439,OH
oh_4082068_-8143151,40.820684,-81.431507,1,tennis,True,False,False,24.5,False,False,way/1446967242,OH
oh_4082103_-8139382,40.821026,-81.393816,5,tennis,True,False,False,72.5,False,False,way/234058059;way/276960191;way/276960193;way/276960194;way/276960195,OH
oh_4086380_-8142697,40.863797,-81.426968,2,tennis,True,False,False,24.6,False,False,way/1037859245;way/1037859246,OH
oh_4086485_-8144004,40.86485,-81.440045,3,tennis,True,False,False,40.5,False,False,way/235421442;way/397016140;way/397016141,OH
oh_4086940_-8139796,40.869405,-81.397957,4,pickleball,False,True,False,33.8,False,False,way/595573978;way/595573980;way/1159990484;way/1159990490,OH
oh_4087390_-8140706,40.873905,-81.40706,3,tennis,True,False,False,40.9,False,False,way/470188059;way/470188060;way/470188061,OH
oh_4087511_-8141772,40.875107,-81.417719,2,tennis,True,False,False,31.0,False,False,way/217214652;way/962092379,OH
oh_4088361_-8139819,40.883614,-81.398194,1,tennis,True,False,False,37.4,False,False,way/470527756,OH
oh_4088728_-8139397,40.88728,-81.393974,5,tennis,True,False,False,71.8,False,False,way/245358873;way/961912661;way/961912662;way/961912663;way/961912664,OH
oh_4104511_-8140759,41.045114,-81.407594,4,tennis,True,False,False,33.0,False,False,way/1432141246;way/1432141247;way/1432141248;way/1432141249,OH
oh_4105114_-8144627,41.051144,-81.446274,8,tennis,True,False,False,60.8,False,False,way/133764206;way/690341204;way/690341205;way/690341206;way/690341207;way/690341208;way/690341209;way/690341210,OH
oh_4105802_-8143194,41.058018,-81.431938,3,tennis,True,False,False,47.6,False,False,way/472244542;way/472244543;way/472244544,OH
oh_4110297_-8141417,41.102973,-81.414173,5,tennis,True,False,False,70.5,False,False,way/954765931;way/954765932;way/954765933;way/954765934;way/954765935,OH
oh_4110560_-8143944,41.105597,-81.439442,2,tennis,True,False,False,26.7,False,False,way/1306619067;way/1306619068,OH
oh_4111009_-8143382,41.110088,-81.43382,3,tennis,True,False,False,41.8,False,False,way/188044628;way/702075042;way/702075043,OH
oh_4111506_-8140170,41.115064,-81.401704,3,tennis,True,False,False,39.7,False,False,way/274101633;way/274101634;way/274101635,OH
oh_4113716_-8145485,41.137162,-81.454851,2,tennis,True,False,False,26.5,False,False,way/1050802789;way/1050802790,OH
oh_4113829_-8144327,41.138286,-81.443271,2,tennis,True,False,False,35.1,False,False,way/462888053;way/1159006191,OH
oh_4114208_-8145026,41.142082,-81.45026,1,tennis,True,False,False,38.6,False,False,way/1236330436,OH
oh_4114689_-8144564,41.146891,-81.445641,2,tennis,True,False,False,37.0,False,False,way/549449498;way/1050848084,OH
oh_4115245_-8144335,41.152448,-81.443353,4,tennis,True,False,False,61.0,False,False,way/918762693;way/918762694;way/918762695;way/918762696,OH
oh_4115403_-8144095,41.154027,-81.44095,2,tennis,True,False,False,27.7,False,False,way/677462470;way/677462471,OH
oh_4115798_-8142329,41.157984,-81.423289,1,tennis,True,False,False,25.0,False,False,way/129738567,OH
oh_4116757_-8140137,41.167575,-81.401368,6,tennis,True,False,False,89.2,False,False,way/129737048;way/955140483;way/955140484;way/955140485;way/955140486;way/955140487,OH
oh_4116898_-8141008,41.168978,-81.410081,5,pickleball,False,True,False,52.6,False,False,way/1472490145;way/1472490146;way/1472490147;way/1472490148;way/1472490149,OH
oh_4118406_-8139982,41.184061,-81.399818,1,tennis,True,False,False,25.8,False,False,way/129737055,OH
oh_4119324_-8143870,41.193244,-81.438701,2,tennis,True,False,False,26.4,False,False,way/478536839;way/966858468,OH
oh_4119601_-8141607,41.19601,-81.416075,2,tennis,True,False,False,26.0,False,False,way/129737019;way/955140488,OH
oh_4121640_-8142248,41.2164,-81.422477,17,pickleball;tennis,True,True,False,80.9,False,False,way/1474528915;way/1474528916;way/1474528917;way/1474528918;way/1474528919;way/1474528920;way/1474528921;way/1474528922;way/1474528923;way/1474528924;way/1474528925;way/1474528926;way/1474528927;way/1474528928;way/1474528929;way/1474528930;way/1474528931,OH
oh_4123869_-8143052,41.238692,-81.430523,1,tennis,True,False,False,23.9,False,False,way/729403750,OH
oh_4124734_-8143985,41.247336,-81.439848,2,tennis,True,False,False,26.4,False,False,way/238140471;way/966865269,OH
oh_4124848_-8143678,41.24848,-81.436776,1,tennis,True,False,False,34.1,False,False,way/238241784,OH
oh_4125105_-8143238,41.251052,-81.432382,10,tennis,True,False,False,74.9,False,False,way/132238433;way/966865271;way/966865272;way/966865273;way/966865274;way/966865275;way/966865276;way/966865277;way/966865278;way/966865279,OH
oh_4125561_-8141195,41.255607,-81.411946,6,tennis,True,False,False,90.1,False,False,way/237586856;way/966866073;way/966866074;way/966866075;way/966866076;way/1158745017,OH
oh_4126227_-8141250,41.262274,-81.412503,2,tennis,True,False,False,25.4,False,False,way/237611924;way/966866072,OH
oh_4126267_-8139654,41.262674,-81.396536,1,tennis,True,False,False,25.1,False,False,way/343334531,OH
oh_4126539_-8144981,41.265387,-81.449807,1,tennis,True,False,False,38.9,False,False,way/741436068,OH
oh_4127140_-8143636,41.271403,-81.436363,10,pickleball;tennis,True,True,False,66.2,False,False,way/238648551;way/238648553;way/966865798;way/966865799;way/1122304480;way/1122304481;way/1122304482;way/1122304483;way/1122304484;way/1122304485,OH
oh_4127737_-8145510,41.277368,-81.455096,2,tennis,True,False,False,26.4,False,False,way/238514699;way/1213474125,OH
oh_4131540_-8145419,41.3154,-81.454189,1,tennis,True,False,False,39.4,False,False,way/1258851806,OH
oh_4133653_-8143819,41.336527,-81.43819,1,tennis,True,False,False,37.5,False,False,way/273586305,OH
oh_4135670_-8142008,41.356697,-81.420083,2,tennis,True,False,False,26.6,False,False,way/1533960346;way/1533960347,OH
oh_4136198_-8140425,41.361983,-81.404252,1,tennis,True,False,False,24.7,False,False,way/1408403401,OH
oh_4137691_-8143248,41.376909,-81.432481,12,pickleball;tennis,True,True,False,99.7,False,False,way/549455042;way/681285600;way/681285601;way/681285602;way/681285603;way/681285604;way/681285605;way/681285606;way/681285607;way/681285608;way/681285609;way/681285610,OH
oh_4139075_-8140471,41.390748,-81.404706,1,tennis,True,False,False,39.1,False,False,way/530134292,OH
oh_4142899_-8144816,41.428988,-81.448162,7,pickleball;tennis,True,True,False,75.2,False,False,way/1537738932;way/1537738933;way/1537738934;way/1537738935;way/1537738936;way/1537738937;way/1537738938,OH
oh_4145604_-8145302,41.456041,-81.453015,6,tennis,True,False,False,95.2,False,False,way/1068072305;way/1068072306;way/1068072307;way/1068072308;way/1068072309;way/1068072310,OH
oh_4148182_-8142713,41.481823,-81.427132,7,tennis,True,False,False,94.1,False,False,way/1126830282;way/1126830283;way/1126830284;way/1126830285;way/1126830286;way/1126830287;way/1126830288,OH
oh_4148638_-8143486,41.486381,-81.434862,1,tennis,True,False,False,34.9,False,False,way/1345361335,OH
oh_4149175_-8141459,41.491754,-81.414589,1,tennis,True,False,False,40.6,False,False,way/1082246349,OH
oh_4150251_-8141716,41.502508,-81.417158,1,tennis,True,False,False,38.7,False,False,way/1172771976,OH
oh_4150265_-8141468,41.502653,-81.414682,1,tennis,True,False,False,36.8,False,False,way/1172771973,OH
oh_4150454_-8143307,41.504538,-81.433075,6,tennis,True,False,False,79.8,False,False,way/920902498;way/920902499;way/920902500;way/920902501;way/920902502;way/920902503,OH
oh_4150950_-8142917,41.509497,-81.42917,1,tennis,True,False,False,41.0,False,False,way/1124245708,OH
oh_4151109_-8142043,41.511088,-81.420428,1,tennis,True,False,False,36.2,False,False,way/1124068374,OH
oh_4151140_-8145442,41.511405,-81.454416,3,tennis,True,False,False,47.5,False,False,way/1173114432;way/1173114433;way/1173114434,OH
oh_4151509_-8145552,41.515093,-81.455517,4,tennis,True,False,False,55.2,False,False,way/256258489;way/1155435190;way/1155435191;way/1155435192,OH
oh_4151652_-8140335,41.516523,-81.403355,4,tennis,True,False,False,64.1,False,False,way/993354995;way/993354996;way/993354997;way/993354998,OH
oh_4151820_-8142006,41.518197,-81.420055,1,tennis,True,False,False,36.9,False,False,way/998238854,OH
oh_4151988_-8140603,41.519884,-81.406032,2,tennis,True,False,False,30.7,False,False,way/1079521328;way/1079521329,OH
oh_4152081_-8142807,41.520813,-81.428067,1,tennis,True,False,False,24.4,False,False,way/1028833633,OH
oh_4152235_-8142097,41.522353,-81.420972,1,tennis,True,False,False,36.4,False,False,way/1122464291,OH
oh_4152326_-8141816,41.523255,-81.418157,1,tennis,True,False,False,40.1,False,False,way/1122464297,OH
oh_4153141_-8142394,41.531412,-81.423942,1,tennis,True,False,False,39.6,False,False,way/1173160667,OH
oh_4153763_-8145679,41.537628,-81.456786,1,tennis,True,False,False,30.6,False,False,way/1160073292,OH
oh_4155769_-8144228,41.557695,-81.442284,9,pickleball;tennis,True,True,False,43.2,False,False,way/1085726455;way/1154851769;way/1154851770;way/1366380482;way/1366380483;way/1366380484;way/1366380485;way/1366380486;way/1366380487,OH
oh_4159023_-8143458,41.590227,-81.434582,4,tennis,True,False,False,60.6,False,False,way/1264367248;way/1264367249;way/1264367250;way/1264367251,OH
oh_4160201_-8144213,41.602011,-81.442131,2,tennis,True,False,False,27.8,False,False,way/287681237;way/552054932,OH
oh_4161571_-8144041,41.615715,-81.440411,2,tennis,True,False,False,25.3,False,False,way/1442425828;way/1442425829,OH
oh_4162734_-8142326,41.627341,-81.42326,9,pickleball;tennis,True,True,False,115.4,False,False,way/287681209;way/550547013;way/550547014;way/550547015;way/550547016;way/550547017;way/550547018;way/550547019;way/958463749,OH
oh_4164010_-8139835,41.640103,-81.39835,5,tennis,True,False,False,74.8,False,False,way/1157965406;way/1157965407;way/1157965408;way/1157965409;way/1157965410,OH
oh_4164604_-8144992,41.646042,-81.449923,2,tennis,True,False,False,25.1,False,False,way/550059526;way/550059527,OH
oh_4166139_-8143879,41.661386,-81.438789,1,tennis,True,False,False,34.4,False,False,way/287681217,OH
oh_4168577_-8140383,41.685769,-81.403826,1,tennis,True,False,False,36.4,False,False,way/1532049248,OH
oh_4040122_-8134541,40.40122,-81.345414,4,tennis,True,False,False,76.5,False,False,way/545471893;way/545471894;way/545471895;way/545471896,OH
oh_4043867_-8136913,40.438672,-81.369129,2,pickleball,False,True,False,25.2,False,False,way/1497060201;way/1497060202,OH
oh_4060475_-8136402,40.604747,-81.364024,1,tennis,True,False,False,36.0,False,False,way/423677680,OH
oh_4065179_-8130080,40.651785,-81.3008,1,tennis,True,False,False,40.6,False,False,way/587732001,OH
oh_4066033_-8135405,40.660334,-81.354046,2,tennis,True,False,False,26.6,False,False,way/408754874;way/408754875,OH
oh_4074668_-8137177,40.746682,-81.371771,5,tennis,True,False,False,69.8,False,False,way/1486915438;way/1486915439;way/1486915440;way/1486915441;way/1486915442,OH
oh_4078469_-8136118,40.784687,-81.36118,1,tennis,True,False,False,24.4,False,False,way/230901325,OH
oh_4079145_-8128901,40.791454,-81.289013,1,tennis,True,False,False,36.2,False,False,way/588251754,OH
oh_4082578_-8136941,40.825783,-81.369408,6,tennis,True,False,False,73.6,False,False,way/230885764;way/230885765;way/230885766;way/230885767;way/230885768;way/230885769,OH
oh_4082633_-8135282,40.826332,-81.352817,2,tennis,True,False,False,26.9,False,False,way/230876836;way/230876838,OH
oh_4082696_-8137878,40.826962,-81.378784,3,tennis,True,False,False,40.7,False,False,way/230929671;way/230929672;way/230929673,OH
oh_4083660_-8127428,40.836597,-81.274277,1,tennis,True,False,False,36.6,False,False,way/469638134,OH
oh_4083662_-8137030,40.836621,-81.370303,2,tennis,True,False,False,37.3,False,False,way/471413200;way/471413202,OH
oh_4086396_-8138759,40.863961,-81.387591,2,tennis,True,False,False,28.0,False,False,way/271672519;way/271672520,OH
oh_4087132_-8137672,40.871317,-81.376722,2,tennis,True,False,False,27.9,False,False,way/595571278;way/595571279,OH
oh_4087331_-8135171,40.873314,-81.351708,5,tennis,True,False,False,71.6,False,False,way/988887430;way/988887431;way/988887432;way/988887433;way/988887434,OH
oh_4087642_-8132552,40.876418,-81.325524,5,pickleball;tennis,True,True,False,40.9,False,False,way/470524795;way/1548758612;way/1548758613;way/1548758614;way/1548758615,OH
oh_4087724_-8136813,40.877243,-81.368128,6,tennis,True,False,False,65.3,False,False,way/237612839;way/961914536;way/961914537;way/961914538;way/961914539;way/961914540,OH
oh_4088167_-8133554,40.881669,-81.335545,1,tennis,True,False,False,40.1,False,False,way/1065737103,OH
oh_4096142_-8135926,40.961424,-81.359262,6,tennis,True,False,False,84.0,False,False,way/246092104;way/246092105;way/964804317;way/964804318;way/964804319;way/964804320,OH
oh_4101803_-8135905,41.018026,-81.359048,4,tennis,True,False,False,53.5,False,False,way/246092086;way/699272621;way/699272622;way/699272623,OH
oh_4106021_-8138432,41.060209,-81.384318,1,tennis,True,False,False,30.9,False,False,way/1447030936,OH
oh_4114333_-8133610,41.14333,-81.336099,2,tennis,True,False,False,25.6,False,False,way/418164109;way/418164110,OH
oh_4117039_-8135468,41.170392,-81.354684,7,tennis,True,False,False,91.1,False,False,way/239020623;way/1055080108;way/1055080109;way/1055080110;way/1055080111;way/1055080112;way/1055080113,OH
oh_4117047_-8139003,41.170467,-81.390025,1,tennis,True,False,False,32.4,False,False,way/1193581666,OH
oh_4123656_-8132057,41.23656,-81.320566,1,tennis,True,False,False,31.2,False,False,way/1155937585,OH
oh_4124360_-8136948,41.243601,-81.369478,2,tennis,True,False,False,25.6,False,False,way/839400880;way/966865687,OH
oh_4124853_-8135459,41.248534,-81.354587,1,tennis,True,False,False,24.3,False,False,way/1382658311,OH
oh_4126786_-8137938,41.267855,-81.379383,5,tennis,True,False,False,77.7,False,False,way/1356679848;way/1356679849;way/1356679850;way/1356679851;way/1356679852,OH
oh_4130040_-8136469,41.300403,-81.364687,4,tennis,True,False,False,60.6,False,False,way/841078039;way/1255066724;way/1255066725;way/1255066726,OH
oh_4130872_-8135064,41.308721,-81.350641,6,tennis,True,False,False,102.2,False,False,way/239951216;way/1069955816;way/1069955817;way/1069955818;way/1069955819;way/1069955820,OH
oh_4132022_-8135013,41.320217,-81.350127,1,tennis,True,False,False,25.0,False,False,way/637618421,OH
oh_4133199_-8136895,41.33199,-81.368954,2,tennis,True,False,False,31.1,False,False,way/1069709527;way/1069709528,OH
oh_4133598_-8139093,41.335984,-81.390928,2,tennis,True,False,False,26.2,False,False,way/1533960325;way/1533960326,OH
oh_4133692_-8136374,41.336923,-81.363738,4,tennis,True,False,False,70.7,False,False,way/1489271848;way/1489271849;way/1489271850;way/1489271851,OH
oh_4137701_-8134929,41.377015,-81.349294,2,tennis,True,False,False,32.6,False,False,way/1408836267;way/1408836268,OH
oh_4138093_-8130147,41.380931,-81.301469,1,tennis,True,False,False,26.1,False,False,way/1414290564,OH
oh_4139396_-8130642,41.39396,-81.306419,8,tennis,True,False,False,67.5,False,False,way/489445985;way/1296474484;way/1296474485;way/1296474486;way/1296474487;way/1296474488;way/1296474489;way/1296474490,OH
oh_4139575_-8129375,41.395747,-81.293752,1,tennis,True,False,False,25.1,False,False,way/1297219949,OH
oh_4139580_-8136145,41.395802,-81.361453,1,tennis,True,False,False,26.3,False,False,way/1396218911,OH
oh_4139788_-8133066,41.397876,-81.330658,4,tennis,True,False,False,109.2,False,False,way/1051699995;way/1051699996;way/1051967851;way/1051967852,OH
oh_4139970_-8130963,41.399698,-81.309629,8,tennis,True,False,False,75.7,False,False,way/1182216262;way/1182216263;way/1182216264;way/1182216265;way/1433205909;way/1433205911;way/1433205913;way/1433205915,OH
oh_4139996_-8134619,41.399964,-81.346191,3,tennis,True,False,False,43.1,False,False,way/1489270907;way/1489270908;way/1489270909,OH
oh_4140632_-8137490,41.406317,-81.374899,1,tennis,True,False,False,24.6,False,False,way/1537739206,OH
oh_4142045_-8134380,41.42045,-81.343795,5,tennis,True,False,False,69.7,False,False,way/1417157380;way/1417157381;way/1417157382;way/1417157383;way/1417157384,OH
oh_4142794_-8138086,41.427939,-81.38086,5,tennis,True,False,False,76.4,False,False,way/462667111;way/1155587959;way/1155587960;way/1155587961;way/1155587962,OH
oh_4143527_-8131003,41.435268,-81.310029,1,tennis,True,False,False,24.2,False,False,way/1537739578,OH
oh_4143950_-8137111,41.439496,-81.371111,1,tennis,True,False,False,25.4,False,False,way/1537740969,OH
oh_4144129_-8134117,41.441289,-81.341171,1,tennis,True,False,False,37.9,False,False,way/1293721269,OH
oh_4145077_-8135032,41.450768,-81.350322,2,tennis,True,False,False,29.2,False,False,way/1376523769;way/1376523770,OH
oh_4146038_-8135911,41.460379,-81.359108,1,tennis,True,False,False,24.8,False,False,way/1524485560,OH
oh_4146220_-8138496,41.462204,-81.384962,5,tennis,True,False,False,85.2,False,False,way/1415798628;way/1415798629;way/1415798630;way/1415798631;way/1415798638,OH
oh_4147642_-8137103,41.476421,-81.371029,1,tennis,True,False,False,25.0,False,False,way/758827928,OH
oh_4147888_-8139400,41.478884,-81.393998,1,tennis,True,False,False,40.4,False,False,way/1425474325,OH
oh_4148870_-8138289,41.488704,-81.382895,1,tennis,True,False,False,24.1,False,False,way/987438915,OH
oh_4149340_-8138708,41.493397,-81.387078,1,tennis,True,False,False,24.1,False,False,way/994975511,OH
oh_4149453_-8138296,41.494531,-81.382962,1,tennis,True,False,False,25.5,False,False,way/984992816,OH
oh_4149836_-8137506,41.498358,-81.375058,8,tennis,True,False,False,147.1,False,False,way/1489267537;way/1489267538;way/1489267539;way/1489267540;way/1489267541;way/1489267542;way/1489267543;way/1489267544,OH
oh_4149948_-8138194,41.499484,-81.381941,1,tennis,True,False,False,24.9,False,False,way/984992812,OH
oh_4150279_-8133566,41.502794,-81.335656,5,tennis,True,False,False,67.6,False,False,way/1443966171;way/1443966172;way/1443966173;way/1443966174;way/1443966175,OH
oh_4150566_-8131942,41.505665,-81.319416,1,tennis,True,False,False,23.8,False,False,way/984998883,OH
oh_4150768_-8138520,41.507677,-81.385203,1,tennis,True,False,False,22.7,False,False,way/1076404282,OH
oh_4150867_-8137610,41.508671,-81.376097,1,tennis,True,False,False,35.1,False,False,way/974140630,OH
oh_4151093_-8138950,41.510927,-81.389495,1,tennis,True,False,False,24.0,False,False,way/1076404274,OH
oh_4151975_-8126006,41.519755,-81.260057,6,tennis,True,False,False,94.6,False,False,way/312821709;way/312821711;way/1296474470;way/1296474471;way/1296474472;way/1296474473,OH
oh_4151985_-8134156,41.519847,-81.341555,1,tennis,True,False,False,24.7,False,False,way/1026847115,OH
oh_4152873_-8138408,41.528729,-81.384076,6,tennis,True,False,False,63.2,False,False,way/689359356;way/689359357;way/689359358;way/689359359;way/689359360;way/689359361,OH
oh_4152912_-8138625,41.529122,-81.38625,8,tennis,True,False,False,64.2,False,False,way/977622055;way/977622056;way/977622057;way/977622058;way/977622059;way/977622060;way/977622061;way/977622062,OH
oh_4154087_-8139669,41.54087,-81.396691,1,tennis,True,False,False,26.0,False,False,way/1537735791,OH
oh_4154218_-8131636,41.542176,-81.31636,1,tennis,True,False,False,24.2,False,False,way/1075635214,OH
oh_4154220_-8139036,41.542197,-81.39036,1,tennis,True,False,False,24.1,False,False,way/1537735583,OH
oh_4154802_-8130733,41.548015,-81.307328,1,tennis,True,False,False,26.3,False,False,way/1075940410,OH
oh_4155335_-8133477,41.553353,-81.334767,2,pickleball,False,True,False,13.5,False,False,way/1075406097;way/1075406098,OH
oh_4156395_-8136441,41.563947,-81.364412,3,pickleball;tennis,True,True,False,32.1,False,False,way/1537735042;way/1537735043;way/1537735044,OH
oh_4156518_-8139594,41.565182,-81.395943,1,tennis,True,False,False,23.9,False,False,way/1085486202,OH
oh_4156818_-8137050,41.568185,-81.3705,1,tennis,True,False,False,23.9,False,False,way/1076401958,OH
oh_4156874_-8131203,41.568742,-81.312025,1,tennis,True,False,False,25.1,False,False,way/1075944321,OH
oh_4158232_-8136107,41.582321,-81.361069,3,pickleball,False,True,False,25.0,False,False,way/1486701315;way/1486701316;way/1486701317,OH
oh_4159131_-8127560,41.591312,-81.2756,1,tennis,True,False,False,24.6,False,False,way/1536564515,OH
oh_4163097_-8128118,41.630973,-81.281176,1,tennis,True,False,False,26.3,False,False,way/1536563887,OH
oh_4163140_-8137759,41.631401,-81.377586,16,pickleball;tennis,True,True,False,126.2,False,False,way/1275033616;way/1275033617;way/1275033618;way/1275033619;way/1275033620;way/1275033621;way/1275033622;way/1275033623;way/1291636753;way/1291636754;way/1291636755;way/1291636756;way/1291636757;way/1291636758;way/1291636759;way/1291636760,OH
oh_4163989_-8136346,41.639886,-81.363461,5,tennis,True,False,False,76.7,False,False,way/384767065;way/981452472;way/981452473;way/981452474;way/981452475,OH
oh_4164766_-8126796,41.647664,-81.267961,1,tennis,True,False,False,35.0,False,False,way/327023167,OH
oh_4164948_-8136276,41.649478,-81.36276,1,tennis,True,False,False,37.1,False,False,way/238681759,OH
oh_4165420_-8135905,41.6542,-81.359049,2,tennis,True,False,False,38.1,False,False,way/955923596;way/955923597,OH
oh_4166632_-8135614,41.666317,-81.356137,6,tennis,True,False,False,97.9,False,False,way/338080657;way/525393530;way/525393531;way/525393532;way/525393533;way/525393534,OH
oh_4166932_-8126948,41.669317,-81.269478,2,tennis,True,False,False,29.7,False,False,way/1015669526;way/1015669527,OH
oh_4168697_-8138352,41.686973,-81.383517,5,tennis,True,False,False,65.2,False,False,way/550192629;way/550192642;way/550192643;way/550192644;way/550192645,OH
oh_4169586_-8129583,41.695861,-81.29583,1,tennis,True,False,False,26.5,False,False,way/1442429486,OH
oh_4169778_-8133068,41.697777,-81.330685,15,pickleball,False,True,False,88.5,False,False,way/341659909;way/341659910;way/955406760;way/955406761;way/955406762;way/955406763;way/955406764;way/955406765;way/955406766;way/955406767;way/955406768;way/955406769;way/963510114;way/1524239525;way/1524239526,OH
oh_4169862_-8132175,41.698617,-81.321751,2,tennis,True,False,False,26.7,False,False,way/920973103;way/920973104,OH
oh_4169885_-8139553,41.698846,-81.395532,3,tennis,True,False,False,45.8,False,False,way/384727341;way/957168413;way/957168414,OH
oh_3967241_-8087144,39.672411,-80.871438,2,tennis,True,False,False,27.1,False,False,way/1474842431;way/1474842432,OH
oh_3975917_-8110813,39.759171,-81.10813,2,tennis,True,False,False,24.8,False,False,way/1474842231;way/1474842232,OH
oh_3999677_-8117754,39.996775,-81.17754,2,tennis,True,False,False,29.2,False,False,way/1354060134;way/1354060135,OH
oh_4005399_-8092201,40.053986,-80.922015,1,tennis,True,False,False,40.7,False,False,way/1354059893,OH
oh_4007331_-8094206,40.073305,-80.942062,2,tennis,True,False,False,27.2,False,False,way/1354060012;way/1354060013,OH
oh_4008508_-8088236,40.085076,-80.88236,6,pickleball;tennis,True,True,False,75.6,False,False,way/835278030;way/835278031;way/1164179007;way/1164179008;way/1164179017;way/1164179029,OH
oh_4014362_-8106914,40.143617,-81.069139,1,tennis,True,False,False,34.2,False,False,way/1391296434,OH
oh_4026429_-8100509,40.26429,-81.005085,2,tennis,True,False,False,29.8,False,False,way/1484177579;way/1484177580,OH
oh_4031837_-8118689,40.318371,-81.186891,1,tennis,True,False,False,32.0,False,False,way/1274306740,OH
oh_4032743_-8089721,40.327431,-80.897212,2,tennis,True,False,False,36.5,False,False,way/1553155334;way/1553155335,OH
oh_4039812_-8082658,40.398122,-80.82658,4,pickleball,False,True,False,36.4,False,False,way/1537248721;way/1537248722;way/1537248723;way/1537248724,OH
oh_4057525_-8109614,40.575252,-81.096142,1,tennis,True,False,False,34.4,False,False,way/1175635333,OH
oh_4062479_-8083078,40.624785,-80.830783,2,tennis,True,False,False,37.4,False,False,way/1150307985;way/1150307986,OH
oh_4067291_-8118618,40.672909,-81.186177,7,pickleball;tennis,True,True,False,32.5,False,False,way/1537246539;way/1537246540;way/1537246541;way/1537246542;way/1537246543;way/1537246544;way/1537246545,OH
oh_4069073_-8118766,40.690734,-81.187664,1,tennis,True,False,False,38.7,False,False,way/339465123,OH
oh_4072558_-8110173,40.725583,-81.101734,2,tennis,True,False,False,30.7,False,False,way/544299469;way/544299470,OH
oh_4073555_-8109987,40.735549,-81.099872,2,tennis,True,False,False,30.8,False,False,way/544299488;way/544299489,OH
oh_4075231_-8093827,40.752312,-80.938272,2,tennis,True,False,False,24.2,False,False,way/279665621;way/279665622,OH
oh_4078461_-8092982,40.784613,-80.929823,4,tennis,True,False,False,58.1,False,False,way/284387362;way/1156646456;way/1156646457;way/1156646458,OH
oh_4082873_-8125443,40.828725,-81.254425,8,tennis,True,False,False,63.5,False,False,way/230622813;way/925520719;way/925520720;way/925520721;way/925520722;way/925520723;way/925520724;way/925520725,OH
oh_4089016_-8110354,40.890161,-81.103543,6,tennis,True,False,False,83.0,False,False,way/243304405;way/697309683;way/697309684;way/697309685;way/697309686;way/697309687,OH
oh_4089520_-8109340,40.8952,-81.093403,3,tennis,True,False,False,41.1,False,False,way/361885247;way/1086277109;way/1086277110,OH
oh_4089788_-8083956,40.897879,-80.839562,3,tennis,True,False,False,41.0,False,False,way/238921328;way/1386880497;way/1386880498,OH
oh_4090452_-8111334,40.904523,-81.11334,6,tennis,True,False,False,103.5,False,False,way/243304455;way/543794437;way/543794438;way/543794439;way/543794440;way/543794441,OH
oh_4091008_-8099290,40.910082,-80.9929,5,tennis,True,False,False,69.8,False,False,way/984543241;way/984543242;way/984543243;way/984543244;way/984543245,OH
oh_4091104_-8111276,40.911037,-81.112763,4,tennis,True,False,False,61.4,False,False,way/243303389;way/543794442;way/543794443;way/543794444,OH
oh_4091148_-8085135,40.911483,-80.851351,3,tennis,True,False,False,39.8,False,False,way/746540266;way/1131865300;way/1131865301,OH
oh_4091284_-8102755,40.912837,-81.027551,1,tennis,True,False,False,16.1,False,False,way/1338753246,OH
oh_4091618_-8102215,40.916182,-81.022154,2,tennis,True,False,False,25.4,False,False,way/625200305;way/984543259,OH
oh_4091711_-8109575,40.917107,-81.095745,1,tennis,True,False,False,24.9,False,False,way/472461354,OH
oh_4092303_-8117967,40.923032,-81.179667,4,tennis,True,False,False,72.9,False,False,way/290585982;way/290585984;way/1039582653;way/1039582654,OH
oh_4092602_-8108857,40.926017,-81.088566,1,tennis,True,False,False,35.7,False,False,way/472500082,OH
oh_4094975_-8121928,40.94975,-81.219282,1,tennis,True,False,False,23.7,False,False,way/1524485648,OH
oh_4095145_-8124561,40.951446,-81.24561,2,tennis,True,False,False,27.4,False,False,way/1039598518;way/1039598519,OH
oh_4103285_-8077855,41.032854,-80.778547,7,tennis,True,False,False,93.8,False,False,way/163052837;way/1036519297;way/1036519298;way/1036519299;way/1036519300;way/1036519301;way/1495232586,OH
oh_4115170_-8123780,41.151698,-81.2378,3,tennis,True,False,False,60.1,False,False,way/918762438;way/918762439;way/918762440,OH
oh_4116004_-8122399,41.160041,-81.223987,2,tennis,True,False,False,38.1,False,False,way/19225967;way/19235870,OH
oh_4116056_-8125888,41.160559,-81.258883,2,tennis,True,False,False,25.0,False,False,way/239021633;way/525745157,OH
oh_4116925_-8124760,41.169254,-81.247597,8,tennis,True,False,False,69.3,False,False,way/239267075;way/525745158;way/525745159;way/525745160;way/525745161;way/525745162;way/525745163;way/525745164,OH
oh_4117410_-8085227,41.174105,-80.852274,4,tennis,True,False,False,57.1,False,False,way/481888575;way/1228721646;way/1228721647;way/1228721648,OH
oh_4118431_-8097685,41.184308,-80.976846,2,tennis,True,False,False,32.8,False,False,way/918759518;way/918759519,OH
oh_4120932_-8078014,41.209317,-80.780142,6,pickleball,False,True,False,32.3,False,False,way/1489273031;way/1489273032;way/1489273033;way/1489273034;way/1489273035;way/1489273036,OH
oh_4121599_-8078776,41.215989,-80.787762,4,tennis,True,False,False,56.2,False,False,way/643222424;way/1016440819;way/1016440820;way/1016440821,OH
oh_4123363_-8085428,41.23363,-80.854281,4,tennis,True,False,False,60.8,False,False,way/1489272763;way/1489272764;way/1489272765;way/1489272766,OH
oh_4123740_-8105050,41.2374,-81.050503,2,tennis,True,False,False,32.6,False,False,way/1155918567;way/1155918578,OH
oh_4124841_-8083419,41.248408,-80.834189,6,tennis,True,False,False,72.5,False,False,way/468539212;way/522745311;way/522745312;way/522745313;way/522745314;way/522745315,OH
oh_4126033_-8085484,41.260326,-80.85484,6,tennis,True,False,False,85.0,False,False,way/481885716;way/481885717;way/1156164608;way/1156164609;way/1156164610;way/1156164611,OH
oh_4127849_-8109704,41.278493,-81.097042,2,tennis,True,False,False,29.7,False,False,way/342268431;way/1213464017,OH
oh_4128503_-8109233,41.285028,-81.09233,1,tennis,True,False,False,35.6,False,False,way/472419883,OH
oh_4129759_-8122746,41.29759,-81.227455,6,tennis,True,False,False,77.6,False,False,way/184172913;way/1155937564;way/1155937568;way/1155937574;way/1155937575;way/1155937576,OH
oh_4131263_-8114027,41.312628,-81.140274,7,pickleball;tennis,True,True,False,67.7,False,False,way/342209175;way/697640778;way/697640779;way/1550023331;way/1550023332;way/1550023333;way/1550023334,OH
oh_4137704_-8106963,41.377036,-81.069628,1,tennis,True,False,False,30.3,False,False,way/327224508,OH
oh_4145949_-8106599,41.459488,-81.065989,1,tennis,True,False,False,37.6,False,False,way/447853583,OH
oh_4146103_-8121536,41.461032,-81.215363,3,tennis,True,False,False,46.5,False,False,way/1416804737;way/1416804738;way/1416804739,OH
oh_4146645_-8106883,41.466453,-81.068828,2,tennis,True,False,False,26.2,False,False,way/1489272636;way/1489272637,OH
oh_4150046_-8116920,41.500464,-81.169203,4,pickleball,False,True,False,31.8,False,False,way/1536564987;way/1536564988;way/1536564989;way/1536564990,OH
oh_4150086_-8110029,41.500859,-81.100286,3,tennis,True,False,False,39.6,False,False,way/1489272420;way/1489272421;way/1489272422,OH
oh_4150100_-8115630,41.500998,-81.156303,1,tennis,True,False,False,44.9,False,False,way/327173081,OH
oh_4150619_-8115873,41.506191,-81.158734,2,tennis,True,False,False,30.0,False,False,way/320175196;way/1290286354,OH
oh_4150927_-8116045,41.509275,-81.160451,3,tennis,True,False,False,41.0,False,False,way/320175186;way/1024395245;way/1024395246,OH
oh_4152549_-8121551,41.525492,-81.215514,2,tennis,True,False,False,25.7,False,False,way/320375278;way/1296474466,OH
oh_4152827_-8094461,41.528267,-80.944608,1,tennis,True,False,False,37.5,False,False,way/475687913,OH
oh_4154045_-8086263,41.540455,-80.862631,2,tennis,True,False,False,36.3,False,False,way/585956585;way/1156145533,OH
oh_4154137_-8124297,41.541373,-81.242966,1,tennis,True,False,False,24.4,False,False,way/1004755346,OH
oh_4157793_-8121799,41.57793,-81.217991,1,tennis,True,False,False,38.1,False,False,way/310894223,OH
oh_4159264_-8119512,41.592636,-81.195117,3,tennis,True,False,False,46.2,False,False,way/305653521;way/1151583401;way/1151583402,OH
oh_4163633_-8082889,41.636326,-80.828893,2,tennis,True,False,False,37.7,False,False,way/689341135;way/689341136,OH
oh_4167489_-8124912,41.674894,-81.249121,2,tennis,True,False,False,28.2,False,False,way/1008672297;way/1008672298,OH
oh_4171488_-8124820,41.714881,-81.248197,4,tennis,True,False,False,67.0,False,False,way/238681758;way/1157965389;way/1157965390;way/1157965391,OH
oh_4173396_-8078055,41.733965,-80.780552,6,tennis,True,False,False,80.3,False,False,way/1135765388;way/1135765389;way/1135765390;way/1135765393;way/1135765394;way/1135765395,OH
oh_4173393_-8123892,41.733927,-81.23892,2,tennis,True,False,False,34.0,False,False,way/1442429484;way/1442429485,OH
oh_4177016_-8113399,41.770162,-81.133994,3,tennis,True,False,False,42.7,False,False,way/997960098;way/997960099;way/997960100,OH
oh_4177565_-8114129,41.775646,-81.141289,6,tennis,True,False,False,113.8,False,False,way/1442429478;way/1442429479;way/1442429480;way/1442429481;way/1442429482;way/1442429483,OH
oh_4178973_-8106903,41.789726,-81.069031,5,tennis,True,False,False,60.9,False,False,way/1157503555;way/1157503556;way/1157503557;way/1157503558;way/1157503559,OH
oh_4179400_-8116252,41.794002,-81.162521,2,tennis,True,False,False,74.1,False,False,way/384569590;way/384569593,OH
oh_4179436_-8093829,41.794357,-80.938286,6,tennis,True,False,False,89.5,False,False,way/505973256;way/525141954;way/525141955;way/525141956;way/525141957;way/525141958,OH
oh_4180441_-8094276,41.804412,-80.94276,2,tennis,True,False,False,37.6,False,False,way/941111511;way/941111512,OH
oh_4181832_-8110438,41.818319,-81.104382,2,tennis,True,False,False,33.9,False,False,way/1536563142;way/1536563143,OH
oh_4182444_-8087308,41.824436,-80.873083,6,tennis,True,False,False,76.6,False,False,way/1134321984;way/1134321987;way/1134321988;way/1134321989;way/1134321990;way/1134321991,OH
oh_4184379_-8082329,41.843788,-80.823286,8,tennis,True,False,False,73.7,False,False,way/1016431988;way/1016431989;way/1016431990;way/1016431991;way/1016431992;way/1016431993;way/1016431994;way/1016431995,OH
oh_4184822_-8100916,41.848216,-81.009156,1,tennis,True,False,False,24.0,False,False,way/901849943,OH
oh_4185410_-8098383,41.854104,-80.983827,3,tennis,True,False,False,30.8,False,False,way/1367962122;way/1367962123;way/1367962124,OH
oh_4185961_-8095524,41.859609,-80.955238,2,tennis,True,False,False,36.4,False,False,way/426479972;way/702412982,OH
oh_4189951_-8080634,41.899509,-80.806343,5,pickleball;tennis,True,True,False,37.2,False,False,way/1536562275;way/1536562276;way/1536562277;way/1536562278;way/1536562279,OH
oh_4011288_-8072549,40.112879,-80.725492,2,tennis,True,False,False,31.9,False,False,way/330881246;way/915071963,OH
oh_4016557_-8070325,40.165571,-80.703247,1,tennis,True,False,False,39.6,False,False,way/330884032,OH
oh_4026125_-8063389,40.261252,-80.633885,1,tennis,True,False,False,39.7,False,False,way/331030492,OH
oh_4026637_-8078109,40.266374,-80.781091,1,tennis,True,False,False,36.7,False,False,way/1055490895,OH
oh_4032834_-8061690,40.328337,-80.616899,2,tennis,True,False,False,41.9,False,False,way/1151322071;way/1151322072,OH
oh_4036432_-8067731,40.364322,-80.677309,2,tennis,True,False,False,76.5,False,False,way/384776760;way/384776761,OH
oh_4037404_-8061576,40.374037,-80.615757,1,pickleball,False,True,False,18.1,False,False,way/1354284417,OH
oh_4037836_-8063407,40.378362,-80.634075,6,tennis,True,False,False,89.0,False,False,way/331330838;way/1163496774;way/1163496775;way/1163496776;way/1163496777;way/1163496778,OH
oh_4046046_-8061065,40.460461,-80.610653,1,tennis,True,False,False,35.9,False,False,way/331345850,OH
oh_4052145_-8062897,40.521453,-80.628966,1,tennis,True,False,False,41.6,False,False,way/208168568,OH
oh_4060497_-8066363,40.604973,-80.663632,2,tennis,True,False,False,40.5,False,False,way/331345852;way/1156811423,OH
oh_4064402_-8055958,40.644015,-80.559578,3,tennis,True,False,False,92.2,False,False,way/955154908;way/955154909;way/955154910,OH
oh_4064777_-8056196,40.64777,-80.561957,2,tennis,True,False,False,25.7,False,False,way/1334160248;way/1334160249,OH
oh_4071301_-8063614,40.713009,-80.636138,3,tennis,True,False,False,48.0,False,False,way/1049244027;way/1156811438;way/1156811443,OH
oh_4077517_-8077689,40.775171,-80.77689,2,tennis,True,False,False,27.3,False,False,way/587778250;way/1131867123,OH
oh_4083114_-8054781,40.831145,-80.547813,6,pickleball;tennis,True,True,False,79.8,False,False,way/1474578247;way/1474578248;way/1474578249;way/1474578250;way/1474578251;way/1474578252,OH
oh_4085169_-8056571,40.851689,-80.565711,1,tennis,True,False,False,24.8,False,False,way/1524485651,OH
oh_4089000_-8068747,40.890004,-80.687472,5,pickleball;tennis,True,True,False,65.8,False,False,way/302986372;way/1151095484;way/1151095494;way/1151095495;way/1151095497,OH
oh_4096328_-8055835,40.963283,-80.558347,1,tennis,True,False,False,37.5,False,False,way/231965570,OH
oh_4096664_-8063290,40.966645,-80.632901,4,tennis,True,False,False,73.6,False,False,way/1246001418;way/1246001419;way/1246001420;way/1246001421,OH
oh_4098602_-8065566,40.986017,-80.65566,1,tennis,True,False,False,24.2,False,False,way/1174621855,OH
oh_4098627_-8072377,40.986273,-80.723775,1,tennis,True,False,False,24.0,False,False,way/1536568328,OH
oh_4099647_-8070880,40.996467,-80.708799,1,tennis,True,False,False,36.8,False,False,way/365779362,OH
oh_4100148_-8061470,41.00148,-80.614704,1,tennis,True,False,False,41.0,False,False,way/707881263,OH
oh_4100185_-8072165,41.001846,-80.721646,1,tennis,True,False,False,24.1,False,False,way/1536568212,OH
oh_4100241_-8072526,41.002413,-80.725257,1,tennis,True,False,False,24.2,False,False,way/1536568214,OH
oh_4100247_-8072621,41.002475,-80.726208,1,tennis,True,False,False,24.0,False,False,way/1536568213,OH
oh_4100375_-8071970,41.003749,-80.719697,1,tennis,True,False,False,23.8,False,False,way/1536567657,OH
oh_4100378_-8072075,41.003776,-80.720749,1,tennis,True,False,False,23.8,False,False,way/1536567656,OH
oh_4100405_-8059148,41.004048,-80.591478,5,tennis,True,False,False,69.1,False,False,way/1489275374;way/1489275375;way/1489275376;way/1489275377;way/1489275378,OH
oh_4100587_-8072036,41.005873,-80.720363,1,tennis,True,False,False,36.2,False,False,way/365779358,OH
oh_4100584_-8060817,41.005838,-80.608173,1,tennis,True,False,False,34.8,False,False,way/1523644885,OH
oh_4100738_-8073093,41.007379,-80.730931,1,tennis,True,False,False,24.6,False,False,way/1536568215,OH
oh_4100909_-8071401,41.009085,-80.71401,2,tennis,True,False,False,36.9,False,False,way/365779360;way/365779361,OH
oh_4101106_-8073838,41.011059,-80.738382,1,tennis,True,False,False,36.2,False,False,way/1453391767,OH
oh_4101194_-8066587,41.011945,-80.665866,6,tennis,True,False,False,91.8,False,False,way/525053852;way/525053853;way/525053854;way/525053855;way/525053856;way/525053857,OH
oh_4101389_-8060540,41.013895,-80.605405,1,tennis,True,False,False,37.2,False,False,way/1524143875,OH
oh_4102031_-8064916,41.020308,-80.649157,4,pickleball;tennis,True,True,False,48.2,False,False,way/291272424;way/1165292131;way/1433680097;way/1433680098,OH
oh_4102085_-8061129,41.020847,-80.611291,1,tennis,True,False,False,37.4,False,False,way/808270778,OH
oh_4102237_-8068640,41.022367,-80.686402,2,tennis,True,False,False,26.7,False,False,way/1536567108;way/1536567109,OH
oh_4102274_-8070333,41.022737,-80.703328,1,tennis,True,False,False,31.9,False,False,way/1210840030,OH
oh_4102639_-8075122,41.026386,-80.751221,6,pickleball,False,True,False,31.1,False,False,way/1308033940;way/1308033941;way/1308033942;way/1308033943;way/1308033944;way/1308033945,OH
oh_4102775_-8061236,41.027749,-80.612361,1,tennis,True,False,False,25.7,False,False,way/1306051419,OH
oh_4102844_-8068139,41.028443,-80.681389,7,tennis,True,False,False,75.2,False,False,way/1255299181;way/1255299182;way/1255299183;way/1255299187;way/1255299188;way/1255299189;way/1255299190,OH
oh_4102905_-8077387,41.029053,-80.773874,5,tennis,True,False,False,74.2,False,False,way/163052830;way/1036518201;way/1036518202;way/1036518203;way/1036518204,OH
oh_4102924_-8067979,41.029239,-80.679792,1,tennis,True,False,False,24.0,False,False,way/1316022721,OH
oh_4102979_-8070396,41.029787,-80.703956,2,tennis,True,False,False,25.9,False,False,way/559538673;way/559538674,OH
oh_4103069_-8059185,41.030692,-80.591846,2,tennis,True,False,False,28.1,False,False,way/1255299206;way/1255299207,OH
oh_4103190_-8063917,41.031899,-80.639172,4,tennis,True,False,False,63.8,False,False,way/1341949101;way/1341949102;way/1341949103;way/1341949104,OH
oh_4103393_-8071511,41.033931,-80.715107,4,tennis,True,False,False,56.1,False,False,way/1489274021;way/1489274022;way/1489274023;way/1489274024,OH
oh_4104139_-8058403,41.041394,-80.584026,1,tennis,True,False,False,23.9,False,False,way/1471769963,OH
oh_4104296_-8071747,41.042964,-80.71747,1,tennis,True,False,False,24.6,False,False,way/1483511615,OH
oh_4104839_-8070301,41.048394,-80.70301,1,tennis,True,False,False,24.5,False,False,way/1482951051,OH
oh_4105254_-8061991,41.052536,-80.619907,1,tennis,True,False,False,24.7,False,False,way/998291016,OH
oh_4105342_-8071208,41.053422,-80.712082,1,pickleball,False,True,False,13.7,False,False,way/1483480166,OH
oh_4105310_-8059659,41.053096,-80.596594,7,tennis,True,False,False,78.9,False,False,way/768992157;way/768992463;way/768992464;way/768992465;way/768992466;way/768992467;way/768992468,OH
oh_4105347_-8059055,41.053466,-80.590553,2,tennis,True,False,False,32.2,False,False,way/1489274342;way/1489274343,OH
oh_4105479_-8066938,41.054791,-80.669377,1,tennis,True,False,False,36.7,False,False,way/1369715618,OH
oh_4107178_-8077516,41.071777,-80.775159,9,pickleball;tennis,True,True,False,106.6,False,False,way/1478480667;way/1478480668;way/1478480669;way/1478480670;way/1478480671;way/1478480672;way/1478480673;way/1478480678;way/1478480679,OH
oh_4107399_-8065331,41.07399,-80.653307,5,tennis,True,False,False,72.2,False,False,way/330312711;way/524480194;way/524480195;way/524480196;way/524480197,OH
oh_4107459_-8069169,41.074588,-80.691686,1,tennis,True,False,False,26.2,False,False,way/973883397,OH
oh_4108392_-8057810,41.083919,-80.578102,4,tennis,True,False,False,83.1,False,False,way/1489274693;way/1489274694;way/1489274695;way/1489274696,OH
oh_4108670_-8069360,41.086699,-80.693603,3,tennis,True,False,False,39.7,False,False,way/1293442149;way/1293442150;way/1293442151,OH
oh_4109399_-8061690,41.093987,-80.616895,1,tennis,True,False,False,25.0,False,False,way/1536566642,OH
oh_4109445_-8073809,41.094447,-80.738093,2,tennis,True,False,False,26.3,False,False,way/1489273407;way/1489273408,OH
oh_4109742_-8067318,41.097417,-80.67318,6,tennis,True,False,False,84.6,False,False,way/894413840;way/894413841;way/894413842;way/894413843;way/894413844;way/894413845,OH
oh_4111384_-8066726,41.113844,-80.667259,1,tennis,True,False,False,25.7,False,False,way/338891418,OH
oh_4111586_-8064950,41.115858,-80.649501,3,tennis,True,False,False,66.0,False,False,way/330312714;way/524451735;way/699318416,OH
oh_4112556_-8065443,41.12556,-80.654429,4,tennis,True,False,False,60.1,False,False,way/384423220;way/524451709;way/524451710;way/524451711,OH
oh_4113192_-8058057,41.131919,-80.580575,2,tennis,True,False,False,30.7,False,False,way/939134792;way/939134793,OH
oh_4113239_-8066061,41.132387,-80.660613,4,tennis,True,False,False,61.5,False,False,way/722659714;way/722659715;way/722659716;way/722659717,OH
oh_4114328_-8063321,41.143275,-80.63321,3,pickleball;tennis,True,True,False,33.0,False,False,way/1255306802;way/1255306803;way/1255306804,OH
oh_4114387_-8056546,41.143873,-80.565463,4,tennis,True,False,False,78.3,False,False,way/1156164581;way/1380903677;way/1380903678;way/1380903679,OH
oh_4114616_-8064203,41.146156,-80.642027,1,tennis,True,False,False,36.4,False,False,way/1354727199,OH
oh_4115492_-8063363,41.154925,-80.633631,4,tennis,True,False,False,64.0,False,False,way/1156164593;way/1156164594;way/1156164597;way/1156164601,OH
oh_4116255_-8072336,41.162553,-80.723359,4,tennis,True,False,False,58.7,False,False,way/1156164600;way/1361474083;way/1361474084;way/1361474085,OH
oh_4116406_-8062874,41.16406,-80.628735,1,tennis,True,False,False,40.3,False,False,way/1375868589,OH
oh_4117386_-8063816,41.173863,-80.638164,1,tennis,True,False,False,36.6,False,False,way/1360969636,OH
oh_4118315_-8063286,41.183152,-80.632863,1,tennis,True,False,False,38.1,False,False,way/1343494318,OH
oh_4118450_-8061346,41.184496,-80.613458,1,tennis,True,False,False,38.0,False,False,way/1338358522,OH
oh_4119191_-8062180,41.191913,-80.621798,1,tennis,True,False,False,24.2,False,False,way/1372115213,OH
oh_4119253_-8074197,41.192531,-80.741971,6,pickleball;tennis,True,True,False,50.0,False,False,way/473862024;way/473862025;way/473862026;way/473862027;way/1086516785;way/1086516786,OH
oh_4120519_-8061884,41.205189,-80.618836,1,tennis,True,False,False,23.9,False,False,way/1372433346,OH
oh_4122335_-8066097,41.223351,-80.660973,4,tennis,True,False,False,61.1,False,False,way/1362649884;way/1362649885;way/1362649886;way/1362649887,OH
oh_4123882_-8074585,41.238822,-80.745854,4,tennis,True,False,False,63.9,False,False,way/131547635;way/522745326;way/522745327;way/522745328,OH
oh_4124775_-8074864,41.247753,-80.748645,2,tennis,True,False,False,25.7,False,False,way/1314451549;way/1314451556,OH
oh_4127027_-8067439,41.270269,-80.674388,1,tennis,True,False,False,38.2,False,False,way/1127567174,OH
oh_4131220_-8072402,41.312195,-80.724024,1,tennis,True,False,False,23.0,False,False,way/1119212211,OH
oh_4131413_-8072959,41.314131,-80.729591,1,tennis,True,False,False,37.6,False,False,way/1122490755,OH
oh_4132011_-8071414,41.320112,-80.71414,1,tennis,True,False,False,27.5,False,False,way/1118738404,OH
oh_4132482_-8074206,41.324819,-80.742056,2,tennis,True,False,False,28.1,False,False,way/1071709095;way/1071709096,OH
oh_4132855_-8071915,41.32855,-80.719145,3,tennis,True,False,False,40.8,False,False,way/1067003605;way/1067003606;way/1067003607,OH
oh_4132931_-8071909,41.32931,-80.719093,4,pickleball,False,True,False,36.8,False,False,way/1067003611;way/1067003612;way/1067003613;way/1067003614,OH
oh_4163509_-8055717,41.635087,-80.557173,1,tennis,True,False,False,36.9,False,False,way/1155435174,OH
oh_4164863_-8054696,41.648632,-80.546959,2,tennis,True,False,False,26.0,False,False,way/1489275672;way/1489275673,OH
oh_4188738_-8073113,41.887377,-80.731126,3,tennis,True,False,False,58.7,False,False,way/932883225;way/932883226;way/932883227,OH
oh_4194032_-8057674,41.940319,-80.57674,5,tennis,True,False,False,79.3,False,False,way/930826881;way/930826882;way/930826883;way/930826884;way/930826885,OH
oh_4194168_-8056411,41.941684,-80.564114,3,tennis,True,False,False,48.1,False,False,way/474223053;way/930691125;way/930691126,OH
oh_4195953_-8055340,41.959532,-80.553404,2,tennis,True,False,False,25.8,False,False,way/287470172;way/1156145532,OH
oh_4196236_-8056211,41.962359,-80.562111,2,tennis,True,False,False,72.5,False,False,way/238961411;way/238961413,OH
