court_id,site_id,from,to,year_from,year_to,confidence,n_courts_to,flagged,flag_reasons
oh_3905696_-8433418:c002,oh_3905696_-8433418,tennis,pickleball,2018,2020,0.222,1,True,low_confidence
oh_3926628_-8439247:c001,oh_3926628_-8439247,removed,tennis,2013,2019,0.233,1,True,low_confidence;reversion
oh_3908015_-8461682:c001,oh_3908015_-8461682,removed,pickleball,2017,2018,0.237,,True,low_confidence;reversion
oh_3908096_-8434610:c003,oh_3908096_-8434610,removed,pickleball,2017,2019,0.238,2,True,low_confidence;reversion
oh_3923937_-8436360:c001,oh_3923937_-8436360,pickleball,removed,2017,2019,0.239,1,True,low_confidence
oh_3916586_-8435155:c001,oh_3916586_-8435155,removed,pickleball,2013,2019,0.244,,True,low_confidence;reversion
oh_3924326_-8429241:c002,oh_3924326_-8429241,tennis,pickleball,2021,2023,0.245,,True,low_confidence
oh_3998430_-8289068:c001,oh_3998430_-8289068,tennis,pickleball,2017,2019,0.245,1,True,low_confidence
oh_3998430_-8289068:c001,oh_3998430_-8289068,pickleball,hybrid,2019,2021,0.245,1,True,low_confidence
oh_3937812_-8434674:c009,oh_3937812_-8434674,tennis,pickleball,2015,2017,0.246,1,True,low_confidence
oh_3874385_-8297608:c010,oh_3874385_-8297608,tennis,pickleball,2016,2017,0.248,1,True,low_confidence
oh_3927462_-8159118:c002,oh_3927462_-8159118,removed,tennis,2020,2021,0.25,1,True,low_confidence;reversion
oh_3956156_-8428522:c001,oh_3956156_-8428522,removed,pickleball,2017,2019,0.251,,True,low_confidence;reversion
oh_3972696_-8259509:c003,oh_3972696_-8259509,pickleball,tennis,2013,2015,0.251,1,True,low_confidence;reversion
oh_4000053_-8307502:c012,oh_4000053_-8307502,removed,pickleball,2015,2017,0.253,1,True,low_confidence;reversion
oh_4017012_-8289129:c003,oh_4017012_-8289129,tennis,hybrid,2019,2021,0.254,1,True,low_confidence
oh_3912916_-8445396:c011,oh_3912916_-8445396,removed,hybrid,2017,2019,0.255,1,True,low_confidence;reversion
oh_3917768_-8431225:c001,oh_3917768_-8431225,tennis,hybrid,2019,2021,0.255,1,True,low_confidence
oh_3918508_-8438883:c007,oh_3918508_-8438883,removed,pickleball,2019,2021,0.255,,True,low_confidence;reversion
oh_4016736_-8294557:c006,oh_4016736_-8294557,tennis,hybrid,2019,2021,0.256,1,True,low_confidence
oh_3918567_-8433295:c002,oh_3918567_-8433295,tennis,pickleball,2019,2023,0.259,1,True,low_confidence
oh_3952096_-8473522:c001,oh_3952096_-8473522,hybrid,tennis,2011,2013,0.259,1,True,low_confidence;reversion
oh_3918638_-8436981:c001,oh_3918638_-8436981,hybrid,removed,2013,2019,0.261,1,True,low_confidence
oh_3952096_-8473522:c002,oh_3952096_-8473522,hybrid,tennis,2011,2017,0.263,1,True,low_confidence;reversion
oh_3912916_-8445396:c010,oh_3912916_-8445396,pickleball,removed,2013,2015,0.264,1,True,low_confidence
oh_3917768_-8431225:c001,oh_3917768_-8431225,removed,tennis,2011,2013,0.264,1,True,low_confidence;reversion
oh_3921690_-8462735:c001,oh_3921690_-8462735,pickleball,tennis,2017,2019,0.264,1,True,low_confidence;reversion
oh_3914020_-8443910:c013,oh_3914020_-8443910,tennis,hybrid,2021,2023,0.265,1,True,low_confidence
oh_3924023_-8440271:c001,oh_3924023_-8440271,pickleball,tennis,2021,2023,0.265,1,True,low_confidence;reversion
oh_4001374_-8306353:c011,oh_4001374_-8306353,removed,tennis,2019,2021,0.265,1,True,low_confidence;reversion
oh_3930729_-8427396:c002,oh_3930729_-8427396,tennis,pickleball,2013,2015,0.267,,True,low_confidence
oh_3918508_-8438883:c002,oh_3918508_-8438883,tennis,pickleball,2013,2015,0.268,1,True,low_confidence
oh_3925842_-8432642:c001,oh_3925842_-8432642,tennis,pickleball,2017,2019,0.268,1,True,low_confidence
oh_3974108_-8380416:c002,oh_3974108_-8380416,pickleball,removed,2017,2019,0.268,1,True,low_confidence
oh_3911603_-8441090:c002,oh_3911603_-8441090,hybrid,tennis,2019,2020,0.269,1,True,low_confidence;reversion
oh_3921131_-8439943:c003,oh_3921131_-8439943,tennis,removed,2011,2013,0.269,1,True,low_confidence
oh_3934257_-8434321:c002,oh_3934257_-8434321,hybrid,removed,2011,2013,0.269,1,True,low_confidence
oh_3956156_-8428522:c001,oh_3956156_-8428522,pickleball,removed,2019,2023,0.269,1,True,low_confidence
oh_3983274_-8441668:c001,oh_3983274_-8441668,tennis,removed,2011,2013,0.269,1,True,low_confidence
oh_4012358_-8304591:c015,oh_4012358_-8304591,removed,pickleball,2021,2023,0.27,,True,low_confidence;reversion
oh_3893706_-8426303:c001,oh_3893706_-8426303,hybrid,tennis,2021,2022,0.271,1,True,low_confidence;reversion
oh_3928707_-8429798:c001,oh_3928707_-8429798,removed,tennis,2011,2013,0.271,1,True,low_confidence;reversion
oh_3997039_-8297002:c001,oh_3997039_-8297002,hybrid,pickleball,2015,2017,0.271,1,True,low_confidence
oh_3915610_-8429480:c001,oh_3915610_-8429480,removed,pickleball,2017,2019,0.272,1,True,low_confidence;reversion
oh_3917919_-8441648:c002,oh_3917919_-8441648,tennis,pickleball,2015,2017,0.273,1,True,low_confidence
oh_3927366_-8444324:c018,oh_3927366_-8444324,pickleball,hybrid,2021,2023,0.273,1,True,low_confidence
oh_3914020_-8443910:c012,oh_3914020_-8443910,hybrid,removed,2021,2023,0.274,1,True,low_confidence
oh_4012358_-8304591:c009,oh_4012358_-8304591,tennis,hybrid,2011,2015,0.275,1,True,low_confidence
oh_3906158_-8421528:c001,oh_3906158_-8421528,removed,pickleball,2017,2019,0.276,2,True,low_confidence;reversion
oh_3996707_-8284676:c001,oh_3996707_-8284676,removed,hybrid,2019,2023,0.276,1,True,low_confidence;reversion
oh_3902461_-8303519:c001,oh_3902461_-8303519,tennis,removed,2019,2021,0.277,1,True,low_confidence
oh_3902461_-8303519:c001,oh_3902461_-8303519,removed,hybrid,2021,2023,0.277,1,True,low_confidence;reversion
oh_3913488_-8463969:c002,oh_3913488_-8463969,tennis,pickleball,2019,2021,0.277,1,True,low_confidence
oh_4012358_-8304591:c012,oh_4012358_-8304591,hybrid,removed,2015,2017,0.277,1,True,low_confidence
oh_3873882_-8384085:c002,oh_3873882_-8384085,removed,hybrid,2017,2018,0.278,1,True,low_confidence;reversion
oh_3914599_-8439976:c005,oh_3914599_-8439976,removed,pickleball,2019,2021,0.278,1,True,low_confidence;reversion
oh_3934891_-8427577:c009,oh_3934891_-8427577,tennis,removed,2021,2023,0.279,1,True,low_confidence
oh_3976260_-8403125:c001,oh_3976260_-8403125,tennis,removed,2017,2021,0.279,1,True,low_confidence
oh_3914020_-8443910:c016,oh_3914020_-8443910,tennis,removed,2019,2021,0.28,1,True,low_confidence
oh_3876426_-8288919:c002,oh_3876426_-8288919,tennis,removed,2015,2017,0.281,1,True,low_confidence
oh_3876426_-8288919:c002,oh_3876426_-8288919,removed,tennis,2017,2018,0.281,1,True,low_confidence;reversion
oh_3905696_-8433418:c008,oh_3905696_-8433418,tennis,pickleball,2018,2020,0.281,1,True,low_confidence
oh_3952096_-8473522:c007,oh_3952096_-8473522,pickleball,hybrid,2019,2021,0.281,1,True,low_confidence
oh_3994117_-8328946:c001,oh_3994117_-8328946,removed,tennis,2017,2019,0.281,1,True,low_confidence;reversion
oh_4005446_-8302344:c001,oh_4005446_-8302344,tennis,removed,2019,2023,0.281,1,True,low_confidence
oh_3917919_-8441648:c003,oh_3917919_-8441648,tennis,pickleball,2011,2013,0.282,1,True,low_confidence
oh_4009663_-8308016:c003,oh_4009663_-8308016,tennis,pickleball,2019,2021,0.282,1,True,low_confidence
oh_4018950_-8446709:c001,oh_4018950_-8446709,removed,pickleball,2015,2019,0.282,1,True,low_confidence;reversion
oh_3933531_-8437778:c003,oh_3933531_-8437778,pickleball,tennis,2015,2017,0.283,2,True,low_confidence;reversion
oh_4016736_-8294557:c007,oh_4016736_-8294557,removed,tennis,2017,2019,0.283,1,True,low_confidence;reversion
oh_4016736_-8294557:c007,oh_4016736_-8294557,tennis,hybrid,2019,2021,0.283,1,True,low_confidence
oh_4047133_-8253923:c002,oh_4047133_-8253923,removed,hybrid,2015,2017,0.283,1,True,low_confidence;reversion
oh_3978136_-8418128:c001,oh_3978136_-8418128,tennis,removed,2011,2013,0.285,1,True,low_confidence
oh_3911334_-8460911:c001,oh_3911334_-8460911,pickleball,removed,2021,2022,0.287,1,True,low_confidence
oh_3912916_-8445396:c010,oh_3912916_-8445396,tennis,hybrid,2019,2021,0.287,1,True,low_confidence
oh_3912916_-8445396:c010,oh_3912916_-8445396,hybrid,pickleball,2021,2023,0.287,2,True,low_confidence
oh_4003411_-8306952:c003,oh_4003411_-8306952,hybrid,tennis,2021,2023,0.287,1,True,low_confidence;reversion
oh_3917045_-8449215:c003,oh_3917045_-8449215,pickleball,tennis,2015,2017,0.288,1,True,low_confidence;reversion
oh_4009455_-8301150:c004,oh_4009455_-8301150,removed,pickleball,2017,2019,0.288,,True,low_confidence;reversion
oh_4020895_-8330878:c001,oh_4020895_-8330878,tennis,removed,2013,2015,0.288,1,True,low_confidence
oh_3918508_-8438883:c001,oh_3918508_-8438883,tennis,pickleball,2013,2015,0.289,1,True,low_confidence
oh_3924215_-8433551:c001,oh_3924215_-8433551,tennis,pickleball,2019,2021,0.289,1,True,low_confidence
oh_3927366_-8444324:c008,oh_3927366_-8444324,pickleball,hybrid,2021,2023,0.289,1,True,low_confidence
oh_3972704_-8263916:c003,oh_3972704_-8263916,tennis,pickleball,2017,2019,0.289,1,True,low_confidence
oh_3949208_-8435294:c002,oh_3949208_-8435294,tennis,pickleball,2013,2017,0.29,1,True,low_confidence
oh_3997623_-8300865:c004,oh_3997623_-8300865,pickleball,tennis,2011,2015,0.29,1,True,low_confidence;reversion
oh_3998430_-8289068:c002,oh_3998430_-8289068,hybrid,pickleball,2017,2019,0.29,,True,low_confidence
oh_3998430_-8289068:c002,oh_3998430_-8289068,pickleball,hybrid,2019,2021,0.29,1,True,low_confidence
oh_3906631_-8437916:c001,oh_3906631_-8437916,removed,tennis,2018,2019,0.291,1,True,low_confidence;reversion
oh_3874385_-8297608:c009,oh_3874385_-8297608,removed,pickleball,2017,2018,0.292,1,True,low_confidence;reversion
oh_3953190_-8444846:c001,oh_3953190_-8444846,tennis,removed,2017,2019,0.292,1,True,low_confidence
oh_3986858_-8304896:c001,oh_3986858_-8304896,pickleball,removed,2019,2021,0.293,1,True,low_confidence
oh_4034798_-8437284:c002,oh_4034798_-8437284,tennis,pickleball,2013,2015,0.293,,True,low_confidence
oh_3972704_-8263916:c002,oh_3972704_-8263916,tennis,pickleball,2015,2017,0.294,1,True,low_confidence
oh_3986858_-8304896:c002,oh_3986858_-8304896,hybrid,pickleball,2019,2021,0.294,1,True,low_confidence
oh_3986858_-8304896:c002,oh_3986858_-8304896,pickleball,removed,2021,2023,0.294,1,True,low_confidence
oh_4012358_-8304591:c001,oh_4012358_-8304591,removed,hybrid,2021,2023,0.294,1,True,low_confidence;reversion
oh_3853334_-8267546:c001,oh_3853334_-8267546,removed,tennis,2019,2020,0.295,1,True,low_confidence;reversion
oh_3875885_-8292709:c004,oh_3875885_-8292709,tennis,hybrid,2022,2023,0.295,1,True,low_confidence
oh_4036671_-8374967:c005,oh_4036671_-8374967,tennis,removed,2011,2013,0.295,1,True,low_confidence
oh_4000025_-8306060:c002,oh_4000025_-8306060,tennis,hybrid,2011,2013,0.296,1,True,low_confidence
oh_4009303_-8246082:c001,oh_4009303_-8246082,tennis,hybrid,2017,2021,0.296,1,True,low_confidence
oh_3997039_-8297002:c002,oh_3997039_-8297002,tennis,removed,2011,2013,0.297,1,True,low_confidence
oh_3919172_-8444999:c001,oh_3919172_-8444999,tennis,pickleball,2021,2023,0.298,,True,low_confidence
oh_3934017_-8430163:c001,oh_3934017_-8430163,pickleball,tennis,2013,2017,0.298,1,True,low_confidence;reversion
oh_3937812_-8434674:c006,oh_3937812_-8434674,pickleball,removed,2011,2013,0.298,1,True,low_confidence
oh_3967130_-8412897:c004,oh_3967130_-8412897,removed,tennis,2013,2015,0.298,1,True,low_confidence;reversion
oh_3967130_-8412897:c004,oh_3967130_-8412897,tennis,removed,2015,2017,0.298,1,True,low_confidence
oh_3922513_-8462281:c001,oh_3922513_-8462281,tennis,pickleball,2017,2019,0.299,,True,low_confidence
oh_3927487_-8430547:c001,oh_3927487_-8430547,tennis,removed,2021,2023,0.299,1,True,low_confidence
oh_4004708_-8297096:c002,oh_4004708_-8297096,pickleball,removed,2021,2023,0.299,1,True,low_confidence
oh_3911603_-8441090:c010,oh_3911603_-8441090,removed,hybrid,2021,2022,0.3,1,True,low_confidence;reversion
oh_3929303_-8430002:c002,oh_3929303_-8430002,pickleball,tennis,2011,2013,0.3,1,True,low_confidence;reversion
oh_4005911_-8251706:c004,oh_4005911_-8251706,pickleball,hybrid,2021,2023,0.3,1,True,low_confidence
oh_4007229_-8298411:c003,oh_4007229_-8298411,removed,tennis,2015,2017,0.3,1,True,low_confidence;reversion
oh_3905531_-8430391:c001,oh_3905531_-8430391,tennis,removed,2018,2019,0.301,1,True,low_confidence
oh_3935354_-8426634:c001,oh_3935354_-8426634,tennis,removed,2021,2023,0.301,1,True,low_confidence
oh_3990856_-8296791:c003,oh_3990856_-8296791,hybrid,removed,2011,2013,0.301,1,True,low_confidence
oh_3906158_-8421528:c002,oh_3906158_-8421528,removed,pickleball,2017,2019,0.302,2,True,low_confidence;reversion
oh_3918508_-8438883:c008,oh_3918508_-8438883,hybrid,tennis,2013,2015,0.302,1,True,low_confidence;reversion
oh_3929968_-8448874:c001,oh_3929968_-8448874,tennis,removed,2021,2023,0.302,1,True,low_confidence
oh_3943996_-8381774:c001,oh_3943996_-8381774,removed,hybrid,2017,2019,0.302,1,True,low_confidence;reversion
oh_3967493_-8421679:c001,oh_3967493_-8421679,tennis,removed,2019,2021,0.302,1,True,low_confidence
oh_4000089_-8296564:c002,oh_4000089_-8296564,tennis,hybrid,2021,2023,0.302,1,True,low_confidence
oh_4007400_-8252048:c001,oh_4007400_-8252048,tennis,removed,2019,2021,0.302,1,True,low_confidence
oh_4017083_-8298267:c006,oh_4017083_-8298267,tennis,removed,2011,2013,0.302,1,True,low_confidence
oh_3855592_-8271124:c006,oh_3855592_-8271124,tennis,removed,2017,2018,0.303,1,True,low_confidence
oh_3912916_-8445396:c010,oh_3912916_-8445396,removed,tennis,2015,2017,0.303,1,True,low_confidence;reversion
oh_4000025_-8306060:c003,oh_4000025_-8306060,hybrid,tennis,2017,2019,0.303,1,True,low_confidence;reversion
oh_3908555_-8459768:c002,oh_3908555_-8459768,tennis,removed,2013,2014,0.304,1,True,low_confidence
oh_4017012_-8289129:c002,oh_4017012_-8289129,tennis,hybrid,2017,2019,0.304,1,True,low_confidence
oh_3921647_-8439014:c001,oh_3921647_-8439014,pickleball,tennis,2013,2015,0.305,1,True,low_confidence;reversion
oh_3937599_-8456289:c002,oh_3937599_-8456289,tennis,pickleball,2017,2019,0.305,1,True,low_confidence
oh_3937749_-8456079:c002,oh_3937749_-8456079,removed,tennis,2011,2015,0.305,1,True,low_confidence;reversion
oh_4015629_-8309838:c001,oh_4015629_-8309838,tennis,removed,2013,2015,0.305,1,True,low_confidence
oh_3915399_-8452335:c001,oh_3915399_-8452335,tennis,pickleball,2021,2023,0.306,,True,low_confidence
oh_3920922_-8388675:c001,oh_3920922_-8388675,tennis,removed,2015,2017,0.306,1,True,low_confidence
oh_3922905_-8436038:c001,oh_3922905_-8436038,hybrid,tennis,2015,2017,0.306,1,True,low_confidence;reversion
oh_3990856_-8296791:c004,oh_3990856_-8296791,hybrid,removed,2011,2013,0.306,1,True,low_confidence
oh_3996699_-8294884:c008,oh_3996699_-8294884,removed,tennis,2015,2017,0.306,1,True,low_confidence;reversion
oh_4004063_-8246681:c001,oh_4004063_-8246681,removed,hybrid,2015,2017,0.306,1,True,low_confidence;reversion
oh_3928618_-8432346:c001,oh_3928618_-8432346,tennis,removed,2021,2023,0.308,1,True,low_confidence
oh_3981968_-8430000:c001,oh_3981968_-8430000,tennis,removed,2019,2023,0.309,1,True,low_confidence
oh_3998430_-8289068:c001,oh_3998430_-8289068,hybrid,tennis,2015,2017,0.309,1,True,low_confidence;reversion
oh_4010461_-8298657:c001,oh_4010461_-8298657,removed,hybrid,2017,2019,0.309,1,True,low_confidence;reversion
oh_4036671_-8374967:c005,oh_4036671_-8374967,removed,pickleball,2015,2017,0.309,2,True,low_confidence;reversion
oh_3917985_-8431611:c001,oh_3917985_-8431611,tennis,removed,2015,2017,0.31,1,True,low_confidence
oh_3920498_-8186384:c001,oh_3920498_-8186384,tennis,hybrid,2021,2023,0.31,1,True,low_confidence
oh_3990856_-8296791:c002,oh_3990856_-8296791,tennis,pickleball,2019,2021,0.31,1,True,low_confidence
oh_4003578_-8420765:c001,oh_4003578_-8420765,removed,tennis,2019,2021,0.31,1,True,low_confidence;reversion
oh_3938541_-8457297:c007,oh_3938541_-8457297,pickleball,removed,2013,2015,0.311,1,True,low_confidence
oh_3938541_-8457297:c007,oh_3938541_-8457297,removed,pickleball,2015,2017,0.311,1,True,low_confidence;reversion
oh_3972227_-8399070:c001,oh_3972227_-8399070,tennis,hybrid,2019,2021,0.312,1,True,low_confidence
oh_3989855_-8201459:c002,oh_3989855_-8201459,tennis,hybrid,2015,2017,0.312,1,True,low_confidence
oh_4000025_-8306060:c001,oh_4000025_-8306060,tennis,hybrid,2011,2013,0.312,1,True,low_confidence
oh_3917305_-8470508:c003,oh_3917305_-8470508,removed,pickleball,2018,2019,0.313,1,True,low_confidence;reversion
oh_3924311_-8447677:c001,oh_3924311_-8447677,tennis,removed,2021,2023,0.313,1,True,low_confidence
oh_3990856_-8296791:c001,oh_3990856_-8296791,hybrid,removed,2011,2013,0.313,1,True,low_confidence
oh_3995884_-8244099:c001,oh_3995884_-8244099,tennis,hybrid,2019,2021,0.313,1,True,low_confidence
oh_4012358_-8304591:c011,oh_4012358_-8304591,tennis,hybrid,2021,2023,0.313,1,True,low_confidence
oh_4014002_-8315442:c007,oh_4014002_-8315442,tennis,hybrid,2019,2021,0.313,1,True,low_confidence
oh_3911603_-8441090:c015,oh_3911603_-8441090,removed,tennis,2021,2022,0.314,1,True,low_confidence;reversion
oh_3924289_-8453538:c001,oh_3924289_-8453538,tennis,removed,2017,2019,0.314,1,True,low_confidence
oh_3949208_-8435294:c001,oh_3949208_-8435294,tennis,pickleball,2013,2015,0.314,1,True,low_confidence
oh_3950656_-8475476:c003,oh_3950656_-8475476,tennis,pickleball,2019,2021,0.314,,True,low_confidence
oh_3952096_-8473522:c006,oh_3952096_-8473522,pickleball,tennis,2011,2013,0.315,1,True,low_confidence;reversion
oh_4005911_-8251706:c008,oh_4005911_-8251706,pickleball,tennis,2021,2023,0.315,1,True,low_confidence;reversion
oh_3903543_-8393910:c005,oh_3903543_-8393910,removed,tennis,2019,2021,0.316,1,True,low_confidence;reversion
oh_3946497_-8417872:c003,oh_3946497_-8417872,tennis,removed,2011,2013,0.316,1,True,low_confidence
oh_4008124_-8314413:c001,oh_4008124_-8314413,removed,tennis,2013,2015,0.316,1,True,low_confidence;reversion
oh_3914092_-8442168:c001,oh_3914092_-8442168,tennis,hybrid,2021,2023,0.317,1,True,low_confidence
oh_4047133_-8253923:c003,oh_4047133_-8253923,removed,hybrid,2017,2019,0.317,1,True,low_confidence;reversion
oh_3937253_-8456332:c004,oh_3937253_-8456332,removed,pickleball,2011,2013,0.318,2,True,low_confidence;reversion
oh_3943034_-8420435:c002,oh_3943034_-8420435,tennis,hybrid,2021,2023,0.318,1,True,low_confidence
oh_3959074_-8428968:c001,oh_3959074_-8428968,hybrid,tennis,2015,2017,0.318,1,True,low_confidence;reversion
oh_3959074_-8428968:c001,oh_3959074_-8428968,tennis,hybrid,2017,2019,0.318,1,True,low_confidence
oh_3996274_-8287019:c003,oh_3996274_-8287019,removed,hybrid,2019,2023,0.318,1,True,low_confidence;reversion
oh_4009528_-8296236:c003,oh_4009528_-8296236,tennis,hybrid,2019,2021,0.318,1,True,low_confidence
oh_4015308_-8307285:c005,oh_4015308_-8307285,tennis,removed,2021,2023,0.318,1,True,low_confidence
oh_4003950_-8304973:c001,oh_4003950_-8304973,removed,tennis,2017,2019,0.319,1,True,low_confidence;reversion
oh_4012358_-8304591:c010,oh_4012358_-8304591,removed,hybrid,2015,2019,0.319,1,True,low_confidence;reversion
oh_4015160_-8316617:c002,oh_4015160_-8316617,tennis,pickleball,2021,2023,0.319,,True,low_confidence
oh_3932593_-8368573:c001,oh_3932593_-8368573,hybrid,tennis,2021,2023,0.32,1,True,low_confidence;reversion
oh_4007229_-8298411:c005,oh_4007229_-8298411,tennis,hybrid,2019,2021,0.32,1,True,low_confidence
oh_4010444_-8313531:c003,oh_4010444_-8313531,tennis,hybrid,2021,2023,0.32,1,True,low_confidence
oh_3918567_-8433295:c003,oh_3918567_-8433295,removed,pickleball,2019,2023,0.321,,True,low_confidence;reversion
oh_3985007_-8418880:c001,oh_3985007_-8418880,pickleball,removed,2011,2013,0.321,1,True,low_confidence
oh_4009252_-8309596:c002,oh_4009252_-8309596,removed,pickleball,2015,2017,0.321,1,True,low_confidence;reversion
oh_3957610_-8346969:c003,oh_3957610_-8346969,removed,pickleball,2015,2017,0.322,1,True,low_confidence;reversion
oh_3852671_-8266865:c002,oh_3852671_-8266865,tennis,hybrid,2015,2016,0.323,1,True,low_confidence
oh_3914599_-8439976:c005,oh_3914599_-8439976,tennis,removed,2015,2017,0.323,1,True,low_confidence
oh_3914599_-8439976:c006,oh_3914599_-8439976,pickleball,removed,2013,2015,0.323,1,True,low_confidence
oh_3960883_-8411195:c001,oh_3960883_-8411195,removed,tennis,2011,2013,0.323,1,True,low_confidence;reversion
oh_3961598_-8416134:c001,oh_3961598_-8416134,tennis,removed,2011,2015,0.323,1,True,low_confidence
oh_3905696_-8433418:c003,oh_3905696_-8433418,pickleball,tennis,2022,2023,0.324,1,True,low_confidence;reversion
oh_3913488_-8463969:c001,oh_3913488_-8463969,tennis,pickleball,2019,2021,0.324,1,True,low_confidence
oh_3921640_-8471116:c001,oh_3921640_-8471116,hybrid,tennis,2011,2013,0.324,1,True,low_confidence;reversion
oh_3950656_-8475476:c001,oh_3950656_-8475476,removed,pickleball,2015,2017,0.324,1,True,low_confidence;reversion
oh_3952324_-8435119:c003,oh_3952324_-8435119,hybrid,removed,2015,2017,0.324,1,True,low_confidence
oh_3960883_-8411195:c001,oh_3960883_-8411195,tennis,hybrid,2019,2021,0.324,1,True,low_confidence
oh_3973518_-8418907:c004,oh_3973518_-8418907,tennis,removed,2019,2021,0.324,1,True,low_confidence
oh_3994614_-8308222:c005,oh_3994614_-8308222,pickleball,tennis,2017,2019,0.324,1,True,low_confidence;reversion
oh_3911334_-8460911:c001,oh_3911334_-8460911,tennis,pickleball,2014,2018,0.325,1,True,low_confidence
oh_4008854_-8295902:c018,oh_4008854_-8295902,removed,pickleball,2017,2019,0.325,,True,low_confidence;reversion
oh_3874385_-8297608:c008,oh_3874385_-8297608,removed,pickleball,2017,2018,0.326,1,True,low_confidence;reversion
oh_3983274_-8441668:c004,oh_3983274_-8441668,hybrid,removed,2013,2019,0.326,1,True,low_confidence
oh_3873882_-8384085:c002,oh_3873882_-8384085,tennis,removed,2013,2014,0.327,1,True,low_confidence
oh_3914092_-8442168:c003,oh_3914092_-8442168,tennis,pickleball,2021,2023,0.327,1,True,low_confidence
oh_3920420_-8439547:c002,oh_3920420_-8439547,removed,tennis,2015,2017,0.327,1,True,low_confidence;reversion
oh_3934001_-8458543:c001,oh_3934001_-8458543,pickleball,tennis,2011,2013,0.327,1,True,low_confidence;reversion
oh_3934001_-8458543:c001,oh_3934001_-8458543,tennis,pickleball,2013,2015,0.327,,True,low_confidence
oh_3937253_-8456332:c003,oh_3937253_-8456332,tennis,removed,2011,2013,0.327,2,True,low_confidence
oh_3937253_-8456332:c003,oh_3937253_-8456332,removed,pickleball,2013,2015,0.327,1,True,low_confidence;reversion
oh_3969236_-8410846:c005,oh_3969236_-8410846,tennis,removed,2013,2015,0.327,1,True,low_confidence
oh_3990856_-8296791:c003,oh_3990856_-8296791,tennis,pickleball,2019,2021,0.327,1,True,low_confidence
oh_4013392_-8289608:c004,oh_4013392_-8289608,removed,tennis,2013,2015,0.327,1,True,low_confidence;reversion
oh_4044875_-8436326:c001,oh_4044875_-8436326,tennis,hybrid,2019,2021,0.327,1,True,low_confidence
oh_4059535_-8309051:c004,oh_4059535_-8309051,tennis,removed,2019,2021,0.327,1,True,low_confidence
oh_3917865_-8435746:c001,oh_3917865_-8435746,pickleball,tennis,2021,2023,0.328,1,True,low_confidence;reversion
oh_3951749_-8438536:c001,oh_3951749_-8438536,tennis,removed,2015,2017,0.328,1,True,low_confidence
oh_4005911_-8251706:c007,oh_4005911_-8251706,pickleball,hybrid,2021,2023,0.328,1,True,low_confidence
oh_4029278_-8306518:c005,oh_4029278_-8306518,removed,tennis,2021,2023,0.328,1,True,low_confidence;reversion
oh_3878603_-8297074:c001,oh_3878603_-8297074,pickleball,hybrid,2019,2021,0.329,1,True,low_confidence
oh_3921131_-8439943:c005,oh_3921131_-8439943,tennis,removed,2013,2015,0.329,1,True,low_confidence
oh_3971995_-8299144:c001,oh_3971995_-8299144,removed,hybrid,2017,2019,0.329,1,True,low_confidence;reversion
oh_3971995_-8299144:c001,oh_3971995_-8299144,hybrid,removed,2019,2021,0.329,1,True,low_confidence
oh_3976872_-8414450:c001,oh_3976872_-8414450,tennis,removed,2017,2019,0.329,1,True,low_confidence
oh_3976872_-8414450:c001,oh_3976872_-8414450,removed,hybrid,2019,2021,0.329,1,True,low_confidence;reversion
oh_4003980_-8306643:c001,oh_4003980_-8306643,tennis,pickleball,2021,2023,0.329,,True,low_confidence
oh_4040671_-8294453:c001,oh_4040671_-8294453,removed,pickleball,2021,2023,0.329,,True,low_confidence;reversion
oh_3917985_-8431611:c001,oh_3917985_-8431611,removed,pickleball,2017,2019,0.33,1,True,low_confidence;reversion
oh_3929826_-8436935:c001,oh_3929826_-8436935,tennis,removed,2021,2023,0.33,1,True,low_confidence
oh_3937812_-8434674:c008,oh_3937812_-8434674,tennis,pickleball,2017,2019,0.33,1,True,low_confidence
oh_3974088_-8416067:c002,oh_3974088_-8416067,pickleball,removed,2021,2023,0.33,1,True,low_confidence
oh_4007229_-8298411:c003,oh_4007229_-8298411,pickleball,removed,2011,2013,0.331,1,True,low_confidence
oh_4008637_-8287457:c004,oh_4008637_-8287457,tennis,removed,2013,2015,0.331,1,True,low_confidence
oh_4012358_-8304591:c002,oh_4012358_-8304591,removed,pickleball,2021,2023,0.331,,True,low_confidence;reversion
oh_3874385_-8297608:c003,oh_3874385_-8297608,removed,pickleball,2017,2018,0.332,1,True,low_confidence;reversion
oh_3905531_-8430391:c001,oh_3905531_-8430391,removed,tennis,2021,2022,0.332,1,True,low_confidence;reversion
oh_3911603_-8441090:c013,oh_3911603_-8441090,tennis,hybrid,2013,2015,0.332,1,True,low_confidence
oh_3917865_-8435746:c001,oh_3917865_-8435746,tennis,pickleball,2013,2019,0.332,,True,low_confidence
oh_3919382_-8422272:c004,oh_3919382_-8422272,pickleball,tennis,2021,2023,0.332,1,True,low_confidence;reversion
oh_3964958_-8423494:c001,oh_3964958_-8423494,tennis,removed,2013,2019,0.332,1,True,low_confidence
oh_3966329_-8414936:c001,oh_3966329_-8414936,tennis,removed,2019,2021,0.332,1,True,low_confidence
oh_3972696_-8259509:c003,oh_3972696_-8259509,tennis,hybrid,2021,2023,0.332,1,True,low_confidence
oh_4030029_-8307924:c001,oh_4030029_-8307924,tennis,pickleball,2019,2021,0.332,1,True,low_confidence
oh_3902461_-8303519:c001,oh_3902461_-8303519,removed,tennis,2013,2015,0.333,1,True,low_confidence;reversion
oh_3909556_-8456863:c006,oh_3909556_-8456863,tennis,removed,2022,2023,0.333,1,True,low_confidence
oh_3912763_-8444531:c001,oh_3912763_-8444531,pickleball,removed,2020,2021,0.333,1,True,low_confidence
oh_3917102_-8430796:c001,oh_3917102_-8430796,tennis,pickleball,2021,2023,0.333,,True,low_confidence
oh_3925479_-8460863:c001,oh_3925479_-8460863,tennis,hybrid,2019,2021,0.333,1,True,low_confidence
oh_3928707_-8429798:c002,oh_3928707_-8429798,tennis,pickleball,2015,2019,0.333,,True,low_confidence
oh_3959074_-8428968:c002,oh_3959074_-8428968,tennis,hybrid,2013,2019,0.333,1,True,low_confidence
oh_3976060_-8404663:c002,oh_3976060_-8404663,tennis,removed,2017,2019,0.333,1,True,low_confidence
oh_3976060_-8404663:c002,oh_3976060_-8404663,removed,hybrid,2019,2021,0.333,1,True,low_confidence;reversion
oh_3983897_-8281119:c001,oh_3983897_-8281119,removed,tennis,2011,2013,0.333,1,True,low_confidence;reversion
oh_3994473_-8294894:c002,oh_3994473_-8294894,tennis,hybrid,2021,2023,0.333,1,True,low_confidence
oh_4004063_-8246681:c004,oh_4004063_-8246681,removed,tennis,2013,2015,0.333,1,True,low_confidence;reversion
oh_4017300_-8302900:c001,oh_4017300_-8302900,tennis,pickleball,2019,2023,0.333,,True,low_confidence
oh_3912846_-8450078:c006,oh_3912846_-8450078,tennis,pickleball,2018,2019,0.334,,True,low_confidence
oh_3920361_-8435488:c001,oh_3920361_-8435488,tennis,removed,2015,2019,0.334,1,True,low_confidence
oh_3964619_-8413392:c001,oh_3964619_-8413392,tennis,removed,2015,2019,0.334,1,True,low_confidence
oh_3972576_-8416917:c001,oh_3972576_-8416917,pickleball,tennis,2011,2013,0.335,1,True,low_confidence;reversion
oh_3974306_-8264875:c001,oh_3974306_-8264875,hybrid,tennis,2015,2017,0.335,1,True,low_confidence;reversion
oh_3974306_-8264875:c001,oh_3974306_-8264875,tennis,hybrid,2017,2019,0.335,1,True,low_confidence
oh_4054377_-8191796:c002,oh_4054377_-8191796,removed,pickleball,2019,2021,0.335,,True,low_confidence;reversion
oh_3908015_-8461682:c001,oh_3908015_-8461682,tennis,removed,2012,2013,0.336,1,True,low_confidence
oh_3921131_-8439943:c002,oh_3921131_-8439943,tennis,removed,2011,2013,0.336,1,True,low_confidence
oh_3943034_-8420435:c004,oh_3943034_-8420435,pickleball,tennis,2013,2015,0.336,1,True,low_confidence;reversion
oh_3986858_-8304896:c002,oh_3986858_-8304896,tennis,removed,2013,2015,0.336,1,True,low_confidence
oh_4007400_-8252048:c001,oh_4007400_-8252048,removed,pickleball,2015,2017,0.336,,True,low_confidence;reversion
oh_3918299_-8432953:c001,oh_3918299_-8432953,tennis,pickleball,2019,2021,0.337,,True,low_confidence
oh_3922905_-8436038:c002,oh_3922905_-8436038,hybrid,tennis,2013,2015,0.337,1,True,low_confidence;reversion
oh_3963546_-8416232:c002,oh_3963546_-8416232,removed,pickleball,2019,2021,0.337,1,True,low_confidence;reversion
oh_3997157_-8294389:c002,oh_3997157_-8294389,tennis,pickleball,2017,2019,0.337,1,True,low_confidence
oh_4007842_-8311962:c001,oh_4007842_-8311962,removed,tennis,2011,2015,0.337,1,True,low_confidence;reversion
oh_4014362_-8106914:c001,oh_4014362_-8106914,removed,tennis,2013,2015,0.337,1,True,low_confidence;reversion
oh_4031437_-8417275:c011,oh_4031437_-8417275,tennis,pickleball,2015,2017,0.337,1,True,low_confidence
oh_4044073_-8402991:c003,oh_4044073_-8402991,tennis,pickleball,2017,2019,0.337,1,True,low_confidence
oh_3905696_-8433418:c007,oh_3905696_-8433418,tennis,pickleball,2018,2020,0.338,1,True,low_confidence
oh_3973131_-8416868:c005,oh_3973131_-8416868,tennis,pickleball,2019,2021,0.338,1,True,low_confidence
oh_3973131_-8416868:c005,oh_3973131_-8416868,pickleball,hybrid,2021,2023,0.338,1,True,low_confidence
oh_3996852_-8199119:c002,oh_3996852_-8199119,tennis,hybrid,2019,2021,0.338,1,True,low_confidence
oh_3875885_-8292709:c003,oh_3875885_-8292709,tennis,hybrid,2022,2023,0.339,1,True,low_confidence
oh_3908015_-8461682:c002,oh_3908015_-8461682,removed,hybrid,2017,2018,0.339,1,True,low_confidence;reversion
oh_4016736_-8294557:c003,oh_4016736_-8294557,tennis,pickleball,2019,2021,0.339,1,True,low_confidence
oh_3924215_-8433551:c001,oh_3924215_-8433551,pickleball,tennis,2015,2017,0.34,1,True,low_confidence;reversion
oh_3924289_-8453538:c002,oh_3924289_-8453538,tennis,removed,2017,2019,0.34,1,True,low_confidence
oh_3933531_-8437778:c002,oh_3933531_-8437778,pickleball,tennis,2011,2013,0.34,1,True,low_confidence;reversion
oh_4017083_-8298267:c005,oh_4017083_-8298267,tennis,removed,2011,2013,0.34,1,True,low_confidence
oh_4058138_-8311898:c005,oh_4058138_-8311898,tennis,removed,2017,2019,0.34,1,True,low_confidence
oh_4058138_-8311898:c005,oh_4058138_-8311898,removed,tennis,2019,2021,0.34,1,True,low_confidence;reversion
oh_4061913_-8250631:c003,oh_4061913_-8250631,removed,tennis,2011,2013,0.34,1,True,low_confidence;reversion
oh_3917812_-8451434:c001,oh_3917812_-8451434,pickleball,hybrid,2021,2023,0.341,1,True,low_confidence
oh_3994117_-8328946:c002,oh_3994117_-8328946,removed,tennis,2017,2021,0.341,1,True,low_confidence;reversion
oh_3874142_-8320479:c002,oh_3874142_-8320479,removed,hybrid,2017,2019,0.342,1,True,low_confidence;reversion
oh_3920922_-8388675:c001,oh_3920922_-8388675,removed,tennis,2017,2019,0.342,1,True,low_confidence;reversion
oh_3930729_-8427396:c002,oh_3930729_-8427396,pickleball,hybrid,2019,2023,0.342,1,True,low_confidence
oh_3984980_-8413037:c002,oh_3984980_-8413037,removed,pickleball,2013,2017,0.342,1,True,low_confidence;reversion
oh_4001374_-8306353:c006,oh_4001374_-8306353,hybrid,tennis,2013,2015,0.342,1,True,low_confidence;reversion
oh_3878544_-8297793:c002,oh_3878544_-8297793,tennis,pickleball,2019,2021,0.343,,True,low_confidence
oh_3912881_-8297695:c001,oh_3912881_-8297695,tennis,removed,2013,2015,0.343,1,True,low_confidence
oh_3974088_-8416067:c001,oh_3974088_-8416067,tennis,hybrid,2021,2023,0.343,1,True,low_confidence
oh_4000089_-8296564:c001,oh_4000089_-8296564,tennis,hybrid,2021,2023,0.343,1,True,low_confidence
oh_4007229_-8298411:c004,oh_4007229_-8298411,removed,tennis,2015,2017,0.343,1,True,low_confidence;reversion
oh_4007229_-8298411:c004,oh_4007229_-8298411,tennis,pickleball,2017,2019,0.343,1,True,low_confidence
oh_4016930_-8291218:c002,oh_4016930_-8291218,hybrid,tennis,2015,2017,0.343,1,True,low_confidence;reversion
oh_4017012_-8289129:c005,oh_4017012_-8289129,tennis,removed,2011,2013,0.343,1,True,low_confidence
oh_3852671_-8266865:c003,oh_3852671_-8266865,removed,hybrid,2016,2017,0.344,1,True,low_confidence;reversion
oh_4001399_-8302402:c003,oh_4001399_-8302402,tennis,removed,2011,2013,0.344,1,True,low_confidence
oh_4013392_-8289608:c003,oh_4013392_-8289608,removed,tennis,2013,2015,0.344,1,True,low_confidence;reversion
oh_4023139_-8298674:c001,oh_4023139_-8298674,removed,hybrid,2019,2021,0.344,1,True,low_confidence;reversion
oh_3976322_-8411818:c001,oh_3976322_-8411818,tennis,removed,2021,2023,0.345,1,True,low_confidence
oh_3987424_-8309625:c002,oh_3987424_-8309625,removed,pickleball,2017,2021,0.345,2,True,low_confidence;reversion
oh_4040311_-8438106:c003,oh_4040311_-8438106,removed,tennis,2011,2013,0.345,1,True,low_confidence;reversion
oh_3921131_-8439943:c001,oh_3921131_-8439943,tennis,removed,2013,2015,0.346,1,True,low_confidence
oh_3921465_-8432431:c001,oh_3921465_-8432431,hybrid,tennis,2017,2019,0.346,1,True,low_confidence;reversion
oh_3922951_-8414842:c004,oh_3922951_-8414842,tennis,removed,2013,2015,0.346,1,True,low_confidence
oh_3927366_-8444324:c005,oh_3927366_-8444324,removed,tennis,2013,2015,0.346,1,True,low_confidence;reversion
oh_3937599_-8456289:c001,oh_3937599_-8456289,tennis,removed,2021,2023,0.346,1,True,low_confidence
oh_4003002_-8304705:c011,oh_4003002_-8304705,removed,tennis,2015,2017,0.346,1,True,low_confidence;reversion
oh_4004063_-8246681:c002,oh_4004063_-8246681,tennis,removed,2021,2023,0.346,1,True,low_confidence
oh_4004708_-8297096:c001,oh_4004708_-8297096,pickleball,removed,2019,2021,0.346,1,True,low_confidence
oh_4009725_-8311951:c002,oh_4009725_-8311951,tennis,removed,2011,2013,0.346,1,True,low_confidence
oh_3905696_-8433418:c001,oh_3905696_-8433418,hybrid,tennis,2020,2021,0.347,1,True,low_confidence;reversion
oh_3911603_-8441090:c013,oh_3911603_-8441090,hybrid,removed,2020,2021,0.347,1,True,low_confidence
oh_3920701_-8433103:c001,oh_3920701_-8433103,hybrid,pickleball,2013,2019,0.347,,True,low_confidence
oh_3922553_-8437384:c003,oh_3922553_-8437384,tennis,removed,2015,2017,0.347,1,True,low_confidence
oh_3974306_-8264875:c002,oh_3974306_-8264875,hybrid,tennis,2011,2013,0.347,1,True,low_confidence;reversion
oh_4000838_-8301498:c002,oh_4000838_-8301498,tennis,removed,2021,2023,0.347,1,True,low_confidence
oh_4009455_-8301150:c004,oh_4009455_-8301150,tennis,removed,2011,2013,0.347,1,True,low_confidence
oh_3890832_-8257287:c002,oh_3890832_-8257287,tennis,removed,2011,2013,0.348,1,True,low_confidence
oh_3924289_-8453538:c002,oh_3924289_-8453538,removed,tennis,2015,2017,0.348,1,True,low_confidence;reversion
oh_3962471_-8417542:c002,oh_3962471_-8417542,hybrid,tennis,2011,2013,0.348,1,True,low_confidence;reversion
oh_3925002_-8248628:c001,oh_3925002_-8248628,tennis,hybrid,2021,2023,0.349,1,True,low_confidence
oh_4012167_-8200770:c001,oh_4012167_-8200770,tennis,removed,2021,2023,0.349,1,True,low_confidence
oh_4013351_-8298019:c005,oh_4013351_-8298019,tennis,removed,2011,2013,0.349,1,True,low_confidence
oh_3909092_-8437299:c001,oh_3909092_-8437299,tennis,hybrid,2022,2023,0.35,1,True,low_confidence
oh_3995300_-8293687:c009,oh_3995300_-8293687,removed,pickleball,2019,2021,0.35,,True,low_confidence;reversion
oh_4003002_-8304705:c011,oh_4003002_-8304705,tennis,removed,2019,2021,0.35,1,True,low_confidence
oh_4057221_-8420133:c005,oh_4057221_-8420133,tennis,removed,2021,2023,0.35,1,True,low_confidence
oh_3912916_-8445396:c011,oh_3912916_-8445396,pickleball,removed,2011,2015,0.351,1,True,low_confidence
oh_3952324_-8435119:c002,oh_3952324_-8435119,hybrid,removed,2015,2017,0.351,1,True,low_confidence
oh_4000838_-8301498:c001,oh_4000838_-8301498,tennis,hybrid,2021,2023,0.351,1,True,low_confidence
oh_4013493_-8314235:c001,oh_4013493_-8314235,tennis,removed,2013,2015,0.351,1,True,low_confidence
oh_4047133_-8253923:c004,oh_4047133_-8253923,removed,tennis,2015,2017,0.351,1,True,low_confidence;reversion
oh_3908096_-8434610:c003,oh_3908096_-8434610,tennis,removed,2011,2013,0.352,1,True,low_confidence
oh_3963546_-8416232:c003,oh_3963546_-8416232,tennis,pickleball,2017,2019,0.352,1,True,low_confidence
oh_3973457_-8464993:c003,oh_3973457_-8464993,removed,tennis,2019,2021,0.352,1,True,low_confidence;reversion
oh_4018686_-8304888:c001,oh_4018686_-8304888,pickleball,tennis,2021,2023,0.352,1,True,low_confidence;reversion
oh_3882126_-8218831:c001,oh_3882126_-8218831,tennis,removed,2020,2021,0.353,1,True,low_confidence
oh_3925002_-8248628:c003,oh_3925002_-8248628,tennis,hybrid,2021,2023,0.353,1,True,low_confidence
oh_3937354_-8212811:c002,oh_3937354_-8212811,removed,hybrid,2015,2017,0.353,1,True,low_confidence;reversion
oh_3945569_-8427845:c002,oh_3945569_-8427845,removed,tennis,2011,2013,0.353,1,True,low_confidence;reversion
oh_3997623_-8300865:c004,oh_3997623_-8300865,tennis,pickleball,2017,2019,0.353,,True,low_confidence
oh_4005911_-8251706:c007,oh_4005911_-8251706,pickleball,removed,2011,2013,0.353,1,True,low_confidence
oh_4023139_-8298674:c001,oh_4023139_-8298674,tennis,removed,2017,2019,0.353,1,True,low_confidence
oh_4013529_-8374599:c001,oh_4013529_-8374599,tennis,removed,2013,2015,0.354,1,True,low_confidence
oh_4017300_-8302900:c001,oh_4017300_-8302900,removed,tennis,2013,2015,0.354,1,True,low_confidence;reversion
oh_4018857_-8148542:c001,oh_4018857_-8148542,tennis,removed,2017,2019,0.354,1,True,low_confidence
oh_3935820_-8298046:c001,oh_3935820_-8298046,tennis,removed,2017,2019,0.355,1,True,low_confidence
oh_4007879_-8303669:c002,oh_4007879_-8303669,removed,pickleball,2015,2017,0.355,,True,low_confidence;reversion
oh_4023156_-8336340:c001,oh_4023156_-8336340,hybrid,tennis,2015,2017,0.355,1,True,low_confidence;reversion
oh_3908015_-8461682:c002,oh_3908015_-8461682,pickleball,removed,2020,2021,0.356,1,True,low_confidence
oh_3974088_-8416067:c001,oh_3974088_-8416067,removed,tennis,2011,2019,0.356,1,True,low_confidence;reversion
oh_4008854_-8295902:c017,oh_4008854_-8295902,pickleball,removed,2021,2023,0.356,1,True,low_confidence
oh_4014057_-8291711:c003,oh_4014057_-8291711,removed,pickleball,2019,2021,0.356,2,True,low_confidence;reversion
oh_4015629_-8309838:c002,oh_4015629_-8309838,tennis,removed,2013,2015,0.356,1,True,low_confidence
oh_3881074_-8221139:c001,oh_3881074_-8221139,removed,pickleball,2020,2023,0.357,,True,low_confidence;reversion
oh_3922951_-8414842:c002,oh_3922951_-8414842,removed,tennis,2011,2013,0.357,1,True,low_confidence;reversion
oh_3931508_-8426244:c001,oh_3931508_-8426244,hybrid,pickleball,2021,2023,0.357,,True,low_confidence
oh_3933640_-8423550:c001,oh_3933640_-8423550,removed,pickleball,2017,2019,0.357,1,True,low_confidence;reversion
oh_3941214_-8141923:c002,oh_3941214_-8141923,removed,tennis,2017,2018,0.357,1,True,low_confidence;reversion
oh_3950656_-8475476:c002,oh_3950656_-8475476,removed,pickleball,2015,2017,0.357,2,True,low_confidence;reversion
oh_3985585_-8190901:c001,oh_3985585_-8190901,removed,pickleball,2021,2023,0.357,1,True,low_confidence;reversion
oh_3995300_-8293687:c004,oh_3995300_-8293687,removed,hybrid,2019,2021,0.357,1,True,low_confidence;reversion
oh_4008603_-8281487:c001,oh_4008603_-8281487,removed,tennis,2011,2013,0.357,1,True,low_confidence;reversion
oh_4031437_-8417275:c008,oh_4031437_-8417275,tennis,pickleball,2015,2017,0.357,1,True,low_confidence
oh_3903543_-8393910:c005,oh_3903543_-8393910,tennis,removed,2015,2017,0.358,1,True,low_confidence
oh_3917045_-8449215:c003,oh_3917045_-8449215,tennis,pickleball,2019,2021,0.358,,True,low_confidence
oh_3918901_-8425188:c001,oh_3918901_-8425188,removed,tennis,2015,2017,0.358,1,True,low_confidence;reversion
oh_4006334_-8250480:c001,oh_4006334_-8250480,tennis,removed,2021,2023,0.358,1,True,low_confidence
oh_3917914_-8434401:c002,oh_3917914_-8434401,pickleball,tennis,2021,2023,0.359,1,True,low_confidence;reversion
oh_3918327_-8431971:c001,oh_3918327_-8431971,tennis,removed,2021,2023,0.359,1,True,low_confidence
oh_3927366_-8444324:c015,oh_3927366_-8444324,removed,pickleball,2015,2017,0.359,,True,low_confidence;reversion
oh_3932593_-8368573:c001,oh_3932593_-8368573,hybrid,tennis,2015,2017,0.359,1,True,low_confidence;reversion
oh_3990856_-8296791:c002,oh_3990856_-8296791,hybrid,removed,2011,2013,0.359,1,True,low_confidence
oh_3992872_-8284105:c019,oh_3992872_-8284105,tennis,pickleball,2013,2015,0.359,3,True,low_confidence
oh_3996178_-8306725:c001,oh_3996178_-8306725,removed,hybrid,2015,2017,0.359,1,True,low_confidence;reversion
oh_4003002_-8304705:c002,oh_4003002_-8304705,hybrid,tennis,2011,2013,0.359,1,True,low_confidence;reversion
oh_4004852_-8302980:c003,oh_4004852_-8302980,pickleball,tennis,2011,2015,0.359,1,True,low_confidence;reversion
oh_4008854_-8295902:c017,oh_4008854_-8295902,removed,pickleball,2017,2019,0.359,,True,low_confidence;reversion
oh_3982248_-8400950:c001,oh_3982248_-8400950,tennis,removed,2013,2023,0.36,1,True,low_confidence
oh_4005479_-8305111:c001,oh_4005479_-8305111,removed,tennis,2017,2019,0.36,1,True,low_confidence;reversion
oh_4006686_-8282940:c002,oh_4006686_-8282940,tennis,pickleball,2015,2017,0.36,,True,low_confidence
oh_3910279_-8449653:c001,oh_3910279_-8449653,hybrid,pickleball,2020,2021,0.361,,True,low_confidence
oh_3919702_-8437095:c004,oh_3919702_-8437095,pickleball,hybrid,2019,2021,0.361,1,True,low_confidence
oh_3962352_-8323664:c003,oh_3962352_-8323664,tennis,pickleball,2019,2021,0.361,1,True,low_confidence
oh_3996274_-8287019:c002,oh_3996274_-8287019,removed,pickleball,2019,2021,0.361,1,True,low_confidence;reversion
oh_3997367_-8286954:c004,oh_3997367_-8286954,pickleball,tennis,2011,2015,0.361,1,True,low_confidence;reversion
oh_3999677_-8117754:c002,oh_3999677_-8117754,tennis,hybrid,2019,2021,0.361,1,True,low_confidence
oh_4004852_-8302980:c002,oh_4004852_-8302980,pickleball,hybrid,2019,2021,0.361,1,True,low_confidence
oh_4017083_-8298267:c001,oh_4017083_-8298267,tennis,removed,2011,2013,0.361,1,True,low_confidence
oh_3914599_-8439976:c003,oh_3914599_-8439976,tennis,pickleball,2019,2021,0.362,,True,low_confidence
oh_3979134_-8430962:c001,oh_3979134_-8430962,tennis,removed,2017,2019,0.362,1,True,low_confidence
oh_3997039_-8297002:c001,oh_3997039_-8297002,pickleball,hybrid,2021,2023,0.362,1,True,low_confidence
oh_3878544_-8297793:c002,oh_3878544_-8297793,removed,tennis,2013,2015,0.363,1,True,low_confidence;reversion
oh_3909865_-8463312:c002,oh_3909865_-8463312,removed,tennis,2017,2018,0.363,1,True,low_confidence;reversion
oh_3890832_-8257287:c001,oh_3890832_-8257287,hybrid,removed,2013,2015,0.364,1,True,low_confidence
oh_3976571_-8419992:c003,oh_3976571_-8419992,tennis,pickleball,2021,2023,0.364,6,True,low_confidence
oh_3994144_-8286582:c001,oh_3994144_-8286582,pickleball,removed,2011,2013,0.364,1,True,low_confidence
oh_3997018_-8304909:c001,oh_3997018_-8304909,tennis,removed,2015,2017,0.364,1,True,low_confidence
oh_4002765_-8302293:c001,oh_4002765_-8302293,hybrid,tennis,2021,2023,0.364,1,True,low_confidence;reversion
oh_4008854_-8295902:c015,oh_4008854_-8295902,pickleball,removed,2019,2021,0.364,1,True,low_confidence
oh_4013529_-8374599:c002,oh_4013529_-8374599,removed,hybrid,2017,2019,0.364,1,True,low_confidence;reversion
oh_4017012_-8289129:c004,oh_4017012_-8289129,removed,hybrid,2017,2019,0.364,1,True,low_confidence;reversion
oh_4017012_-8289129:c005,oh_4017012_-8289129,removed,hybrid,2017,2019,0.364,1,True,low_confidence;reversion
oh_3919382_-8422272:c003,oh_3919382_-8422272,tennis,pickleball,2019,2021,0.365,1,True,low_confidence
oh_3977942_-8209827:c002,oh_3977942_-8209827,tennis,removed,2011,2019,0.365,1,True,low_confidence
oh_4055631_-8455658:c004,oh_4055631_-8455658,tennis,hybrid,2019,2021,0.365,1,True,low_confidence
oh_3873461_-8285801:c001,oh_3873461_-8285801,removed,pickleball,2017,2018,0.366,1,True,low_confidence;reversion
oh_3912438_-8437324:c001,oh_3912438_-8437324,removed,pickleball,2022,2023,0.366,2,True,low_confidence;reversion
oh_3919382_-8422272:c004,oh_3919382_-8422272,tennis,pickleball,2019,2021,0.366,1,True,low_confidence
oh_3933847_-8298164:c002,oh_3933847_-8298164,removed,tennis,2013,2015,0.366,1,True,low_confidence;reversion
oh_3989855_-8201459:c001,oh_3989855_-8201459,hybrid,removed,2019,2021,0.366,1,True,low_confidence
oh_3994614_-8308222:c003,oh_3994614_-8308222,removed,tennis,2013,2015,0.366,1,True,low_confidence;reversion
oh_3997157_-8294389:c001,oh_3997157_-8294389,tennis,pickleball,2011,2019,0.366,,True,low_confidence
oh_4050059_-8144239:c001,oh_4050059_-8144239,tennis,removed,2017,2019,0.366,1,True,low_confidence
oh_3912429_-8442980:c001,oh_3912429_-8442980,tennis,hybrid,2016,2018,0.367,1,True,low_confidence
oh_3913488_-8463969:c002,oh_3913488_-8463969,pickleball,tennis,2013,2015,0.367,1,True,low_confidence;reversion
oh_3935559_-8446209:c001,oh_3935559_-8446209,removed,pickleball,2021,2023,0.367,,True,low_confidence;reversion
oh_3943996_-8381774:c003,oh_3943996_-8381774,hybrid,pickleball,2017,2019,0.367,,True,low_confidence
oh_3997560_-8297388:c002,oh_3997560_-8297388,removed,hybrid,2019,2021,0.367,1,True,low_confidence;reversion
oh_3997677_-8278207:c003,oh_3997677_-8278207,pickleball,tennis,2011,2013,0.367,1,True,low_confidence;reversion
oh_4003002_-8304705:c003,oh_4003002_-8304705,tennis,pickleball,2021,2023,0.367,,True,low_confidence
oh_3912657_-8451097:c003,oh_3912657_-8451097,pickleball,removed,2021,2022,0.368,1,True,low_confidence
oh_3927019_-8432558:c001,oh_3927019_-8432558,tennis,pickleball,2017,2019,0.368,,True,low_confidence
oh_3927210_-8476723:c001,oh_3927210_-8476723,removed,pickleball,2013,2023,0.368,,True,low_confidence;reversion
oh_3934001_-8458543:c003,oh_3934001_-8458543,removed,pickleball,2015,2017,0.368,1,True,low_confidence;reversion
oh_3940961_-8421241:c006,oh_3940961_-8421241,hybrid,tennis,2011,2013,0.368,1,True,low_confidence;reversion
oh_3965770_-8375675:c005,oh_3965770_-8375675,hybrid,tennis,2013,2015,0.368,1,True,low_confidence;reversion
oh_3974032_-8403635:c001,oh_3974032_-8403635,tennis,hybrid,2019,2021,0.368,1,True,low_confidence
oh_3975917_-8110813:c001,oh_3975917_-8110813,tennis,removed,2011,2013,0.368,1,True,low_confidence
oh_4001399_-8302402:c009,oh_4001399_-8302402,removed,tennis,2015,2017,0.368,1,True,low_confidence;reversion
oh_4017083_-8298267:c004,oh_4017083_-8298267,tennis,removed,2011,2013,0.368,1,True,low_confidence
oh_3914188_-8448862:c003,oh_3914188_-8448862,removed,tennis,2017,2019,0.369,1,True,low_confidence;reversion
oh_3918069_-8446873:c001,oh_3918069_-8446873,tennis,hybrid,2017,2019,0.369,1,True,low_confidence
oh_3918154_-8460075:c001,oh_3918154_-8460075,tennis,hybrid,2019,2021,0.369,1,True,low_confidence
oh_3923908_-8455635:c004,oh_3923908_-8455635,removed,tennis,2011,2013,0.369,1,True,low_confidence;reversion
oh_3973518_-8418907:c003,oh_3973518_-8418907,tennis,removed,2021,2023,0.369,1,True,low_confidence
oh_3992765_-8313462:c002,oh_3992765_-8313462,tennis,hybrid,2021,2023,0.369,1,True,low_confidence
oh_4001827_-8211764:c002,oh_4001827_-8211764,tennis,hybrid,2017,2019,0.369,1,True,low_confidence
oh_3873461_-8285801:c002,oh_3873461_-8285801,removed,pickleball,2017,2018,0.37,1,True,low_confidence;reversion
oh_3927366_-8444324:c015,oh_3927366_-8444324,pickleball,removed,2013,2015,0.37,1,True,low_confidence
oh_3975917_-8110813:c002,oh_3975917_-8110813,tennis,removed,2011,2013,0.37,1,True,low_confidence
oh_4007229_-8298411:c002,oh_4007229_-8298411,tennis,hybrid,2021,2023,0.37,1,True,low_confidence
oh_4036568_-8143019:c001,oh_4036568_-8143019,tennis,removed,2013,2015,0.37,1,True,low_confidence
oh_4042495_-8463683:c002,oh_4042495_-8463683,removed,pickleball,2013,2015,0.37,3,True,low_confidence;reversion
oh_3914599_-8439976:c004,oh_3914599_-8439976,tennis,pickleball,2019,2021,0.371,,True,low_confidence
oh_3921389_-8435144:c001,oh_3921389_-8435144,hybrid,pickleball,2019,2021,0.371,,True,low_confidence
oh_3933352_-8453245:c001,oh_3933352_-8453245,tennis,removed,2011,2013,0.371,1,True,low_confidence
oh_3934133_-8437411:c001,oh_3934133_-8437411,tennis,removed,2011,2013,0.371,1,True,low_confidence
oh_3937253_-8456332:c002,oh_3937253_-8456332,tennis,pickleball,2011,2013,0.371,2,True,low_confidence
oh_3937599_-8456289:c002,oh_3937599_-8456289,removed,tennis,2015,2017,0.371,1,True,low_confidence;reversion
oh_3939539_-8139943:c002,oh_3939539_-8139943,tennis,removed,2020,2021,0.371,1,True,low_confidence
oh_3985585_-8190901:c002,oh_3985585_-8190901,removed,pickleball,2021,2023,0.371,2,True,low_confidence;reversion
oh_3995300_-8293687:c002,oh_3995300_-8293687,pickleball,hybrid,2021,2023,0.371,1,True,low_confidence
oh_4012358_-8304591:c013,oh_4012358_-8304591,hybrid,pickleball,2021,2023,0.371,,True,low_confidence
oh_4014669_-8318005:c003,oh_4014669_-8318005,hybrid,tennis,2013,2015,0.371,1,True,low_confidence;reversion
oh_4026125_-8063389:c001,oh_4026125_-8063389,hybrid,tennis,2021,2022,0.371,1,True,low_confidence;reversion
oh_4029381_-8306404:c003,oh_4029381_-8306404,removed,tennis,2019,2021,0.371,1,True,low_confidence;reversion
oh_3907973_-8430152:c001,oh_3907973_-8430152,tennis,removed,2021,2023,0.372,1,True,low_confidence
oh_3921131_-8439943:c003,oh_3921131_-8439943,removed,tennis,2015,2017,0.372,1,True,low_confidence;reversion
oh_3924864_-8434566:c001,oh_3924864_-8434566,tennis,hybrid,2011,2013,0.372,1,True,low_confidence
oh_3938541_-8457297:c008,oh_3938541_-8457297,tennis,removed,2011,2017,0.372,1,True,low_confidence
oh_3976322_-8411818:c001,oh_3976322_-8411818,tennis,removed,2011,2013,0.372,1,True,low_confidence
oh_4013420_-8426145:c004,oh_4013420_-8426145,tennis,hybrid,2019,2021,0.372,1,True,low_confidence
oh_4015629_-8309838:c003,oh_4015629_-8309838,hybrid,tennis,2013,2015,0.372,1,True,low_confidence;reversion
oh_4025227_-8300360:c007,oh_4025227_-8300360,removed,tennis,2017,2019,0.372,1,True,low_confidence;reversion
oh_4054377_-8191796:c001,oh_4054377_-8191796,tennis,hybrid,2015,2017,0.372,1,True,low_confidence
oh_4055631_-8455658:c001,oh_4055631_-8455658,tennis,hybrid,2019,2021,0.372,1,True,low_confidence
oh_3853334_-8267546:c001,oh_3853334_-8267546,tennis,hybrid,2021,2022,0.373,1,True,low_confidence
oh_3914599_-8439976:c006,oh_3914599_-8439976,removed,tennis,2017,2019,0.373,1,True,low_confidence;reversion
oh_3914599_-8439976:c006,oh_3914599_-8439976,tennis,pickleball,2019,2021,0.373,1,True,low_confidence
oh_3922403_-8440693:c001,oh_3922403_-8440693,tennis,removed,2011,2017,0.373,1,True,low_confidence
oh_3956156_-8428522:c001,oh_3956156_-8428522,tennis,removed,2011,2013,0.373,1,True,low_confidence
oh_3964348_-8412861:c001,oh_3964348_-8412861,tennis,pickleball,2019,2021,0.373,,True,low_confidence
oh_3972280_-8406618:c004,oh_3972280_-8406618,tennis,pickleball,2021,2023,0.373,1,True,low_confidence
oh_3996690_-8201927:c001,oh_3996690_-8201927,removed,pickleball,2017,2019,0.373,1,True,low_confidence;reversion
oh_3943996_-8381774:c002,oh_3943996_-8381774,tennis,removed,2013,2015,0.374,1,True,low_confidence
oh_3964348_-8412861:c001,oh_3964348_-8412861,pickleball,tennis,2011,2013,0.374,1,True,low_confidence;reversion
oh_4005097_-8423568:c001,oh_4005097_-8423568,tennis,removed,2013,2015,0.374,1,True,low_confidence
oh_4007229_-8298411:c002,oh_4007229_-8298411,removed,tennis,2015,2017,0.374,1,True,low_confidence;reversion
oh_4046046_-8061065:c001,oh_4046046_-8061065,removed,tennis,2011,2013,0.374,1,True,low_confidence;reversion
oh_3923908_-8455635:c001,oh_3923908_-8455635,removed,tennis,2011,2013,0.375,1,True,low_confidence;reversion
oh_3954142_-8419226:c001,oh_3954142_-8419226,hybrid,tennis,2011,2013,0.375,1,True,low_confidence;reversion
oh_3913038_-8297010:c001,oh_3913038_-8297010,tennis,removed,2019,2021,0.376,1,True,low_confidence
oh_3949106_-8429745:c001,oh_3949106_-8429745,tennis,removed,2013,2015,0.376,1,True,low_confidence
oh_3990856_-8296791:c005,oh_3990856_-8296791,removed,tennis,2017,2019,0.376,1,True,low_confidence;reversion
oh_4015701_-8310016:c006,oh_4015701_-8310016,removed,pickleball,2011,2015,0.376,,True,low_confidence;reversion
oh_3910279_-8449653:c003,oh_3910279_-8449653,tennis,hybrid,2018,2019,0.377,1,True,low_confidence
oh_3910279_-8449653:c003,oh_3910279_-8449653,hybrid,pickleball,2019,2020,0.377,,True,low_confidence
oh_4015308_-8307285:c003,oh_4015308_-8307285,tennis,removed,2011,2013,0.377,1,True,low_confidence
oh_3922403_-8440693:c001,oh_3922403_-8440693,removed,pickleball,2017,2021,0.378,,True,low_confidence;reversion
oh_3926616_-8436570:c001,oh_3926616_-8436570,removed,hybrid,2021,2023,0.378,1,True,low_confidence;reversion
oh_3933640_-8423550:c001,oh_3933640_-8423550,tennis,removed,2015,2017,0.378,1,True,low_confidence
oh_3965768_-8411730:c002,oh_3965768_-8411730,tennis,hybrid,2021,2023,0.378,1,True,low_confidence
oh_3994843_-8290720:c005,oh_3994843_-8290720,pickleball,removed,2011,2013,0.378,1,True,low_confidence
oh_3914020_-8443910:c009,oh_3914020_-8443910,removed,tennis,2015,2019,0.379,1,True,low_confidence;reversion
oh_3918602_-8458759:c004,oh_3918602_-8458759,removed,tennis,2011,2015,0.379,1,True,low_confidence;reversion
oh_3918638_-8436981:c002,oh_3918638_-8436981,hybrid,removed,2019,2021,0.379,1,True,low_confidence
oh_3927351_-8446187:c001,oh_3927351_-8446187,removed,tennis,2017,2021,0.379,1,True,low_confidence;reversion
oh_3972696_-8259509:c001,oh_3972696_-8259509,tennis,hybrid,2019,2021,0.379,1,True,low_confidence
oh_3990856_-8296791:c005,oh_3990856_-8296791,tennis,hybrid,2019,2021,0.379,1,True,low_confidence
oh_3994843_-8290720:c002,oh_3994843_-8290720,tennis,removed,2019,2021,0.379,1,True,low_confidence
oh_4007229_-8298411:c006,oh_4007229_-8298411,tennis,hybrid,2019,2021,0.379,1,True,low_confidence
oh_4031437_-8417275:c009,oh_4031437_-8417275,tennis,pickleball,2017,2019,0.379,1,True,low_confidence
oh_3905696_-8433418:c005,oh_3905696_-8433418,tennis,pickleball,2018,2019,0.38,,True,low_confidence
oh_3909556_-8456863:c002,oh_3909556_-8456863,tennis,removed,2021,2022,0.38,1,True,low_confidence
oh_3912846_-8450078:c006,oh_3912846_-8450078,pickleball,removed,2020,2021,0.38,1,True,low_confidence
oh_3913488_-8463969:c001,oh_3913488_-8463969,pickleball,tennis,2011,2015,0.38,1,True,low_confidence;reversion
oh_3996699_-8294884:c006,oh_3996699_-8294884,hybrid,tennis,2013,2015,0.38,1,True,low_confidence;reversion
oh_4000831_-8283000:c001,oh_4000831_-8283000,tennis,removed,2013,2015,0.38,1,True,low_confidence
oh_4007879_-8303669:c002,oh_4007879_-8303669,pickleball,removed,2011,2013,0.38,1,True,low_confidence
oh_3853873_-8268786:c001,oh_3853873_-8268786,removed,pickleball,2020,2021,0.381,3,True,low_confidence;reversion
oh_3874385_-8297608:c002,oh_3874385_-8297608,removed,hybrid,2016,2017,0.381,1,True,low_confidence;reversion
oh_3908282_-8462567:c001,oh_3908282_-8462567,removed,tennis,2021,2022,0.381,1,True,low_confidence;reversion
oh_3918069_-8446873:c002,oh_3918069_-8446873,tennis,hybrid,2017,2019,0.381,1,True,low_confidence
oh_3933531_-8437778:c002,oh_3933531_-8437778,tennis,pickleball,2015,2017,0.381,1,True,low_confidence
oh_3978136_-8418128:c002,oh_3978136_-8418128,pickleball,removed,2021,2023,0.381,1,True,low_confidence
oh_4001399_-8302402:c005,oh_4001399_-8302402,tennis,removed,2011,2013,0.381,1,True,low_confidence
oh_4005071_-8287684:c008,oh_4005071_-8287684,tennis,removed,2013,2015,0.381,1,True,low_confidence
oh_3888228_-8390146:c004,oh_3888228_-8390146,tennis,pickleball,2017,2019,0.382,1,True,low_confidence
oh_3904940_-8435509:c001,oh_3904940_-8435509,removed,pickleball,2022,2023,0.382,,True,low_confidence;reversion
oh_3935197_-8437266:c002,oh_3935197_-8437266,tennis,hybrid,2013,2017,0.382,1,True,low_confidence
oh_3943996_-8381774:c003,oh_3943996_-8381774,tennis,hybrid,2013,2015,0.382,1,True,low_confidence
oh_3976260_-8403125:c002,oh_3976260_-8403125,tennis,removed,2011,2013,0.382,1,True,low_confidence
oh_3995016_-8195186:c001,oh_3995016_-8195186,tennis,removed,2011,2013,0.382,1,True,low_confidence
oh_3995559_-8349054:c001,oh_3995559_-8349054,tennis,removed,2011,2013,0.382,1,True,low_confidence
oh_3997837_-8291874:c002,oh_3997837_-8291874,tennis,pickleball,2019,2021,0.382,,True,low_confidence
oh_4000025_-8306060:c003,oh_4000025_-8306060,tennis,hybrid,2011,2013,0.382,1,True,low_confidence
oh_4005911_-8251706:c009,oh_4005911_-8251706,pickleball,removed,2021,2023,0.382,1,True,low_confidence
oh_3882126_-8218831:c002,oh_3882126_-8218831,hybrid,removed,2020,2021,0.383,1,True,low_confidence
oh_3904940_-8435509:c001,oh_3904940_-8435509,hybrid,removed,2020,2022,0.383,1,True,low_confidence
oh_3914736_-8437836:c021,oh_3914736_-8437836,removed,tennis,2013,2015,0.383,1,True,low_confidence;reversion
oh_3914736_-8437836:c021,oh_3914736_-8437836,tennis,pickleball,2015,2019,0.383,,True,low_confidence
oh_3917919_-8441648:c005,oh_3917919_-8441648,tennis,pickleball,2013,2015,0.383,1,True,low_confidence
oh_3927019_-8432558:c004,oh_3927019_-8432558,tennis,hybrid,2019,2021,0.383,1,True,low_confidence
oh_3927462_-8159118:c002,oh_3927462_-8159118,tennis,removed,2022,2023,0.383,1,True,low_confidence
oh_3965804_-8419325:c001,oh_3965804_-8419325,removed,tennis,2017,2019,0.383,1,True,low_confidence;reversion
oh_3965804_-8419325:c001,oh_3965804_-8419325,tennis,removed,2019,2021,0.383,1,True,low_confidence
oh_3973518_-8418907:c006,oh_3973518_-8418907,tennis,hybrid,2019,2021,0.383,1,True,low_confidence
oh_3996852_-8199119:c001,oh_3996852_-8199119,tennis,hybrid,2017,2019,0.383,1,True,low_confidence
oh_4023011_-8440913:c005,oh_4023011_-8440913,tennis,pickleball,2021,2023,0.383,1,True,low_confidence
oh_4057221_-8420133:c003,oh_4057221_-8420133,tennis,removed,2015,2017,0.383,1,True,low_confidence
oh_3852671_-8266865:c001,oh_3852671_-8266865,hybrid,tennis,2019,2020,0.384,1,True,low_confidence;reversion
oh_3852671_-8266865:c001,oh_3852671_-8266865,tennis,removed,2020,2021,0.384,1,True,low_confidence
oh_3853873_-8268786:c002,oh_3853873_-8268786,removed,pickleball,2020,2021,0.384,3,True,low_confidence;reversion
oh_3904966_-8434988:c005,oh_3904966_-8434988,tennis,pickleball,2019,2020,0.384,,True,low_confidence
oh_3963516_-8408244:c002,oh_3963516_-8408244,tennis,pickleball,2019,2023,0.384,1,True,low_confidence
oh_3967241_-8087144:c001,oh_3967241_-8087144,tennis,removed,2018,2020,0.384,1,True,low_confidence
oh_3969222_-8406474:c001,oh_3969222_-8406474,tennis,pickleball,2019,2023,0.384,,True,low_confidence
oh_3997532_-8381084:c001,oh_3997532_-8381084,tennis,removed,2013,2015,0.384,1,True,low_confidence
oh_4044073_-8402991:c004,oh_4044073_-8402991,tennis,pickleball,2019,2021,0.384,1,True,low_confidence
oh_3890832_-8257287:c003,oh_3890832_-8257287,removed,hybrid,2015,2017,0.385,1,True,low_confidence;reversion
oh_3916720_-8436389:c001,oh_3916720_-8436389,tennis,removed,2019,2021,0.385,1,True,low_confidence
oh_3922788_-8451047:c003,oh_3922788_-8451047,tennis,removed,2019,2021,0.385,1,True,low_confidence
oh_3927487_-8430547:c002,oh_3927487_-8430547,tennis,removed,2019,2021,0.385,1,True,low_confidence
oh_4005911_-8251706:c007,oh_4005911_-8251706,removed,pickleball,2015,2017,0.385,1,True,low_confidence;reversion
oh_4007229_-8298411:c006,oh_4007229_-8298411,hybrid,tennis,2013,2015,0.385,1,True,low_confidence;reversion
oh_4008997_-8310470:c001,oh_4008997_-8310470,tennis,pickleball,2017,2019,0.385,,True,low_confidence
oh_3960450_-8416051:c004,oh_3960450_-8416051,tennis,removed,2019,2021,0.386,1,True,low_confidence
oh_3985585_-8190901:c001,oh_3985585_-8190901,pickleball,removed,2011,2013,0.386,1,True,low_confidence
oh_4006761_-8242161:c001,oh_4006761_-8242161,removed,tennis,2017,2019,0.386,1,True,low_confidence;reversion
oh_4034918_-8375428:c001,oh_4034918_-8375428,tennis,removed,2011,2013,0.386,1,True,low_confidence
oh_4043011_-8330005:c001,oh_4043011_-8330005,tennis,hybrid,2017,2019,0.386,1,True,low_confidence
oh_3899591_-8205964:c002,oh_3899591_-8205964,tennis,removed,2016,2017,0.387,1,True,low_confidence
oh_3912438_-8437324:c002,oh_3912438_-8437324,removed,pickleball,2022,2023,0.387,2,True,low_confidence;reversion
oh_3995468_-8380935:c004,oh_3995468_-8380935,removed,hybrid,2015,2017,0.387,1,True,low_confidence;reversion
oh_4008637_-8287457:c003,oh_4008637_-8287457,hybrid,removed,2015,2019,0.387,1,True,low_confidence
oh_4039762_-8418068:c003,oh_4039762_-8418068,tennis,pickleball,2021,2023,0.387,,True,low_confidence
oh_3909556_-8456863:c003,oh_3909556_-8456863,tennis,removed,2019,2021,0.388,1,True,low_confidence
oh_3918154_-8460075:c002,oh_3918154_-8460075,tennis,hybrid,2019,2021,0.388,1,True,low_confidence
oh_3921131_-8439943:c002,oh_3921131_-8439943,tennis,hybrid,2019,2021,0.388,1,True,low_confidence
oh_3936628_-8455388:c001,oh_3936628_-8455388,tennis,removed,2011,2013,0.388,1,True,low_confidence
oh_4014057_-8291711:c004,oh_4014057_-8291711,removed,pickleball,2019,2021,0.388,1,True,low_confidence;reversion
oh_3917305_-8470508:c002,oh_3917305_-8470508,tennis,hybrid,2017,2018,0.389,1,True,low_confidence
oh_3921131_-8439943:c004,oh_3921131_-8439943,tennis,removed,2011,2015,0.389,1,True,low_confidence
oh_3929006_-8460789:c001,oh_3929006_-8460789,tennis,removed,2015,2017,0.389,1,True,low_confidence
oh_3993721_-8286270:c001,oh_3993721_-8286270,tennis,removed,2019,2023,0.389,1,True,low_confidence
oh_3999972_-8301999:c003,oh_3999972_-8301999,hybrid,tennis,2015,2017,0.389,1,True,low_confidence;reversion
oh_4008637_-8287457:c001,oh_4008637_-8287457,hybrid,removed,2013,2015,0.389,1,True,low_confidence
oh_4011805_-8292128:c005,oh_4011805_-8292128,tennis,hybrid,2021,2023,0.389,1,True,low_confidence
oh_3931846_-8428896:c001,oh_3931846_-8428896,removed,tennis,2013,2017,0.39,1,True,low_confidence;reversion
oh_3989855_-8201459:c002,oh_3989855_-8201459,hybrid,tennis,2019,2021,0.39,1,True,low_confidence;reversion
oh_3989855_-8201459:c002,oh_3989855_-8201459,tennis,removed,2021,2023,0.39,1,True,low_confidence
oh_4003382_-8316548:c002,oh_4003382_-8316548,tennis,removed,2019,2021,0.39,1,True,low_confidence
oh_4006720_-8284291:c003,oh_4006720_-8284291,tennis,removed,2019,2021,0.39,1,True,low_confidence
oh_4008854_-8295902:c018,oh_4008854_-8295902,pickleball,removed,2019,2021,0.39,1,True,low_confidence
oh_4023496_-8285642:c003,oh_4023496_-8285642,tennis,pickleball,2019,2021,0.39,,True,low_confidence
oh_3908485_-8427220:c002,oh_3908485_-8427220,tennis,pickleball,2019,2021,0.391,,True,low_confidence
oh_3923908_-8455635:c003,oh_3923908_-8455635,removed,tennis,2011,2013,0.391,1,True,low_confidence;reversion
oh_3924100_-8440516:c001,oh_3924100_-8440516,tennis,hybrid,2019,2021,0.391,1,True,low_confidence
oh_3928402_-8433063:c007,oh_3928402_-8433063,hybrid,tennis,2011,2013,0.391,1,True,low_confidence;reversion
oh_3934001_-8458543:c003,oh_3934001_-8458543,pickleball,hybrid,2021,2023,0.391,1,True,low_confidence
oh_3979134_-8430962:c003,oh_3979134_-8430962,tennis,removed,2021,2023,0.391,1,True,low_confidence
oh_4008226_-8292471:c001,oh_4008226_-8292471,tennis,hybrid,2019,2021,0.391,1,True,low_confidence
oh_3918508_-8438883:c007,oh_3918508_-8438883,hybrid,removed,2013,2015,0.392,1,True,low_confidence
oh_3935197_-8437266:c003,oh_3935197_-8437266,tennis,removed,2019,2021,0.392,1,True,low_confidence
oh_3994614_-8308222:c004,oh_3994614_-8308222,removed,tennis,2015,2017,0.392,1,True,low_confidence;reversion
oh_4001835_-8297495:c002,oh_4001835_-8297495,removed,hybrid,2019,2021,0.392,1,True,low_confidence;reversion
oh_4009521_-8306279:c007,oh_4009521_-8306279,tennis,pickleball,2013,2015,0.392,1,True,low_confidence
oh_4009528_-8296236:c001,oh_4009528_-8296236,tennis,hybrid,2019,2021,0.392,1,True,low_confidence
oh_4010461_-8298657:c002,oh_4010461_-8298657,removed,hybrid,2019,2023,0.392,1,True,low_confidence;reversion
oh_4050059_-8144239:c003,oh_4050059_-8144239,hybrid,tennis,2013,2015,0.392,1,True,low_confidence;reversion
oh_4050059_-8144239:c008,oh_4050059_-8144239,hybrid,tennis,2013,2015,0.392,1,True,low_confidence;reversion
oh_4057587_-8182912:c001,oh_4057587_-8182912,hybrid,removed,2015,2017,0.392,1,True,low_confidence
oh_3910198_-8438140:c001,oh_3910198_-8438140,hybrid,tennis,2021,2022,0.393,1,True,low_confidence;reversion
oh_3930729_-8427396:c001,oh_3930729_-8427396,pickleball,removed,2019,2023,0.393,1,True,low_confidence
oh_3976180_-8415116:c001,oh_3976180_-8415116,removed,hybrid,2021,2023,0.393,1,True,low_confidence;reversion
oh_4029278_-8306518:c002,oh_4029278_-8306518,removed,tennis,2019,2021,0.393,1,True,low_confidence;reversion
oh_3922513_-8462281:c001,oh_3922513_-8462281,hybrid,tennis,2013,2015,0.394,1,True,low_confidence;reversion
oh_3946497_-8417872:c001,oh_3946497_-8417872,removed,tennis,2015,2017,0.394,1,True,low_confidence;reversion
oh_3981807_-8424442:c001,oh_3981807_-8424442,hybrid,tennis,2021,2023,0.394,1,True,low_confidence;reversion
oh_3997367_-8286954:c003,oh_3997367_-8286954,pickleball,removed,2019,2021,0.394,1,True,low_confidence
oh_4006829_-8308149:c002,oh_4006829_-8308149,tennis,removed,2019,2023,0.394,1,True,low_confidence
oh_3953787_-8253799:c001,oh_3953787_-8253799,tennis,hybrid,2019,2021,0.395,1,True,low_confidence
oh_3955534_-8439793:c003,oh_3955534_-8439793,hybrid,removed,2015,2017,0.395,1,True,low_confidence
oh_3972079_-8403198:c005,oh_3972079_-8403198,tennis,removed,2019,2021,0.395,1,True,low_confidence
oh_3973758_-8428500:c006,oh_3973758_-8428500,removed,hybrid,2021,2023,0.395,1,True,low_confidence;reversion
oh_3994229_-8299180:c003,oh_3994229_-8299180,hybrid,tennis,2015,2017,0.395,1,True,low_confidence;reversion
oh_4007879_-8303669:c002,oh_4007879_-8303669,pickleball,hybrid,2021,2023,0.395,1,True,low_confidence
oh_3934695_-8441650:c001,oh_3934695_-8441650,removed,tennis,2017,2019,0.396,1,True,low_confidence;reversion
oh_3941214_-8141923:c001,oh_3941214_-8141923,tennis,removed,2013,2014,0.396,1,True,low_confidence
oh_3994144_-8286582:c002,oh_3994144_-8286582,removed,hybrid,2019,2023,0.396,1,True,low_confidence;reversion
oh_4009521_-8306279:c002,oh_4009521_-8306279,tennis,hybrid,2021,2023,0.396,1,True,low_confidence
oh_4017012_-8289129:c002,oh_4017012_-8289129,hybrid,tennis,2011,2013,0.396,1,True,low_confidence;reversion
oh_4021895_-8447977:c001,oh_4021895_-8447977,tennis,pickleball,2017,2019,0.396,1,True,low_confidence
oh_3914736_-8437836:c007,oh_3914736_-8437836,tennis,removed,2013,2015,0.397,1,True,low_confidence
oh_3976571_-8419992:c001,oh_3976571_-8419992,tennis,removed,2011,2013,0.397,1,True,low_confidence
oh_3983458_-8413711:c001,oh_3983458_-8413711,tennis,removed,2013,2017,0.397,1,True,low_confidence
oh_3997642_-8305022:c001,oh_3997642_-8305022,pickleball,tennis,2011,2013,0.397,1,True,low_confidence;reversion
oh_3999677_-8117754:c001,oh_3999677_-8117754,tennis,hybrid,2019,2021,0.397,1,True,low_confidence
oh_4000053_-8307502:c003,oh_4000053_-8307502,removed,tennis,2013,2015,0.397,1,True,low_confidence;reversion
oh_4013420_-8426145:c002,oh_4013420_-8426145,tennis,hybrid,2019,2021,0.397,1,True,low_confidence
oh_4056686_-8299393:c001,oh_4056686_-8299393,hybrid,tennis,2011,2013,0.397,1,True,low_confidence;reversion
oh_3888228_-8390146:c002,oh_3888228_-8390146,tennis,pickleball,2017,2019,0.398,,True,low_confidence
oh_3919702_-8437095:c002,oh_3919702_-8437095,tennis,pickleball,2017,2019,0.398,,True,low_confidence
oh_3953941_-8344536:c001,oh_3953941_-8344536,tennis,removed,2011,2013,0.398,1,True,low_confidence
oh_3956264_-8421914:c004,oh_3956264_-8421914,tennis,removed,2015,2017,0.398,1,True,low_confidence
oh_3961598_-8416134:c001,oh_3961598_-8416134,tennis,removed,2019,2023,0.398,1,True,low_confidence
oh_3975376_-8419256:c014,oh_3975376_-8419256,tennis,removed,2021,2023,0.398,1,True,low_confidence
oh_3989855_-8201459:c001,oh_3989855_-8201459,tennis,hybrid,2015,2017,0.398,1,True,low_confidence
oh_3990856_-8296791:c002,oh_3990856_-8296791,removed,tennis,2017,2019,0.398,1,True,low_confidence;reversion
oh_3997623_-8300865:c003,oh_3997623_-8300865,tennis,pickleball,2017,2019,0.398,,True,low_confidence
oh_4004063_-8246681:c002,oh_4004063_-8246681,removed,tennis,2017,2019,0.398,1,True,low_confidence;reversion
oh_4029278_-8306518:c003,oh_4029278_-8306518,removed,tennis,2019,2021,0.398,1,True,low_confidence;reversion
oh_3919490_-8443937:c001,oh_3919490_-8443937,tennis,pickleball,2011,2017,0.399,,True,low_confidence
oh_3922951_-8414842:c003,oh_3922951_-8414842,removed,tennis,2015,2017,0.399,1,True,low_confidence;reversion
oh_3927019_-8432558:c003,oh_3927019_-8432558,pickleball,hybrid,2021,2023,0.399,1,True,low_confidence
oh_3934133_-8437411:c003,oh_3934133_-8437411,removed,tennis,2013,2015,0.399,1,True,low_confidence;reversion
oh_3950944_-8472593:c003,oh_3950944_-8472593,tennis,pickleball,2017,2019,0.399,,True,low_confidence
oh_3980911_-8388779:c001,oh_3980911_-8388779,tennis,removed,2011,2013,0.399,1,True,low_confidence
oh_3981400_-8423140:c002,oh_3981400_-8423140,tennis,removed,2019,2021,0.399,1,True,low_confidence
oh_3984580_-8307415:c001,oh_3984580_-8307415,tennis,removed,2011,2013,0.399,1,True,low_confidence
oh_3990856_-8296791:c004,oh_3990856_-8296791,tennis,pickleball,2017,2019,0.399,1,True,low_confidence
oh_3995300_-8293687:c001,oh_3995300_-8293687,pickleball,removed,2015,2017,0.399,1,True,low_confidence
oh_4008508_-8088236:c002,oh_4008508_-8088236,removed,tennis,2015,2017,0.399,1,True,low_confidence;reversion
oh_4009252_-8309596:c001,oh_4009252_-8309596,removed,pickleball,2015,2017,0.399,,True,low_confidence;reversion
oh_4029278_-8306518:c004,oh_4029278_-8306518,removed,tennis,2019,2021,0.399,1,True,low_confidence;reversion
oh_3922593_-8438982:c002,oh_3922593_-8438982,tennis,removed,2019,2021,0.4,1,True,low_confidence
oh_3927731_-8449707:c001,oh_3927731_-8449707,tennis,removed,2019,2021,0.4,1,True,low_confidence
oh_3990856_-8296791:c001,oh_3990856_-8296791,removed,tennis,2017,2019,0.4,1,True,low_confidence;reversion
oh_3896248_-8408355:c001,oh_3896248_-8408355,tennis,removed,2011,2013,0.401,1,True,low_confidence
oh_3908406_-8462136:c001,oh_3908406_-8462136,tennis,removed,2019,2022,0.401,1,True,low_confidence
oh_3914188_-8448862:c003,oh_3914188_-8448862,tennis,pickleball,2019,2021,0.401,1,True,low_confidence
oh_3919702_-8437095:c001,oh_3919702_-8437095,pickleball,tennis,2013,2015,0.401,1,True,low_confidence;reversion
oh_3919702_-8437095:c001,oh_3919702_-8437095,tennis,pickleball,2015,2017,0.401,1,True,low_confidence
oh_3926482_-8461194:c001,oh_3926482_-8461194,tennis,pickleball,2017,2019,0.401,,True,low_confidence
oh_3938814_-8456894:c001,oh_3938814_-8456894,tennis,hybrid,2021,2023,0.401,1,True,low_confidence
oh_3975122_-8403610:c001,oh_3975122_-8403610,pickleball,hybrid,2021,2023,0.401,1,True,low_confidence
oh_3999972_-8301999:c003,oh_3999972_-8301999,tennis,hybrid,2019,2021,0.401,1,True,low_confidence
oh_4003411_-8306952:c001,oh_4003411_-8306952,hybrid,tennis,2021,2023,0.401,1,True,low_confidence;reversion
oh_3888375_-8296506:c003,oh_3888375_-8296506,tennis,removed,2013,2015,0.402,1,True,low_confidence
oh_3965829_-8245295:c002,oh_3965829_-8245295,hybrid,tennis,2021,2023,0.402,1,True,low_confidence;reversion
oh_3996974_-8274712:c002,oh_3996974_-8274712,tennis,hybrid,2021,2023,0.402,1,True,low_confidence
oh_4000053_-8307502:c010,oh_4000053_-8307502,tennis,hybrid,2021,2023,0.402,1,True,low_confidence
oh_4016930_-8291218:c004,oh_4016930_-8291218,hybrid,tennis,2015,2017,0.402,1,True,low_confidence;reversion
oh_4031437_-8417275:c011,oh_4031437_-8417275,pickleball,tennis,2011,2013,0.402,1,True,low_confidence;reversion
oh_4040671_-8294453:c001,oh_4040671_-8294453,tennis,removed,2017,2019,0.402,1,True,low_confidence
oh_3912763_-8444531:c001,oh_3912763_-8444531,removed,pickleball,2016,2019,0.403,,True,low_confidence;reversion
oh_3943996_-8381774:c005,oh_3943996_-8381774,tennis,pickleball,2015,2019,0.403,,True,low_confidence
oh_3966789_-8410437:c001,oh_3966789_-8410437,pickleball,tennis,2021,2023,0.403,1,True,low_confidence;reversion
oh_3983274_-8441668:c003,oh_3983274_-8441668,tennis,removed,2011,2013,0.403,1,True,low_confidence
oh_3983434_-8402291:c001,oh_3983434_-8402291,tennis,removed,2017,2019,0.403,1,True,low_confidence
oh_4000053_-8307502:c005,oh_4000053_-8307502,tennis,hybrid,2017,2019,0.403,1,True,low_confidence
oh_4004063_-8246681:c004,oh_4004063_-8246681,tennis,removed,2019,2023,0.403,1,True,low_confidence
oh_4006761_-8242161:c005,oh_4006761_-8242161,removed,tennis,2017,2019,0.403,1,True,low_confidence;reversion
oh_3943034_-8420435:c004,oh_3943034_-8420435,tennis,hybrid,2017,2019,0.404,1,True,low_confidence
oh_3997018_-8304909:c002,oh_3997018_-8304909,tennis,hybrid,2017,2019,0.404,1,True,low_confidence
oh_3997837_-8291874:c004,oh_3997837_-8291874,tennis,hybrid,2019,2021,0.404,1,True,low_confidence
oh_4005911_-8251706:c010,oh_4005911_-8251706,pickleball,removed,2021,2023,0.404,1,True,low_confidence
oh_4006102_-8305882:c002,oh_4006102_-8305882,tennis,removed,2011,2013,0.404,1,True,low_confidence
oh_4009252_-8309596:c002,oh_4009252_-8309596,pickleball,removed,2011,2013,0.404,1,True,low_confidence
oh_4016767_-8318991:c001,oh_4016767_-8318991,removed,pickleball,2017,2019,0.404,,True,low_confidence;reversion
oh_4018730_-8309907:c002,oh_4018730_-8309907,tennis,removed,2021,2023,0.404,1,True,low_confidence
oh_4027485_-8349541:c001,oh_4027485_-8349541,removed,tennis,2011,2013,0.404,1,True,low_confidence;reversion
oh_3934017_-8430163:c002,oh_3934017_-8430163,pickleball,tennis,2013,2015,0.405,1,True,low_confidence;reversion
oh_3993804_-8381480:c003,oh_3993804_-8381480,tennis,removed,2017,2019,0.405,1,True,low_confidence
oh_4004213_-8292488:c003,oh_4004213_-8292488,tennis,hybrid,2019,2021,0.405,1,True,low_confidence
oh_3872376_-8284629:c003,oh_3872376_-8284629,removed,tennis,2016,2018,0.406,1,True,low_confidence;reversion
oh_3914020_-8443910:c012,oh_3914020_-8443910,hybrid,removed,2013,2015,0.406,1,True,low_confidence
oh_3916574_-8432135:c001,oh_3916574_-8432135,tennis,removed,2015,2023,0.406,1,True,low_confidence
oh_3927019_-8432558:c001,oh_3927019_-8432558,pickleball,hybrid,2021,2023,0.406,1,True,low_confidence
oh_3927366_-8444324:c018,oh_3927366_-8444324,removed,pickleball,2017,2019,0.406,,True,low_confidence;reversion
oh_3932977_-8441859:c001,oh_3932977_-8441859,tennis,hybrid,2017,2019,0.406,1,True,low_confidence
oh_3934257_-8434321:c001,oh_3934257_-8434321,tennis,removed,2017,2019,0.406,1,True,low_confidence
oh_3934257_-8434321:c001,oh_3934257_-8434321,removed,pickleball,2019,2021,0.406,,True,low_confidence;reversion
oh_3955534_-8439793:c002,oh_3955534_-8439793,hybrid,tennis,2013,2015,0.406,1,True,low_confidence;reversion
oh_3972079_-8403198:c002,oh_3972079_-8403198,tennis,removed,2019,2021,0.406,1,True,low_confidence
oh_3976260_-8403125:c003,oh_3976260_-8403125,removed,hybrid,2017,2021,0.406,1,True,low_confidence;reversion
oh_3987508_-8309387:c001,oh_3987508_-8309387,tennis,removed,2013,2015,0.406,1,True,low_confidence
oh_4003002_-8304705:c011,oh_4003002_-8304705,tennis,removed,2011,2013,0.406,1,True,low_confidence
oh_4006494_-8304729:c001,oh_4006494_-8304729,tennis,removed,2021,2023,0.406,1,True,low_confidence
oh_3911603_-8441090:c009,oh_3911603_-8441090,tennis,hybrid,2016,2018,0.407,1,True,low_confidence
oh_3913954_-8436639:c001,oh_3913954_-8436639,tennis,hybrid,2021,2023,0.407,1,True,low_confidence
oh_3914188_-8448862:c002,oh_3914188_-8448862,removed,tennis,2017,2019,0.407,1,True,low_confidence;reversion
oh_3914188_-8448862:c002,oh_3914188_-8448862,tennis,pickleball,2019,2021,0.407,1,True,low_confidence
oh_3956787_-8423999:c001,oh_3956787_-8423999,tennis,hybrid,2019,2021,0.407,1,True,low_confidence
oh_3997642_-8305022:c002,oh_3997642_-8305022,pickleball,tennis,2011,2013,0.407,1,True,low_confidence;reversion
oh_4195953_-8055340:c001,oh_4195953_-8055340,tennis,pickleball,2022,2023,0.407,,True,low_confidence
oh_3909546_-8464147:c001,oh_3909546_-8464147,tennis,hybrid,2017,2018,0.408,1,True,low_confidence
oh_3920420_-8439547:c001,oh_3920420_-8439547,removed,tennis,2015,2017,0.408,1,True,low_confidence;reversion
oh_3921131_-8439943:c002,oh_3921131_-8439943,removed,tennis,2017,2019,0.408,1,True,low_confidence;reversion
oh_3922327_-8447704:c001,oh_3922327_-8447704,pickleball,tennis,2013,2017,0.408,1,True,low_confidence;reversion
oh_3928220_-8431738:c002,oh_3928220_-8431738,tennis,hybrid,2019,2021,0.408,1,True,low_confidence
oh_3931035_-8450494:c001,oh_3931035_-8450494,hybrid,tennis,2013,2015,0.408,3,True,low_confidence;reversion
oh_3946497_-8417872:c002,oh_3946497_-8417872,removed,tennis,2011,2017,0.408,1,True,low_confidence;reversion
oh_3996754_-8418448:c006,oh_3996754_-8418448,hybrid,tennis,2021,2023,0.408,1,True,low_confidence;reversion
oh_4029381_-8306404:c005,oh_4029381_-8306404,tennis,removed,2011,2013,0.408,1,True,low_confidence
oh_3890832_-8257287:c001,oh_3890832_-8257287,hybrid,removed,2019,2021,0.409,1,True,low_confidence
oh_3919780_-8431595:c001,oh_3919780_-8431595,tennis,hybrid,2021,2023,0.409,1,True,low_confidence
oh_3933847_-8298164:c001,oh_3933847_-8298164,removed,tennis,2015,2017,0.409,1,True,low_confidence;reversion
oh_3945675_-8386212:c001,oh_3945675_-8386212,removed,pickleball,2021,2023,0.409,,True,low_confidence;reversion
oh_3953190_-8444846:c002,oh_3953190_-8444846,tennis,removed,2015,2021,0.409,1,True,low_confidence
oh_3997039_-8297002:c002,oh_3997039_-8297002,removed,pickleball,2015,2017,0.409,1,True,low_confidence;reversion
oh_4006102_-8305882:c001,oh_4006102_-8305882,tennis,removed,2011,2013,0.409,1,True,low_confidence
oh_4016930_-8291218:c001,oh_4016930_-8291218,hybrid,tennis,2015,2017,0.409,1,True,low_confidence;reversion
oh_4031437_-8417275:c007,oh_4031437_-8417275,hybrid,tennis,2013,2015,0.409,1,True,low_confidence;reversion
oh_4031437_-8417275:c007,oh_4031437_-8417275,tennis,pickleball,2015,2017,0.409,,True,low_confidence
oh_4047133_-8253923:c004,oh_4047133_-8253923,tennis,hybrid,2017,2019,0.409,1,True,low_confidence
oh_3905696_-8433418:c007,oh_3905696_-8433418,pickleball,removed,2021,2022,0.41,1,True,low_confidence
oh_3926330_-8422105:c001,oh_3926330_-8422105,pickleball,tennis,2021,2023,0.41,1,True,low_confidence;reversion
oh_3927231_-8449569:c001,oh_3927231_-8449569,tennis,removed,2019,2021,0.41,1,True,low_confidence
oh_3944111_-8380981:c001,oh_3944111_-8380981,tennis,removed,2017,2019,0.41,1,True,low_confidence
oh_3961598_-8416134:c001,oh_3961598_-8416134,removed,tennis,2015,2017,0.41,1,True,low_confidence;reversion
oh_3972079_-8403198:c003,oh_3972079_-8403198,tennis,removed,2019,2021,0.41,1,True,low_confidence
oh_3993021_-8322723:c001,oh_3993021_-8322723,tennis,hybrid,2017,2019,0.41,1,True,low_confidence
oh_3995300_-8293687:c004,oh_3995300_-8293687,pickleball,removed,2011,2013,0.41,1,True,low_confidence
oh_4001374_-8306353:c005,oh_4001374_-8306353,tennis,hybrid,2011,2013,0.41,1,True,low_confidence
oh_4001374_-8306353:c005,oh_4001374_-8306353,hybrid,tennis,2013,2015,0.41,1,True,low_confidence;reversion
oh_4015629_-8309838:c002,oh_4015629_-8309838,tennis,hybrid,2021,2023,0.41,1,True,low_confidence
oh_3908846_-8459179:c002,oh_3908846_-8459179,tennis,removed,2011,2016,0.411,1,True,low_confidence
oh_3911603_-8441090:c002,oh_3911603_-8441090,removed,tennis,2022,2023,0.411,1,True,low_confidence;reversion
oh_3922553_-8437384:c001,oh_3922553_-8437384,tennis,removed,2017,2019,0.411,1,True,low_confidence
oh_3934001_-8458543:c001,oh_3934001_-8458543,pickleball,hybrid,2021,2023,0.411,1,True,low_confidence
oh_3969391_-8402334:c002,oh_3969391_-8402334,tennis,removed,2019,2021,0.411,1,True,low_confidence
oh_3994144_-8286582:c003,oh_3994144_-8286582,tennis,hybrid,2019,2023,0.411,1,True,low_confidence
oh_3994843_-8290720:c003,oh_3994843_-8290720,tennis,removed,2011,2013,0.411,1,True,low_confidence
oh_3919537_-8469903:c001,oh_3919537_-8469903,removed,tennis,2015,2017,0.412,1,True,low_confidence;reversion
oh_3930530_-8440494:c003,oh_3930530_-8440494,tennis,removed,2021,2023,0.412,1,True,low_confidence
oh_3937540_-8478298:c001,oh_3937540_-8478298,tennis,removed,2019,2021,0.412,1,True,low_confidence
oh_3960450_-8416051:c002,oh_3960450_-8416051,tennis,removed,2021,2023,0.412,1,True,low_confidence
oh_3972696_-8259509:c005,oh_3972696_-8259509,tennis,hybrid,2019,2021,0.412,1,True,low_confidence
oh_3984981_-8289389:c002,oh_3984981_-8289389,hybrid,tennis,2015,2017,0.412,1,True,low_confidence;reversion
oh_3987819_-8274340:c004,oh_3987819_-8274340,tennis,pickleball,2021,2023,0.412,1,True,low_confidence
oh_3994144_-8286582:c002,oh_3994144_-8286582,tennis,removed,2011,2013,0.412,1,True,low_confidence
oh_3995311_-8285830:c002,oh_3995311_-8285830,removed,tennis,2015,2017,0.412,1,True,low_confidence;reversion
oh_3997310_-8285283:c001,oh_3997310_-8285283,hybrid,tennis,2015,2017,0.412,1,True,low_confidence;reversion
oh_4006761_-8242161:c004,oh_4006761_-8242161,removed,tennis,2017,2019,0.412,1,True,low_confidence;reversion
oh_4015160_-8316617:c006,oh_4015160_-8316617,tennis,hybrid,2019,2021,0.412,1,True,low_confidence
oh_3874385_-8297608:c003,oh_3874385_-8297608,tennis,removed,2012,2013,0.413,1,True,low_confidence
oh_3924379_-8440534:c001,oh_3924379_-8440534,pickleball,tennis,2011,2013,0.413,1,True,low_confidence;reversion
oh_3954483_-8342363:c005,oh_3954483_-8342363,removed,hybrid,2021,2023,0.413,1,True,low_confidence;reversion
oh_3967873_-8413312:c008,oh_3967873_-8413312,tennis,hybrid,2021,2023,0.413,1,True,low_confidence
oh_3975877_-8405769:c001,oh_3975877_-8405769,hybrid,tennis,2021,2023,0.413,1,True,low_confidence;reversion
oh_3990460_-8344667:c004,oh_3990460_-8344667,tennis,hybrid,2017,2019,0.413,1,True,low_confidence
oh_3997569_-8300759:c002,oh_3997569_-8300759,pickleball,tennis,2019,2021,0.413,1,True,low_confidence;reversion
oh_3997569_-8300759:c002,oh_3997569_-8300759,tennis,pickleball,2021,2023,0.413,,True,low_confidence
oh_4025241_-8185697:c001,oh_4025241_-8185697,tennis,pickleball,2017,2021,0.413,2,True,low_confidence
oh_4029278_-8306518:c006,oh_4029278_-8306518,removed,tennis,2021,2023,0.413,1,True,low_confidence;reversion
oh_3912657_-8451097:c003,oh_3912657_-8451097,tennis,pickleball,2017,2018,0.414,,True,low_confidence
oh_3930530_-8440494:c001,oh_3930530_-8440494,tennis,removed,2021,2023,0.414,1,True,low_confidence
oh_3951405_-8237330:c001,oh_3951405_-8237330,hybrid,tennis,2015,2017,0.414,1,True,low_confidence;reversion
oh_3999579_-8294822:c002,oh_3999579_-8294822,hybrid,tennis,2013,2015,0.414,1,True,low_confidence;reversion
oh_4006761_-8242161:c002,oh_4006761_-8242161,removed,tennis,2015,2019,0.414,1,True,low_confidence;reversion
oh_4009455_-8301150:c002,oh_4009455_-8301150,tennis,pickleball,2011,2015,0.414,,True,low_confidence
oh_3911603_-8441090:c010,oh_3911603_-8441090,hybrid,removed,2020,2021,0.415,1,True,low_confidence
oh_3933821_-8451753:c002,oh_3933821_-8451753,removed,tennis,2017,2019,0.415,1,True,low_confidence;reversion
oh_3933821_-8451753:c007,oh_3933821_-8451753,removed,tennis,2015,2017,0.415,1,True,low_confidence;reversion
oh_3934257_-8434321:c001,oh_3934257_-8434321,hybrid,removed,2011,2013,0.415,1,True,low_confidence
oh_3946989_-8420383:c001,oh_3946989_-8420383,tennis,removed,2011,2017,0.415,1,True,low_confidence
oh_4007229_-8298411:c005,oh_4007229_-8298411,hybrid,tennis,2013,2015,0.415,1,True,low_confidence;reversion
oh_4015629_-8309838:c004,oh_4015629_-8309838,tennis,hybrid,2017,2019,0.415,1,True,low_confidence
oh_3904532_-8262858:c002,oh_3904532_-8262858,tennis,removed,2017,2019,0.416,1,True,low_confidence
oh_3925746_-8436127:c002,oh_3925746_-8436127,tennis,hybrid,2019,2021,0.416,1,True,low_confidence
oh_3938541_-8457297:c003,oh_3938541_-8457297,tennis,removed,2019,2021,0.416,1,True,low_confidence
oh_3963257_-8412497:c002,oh_3963257_-8412497,pickleball,tennis,2021,2023,0.416,1,True,low_confidence;reversion
oh_3963933_-8419860:c003,oh_3963933_-8419860,tennis,hybrid,2019,2021,0.416,1,True,low_confidence
oh_4016930_-8291218:c002,oh_4016930_-8291218,tennis,hybrid,2017,2019,0.416,1,True,low_confidence
oh_4017083_-8298267:c003,oh_4017083_-8298267,tennis,hybrid,2011,2013,0.416,1,True,low_confidence
oh_3911603_-8441090:c013,oh_3911603_-8441090,removed,tennis,2021,2022,0.417,1,True,low_confidence;reversion
oh_3937253_-8456332:c001,oh_3937253_-8456332,tennis,pickleball,2011,2013,0.417,2,True,low_confidence
oh_3981932_-8429402:c001,oh_3981932_-8429402,tennis,removed,2017,2019,0.417,1,True,low_confidence
oh_3989970_-8270254:c001,oh_3989970_-8270254,tennis,removed,2013,2015,0.417,1,True,low_confidence
oh_3994144_-8286582:c003,oh_3994144_-8286582,hybrid,tennis,2011,2013,0.417,1,True,low_confidence;reversion
oh_4001374_-8306353:c011,oh_4001374_-8306353,tennis,hybrid,2021,2023,0.417,1,True,low_confidence
oh_4001827_-8211764:c001,oh_4001827_-8211764,removed,tennis,2017,2019,0.417,1,True,low_confidence;reversion
oh_4003002_-8304705:c013,oh_4003002_-8304705,removed,tennis,2015,2017,0.417,1,True,low_confidence;reversion
oh_4006102_-8305882:c003,oh_4006102_-8305882,tennis,removed,2011,2013,0.417,1,True,low_confidence
oh_4009521_-8306279:c004,oh_4009521_-8306279,tennis,hybrid,2019,2021,0.417,1,True,low_confidence
oh_4012268_-8294946:c001,oh_4012268_-8294946,removed,tennis,2013,2015,0.417,1,True,low_confidence;reversion
oh_4012501_-8311437:c001,oh_4012501_-8311437,removed,tennis,2015,2017,0.417,1,True,low_confidence;reversion
oh_4027723_-8290380:c002,oh_4027723_-8290380,tennis,hybrid,2019,2021,0.417,1,True,low_confidence
oh_4058311_-8419296:c005,oh_4058311_-8419296,removed,tennis,2019,2021,0.417,1,True,low_confidence;reversion
oh_4060475_-8136402:c001,oh_4060475_-8136402,tennis,removed,2011,2013,0.417,1,True,low_confidence
oh_3908015_-8461682:c001,oh_3908015_-8461682,pickleball,removed,2021,2022,0.418,1,True,low_confidence
oh_3943034_-8420435:c001,oh_3943034_-8420435,tennis,hybrid,2019,2021,0.418,1,True,low_confidence
oh_3972079_-8403198:c001,oh_3972079_-8403198,tennis,removed,2019,2021,0.418,1,True,low_confidence
oh_3993675_-8403448:c002,oh_3993675_-8403448,removed,tennis,2011,2015,0.418,1,True,low_confidence;reversion
oh_3997367_-8286954:c007,oh_3997367_-8286954,tennis,hybrid,2017,2019,0.418,1,True,low_confidence
oh_3999972_-8301999:c012,oh_3999972_-8301999,tennis,hybrid,2017,2019,0.418,1,True,low_confidence
oh_4038470_-8247401:c007,oh_4038470_-8247401,removed,pickleball,2015,2017,0.418,1,True,low_confidence;reversion
oh_3929412_-8445296:c001,oh_3929412_-8445296,tennis,removed,2015,2017,0.419,1,True,low_confidence
oh_3972696_-8259509:c002,oh_3972696_-8259509,tennis,hybrid,2021,2023,0.419,1,True,low_confidence
oh_3978394_-8404696:c001,oh_3978394_-8404696,tennis,hybrid,2019,2021,0.42,1,True,low_confidence
oh_3997623_-8300865:c001,oh_3997623_-8300865,tennis,removed,2013,2015,0.42,1,True,low_confidence
oh_4009725_-8311951:c001,oh_4009725_-8311951,removed,pickleball,2015,2017,0.42,,True,low_confidence;reversion
oh_3933076_-8427797:c001,oh_3933076_-8427797,tennis,removed,2019,2021,0.421,1,True,low_confidence
oh_3987306_-8434346:c002,oh_3987306_-8434346,removed,tennis,2011,2013,0.421,1,True,low_confidence;reversion
oh_3995300_-8293687:c008,oh_3995300_-8293687,removed,pickleball,2015,2017,0.421,,True,low_confidence;reversion
oh_3998028_-8303435:c002,oh_3998028_-8303435,pickleball,removed,2011,2013,0.421,1,True,low_confidence
oh_4004931_-8304791:c001,oh_4004931_-8304791,removed,hybrid,2021,2023,0.421,1,True,low_confidence;reversion
oh_4032834_-8061690:c001,oh_4032834_-8061690,tennis,hybrid,2016,2018,0.421,1,True,low_confidence
oh_3910279_-8449653:c001,oh_3910279_-8449653,pickleball,hybrid,2021,2023,0.422,1,True,low_confidence
oh_3917478_-8447020:c002,oh_3917478_-8447020,tennis,removed,2019,2021,0.422,1,True,low_confidence
oh_3923302_-8460472:c002,oh_3923302_-8460472,tennis,hybrid,2017,2019,0.422,1,True,low_confidence
oh_3953941_-8344536:c002,oh_3953941_-8344536,tennis,removed,2013,2015,0.422,1,True,low_confidence
oh_3993804_-8381480:c005,oh_3993804_-8381480,tennis,removed,2021,2023,0.422,1,True,low_confidence
oh_3994117_-8328946:c001,oh_3994117_-8328946,tennis,removed,2011,2013,0.422,1,True,low_confidence
oh_4027484_-8184106:c004,oh_4027484_-8184106,tennis,removed,2011,2013,0.422,1,True,low_confidence
oh_3904532_-8262858:c004,oh_3904532_-8262858,tennis,removed,2019,2021,0.423,1,True,low_confidence
oh_3911603_-8441090:c003,oh_3911603_-8441090,hybrid,tennis,2021,2022,0.423,1,True,low_confidence;reversion
oh_3918015_-8433149:c002,oh_3918015_-8433149,tennis,hybrid,2019,2021,0.423,1,True,low_confidence
oh_3918015_-8433149:c002,oh_3918015_-8433149,hybrid,tennis,2021,2023,0.423,1,True,low_confidence;reversion
oh_3937749_-8456079:c002,oh_3937749_-8456079,tennis,removed,2019,2021,0.423,1,True,low_confidence
oh_3956716_-8430618:c001,oh_3956716_-8430618,tennis,removed,2011,2013,0.423,1,True,low_confidence
oh_3963546_-8416232:c004,oh_3963546_-8416232,pickleball,removed,2021,2023,0.423,1,True,low_confidence
oh_3966876_-8410304:c002,oh_3966876_-8410304,tennis,removed,2015,2021,0.423,1,True,low_confidence
oh_3970212_-8394022:c004,oh_3970212_-8394022,hybrid,tennis,2015,2017,0.423,1,True,low_confidence;reversion
oh_4005071_-8287684:c001,oh_4005071_-8287684,tennis,removed,2013,2015,0.423,1,True,low_confidence
oh_4013493_-8314235:c004,oh_4013493_-8314235,tennis,removed,2013,2015,0.423,1,True,low_confidence
oh_4027484_-8184106:c001,oh_4027484_-8184106,removed,hybrid,2021,2023,0.423,1,True,low_confidence;reversion
oh_4042495_-8463683:c003,oh_4042495_-8463683,pickleball,hybrid,2021,2023,0.423,1,True,low_confidence
oh_4043011_-8330005:c001,oh_4043011_-8330005,hybrid,tennis,2019,2021,0.423,1,True,low_confidence;reversion
oh_4043011_-8330005:c001,oh_4043011_-8330005,tennis,removed,2021,2023,0.423,1,True,low_confidence
oh_3914736_-8437836:c008,oh_3914736_-8437836,removed,tennis,2019,2023,0.424,1,True,low_confidence;reversion
oh_3941214_-8141923:c001,oh_3941214_-8141923,removed,tennis,2017,2018,0.424,1,True,low_confidence;reversion
oh_3942055_-8446925:c001,oh_3942055_-8446925,tennis,removed,2011,2013,0.424,1,True,low_confidence
oh_3945675_-8386212:c001,oh_3945675_-8386212,tennis,removed,2011,2013,0.424,1,True,low_confidence
oh_3964647_-8420521:c001,oh_3964647_-8420521,tennis,removed,2017,2021,0.424,1,True,low_confidence
oh_3874385_-8297608:c006,oh_3874385_-8297608,tennis,removed,2014,2015,0.425,1,True,low_confidence
oh_3908191_-8442032:c001,oh_3908191_-8442032,tennis,removed,2021,2022,0.425,1,True,low_confidence
oh_3909556_-8456863:c001,oh_3909556_-8456863,tennis,removed,2019,2020,0.425,1,True,low_confidence
oh_3937599_-8456289:c001,oh_3937599_-8456289,removed,tennis,2013,2015,0.425,1,True,low_confidence;reversion
oh_3944122_-8222194:c002,oh_3944122_-8222194,removed,hybrid,2015,2017,0.425,1,True,low_confidence;reversion
oh_4002014_-8263953:c001,oh_4002014_-8263953,tennis,removed,2015,2017,0.425,1,True,low_confidence
oh_4008507_-8315442:c001,oh_4008507_-8315442,tennis,hybrid,2013,2015,0.425,1,True,low_confidence
oh_4009521_-8306279:c005,oh_4009521_-8306279,tennis,hybrid,2019,2021,0.425,1,True,low_confidence
oh_4036568_-8143019:c002,oh_4036568_-8143019,tennis,removed,2011,2013,0.425,1,True,low_confidence
oh_4044073_-8402991:c005,oh_4044073_-8402991,tennis,pickleball,2017,2019,0.425,1,True,low_confidence
oh_4052145_-8062897:c001,oh_4052145_-8062897,removed,hybrid,2017,2018,0.425,1,True,low_confidence;reversion
oh_4056686_-8299393:c001,oh_4056686_-8299393,tennis,removed,2017,2019,0.425,1,True,low_confidence
oh_3911603_-8441090:c001,oh_3911603_-8441090,tennis,hybrid,2017,2018,0.426,1,True,low_confidence
oh_3914020_-8443910:c012,oh_3914020_-8443910,removed,hybrid,2017,2019,0.426,1,True,low_confidence;reversion
oh_3965642_-8410117:c002,oh_3965642_-8410117,tennis,hybrid,2019,2021,0.426,1,True,low_confidence
oh_4008854_-8295902:c006,oh_4008854_-8295902,tennis,hybrid,2019,2021,0.426,1,True,low_confidence
oh_4014002_-8315442:c004,oh_4014002_-8315442,tennis,hybrid,2017,2019,0.426,1,True,low_confidence
oh_4015297_-8314204:c003,oh_4015297_-8314204,tennis,removed,2013,2015,0.426,1,True,low_confidence
oh_4041390_-8246758:c002,oh_4041390_-8246758,tennis,hybrid,2019,2021,0.426,1,True,low_confidence
oh_3905696_-8433418:c003,oh_3905696_-8433418,removed,pickleball,2018,2020,0.427,,True,low_confidence;reversion
oh_3914092_-8442168:c002,oh_3914092_-8442168,tennis,hybrid,2021,2023,0.427,1,True,low_confidence
oh_3921006_-8433227:c001,oh_3921006_-8433227,tennis,removed,2011,2019,0.427,1,True,low_confidence
oh_3932055_-8432269:c001,oh_3932055_-8432269,tennis,pickleball,2015,2017,0.427,,True,low_confidence
oh_3937354_-8212811:c003,oh_3937354_-8212811,removed,hybrid,2017,2019,0.427,1,True,low_confidence;reversion
oh_3984610_-8385416:c001,oh_3984610_-8385416,removed,tennis,2013,2015,0.427,1,True,low_confidence;reversion
oh_4003002_-8317065:c001,oh_4003002_-8317065,tennis,removed,2013,2015,0.427,1,True,low_confidence
oh_4007331_-8094206:c002,oh_4007331_-8094206,tennis,hybrid,2019,2023,0.427,1,True,low_confidence
oh_3917045_-8449215:c001,oh_3917045_-8449215,tennis,removed,2011,2013,0.428,1,True,low_confidence
oh_3927366_-8444324:c016,oh_3927366_-8444324,removed,pickleball,2017,2019,0.428,,True,low_confidence;reversion
oh_3934848_-8444274:c002,oh_3934848_-8444274,tennis,removed,2019,2021,0.428,1,True,low_confidence
oh_3949106_-8429745:c001,oh_3949106_-8429745,removed,tennis,2017,2019,0.428,1,True,low_confidence;reversion
oh_4005020_-8294298:c005,oh_4005020_-8294298,tennis,hybrid,2019,2021,0.428,1,True,low_confidence
oh_4005020_-8294298:c005,oh_4005020_-8294298,hybrid,tennis,2021,2023,0.428,1,True,low_confidence;reversion
oh_3927366_-8444324:c002,oh_3927366_-8444324,removed,pickleball,2017,2019,0.429,,True,low_confidence;reversion
oh_3936112_-8422262:c004,oh_3936112_-8422262,tennis,hybrid,2019,2021,0.429,1,True,low_confidence
oh_3937354_-8212811:c001,oh_3937354_-8212811,hybrid,tennis,2017,2019,0.429,1,True,low_confidence;reversion
oh_4034918_-8375428:c004,oh_4034918_-8375428,tennis,removed,2011,2013,0.429,1,True,low_confidence
oh_3918567_-8433295:c001,oh_3918567_-8433295,tennis,pickleball,2019,2021,0.43,,True,low_confidence
oh_3927740_-8444537:c006,oh_3927740_-8444537,tennis,hybrid,2017,2019,0.43,1,True,low_confidence
oh_3937812_-8434674:c007,oh_3937812_-8434674,tennis,removed,2011,2013,0.43,1,True,low_confidence
oh_3983897_-8281119:c003,oh_3983897_-8281119,removed,tennis,2013,2015,0.43,1,True,low_confidence;reversion
oh_4016930_-8291218:c001,oh_4016930_-8291218,tennis,hybrid,2017,2019,0.43,1,True,low_confidence
oh_4058311_-8419296:c002,oh_4058311_-8419296,tennis,removed,2011,2013,0.43,1,True,low_confidence
oh_3919389_-8455004:c002,oh_3919389_-8455004,tennis,pickleball,2017,2019,0.431,,True,low_confidence
oh_3951405_-8237330:c004,oh_3951405_-8237330,tennis,hybrid,2019,2021,0.431,1,True,low_confidence
oh_3978546_-8420199:c009,oh_3978546_-8420199,tennis,hybrid,2021,2023,0.431,1,True,low_confidence
oh_3987306_-8434346:c003,oh_3987306_-8434346,removed,tennis,2011,2013,0.431,1,True,low_confidence;reversion
oh_4008854_-8295902:c015,oh_4008854_-8295902,removed,pickleball,2017,2019,0.431,,True,low_confidence;reversion
oh_4009725_-8311951:c001,oh_4009725_-8311951,tennis,removed,2011,2013,0.431,1,True,low_confidence
oh_3908555_-8459768:c001,oh_3908555_-8459768,tennis,hybrid,2016,2018,0.432,1,True,low_confidence
oh_3908555_-8459768:c001,oh_3908555_-8459768,hybrid,removed,2018,2020,0.432,1,True,low_confidence
oh_3927366_-8444324:c009,oh_3927366_-8444324,removed,pickleball,2017,2019,0.432,,True,low_confidence;reversion
oh_3965829_-8245295:c002,oh_3965829_-8245295,tennis,hybrid,2019,2021,0.432,1,True,low_confidence
oh_3999677_-8117754:c001,oh_3999677_-8117754,tennis,removed,2011,2013,0.432,1,True,low_confidence
oh_4004063_-8246681:c001,oh_4004063_-8246681,hybrid,removed,2019,2021,0.432,1,True,low_confidence
oh_4009252_-8309596:c002,oh_4009252_-8309596,pickleball,hybrid,2021,2023,0.432,1,True,low_confidence
oh_4044073_-8402991:c006,oh_4044073_-8402991,tennis,pickleball,2019,2021,0.432,1,True,low_confidence
oh_3908555_-8459768:c003,oh_3908555_-8459768,hybrid,removed,2018,2019,0.433,1,True,low_confidence
oh_3912881_-8297695:c004,oh_3912881_-8297695,removed,tennis,2013,2015,0.433,1,True,low_confidence;reversion
oh_3921131_-8439943:c005,oh_3921131_-8439943,removed,tennis,2017,2019,0.433,1,True,low_confidence;reversion
oh_3926950_-8447004:c003,oh_3926950_-8447004,tennis,hybrid,2019,2021,0.433,1,True,low_confidence
oh_3927366_-8444324:c015,oh_3927366_-8444324,removed,pickleball,2021,2023,0.433,,True,low_confidence;reversion
oh_3933152_-8443277:c001,oh_3933152_-8443277,tennis,removed,2011,2015,0.433,1,True,low_confidence
oh_3943034_-8420435:c003,oh_3943034_-8420435,tennis,hybrid,2019,2021,0.433,1,True,low_confidence
oh_3962273_-8414816:c001,oh_3962273_-8414816,tennis,hybrid,2019,2021,0.433,1,True,low_confidence
oh_4005929_-8307694:c001,oh_4005929_-8307694,tennis,removed,2019,2021,0.433,1,True,low_confidence
oh_4011805_-8292128:c004,oh_4011805_-8292128,tennis,hybrid,2021,2023,0.433,1,True,low_confidence
oh_4031837_-8118689:c001,oh_4031837_-8118689,removed,pickleball,2019,2021,0.433,,True,low_confidence;reversion
oh_4060061_-8449297:c001,oh_4060061_-8449297,tennis,hybrid,2017,2019,0.433,1,True,low_confidence
oh_3908015_-8461682:c002,oh_3908015_-8461682,tennis,removed,2015,2016,0.434,1,True,low_confidence
oh_3913005_-8451561:c001,oh_3913005_-8451561,tennis,hybrid,2017,2019,0.434,1,True,low_confidence
oh_3928707_-8429798:c002,oh_3928707_-8429798,pickleball,hybrid,2021,2023,0.434,1,True,low_confidence
oh_3955324_-8429837:c003,oh_3955324_-8429837,removed,hybrid,2011,2013,0.434,1,True,low_confidence;reversion
oh_3999972_-8301999:c013,oh_3999972_-8301999,tennis,hybrid,2019,2021,0.434,1,True,low_confidence
oh_4005911_-8251706:c004,oh_4005911_-8251706,tennis,removed,2011,2013,0.434,1,True,low_confidence
oh_3888228_-8390146:c004,oh_3888228_-8390146,pickleball,tennis,2013,2015,0.435,1,True,low_confidence;reversion
oh_3923302_-8460472:c002,oh_3923302_-8460472,hybrid,tennis,2011,2013,0.435,1,True,low_confidence;reversion
oh_3924023_-8440271:c001,oh_3924023_-8440271,tennis,pickleball,2013,2019,0.435,,True,low_confidence
oh_3927019_-8432558:c002,oh_3927019_-8432558,pickleball,tennis,2019,2021,0.435,1,True,low_confidence;reversion
oh_3928701_-8452419:c004,oh_3928701_-8452419,tennis,hybrid,2021,2023,0.435,1,True,low_confidence
oh_3952513_-8344619:c002,oh_3952513_-8344619,pickleball,tennis,2019,2021,0.435,1,True,low_confidence;reversion
oh_3952513_-8344619:c002,oh_3952513_-8344619,tennis,hybrid,2021,2023,0.435,1,True,low_confidence
oh_3996690_-8201927:c001,oh_3996690_-8201927,pickleball,removed,2019,2021,0.435,1,True,low_confidence
oh_4008854_-8295902:c020,oh_4008854_-8295902,pickleball,removed,2011,2013,0.435,1,True,low_confidence
oh_4008854_-8295902:c020,oh_4008854_-8295902,removed,pickleball,2013,2015,0.435,1,True,low_confidence;reversion
oh_3910137_-8462545:c001,oh_3910137_-8462545,tennis,removed,2014,2016,0.436,1,True,low_confidence
oh_3920073_-8430831:c001,oh_3920073_-8430831,removed,tennis,2013,2015,0.436,1,True,low_confidence;reversion
oh_3926344_-8432088:c003,oh_3926344_-8432088,tennis,hybrid,2021,2023,0.436,1,True,low_confidence
oh_3941864_-8146970:c003,oh_3941864_-8146970,tennis,hybrid,2019,2020,0.436,1,True,low_confidence
oh_3987306_-8434346:c004,oh_3987306_-8434346,removed,tennis,2011,2013,0.436,1,True,low_confidence;reversion
oh_3896248_-8408355:c001,oh_3896248_-8408355,removed,tennis,2013,2017,0.437,1,True,low_confidence;reversion
oh_3908485_-8427220:c001,oh_3908485_-8427220,tennis,hybrid,2021,2023,0.437,1,True,low_confidence
oh_3952513_-8344619:c001,oh_3952513_-8344619,tennis,hybrid,2013,2015,0.437,1,True,low_confidence
oh_3957610_-8346969:c001,oh_3957610_-8346969,removed,pickleball,2013,2017,0.437,,True,low_confidence;reversion
oh_3999972_-8301999:c005,oh_3999972_-8301999,tennis,hybrid,2019,2021,0.437,1,True,low_confidence
oh_4000296_-8320152:c010,oh_4000296_-8320152,tennis,hybrid,2021,2023,0.437,1,True,low_confidence
oh_4001374_-8306353:c001,oh_4001374_-8306353,tennis,removed,2011,2013,0.437,1,True,low_confidence
oh_3917402_-8474933:c001,oh_3917402_-8474933,removed,tennis,2014,2016,0.438,1,True,low_confidence;reversion
oh_3927366_-8444324:c004,oh_3927366_-8444324,removed,tennis,2013,2017,0.438,1,True,low_confidence;reversion
oh_3953941_-8344536:c001,oh_3953941_-8344536,removed,pickleball,2019,2021,0.438,1,True,low_confidence;reversion
oh_3954483_-8342363:c001,oh_3954483_-8342363,removed,hybrid,2021,2023,0.438,1,True,low_confidence;reversion
oh_3964901_-8422999:c002,oh_3964901_-8422999,tennis,hybrid,2019,2021,0.438,1,True,low_confidence
oh_3970212_-8394022:c006,oh_3970212_-8394022,hybrid,tennis,2015,2017,0.438,1,True,low_confidence;reversion
oh_3984980_-8413037:c001,oh_3984980_-8413037,removed,pickleball,2013,2017,0.438,6,True,low_confidence;reversion
oh_3997837_-8291874:c001,oh_3997837_-8291874,tennis,hybrid,2019,2021,0.438,1,True,low_confidence
oh_4001399_-8302402:c010,oh_4001399_-8302402,removed,tennis,2015,2017,0.438,1,True,low_confidence;reversion
oh_4003002_-8304705:c004,oh_4003002_-8304705,tennis,hybrid,2021,2023,0.438,1,True,low_confidence
oh_4008226_-8292471:c004,oh_4008226_-8292471,tennis,hybrid,2019,2021,0.438,1,True,low_confidence
oh_4014002_-8315442:c002,oh_4014002_-8315442,tennis,removed,2021,2023,0.438,1,True,low_confidence
oh_4017012_-8289129:c003,oh_4017012_-8289129,tennis,removed,2011,2013,0.438,1,True,low_confidence
oh_4029278_-8306518:c004,oh_4029278_-8306518,tennis,removed,2011,2013,0.438,1,True,low_confidence
oh_3904966_-8434988:c006,oh_3904966_-8434988,tennis,hybrid,2022,2023,0.439,1,True,low_confidence
oh_3934257_-8434321:c001,oh_3934257_-8434321,removed,tennis,2015,2017,0.439,1,True,low_confidence;reversion
oh_4003950_-8304973:c001,oh_4003950_-8304973,pickleball,removed,2011,2015,0.439,1,True,low_confidence
oh_4007130_-8296503:c001,oh_4007130_-8296503,hybrid,tennis,2013,2015,0.439,1,True,low_confidence;reversion
oh_4058311_-8419296:c006,oh_4058311_-8419296,removed,tennis,2019,2021,0.439,1,True,low_confidence;reversion
oh_3912714_-8446137:c002,oh_3912714_-8446137,removed,pickleball,2016,2021,0.44,,True,low_confidence;reversion
oh_3918508_-8438883:c003,oh_3918508_-8438883,tennis,hybrid,2011,2013,0.44,1,True,low_confidence
oh_3931603_-8427097:c002,oh_3931603_-8427097,hybrid,tennis,2019,2021,0.44,1,True,low_confidence;reversion
oh_3958661_-8412952:c003,oh_3958661_-8412952,tennis,hybrid,2021,2023,0.44,1,True,low_confidence
oh_3967130_-8412897:c001,oh_3967130_-8412897,removed,pickleball,2019,2021,0.44,1,True,low_confidence;reversion
oh_3990856_-8296791:c001,oh_3990856_-8296791,tennis,hybrid,2021,2023,0.44,1,True,low_confidence
oh_3918285_-8443055:c007,oh_3918285_-8443055,tennis,removed,2021,2023,0.441,1,True,low_confidence
oh_3918638_-8436981:c002,oh_3918638_-8436981,tennis,hybrid,2015,2019,0.441,1,True,low_confidence
oh_3918901_-8459899:c001,oh_3918901_-8459899,tennis,removed,2017,2019,0.441,1,True,low_confidence
oh_3927366_-8444324:c008,oh_3927366_-8444324,removed,pickleball,2017,2019,0.441,,True,low_confidence;reversion
oh_3927462_-8159118:c002,oh_3927462_-8159118,tennis,removed,2018,2019,0.441,1,True,low_confidence
oh_3927753_-8456662:c001,oh_3927753_-8456662,tennis,removed,2011,2013,0.441,1,True,low_confidence
oh_4012471_-8299859:c001,oh_4012471_-8299859,tennis,removed,2013,2015,0.441,1,True,low_confidence
oh_4029381_-8306404:c006,oh_4029381_-8306404,tennis,removed,2011,2013,0.441,1,True,low_confidence
oh_3892772_-8377921:c003,oh_3892772_-8377921,tennis,pickleball,2011,2015,0.442,2,True,low_confidence
oh_3909546_-8464147:c004,oh_3909546_-8464147,pickleball,tennis,2011,2012,0.442,1,True,low_confidence;reversion
oh_3909546_-8464147:c004,oh_3909546_-8464147,tennis,pickleball,2012,2013,0.442,1,True,low_confidence
oh_3928994_-8429292:c002,oh_3928994_-8429292,hybrid,tennis,2013,2015,0.442,1,True,low_confidence;reversion
oh_3928994_-8429292:c002,oh_3928994_-8429292,tennis,pickleball,2015,2017,0.442,,True,low_confidence
oh_3933014_-8300224:c005,oh_3933014_-8300224,removed,tennis,2021,2023,0.442,1,True,low_confidence;reversion
oh_3943996_-8381774:c002,oh_3943996_-8381774,removed,pickleball,2017,2019,0.442,,True,low_confidence;reversion
oh_3986294_-8430734:c001,oh_3986294_-8430734,hybrid,tennis,2013,2015,0.442,1,True,low_confidence;reversion
oh_4014669_-8318005:c001,oh_4014669_-8318005,tennis,hybrid,2017,2019,0.442,1,True,low_confidence
oh_3893706_-8426303:c001,oh_3893706_-8426303,tennis,hybrid,2016,2017,0.443,1,True,low_confidence
oh_3902923_-8427071:c002,oh_3902923_-8427071,hybrid,tennis,2021,2022,0.443,1,True,low_confidence;reversion
oh_3911603_-8441090:c011,oh_3911603_-8441090,removed,tennis,2021,2022,0.443,1,True,low_confidence;reversion
oh_3975376_-8419256:c009,oh_3975376_-8419256,tennis,pickleball,2019,2021,0.443,1,True,low_confidence
oh_4000053_-8307502:c006,oh_4000053_-8307502,tennis,hybrid,2017,2019,0.443,1,True,low_confidence
oh_4003002_-8304705:c008,oh_4003002_-8304705,hybrid,tennis,2013,2015,0.443,1,True,low_confidence;reversion
oh_4008226_-8292471:c004,oh_4008226_-8292471,hybrid,tennis,2013,2015,0.443,1,True,low_confidence;reversion
oh_4012225_-8315993:c001,oh_4012225_-8315993,hybrid,tennis,2015,2019,0.443,1,True,low_confidence;reversion
oh_3993936_-8298028:c005,oh_3993936_-8298028,removed,tennis,2013,2015,0.444,1,True,low_confidence;reversion
oh_4012268_-8294946:c001,oh_4012268_-8294946,tennis,removed,2011,2013,0.444,1,True,low_confidence
oh_4036432_-8067731:c001,oh_4036432_-8067731,tennis,removed,2017,2019,0.444,1,True,low_confidence
oh_3905696_-8433418:c004,oh_3905696_-8433418,hybrid,tennis,2019,2020,0.445,1,True,low_confidence;reversion
oh_3910279_-8449653:c002,oh_3910279_-8449653,hybrid,pickleball,2019,2020,0.445,,True,low_confidence
oh_3914393_-8441519:c007,oh_3914393_-8441519,hybrid,tennis,2021,2023,0.445,1,True,low_confidence;reversion
oh_3917402_-8474933:c002,oh_3917402_-8474933,hybrid,tennis,2019,2020,0.445,1,True,low_confidence;reversion
oh_3934840_-8440351:c001,oh_3934840_-8440351,tennis,removed,2019,2023,0.445,1,True,low_confidence
oh_3967178_-8425097:c001,oh_3967178_-8425097,hybrid,pickleball,2021,2023,0.445,,True,low_confidence
oh_3967241_-8087144:c002,oh_3967241_-8087144,tennis,removed,2011,2013,0.445,1,True,low_confidence
oh_3967873_-8413312:c001,oh_3967873_-8413312,tennis,hybrid,2021,2023,0.445,1,True,low_confidence
oh_3970587_-8260894:c003,oh_3970587_-8260894,pickleball,hybrid,2011,2013,0.445,1,True,low_confidence
oh_3973220_-8413772:c001,oh_3973220_-8413772,tennis,hybrid,2021,2023,0.445,1,True,low_confidence
oh_3987508_-8309387:c002,oh_3987508_-8309387,tennis,removed,2013,2015,0.445,1,True,low_confidence
oh_3994614_-8308222:c002,oh_3994614_-8308222,removed,tennis,2015,2017,0.445,1,True,low_confidence;reversion
oh_3995559_-8349054:c003,oh_3995559_-8349054,removed,pickleball,2017,2019,0.445,2,True,low_confidence;reversion
oh_3997861_-8283214:c002,oh_3997861_-8283214,tennis,removed,2019,2021,0.445,1,True,low_confidence
oh_4004258_-8281783:c002,oh_4004258_-8281783,removed,pickleball,2015,2017,0.445,,True,low_confidence;reversion
oh_4007879_-8303669:c003,oh_4007879_-8303669,pickleball,removed,2011,2015,0.445,1,True,low_confidence
oh_4046046_-8061065:c001,oh_4046046_-8061065,tennis,removed,2017,2018,0.445,1,True,low_confidence
oh_3904966_-8434988:c003,oh_3904966_-8434988,tennis,hybrid,2016,2017,0.446,1,True,low_confidence
oh_3915443_-8449093:c001,oh_3915443_-8449093,tennis,removed,2021,2023,0.446,1,True,low_confidence
oh_3918266_-8361227:c006,oh_3918266_-8361227,removed,tennis,2015,2019,0.446,1,True,low_confidence;reversion
oh_3920958_-8456103:c001,oh_3920958_-8456103,tennis,removed,2015,2017,0.446,1,True,low_confidence
oh_3933821_-8451753:c007,oh_3933821_-8451753,tennis,removed,2013,2015,0.446,1,True,low_confidence
oh_3910279_-8449653:c004,oh_3910279_-8449653,hybrid,pickleball,2019,2020,0.447,4,True,low_confidence
oh_3918259_-8436274:c002,oh_3918259_-8436274,pickleball,tennis,2011,2013,0.447,1,True,low_confidence;reversion
oh_3922951_-8414842:c004,oh_3922951_-8414842,removed,tennis,2015,2017,0.447,1,True,low_confidence;reversion
oh_3966789_-8410437:c001,oh_3966789_-8410437,tennis,pickleball,2019,2021,0.447,,True,low_confidence
oh_3975194_-8420770:c001,oh_3975194_-8420770,tennis,removed,2017,2019,0.447,1,True,low_confidence
oh_3976260_-8403125:c005,oh_3976260_-8403125,removed,pickleball,2017,2021,0.447,,True,low_confidence;reversion
oh_3976260_-8403125:c005,oh_3976260_-8403125,pickleball,hybrid,2021,2023,0.447,1,True,low_confidence
oh_4006102_-8305882:c001,oh_4006102_-8305882,removed,hybrid,2021,2023,0.447,1,True,low_confidence;reversion
oh_4007879_-8303669:c004,oh_4007879_-8303669,removed,pickleball,2015,2017,0.447,,True,low_confidence;reversion
oh_4033545_-8199940:c001,oh_4033545_-8199940,tennis,removed,2011,2013,0.447,1,True,low_confidence
oh_3910279_-8449653:c005,oh_3910279_-8449653,tennis,pickleball,2018,2019,0.448,4,True,low_confidence
oh_3973131_-8416868:c001,oh_3973131_-8416868,tennis,hybrid,2021,2023,0.448,1,True,low_confidence
oh_3997367_-8286954:c008,oh_3997367_-8286954,tennis,hybrid,2019,2021,0.448,1,True,low_confidence
oh_3997681_-8202832:c001,oh_3997681_-8202832,tennis,hybrid,2019,2021,0.448,1,True,low_confidence
oh_4006720_-8284291:c001,oh_4006720_-8284291,hybrid,removed,2013,2015,0.448,1,True,low_confidence
oh_4013351_-8298019:c005,oh_4013351_-8298019,tennis,hybrid,2021,2023,0.448,1,True,low_confidence
oh_4013420_-8426145:c005,oh_4013420_-8426145,tennis,hybrid,2019,2021,0.448,1,True,low_confidence
oh_4013529_-8374599:c002,oh_4013529_-8374599,hybrid,tennis,2021,2023,0.448,1,True,low_confidence;reversion
oh_4036671_-8374967:c005,oh_4036671_-8374967,pickleball,hybrid,2021,2023,0.448,1,True,low_confidence
oh_3919813_-8432993:c001,oh_3919813_-8432993,hybrid,removed,2019,2023,0.449,1,True,low_confidence
oh_3932113_-8209757:c004,oh_3932113_-8209757,tennis,removed,2013,2015,0.449,1,True,low_confidence
oh_3993804_-8381480:c008,oh_3993804_-8381480,tennis,removed,2019,2021,0.449,1,True,low_confidence
oh_4026429_-8100509:c002,oh_4026429_-8100509,tennis,removed,2019,2023,0.449,1,True,low_confidence
oh_3906631_-8437916:c001,oh_3906631_-8437916,tennis,removed,2014,2016,0.45,1,True,low_confidence
oh_3916690_-8437108:c001,oh_3916690_-8437108,tennis,removed,2017,2021,0.45,1,True,low_confidence
oh_3930925_-8429106:c002,oh_3930925_-8429106,tennis,hybrid,2019,2021,0.45,1,True,low_confidence
oh_3972079_-8403198:c004,oh_3972079_-8403198,tennis,removed,2019,2021,0.45,1,True,low_confidence
oh_3996974_-8274712:c007,oh_3996974_-8274712,tennis,hybrid,2021,2023,0.45,1,True,low_confidence
oh_4007710_-8304350:c001,oh_4007710_-8304350,removed,tennis,2015,2017,0.45,1,True,low_confidence;reversion
oh_3933152_-8443277:c004,oh_3933152_-8443277,tennis,removed,2011,2015,0.451,1,True,low_confidence
oh_4003411_-8306952:c004,oh_4003411_-8306952,tennis,hybrid,2019,2021,0.451,1,True,low_confidence
oh_4006686_-8282940:c006,oh_4006686_-8282940,tennis,removed,2011,2013,0.451,1,True,low_confidence
oh_3915846_-8435136:c002,oh_3915846_-8435136,hybrid,tennis,2013,2015,0.452,1,True,low_confidence;reversion
oh_3931808_-8451108:c002,oh_3931808_-8451108,tennis,pickleball,2017,2019,0.452,1,True,low_confidence
oh_3932055_-8432269:c001,oh_3932055_-8432269,pickleball,tennis,2021,2023,0.452,1,True,low_confidence;reversion
oh_3981557_-8419375:c006,oh_3981557_-8419375,hybrid,tennis,2021,2023,0.452,1,True,low_confidence;reversion
oh_3997861_-8283214:c001,oh_3997861_-8283214,removed,tennis,2015,2017,0.452,1,True,low_confidence;reversion
oh_4015629_-8309838:c002,oh_4015629_-8309838,removed,tennis,2015,2017,0.452,1,True,low_confidence;reversion
oh_3963933_-8419860:c003,oh_3963933_-8419860,hybrid,tennis,2011,2013,0.453,1,True,low_confidence;reversion
oh_4003002_-8304705:c014,oh_4003002_-8304705,removed,hybrid,2019,2023,0.453,1,True,low_confidence;reversion
oh_4009521_-8306279:c008,oh_4009521_-8306279,removed,pickleball,2013,2015,0.453,2,True,low_confidence;reversion
oh_4058311_-8419296:c004,oh_4058311_-8419296,removed,tennis,2019,2021,0.453,1,True,low_confidence;reversion
oh_3917305_-8470508:c003,oh_3917305_-8470508,tennis,removed,2014,2016,0.454,1,True,low_confidence
oh_3936724_-8430117:c009,oh_3936724_-8430117,tennis,hybrid,2019,2021,0.454,1,True,low_confidence
oh_3973758_-8428500:c007,oh_3973758_-8428500,tennis,hybrid,2017,2019,0.454,1,True,low_confidence
oh_3994843_-8290720:c004,oh_3994843_-8290720,tennis,removed,2019,2023,0.454,1,True,low_confidence
oh_3999972_-8301999:c010,oh_3999972_-8301999,tennis,hybrid,2017,2019,0.454,1,True,low_confidence
oh_3874142_-8320479:c001,oh_3874142_-8320479,removed,tennis,2015,2019,0.455,1,True,low_confidence;reversion
oh_3874142_-8320479:c001,oh_3874142_-8320479,tennis,hybrid,2019,2023,0.455,1,True,low_confidence
oh_3890832_-8257287:c001,oh_3890832_-8257287,removed,hybrid,2015,2017,0.455,1,True,low_confidence;reversion
oh_3914277_-8447945:c004,oh_3914277_-8447945,removed,tennis,2015,2017,0.455,1,True,low_confidence;reversion
oh_3918392_-8423922:c001,oh_3918392_-8423922,tennis,hybrid,2019,2021,0.455,1,True,low_confidence
oh_3933152_-8443277:c002,oh_3933152_-8443277,tennis,removed,2011,2015,0.455,1,True,low_confidence
oh_3997367_-8286954:c009,oh_3997367_-8286954,tennis,pickleball,2017,2019,0.455,,True,low_confidence
oh_3997367_-8286954:c009,oh_3997367_-8286954,pickleball,hybrid,2019,2021,0.455,1,True,low_confidence
oh_4003382_-8316548:c004,oh_4003382_-8316548,tennis,removed,2019,2021,0.455,1,True,low_confidence
oh_4006720_-8284291:c004,oh_4006720_-8284291,removed,hybrid,2011,2013,0.455,1,True,low_confidence;reversion
oh_4016736_-8294557:c005,oh_4016736_-8294557,tennis,hybrid,2019,2021,0.455,1,True,low_confidence
oh_3904940_-8435509:c001,oh_3904940_-8435509,tennis,hybrid,2017,2020,0.456,1,True,low_confidence
oh_3916801_-8419356:c001,oh_3916801_-8419356,hybrid,pickleball,2021,2023,0.456,,True,low_confidence
oh_3931808_-8451108:c003,oh_3931808_-8451108,tennis,pickleball,2017,2019,0.456,1,True,low_confidence
oh_3947209_-8422829:c001,oh_3947209_-8422829,tennis,removed,2011,2023,0.456,1,True,low_confidence
oh_3952422_-8426554:c001,oh_3952422_-8426554,tennis,removed,2015,2019,0.456,1,True,low_confidence
oh_3961116_-8291962:c001,oh_3961116_-8291962,removed,tennis,2017,2019,0.456,1,True,low_confidence;reversion
oh_3961116_-8291962:c002,oh_3961116_-8291962,removed,tennis,2017,2019,0.456,1,True,low_confidence;reversion
oh_3988216_-8298960:c003,oh_3988216_-8298960,hybrid,tennis,2013,2015,0.456,1,True,low_confidence;reversion
oh_3990856_-8296791:c003,oh_3990856_-8296791,removed,tennis,2015,2017,0.456,1,True,low_confidence;reversion
oh_3998134_-8305763:c001,oh_3998134_-8305763,tennis,removed,2011,2015,0.456,1,True,low_confidence
oh_4001399_-8302402:c005,oh_4001399_-8302402,removed,tennis,2017,2019,0.456,1,True,low_confidence;reversion
oh_4005071_-8287684:c003,oh_4005071_-8287684,tennis,hybrid,2021,2023,0.456,1,True,low_confidence
oh_4005399_-8092201:c001,oh_4005399_-8092201,tennis,removed,2021,2023,0.456,1,True,low_confidence
oh_4006761_-8242161:c003,oh_4006761_-8242161,removed,tennis,2017,2019,0.456,1,True,low_confidence;reversion
oh_4020888_-8285136:c001,oh_4020888_-8285136,removed,tennis,2013,2023,0.456,1,True,low_confidence;reversion
oh_4060497_-8066363:c002,oh_4060497_-8066363,removed,hybrid,2019,2020,0.456,1,True,low_confidence;reversion
oh_3905696_-8433418:c003,oh_3905696_-8433418,tennis,removed,2014,2018,0.457,1,True,low_confidence
oh_3908485_-8427220:c003,oh_3908485_-8427220,tennis,hybrid,2021,2023,0.457,1,True,low_confidence
oh_3917045_-8449215:c002,oh_3917045_-8449215,pickleball,tennis,2013,2015,0.457,1,True,low_confidence;reversion
oh_3925002_-8248628:c001,oh_3925002_-8248628,removed,tennis,2015,2017,0.457,1,True,low_confidence;reversion
oh_3941214_-8141923:c002,oh_3941214_-8141923,tennis,removed,2020,2021,0.457,1,True,low_confidence
oh_3950656_-8475476:c001,oh_3950656_-8475476,tennis,removed,2011,2013,0.457,1,True,low_confidence
oh_4004258_-8281783:c001,oh_4004258_-8281783,removed,pickleball,2013,2015,0.457,,True,low_confidence;reversion
oh_3910279_-8449653:c003,oh_3910279_-8449653,pickleball,hybrid,2021,2023,0.458,1,True,low_confidence
oh_3912916_-8445396:c005,oh_3912916_-8445396,pickleball,tennis,2011,2013,0.458,1,True,low_confidence;reversion
oh_3976180_-8415116:c001,oh_3976180_-8415116,removed,tennis,2013,2015,0.458,1,True,low_confidence;reversion
oh_3987508_-8309387:c004,oh_3987508_-8309387,tennis,removed,2013,2015,0.458,1,True,low_confidence
oh_3988216_-8298960:c004,oh_3988216_-8298960,hybrid,tennis,2013,2015,0.458,1,True,low_confidence;reversion
oh_3991480_-8380788:c002,oh_3991480_-8380788,tennis,hybrid,2021,2023,0.458,1,True,low_confidence
oh_3994144_-8286582:c006,oh_3994144_-8286582,removed,tennis,2015,2017,0.458,1,True,low_confidence;reversion
oh_4003382_-8316548:c001,oh_4003382_-8316548,tennis,removed,2019,2021,0.458,1,True,low_confidence
oh_3874385_-8297608:c002,oh_3874385_-8297608,tennis,removed,2012,2013,0.459,1,True,low_confidence
oh_3908015_-8461682:c002,oh_3908015_-8461682,removed,pickleball,2019,2020,0.459,,True,low_confidence;reversion
oh_3914736_-8437836:c021,oh_3914736_-8437836,pickleball,removed,2019,2021,0.459,1,True,low_confidence
oh_3974108_-8380416:c002,oh_3974108_-8380416,removed,pickleball,2015,2017,0.459,,True,low_confidence;reversion
oh_3981968_-8430000:c002,oh_3981968_-8430000,hybrid,removed,2021,2023,0.459,1,True,low_confidence
oh_3996324_-8434766:c001,oh_3996324_-8434766,removed,tennis,2011,2013,0.459,1,True,low_confidence;reversion
oh_4001399_-8302402:c003,oh_4001399_-8302402,removed,tennis,2015,2017,0.459,1,True,low_confidence;reversion
oh_4014669_-8318005:c001,oh_4014669_-8318005,hybrid,tennis,2013,2015,0.459,1,True,low_confidence;reversion
oh_3878544_-8297793:c001,oh_3878544_-8297793,tennis,removed,2011,2013,0.46,1,True,low_confidence
oh_3920323_-8442891:c001,oh_3920323_-8442891,tennis,removed,2011,2021,0.46,1,True,low_confidence
oh_3930530_-8440494:c002,oh_3930530_-8440494,tennis,removed,2021,2023,0.46,1,True,low_confidence
oh_3984610_-8385416:c001,oh_3984610_-8385416,tennis,removed,2019,2021,0.46,1,True,low_confidence
oh_3994843_-8290720:c004,oh_3994843_-8290720,removed,tennis,2015,2017,0.46,1,True,low_confidence;reversion
oh_4004136_-8306038:c001,oh_4004136_-8306038,tennis,removed,2021,2023,0.46,1,True,low_confidence
oh_4014362_-8106914:c001,oh_4014362_-8106914,tennis,hybrid,2017,2019,0.46,1,True,low_confidence
oh_4030681_-8308177:c003,oh_4030681_-8308177,removed,tennis,2015,2017,0.46,1,True,low_confidence;reversion
oh_3908846_-8459179:c001,oh_3908846_-8459179,tennis,removed,2013,2015,0.461,1,True,low_confidence
oh_3919732_-8432106:c001,oh_3919732_-8432106,removed,tennis,2013,2021,0.461,1,True,low_confidence;reversion
oh_3921728_-8456427:c001,oh_3921728_-8456427,removed,tennis,2019,2021,0.461,1,True,low_confidence;reversion
oh_3924705_-8431645:c001,oh_3924705_-8431645,pickleball,tennis,2019,2023,0.461,1,True,low_confidence;reversion
oh_3930729_-8427396:c001,oh_3930729_-8427396,tennis,removed,2011,2013,0.461,1,True,low_confidence
oh_3933668_-8453549:c001,oh_3933668_-8453549,tennis,hybrid,2019,2021,0.461,1,True,low_confidence
oh_3933821_-8451753:c002,oh_3933821_-8451753,tennis,removed,2013,2015,0.461,1,True,low_confidence
oh_3981557_-8419375:c002,oh_3981557_-8419375,hybrid,tennis,2011,2013,0.461,1,True,low_confidence;reversion
oh_4001399_-8302402:c004,oh_4001399_-8302402,removed,tennis,2015,2017,0.461,1,True,low_confidence;reversion
oh_4007400_-8252048:c006,oh_4007400_-8252048,pickleball,tennis,2011,2013,0.461,1,True,low_confidence;reversion
oh_4007864_-8314604:c001,oh_4007864_-8314604,removed,tennis,2013,2015,0.461,1,True,low_confidence;reversion
oh_4012268_-8294946:c001,oh_4012268_-8294946,tennis,hybrid,2019,2021,0.461,1,True,low_confidence
oh_4055479_-8283008:c001,oh_4055479_-8283008,tennis,hybrid,2019,2021,0.461,1,True,low_confidence
oh_3911603_-8441090:c002,oh_3911603_-8441090,tennis,hybrid,2015,2016,0.462,1,True,low_confidence
oh_3921131_-8439943:c001,oh_3921131_-8439943,removed,tennis,2015,2017,0.462,1,True,low_confidence;reversion
oh_3927366_-8444324:c006,oh_3927366_-8444324,removed,tennis,2015,2017,0.462,1,True,low_confidence;reversion
oh_3932842_-8427875:c002,oh_3932842_-8427875,tennis,hybrid,2019,2021,0.462,1,True,low_confidence
oh_3963516_-8408244:c003,oh_3963516_-8408244,tennis,pickleball,2019,2021,0.462,1,True,low_confidence
oh_3993387_-8384055:c003,oh_3993387_-8384055,removed,tennis,2015,2017,0.462,1,True,low_confidence;reversion
oh_4030651_-8305905:c002,oh_4030651_-8305905,pickleball,tennis,2019,2021,0.462,1,True,low_confidence;reversion
oh_3853873_-8268786:c001,oh_3853873_-8268786,tennis,removed,2012,2016,0.463,1,True,low_confidence
oh_3874385_-8297608:c007,oh_3874385_-8297608,tennis,pickleball,2017,2018,0.463,1,True,low_confidence
oh_3907924_-8419937:c001,oh_3907924_-8419937,tennis,removed,2019,2021,0.463,1,True,low_confidence
oh_3911603_-8441090:c015,oh_3911603_-8441090,tennis,hybrid,2016,2018,0.463,1,True,low_confidence
oh_3922825_-8435839:c001,oh_3922825_-8435839,removed,tennis,2013,2017,0.463,1,True,low_confidence;reversion
oh_3982906_-8363354:c003,oh_3982906_-8363354,tennis,hybrid,2019,2021,0.463,1,True,low_confidence
oh_3995311_-8285830:c004,oh_3995311_-8285830,pickleball,hybrid,2019,2021,0.463,1,True,low_confidence
oh_3997681_-8202832:c002,oh_3997681_-8202832,tennis,hybrid,2019,2021,0.463,1,True,low_confidence
oh_4025241_-8185697:c002,oh_4025241_-8185697,tennis,removed,2015,2017,0.463,1,True,low_confidence
oh_3919501_-8431926:c001,oh_3919501_-8431926,tennis,removed,2019,2023,0.464,1,True,low_confidence
oh_3939532_-8415546:c001,oh_3939532_-8415546,tennis,pickleball,2019,2023,0.464,,True,low_confidence
oh_3969633_-8316162:c001,oh_3969633_-8316162,removed,hybrid,2017,2021,0.464,1,True,low_confidence;reversion
oh_3994614_-8308222:c004,oh_3994614_-8308222,tennis,removed,2011,2013,0.464,1,True,low_confidence
oh_3996754_-8418448:c001,oh_3996754_-8418448,hybrid,tennis,2021,2023,0.464,1,True,low_confidence;reversion
oh_3998430_-8289068:c003,oh_3998430_-8289068,tennis,hybrid,2019,2021,0.464,1,True,low_confidence
oh_4001399_-8302402:c002,oh_4001399_-8302402,removed,tennis,2015,2017,0.464,1,True,low_confidence;reversion
oh_4012358_-8304591:c001,oh_4012358_-8304591,tennis,removed,2017,2019,0.464,1,True,low_confidence
oh_3898015_-8428843:c001,oh_3898015_-8428843,tennis,removed,2014,2015,0.465,1,True,low_confidence
oh_3946636_-8147286:c001,oh_3946636_-8147286,tennis,hybrid,2021,2023,0.465,1,True,low_confidence
oh_3952513_-8344619:c001,oh_3952513_-8344619,hybrid,tennis,2019,2021,0.465,1,True,low_confidence;reversion
oh_3952513_-8344619:c001,oh_3952513_-8344619,tennis,hybrid,2021,2023,0.465,1,True,low_confidence
oh_3957610_-8346969:c002,oh_3957610_-8346969,removed,pickleball,2015,2017,0.465,,True,low_confidence;reversion
oh_3997677_-8278207:c001,oh_3997677_-8278207,tennis,hybrid,2021,2023,0.465,1,True,low_confidence
oh_4001374_-8306353:c003,oh_4001374_-8306353,tennis,hybrid,2019,2021,0.465,1,True,low_confidence
oh_4005513_-8310219:c001,oh_4005513_-8310219,removed,pickleball,2015,2021,0.465,2,True,low_confidence;reversion
oh_4055479_-8283008:c001,oh_4055479_-8283008,hybrid,tennis,2013,2015,0.465,1,True,low_confidence;reversion
oh_3906631_-8437916:c001,oh_3906631_-8437916,tennis,pickleball,2021,2023,0.466,,True,low_confidence
oh_3918069_-8446873:c002,oh_3918069_-8446873,removed,tennis,2015,2017,0.466,1,True,low_confidence;reversion
oh_3924215_-8433551:c001,oh_3924215_-8433551,tennis,pickleball,2011,2015,0.466,,True,low_confidence
oh_3927189_-8428681:c001,oh_3927189_-8428681,tennis,hybrid,2021,2023,0.466,1,True,low_confidence
oh_3927366_-8444324:c003,oh_3927366_-8444324,removed,tennis,2011,2017,0.466,1,True,low_confidence;reversion
oh_3967178_-8425097:c001,oh_3967178_-8425097,tennis,hybrid,2015,2017,0.466,1,True,low_confidence
oh_3973758_-8428500:c003,oh_3973758_-8428500,hybrid,tennis,2021,2023,0.466,1,True,low_confidence;reversion
oh_3976260_-8403125:c004,oh_3976260_-8403125,removed,pickleball,2021,2023,0.466,,True,low_confidence;reversion
oh_3978394_-8404696:c002,oh_3978394_-8404696,tennis,hybrid,2019,2021,0.466,1,True,low_confidence
oh_3994843_-8290720:c006,oh_3994843_-8290720,pickleball,removed,2011,2013,0.466,1,True,low_confidence
oh_3996274_-8287019:c004,oh_3996274_-8287019,removed,pickleball,2015,2019,0.466,1,True,low_confidence;reversion
oh_4006686_-8282940:c006,oh_4006686_-8282940,tennis,hybrid,2019,2023,0.466,1,True,low_confidence
oh_4008637_-8287457:c002,oh_4008637_-8287457,hybrid,removed,2015,2019,0.466,1,True,low_confidence
oh_4015308_-8307285:c004,oh_4015308_-8307285,tennis,removed,2011,2013,0.466,1,True,low_confidence
oh_4035018_-8309016:c001,oh_4035018_-8309016,removed,tennis,2011,2013,0.466,1,True,low_confidence;reversion
oh_3872376_-8284629:c001,oh_3872376_-8284629,removed,tennis,2016,2018,0.467,1,True,low_confidence;reversion
oh_3914020_-8443910:c002,oh_3914020_-8443910,tennis,hybrid,2021,2023,0.467,1,True,low_confidence
oh_3943996_-8381774:c001,oh_3943996_-8381774,tennis,removed,2013,2015,0.467,1,True,low_confidence
oh_3952513_-8344619:c003,oh_3952513_-8344619,tennis,hybrid,2017,2021,0.467,1,True,low_confidence
oh_3968108_-8409411:c001,oh_3968108_-8409411,tennis,removed,2017,2019,0.467,1,True,low_confidence
oh_3972576_-8416917:c005,oh_3972576_-8416917,pickleball,tennis,2011,2013,0.467,1,True,low_confidence;reversion
oh_3983897_-8281119:c005,oh_3983897_-8281119,removed,tennis,2017,2019,0.467,1,True,low_confidence;reversion
oh_4006208_-8307043:c002,oh_4006208_-8307043,tennis,hybrid,2017,2019,0.467,1,True,low_confidence
oh_4014002_-8315442:c006,oh_4014002_-8315442,hybrid,tennis,2013,2015,0.467,1,True,low_confidence;reversion
oh_4031437_-8417275:c003,oh_4031437_-8417275,tennis,hybrid,2019,2021,0.467,1,True,low_confidence
oh_3908555_-8459768:c003,oh_3908555_-8459768,tennis,hybrid,2015,2016,0.468,1,True,low_confidence
oh_3912657_-8451097:c001,oh_3912657_-8451097,pickleball,removed,2021,2022,0.468,1,True,low_confidence
oh_3912846_-8450078:c007,oh_3912846_-8450078,tennis,pickleball,2019,2021,0.468,,True,low_confidence
oh_3912846_-8450078:c007,oh_3912846_-8450078,pickleball,removed,2021,2023,0.468,1,True,low_confidence
oh_3917478_-8447020:c003,oh_3917478_-8447020,tennis,removed,2019,2021,0.468,1,True,low_confidence
oh_3923609_-8447074:c003,oh_3923609_-8447074,tennis,pickleball,2021,2023,0.468,,True,low_confidence
oh_3927366_-8444324:c017,oh_3927366_-8444324,pickleball,removed,2019,2021,0.468,1,True,low_confidence
oh_3927366_-8444324:c017,oh_3927366_-8444324,removed,hybrid,2021,2023,0.468,1,True,low_confidence;reversion
oh_3933014_-8300224:c001,oh_3933014_-8300224,hybrid,tennis,2015,2017,0.468,1,True,low_confidence;reversion
oh_3994843_-8290720:c003,oh_3994843_-8290720,removed,tennis,2015,2017,0.468,1,True,low_confidence;reversion
oh_3997677_-8278207:c005,oh_3997677_-8278207,hybrid,tennis,2013,2015,0.468,1,True,low_confidence;reversion
oh_3999475_-8303298:c001,oh_3999475_-8303298,removed,tennis,2017,2019,0.468,1,True,low_confidence;reversion
oh_3999677_-8117754:c001,oh_3999677_-8117754,removed,tennis,2013,2015,0.468,1,True,low_confidence;reversion
oh_4006720_-8284291:c004,oh_4006720_-8284291,tennis,hybrid,2019,2023,0.468,1,True,low_confidence
oh_4013351_-8298019:c004,oh_4013351_-8298019,tennis,hybrid,2021,2023,0.468,1,True,low_confidence
oh_4020139_-8302240:c002,oh_4020139_-8302240,tennis,hybrid,2019,2021,0.468,1,True,low_confidence
oh_4034798_-8437284:c002,oh_4034798_-8437284,pickleball,removed,2019,2021,0.468,1,True,low_confidence
oh_3899365_-8197214:c002,oh_3899365_-8197214,tennis,hybrid,2022,2023,0.469,1,True,low_confidence
oh_3912714_-8446137:c002,oh_3912714_-8446137,tennis,removed,2014,2016,0.469,1,True,low_confidence
oh_3912916_-8445396:c003,oh_3912916_-8445396,removed,tennis,2017,2019,0.469,1,True,low_confidence;reversion
oh_3994117_-8328946:c002,oh_3994117_-8328946,tennis,removed,2011,2013,0.469,1,True,low_confidence
oh_3995300_-8293687:c009,oh_3995300_-8293687,pickleball,hybrid,2021,2023,0.469,1,True,low_confidence
oh_4006686_-8282940:c015,oh_4006686_-8282940,tennis,hybrid,2019,2021,0.469,1,True,low_confidence
oh_4007760_-8300157:c002,oh_4007760_-8300157,removed,tennis,2015,2017,0.469,1,True,low_confidence;reversion
oh_3914020_-8443910:c005,oh_3914020_-8443910,removed,tennis,2015,2017,0.47,1,True,low_confidence;reversion
oh_4001374_-8306353:c010,oh_4001374_-8306353,removed,pickleball,2017,2019,0.47,3,True,low_confidence;reversion
oh_4003002_-8304705:c009,oh_4003002_-8304705,tennis,hybrid,2019,2023,0.47,1,True,low_confidence
oh_4003002_-8304705:c015,oh_4003002_-8304705,tennis,removed,2021,2023,0.47,1,True,low_confidence
oh_4006720_-8284291:c005,oh_4006720_-8284291,removed,hybrid,2011,2013,0.47,1,True,low_confidence;reversion
oh_4009725_-8311951:c002,oh_4009725_-8311951,removed,pickleball,2017,2019,0.47,,True,low_confidence;reversion
oh_4014363_-8316438:c001,oh_4014363_-8316438,tennis,removed,2013,2015,0.47,1,True,low_confidence
oh_3909556_-8456863:c004,oh_3909556_-8456863,hybrid,tennis,2021,2022,0.471,1,True,low_confidence;reversion
oh_3910137_-8462545:c001,oh_3910137_-8462545,removed,pickleball,2016,2022,0.471,,True,low_confidence;reversion
oh_3913859_-8452993:c001,oh_3913859_-8452993,tennis,removed,2019,2023,0.471,1,True,low_confidence
oh_3933152_-8443277:c002,oh_3933152_-8443277,removed,tennis,2017,2019,0.471,1,True,low_confidence;reversion
oh_3935354_-8426634:c002,oh_3935354_-8426634,hybrid,removed,2019,2021,0.471,1,True,low_confidence
oh_3989844_-8379964:c001,oh_3989844_-8379964,tennis,hybrid,2021,2023,0.471,1,True,low_confidence
oh_3996436_-8290909:c003,oh_3996436_-8290909,tennis,hybrid,2021,2023,0.471,1,True,low_confidence
oh_4006494_-8304729:c002,oh_4006494_-8304729,tennis,removed,2021,2023,0.471,1,True,low_confidence
oh_4015790_-8420789:c005,oh_4015790_-8420789,tennis,removed,2017,2019,0.471,1,True,low_confidence
oh_4031837_-8118689:c001,oh_4031837_-8118689,pickleball,removed,2021,2023,0.471,1,True,low_confidence
oh_3899591_-8205964:c001,oh_3899591_-8205964,removed,hybrid,2019,2020,0.472,1,True,low_confidence;reversion
oh_3922553_-8437384:c004,oh_3922553_-8437384,tennis,removed,2015,2017,0.472,1,True,low_confidence
oh_3922724_-8448002:c001,oh_3922724_-8448002,tennis,pickleball,2015,2023,0.472,,True,low_confidence
oh_3949042_-8391996:c001,oh_3949042_-8391996,removed,tennis,2015,2017,0.472,1,True,low_confidence;reversion
oh_3968503_-8410420:c002,oh_3968503_-8410420,tennis,hybrid,2021,2023,0.472,1,True,low_confidence
oh_3995311_-8285830:c001,oh_3995311_-8285830,tennis,hybrid,2019,2021,0.472,1,True,low_confidence
oh_3995559_-8349054:c002,oh_3995559_-8349054,hybrid,removed,2011,2013,0.472,1,True,low_confidence
oh_3997677_-8278207:c004,oh_3997677_-8278207,hybrid,tennis,2013,2015,0.472,1,True,low_confidence;reversion
oh_4007400_-8252048:c006,oh_4007400_-8252048,tennis,pickleball,2015,2017,0.472,,True,low_confidence
oh_4036671_-8374967:c003,oh_4036671_-8374967,removed,tennis,2015,2017,0.472,1,True,low_confidence;reversion
oh_3873882_-8384085:c002,oh_3873882_-8384085,removed,hybrid,2019,2020,0.473,1,True,low_confidence;reversion
oh_3914020_-8443910:c008,oh_3914020_-8443910,removed,pickleball,2021,2023,0.473,,True,low_confidence;reversion
oh_3926826_-8432728:c001,oh_3926826_-8432728,tennis,hybrid,2019,2021,0.473,1,True,low_confidence
oh_3933821_-8451753:c003,oh_3933821_-8451753,tennis,removed,2013,2015,0.473,1,True,low_confidence
oh_3933821_-8451753:c003,oh_3933821_-8451753,removed,tennis,2017,2019,0.473,1,True,low_confidence;reversion
oh_3956716_-8430618:c001,oh_3956716_-8430618,removed,tennis,2015,2017,0.473,1,True,low_confidence;reversion
oh_3960450_-8416051:c001,oh_3960450_-8416051,tennis,removed,2019,2021,0.473,1,True,low_confidence
oh_3975422_-8381393:c004,oh_3975422_-8381393,tennis,hybrid,2021,2023,0.473,1,True,low_confidence
oh_3990460_-8344667:c001,oh_3990460_-8344667,hybrid,tennis,2015,2017,0.473,1,True,low_confidence;reversion
oh_3995300_-8293687:c009,oh_3995300_-8293687,pickleball,removed,2011,2013,0.473,1,True,low_confidence
oh_3997677_-8278207:c003,oh_3997677_-8278207,tennis,hybrid,2019,2021,0.473,1,True,low_confidence
oh_4009521_-8306279:c001,oh_4009521_-8306279,tennis,hybrid,2019,2021,0.473,1,True,low_confidence
oh_4045856_-8190388:c001,oh_4045856_-8190388,tennis,hybrid,2021,2023,0.473,1,True,low_confidence
oh_3918357_-8436091:c001,oh_3918357_-8436091,tennis,hybrid,2019,2023,0.474,1,True,low_confidence
oh_3919672_-8425648:c001,oh_3919672_-8425648,hybrid,tennis,2013,2015,0.474,1,True,low_confidence;reversion
oh_3923908_-8455635:c004,oh_3923908_-8455635,tennis,hybrid,2019,2021,0.474,1,True,low_confidence
oh_3928402_-8433063:c007,oh_3928402_-8433063,tennis,removed,2019,2021,0.474,1,True,low_confidence
oh_3940001_-8410621:c002,oh_3940001_-8410621,tennis,removed,2015,2017,0.474,1,True,low_confidence
oh_3985904_-8297240:c004,oh_3985904_-8297240,hybrid,tennis,2013,2015,0.474,1,True,low_confidence;reversion
oh_3994614_-8308222:c001,oh_3994614_-8308222,tennis,removed,2011,2015,0.474,1,True,low_confidence
oh_3994614_-8308222:c001,oh_3994614_-8308222,removed,tennis,2015,2017,0.474,1,True,low_confidence;reversion
oh_4000296_-8320152:c006,oh_4000296_-8320152,tennis,hybrid,2021,2023,0.474,1,True,low_confidence
oh_4007331_-8094206:c001,oh_4007331_-8094206,tennis,hybrid,2019,2023,0.474,1,True,low_confidence
oh_3956264_-8421914:c002,oh_3956264_-8421914,pickleball,hybrid,2021,2023,0.475,1,True,low_confidence
oh_3987306_-8434346:c004,oh_3987306_-8434346,tennis,hybrid,2021,2023,0.475,1,True,low_confidence
oh_3993950_-8368158:c005,oh_3993950_-8368158,hybrid,tennis,2013,2015,0.475,1,True,low_confidence;reversion
oh_4015160_-8316617:c005,oh_4015160_-8316617,tennis,hybrid,2019,2021,0.475,1,True,low_confidence
oh_3904532_-8262858:c003,oh_3904532_-8262858,tennis,removed,2017,2019,0.476,1,True,low_confidence
oh_3926330_-8422105:c001,oh_3926330_-8422105,tennis,pickleball,2019,2021,0.476,,True,low_confidence
oh_3938202_-8458198:c001,oh_3938202_-8458198,pickleball,tennis,2011,2013,0.476,1,True,low_confidence;reversion
oh_3938541_-8457297:c008,oh_3938541_-8457297,removed,pickleball,2017,2019,0.476,2,True,low_confidence;reversion
oh_3941359_-8439698:c001,oh_3941359_-8439698,pickleball,tennis,2011,2013,0.476,1,True,low_confidence;reversion
oh_3967130_-8412897:c004,oh_3967130_-8412897,removed,pickleball,2019,2021,0.476,2,True,low_confidence;reversion
oh_4007400_-8252048:c001,oh_4007400_-8252048,pickleball,tennis,2017,2019,0.476,1,True,low_confidence;reversion
oh_4020895_-8330878:c002,oh_4020895_-8330878,tennis,hybrid,2017,2021,0.476,1,True,low_confidence
oh_4030029_-8307924:c001,oh_4030029_-8307924,removed,tennis,2015,2017,0.476,1,True,low_confidence;reversion
oh_3881074_-8221139:c001,oh_3881074_-8221139,tennis,removed,2015,2018,0.477,1,True,low_confidence
oh_3890832_-8257287:c003,oh_3890832_-8257287,hybrid,removed,2011,2013,0.477,1,True,low_confidence
oh_3915429_-8431831:c004,oh_3915429_-8431831,tennis,pickleball,2017,2019,0.477,,True,low_confidence
oh_3917914_-8434401:c002,oh_3917914_-8434401,tennis,pickleball,2017,2019,0.477,,True,low_confidence
oh_3930157_-8432005:c001,oh_3930157_-8432005,tennis,removed,2011,2013,0.477,1,True,low_confidence
oh_3938221_-8439968:c001,oh_3938221_-8439968,tennis,pickleball,2015,2017,0.477,,True,low_confidence
oh_3938221_-8439968:c001,oh_3938221_-8439968,pickleball,hybrid,2017,2019,0.477,1,True,low_confidence
oh_3953319_-8423301:c002,oh_3953319_-8423301,tennis,pickleball,2019,2021,0.477,,True,low_confidence
oh_3974088_-8416067:c003,oh_3974088_-8416067,removed,tennis,2017,2019,0.477,1,True,low_confidence;reversion
oh_3990856_-8296791:c004,oh_3990856_-8296791,removed,tennis,2015,2017,0.477,1,True,low_confidence;reversion
oh_3997367_-8286954:c003,oh_3997367_-8286954,tennis,pickleball,2013,2015,0.477,,True,low_confidence
oh_4001399_-8302402:c006,oh_4001399_-8302402,removed,tennis,2015,2017,0.477,1,True,low_confidence;reversion
oh_4007400_-8252048:c005,oh_4007400_-8252048,tennis,pickleball,2019,2021,0.477,,True,low_confidence
oh_4014669_-8318005:c005,oh_4014669_-8318005,hybrid,tennis,2013,2015,0.477,1,True,low_confidence;reversion
oh_3905696_-8433418:c004,oh_3905696_-8433418,tennis,hybrid,2018,2019,0.478,1,True,low_confidence
oh_3936724_-8430117:c002,oh_3936724_-8430117,tennis,hybrid,2019,2021,0.478,1,True,low_confidence
oh_3940961_-8421241:c006,oh_3940961_-8421241,hybrid,removed,2021,2023,0.478,1,True,low_confidence
oh_3981288_-8424984:c001,oh_3981288_-8424984,tennis,hybrid,2015,2017,0.478,1,True,low_confidence
oh_3997367_-8286954:c006,oh_3997367_-8286954,tennis,hybrid,2021,2023,0.478,1,True,low_confidence
oh_4001399_-8302402:c007,oh_4001399_-8302402,removed,tennis,2017,2019,0.478,1,True,low_confidence;reversion
oh_4003980_-8306643:c001,oh_4003980_-8306643,tennis,removed,2011,2015,0.478,1,True,low_confidence
oh_4012358_-8304591:c003,oh_4012358_-8304591,removed,hybrid,2021,2023,0.478,1,True,low_confidence;reversion
oh_4013375_-8317393:c001,oh_4013375_-8317393,tennis,hybrid,2021,2023,0.478,1,True,low_confidence
oh_4015629_-8309838:c006,oh_4015629_-8309838,hybrid,tennis,2013,2015,0.478,1,True,low_confidence;reversion
oh_3888375_-8296506:c002,oh_3888375_-8296506,removed,hybrid,2017,2019,0.479,1,True,low_confidence;reversion
oh_3921640_-8471116:c001,oh_3921640_-8471116,tennis,removed,2019,2021,0.479,1,True,low_confidence
oh_3922788_-8451047:c004,oh_3922788_-8451047,tennis,removed,2019,2021,0.479,1,True,low_confidence
oh_3936112_-8422262:c002,oh_3936112_-8422262,tennis,hybrid,2019,2021,0.479,1,True,low_confidence
oh_3946636_-8147286:c001,oh_3946636_-8147286,tennis,removed,2011,2013,0.479,1,True,low_confidence
oh_3965711_-8411425:c001,oh_3965711_-8411425,tennis,hybrid,2019,2021,0.479,1,True,low_confidence
oh_3975422_-8381393:c001,oh_3975422_-8381393,hybrid,tennis,2013,2015,0.479,1,True,low_confidence;reversion
oh_4003002_-8304705:c007,oh_4003002_-8304705,tennis,hybrid,2021,2023,0.479,1,True,low_confidence
oh_4008854_-8295902:c022,oh_4008854_-8295902,tennis,removed,2011,2015,0.479,1,True,low_confidence
oh_4009528_-8296236:c002,oh_4009528_-8296236,tennis,hybrid,2019,2021,0.479,1,True,low_confidence
oh_4030681_-8308177:c003,oh_4030681_-8308177,tennis,hybrid,2021,2023,0.479,1,True,low_confidence
oh_4030681_-8308177:c008,oh_4030681_-8308177,tennis,hybrid,2021,2023,0.479,1,True,low_confidence
oh_3874385_-8297608:c012,oh_3874385_-8297608,tennis,removed,2014,2016,0.48,1,True,low_confidence
oh_3874385_-8297608:c012,oh_3874385_-8297608,removed,pickleball,2016,2018,0.48,1,True,low_confidence;reversion
oh_3908015_-8461682:c002,oh_3908015_-8461682,hybrid,removed,2018,2019,0.48,1,True,low_confidence
oh_3914460_-8428356:c001,oh_3914460_-8428356,tennis,hybrid,2011,2013,0.48,1,True,low_confidence
oh_3914460_-8428356:c001,oh_3914460_-8428356,hybrid,removed,2013,2015,0.48,1,True,low_confidence
oh_3929303_-8430002:c001,oh_3929303_-8430002,hybrid,tennis,2013,2015,0.48,1,True,low_confidence;reversion
oh_3975707_-8417509:c001,oh_3975707_-8417509,removed,tennis,2013,2017,0.48,1,True,low_confidence;reversion
oh_3993387_-8384055:c003,oh_3993387_-8384055,tennis,removed,2011,2013,0.48,1,True,low_confidence
oh_3995676_-8382124:c003,oh_3995676_-8382124,tennis,hybrid,2019,2021,0.48,1,True,low_confidence
oh_3996091_-8381065:c001,oh_3996091_-8381065,tennis,removed,2011,2015,0.48,1,True,low_confidence
oh_4004007_-8158598:c004,oh_4004007_-8158598,tennis,hybrid,2021,2023,0.48,1,True,low_confidence
oh_3904532_-8262858:c001,oh_3904532_-8262858,tennis,removed,2017,2019,0.481,1,True,low_confidence
oh_3931508_-8426244:c002,oh_3931508_-8426244,tennis,hybrid,2017,2019,0.481,1,True,low_confidence
oh_3935197_-8437266:c002,oh_3935197_-8437266,hybrid,removed,2019,2021,0.481,1,True,low_confidence
oh_3994843_-8290720:c004,oh_3994843_-8290720,pickleball,removed,2011,2013,0.481,1,True,low_confidence
oh_4000025_-8306060:c003,oh_4000025_-8306060,tennis,hybrid,2021,2023,0.481,1,True,low_confidence
oh_4003002_-8304705:c001,oh_4003002_-8304705,tennis,hybrid,2019,2021,0.481,1,True,low_confidence
oh_4013529_-8374599:c001,oh_4013529_-8374599,removed,tennis,2015,2017,0.481,1,True,low_confidence;reversion
oh_4013529_-8374599:c001,oh_4013529_-8374599,tennis,hybrid,2017,2019,0.481,1,True,low_confidence
oh_4047133_-8253923:c001,oh_4047133_-8253923,removed,hybrid,2017,2019,0.481,1,True,low_confidence;reversion
oh_3874385_-8297608:c003,oh_3874385_-8297608,tennis,removed,2014,2015,0.482,1,True,low_confidence
oh_3919389_-8455004:c002,oh_3919389_-8455004,pickleball,tennis,2013,2015,0.482,1,True,low_confidence;reversion
oh_3932977_-8441859:c001,oh_3932977_-8441859,hybrid,tennis,2019,2021,0.482,1,True,low_confidence;reversion
oh_3950944_-8472593:c002,oh_3950944_-8472593,tennis,pickleball,2017,2019,0.482,,True,low_confidence
oh_3955534_-8439793:c001,oh_3955534_-8439793,tennis,hybrid,2021,2023,0.482,1,True,low_confidence
oh_3967130_-8412897:c002,oh_3967130_-8412897,removed,pickleball,2019,2021,0.482,1,True,low_confidence;reversion
oh_4005713_-8304124:c001,oh_4005713_-8304124,tennis,removed,2011,2013,0.482,1,True,low_confidence
oh_4014669_-8318005:c002,oh_4014669_-8318005,tennis,hybrid,2019,2021,0.482,1,True,low_confidence
oh_4039665_-8250064:c001,oh_4039665_-8250064,removed,pickleball,2015,2017,0.482,1,True,low_confidence;reversion
oh_3903543_-8393910:c002,oh_3903543_-8393910,tennis,hybrid,2019,2021,0.483,1,True,low_confidence
oh_3911603_-8441090:c011,oh_3911603_-8441090,hybrid,removed,2020,2021,0.483,1,True,low_confidence
oh_3921520_-8448488:c001,oh_3921520_-8448488,tennis,hybrid,2019,2021,0.483,1,True,low_confidence
oh_3927366_-8444324:c016,oh_3927366_-8444324,removed,hybrid,2021,2023,0.483,1,True,low_confidence;reversion
oh_3936724_-8430117:c004,oh_3936724_-8430117,tennis,hybrid,2019,2021,0.483,1,True,low_confidence
oh_3937970_-8461735:c004,oh_3937970_-8461735,tennis,hybrid,2019,2021,0.483,1,True,low_confidence
oh_3995559_-8349054:c002,oh_3995559_-8349054,hybrid,pickleball,2017,2019,0.483,2,True,low_confidence
oh_4001374_-8306353:c002,oh_4001374_-8306353,tennis,hybrid,2019,2021,0.483,1,True,low_confidence
oh_4017083_-8298267:c001,oh_4017083_-8298267,removed,tennis,2015,2019,0.483,1,True,low_confidence;reversion
oh_4017083_-8298267:c003,oh_4017083_-8298267,hybrid,removed,2013,2015,0.483,1,True,low_confidence
oh_4018686_-8304888:c001,oh_4018686_-8304888,tennis,pickleball,2017,2019,0.483,,True,low_confidence
oh_3912916_-8445396:c001,oh_3912916_-8445396,hybrid,tennis,2011,2013,0.484,1,True,low_confidence;reversion
oh_3930662_-8166556:c001,oh_3930662_-8166556,tennis,removed,2018,2020,0.484,1,True,low_confidence
oh_3969236_-8410846:c003,oh_3969236_-8410846,tennis,removed,2015,2017,0.484,1,True,low_confidence
oh_3995884_-8244099:c001,oh_3995884_-8244099,removed,tennis,2013,2015,0.484,1,True,low_confidence;reversion
oh_4001374_-8306353:c004,oh_4001374_-8306353,tennis,hybrid,2017,2019,0.484,1,True,low_confidence
oh_4036671_-8374967:c002,oh_4036671_-8374967,tennis,hybrid,2021,2023,0.484,1,True,low_confidence
oh_4038470_-8247401:c005,oh_4038470_-8247401,hybrid,tennis,2013,2015,0.484,1,True,low_confidence;reversion
oh_3882126_-8218831:c002,oh_3882126_-8218831,tennis,hybrid,2018,2019,0.485,1,True,low_confidence
oh_3913005_-8451561:c005,oh_3913005_-8451561,tennis,hybrid,2019,2021,0.485,1,True,low_confidence
oh_3914736_-8437836:c013,oh_3914736_-8437836,pickleball,hybrid,2021,2023,0.485,1,True,low_confidence
oh_3929021_-8433533:c001,oh_3929021_-8433533,tennis,pickleball,2013,2021,0.485,,True,low_confidence
oh_3958661_-8412952:c002,oh_3958661_-8412952,tennis,hybrid,2019,2021,0.485,1,True,low_confidence
oh_3969826_-8415678:c001,oh_3969826_-8415678,tennis,hybrid,2019,2021,0.485,1,True,low_confidence
oh_3989692_-8311634:c005,oh_3989692_-8311634,hybrid,tennis,2015,2017,0.485,1,True,low_confidence;reversion
oh_3993936_-8298028:c005,oh_3993936_-8298028,tennis,hybrid,2019,2021,0.485,1,True,low_confidence
oh_3994229_-8299180:c002,oh_3994229_-8299180,tennis,hybrid,2021,2023,0.485,1,True,low_confidence
oh_4003411_-8306952:c002,oh_4003411_-8306952,tennis,removed,2021,2023,0.485,1,True,low_confidence
oh_4006730_-8307917:c002,oh_4006730_-8307917,removed,tennis,2015,2017,0.485,1,True,low_confidence;reversion
oh_3927366_-8444324:c015,oh_3927366_-8444324,pickleball,removed,2019,2021,0.486,1,True,low_confidence
oh_4008226_-8292471:c003,oh_4008226_-8292471,hybrid,tennis,2015,2017,0.486,1,True,low_confidence;reversion
oh_4015297_-8314204:c005,oh_4015297_-8314204,tennis,removed,2013,2015,0.486,1,True,low_confidence
oh_4016855_-8308569:c001,oh_4016855_-8308569,removed,pickleball,2017,2019,0.486,1,True,low_confidence;reversion
oh_4030681_-8308177:c006,oh_4030681_-8308177,tennis,hybrid,2021,2023,0.486,1,True,low_confidence
oh_3925369_-8435186:c002,oh_3925369_-8435186,tennis,pickleball,2017,2019,0.487,,True,low_confidence
oh_3933152_-8443277:c003,oh_3933152_-8443277,tennis,removed,2011,2015,0.487,1,True,low_confidence
oh_3955825_-8424399:c001,oh_3955825_-8424399,pickleball,hybrid,2021,2023,0.487,1,True,low_confidence
oh_3973578_-8422937:c004,oh_3973578_-8422937,hybrid,tennis,2021,2023,0.487,1,True,low_confidence;reversion
oh_3973758_-8428500:c002,oh_3973758_-8428500,hybrid,tennis,2021,2023,0.487,1,True,low_confidence;reversion
oh_3996178_-8306725:c002,oh_3996178_-8306725,pickleball,hybrid,2017,2019,0.487,1,True,low_confidence
oh_4020139_-8302240:c004,oh_4020139_-8302240,tennis,hybrid,2021,2023,0.487,1,True,low_confidence
oh_3869573_-8310158:c001,oh_3869573_-8310158,removed,hybrid,2017,2018,0.488,1,True,low_confidence;reversion
oh_3925842_-8432642:c001,oh_3925842_-8432642,pickleball,hybrid,2021,2023,0.488,1,True,low_confidence
oh_3935197_-8437266:c001,oh_3935197_-8437266,tennis,removed,2019,2021,0.488,1,True,low_confidence
oh_3967130_-8412897:c006,oh_3967130_-8412897,removed,pickleball,2021,2023,0.488,2,True,low_confidence;reversion
oh_3991146_-8273173:c001,oh_3991146_-8273173,tennis,hybrid,2021,2023,0.488,1,True,low_confidence
oh_3996974_-8274712:c004,oh_3996974_-8274712,tennis,hybrid,2019,2021,0.488,1,True,low_confidence
oh_4008507_-8315442:c002,oh_4008507_-8315442,tennis,hybrid,2019,2021,0.488,1,True,low_confidence
oh_4042495_-8463683:c002,oh_4042495_-8463683,pickleball,hybrid,2021,2023,0.488,1,True,low_confidence
oh_4057221_-8420133:c006,oh_4057221_-8420133,tennis,removed,2019,2021,0.488,1,True,low_confidence
oh_3936724_-8430117:c008,oh_3936724_-8430117,tennis,hybrid,2019,2021,0.489,1,True,low_confidence
oh_3952096_-8473522:c004,oh_3952096_-8473522,hybrid,tennis,2013,2019,0.489,1,True,low_confidence;reversion
oh_3958661_-8412952:c001,oh_3958661_-8412952,tennis,hybrid,2019,2021,0.489,1,True,low_confidence
oh_3967178_-8425097:c001,oh_3967178_-8425097,removed,tennis,2013,2015,0.489,1,True,low_confidence;reversion
oh_3973672_-8410282:c002,oh_3973672_-8410282,tennis,removed,2013,2015,0.489,1,True,low_confidence
oh_4005020_-8294298:c001,oh_4005020_-8294298,tennis,hybrid,2021,2023,0.489,1,True,low_confidence
oh_4006730_-8307917:c002,oh_4006730_-8307917,tennis,removed,2011,2013,0.489,1,True,low_confidence
oh_3907580_-8412721:c002,oh_3907580_-8412721,removed,tennis,2013,2019,0.49,1,True,low_confidence;reversion
oh_3912951_-8410246:c003,oh_3912951_-8410246,tennis,hybrid,2021,2023,0.49,1,True,low_confidence
oh_3940961_-8421241:c002,oh_3940961_-8421241,hybrid,tennis,2013,2015,0.49,1,True,low_confidence;reversion
oh_3944122_-8222194:c001,oh_3944122_-8222194,tennis,hybrid,2015,2017,0.49,1,True,low_confidence
oh_3953190_-8444846:c003,oh_3953190_-8444846,tennis,removed,2019,2021,0.49,1,True,low_confidence
oh_3977723_-8418023:c001,oh_3977723_-8418023,removed,pickleball,2011,2019,0.49,1,True,low_confidence;reversion
oh_4000831_-8283000:c002,oh_4000831_-8283000,tennis,removed,2011,2013,0.49,1,True,low_confidence
oh_4006720_-8284291:c005,oh_4006720_-8284291,hybrid,tennis,2013,2015,0.49,1,True,low_confidence;reversion
oh_4016736_-8294557:c007,oh_4016736_-8294557,pickleball,removed,2011,2015,0.49,1,True,low_confidence
oh_3873882_-8384085:c001,oh_3873882_-8384085,tennis,removed,2014,2015,0.491,1,True,low_confidence
oh_3916319_-8437208:c001,oh_3916319_-8437208,tennis,hybrid,2019,2021,0.491,1,True,low_confidence
oh_3918901_-8425188:c001,oh_3918901_-8425188,tennis,removed,2017,2019,0.491,1,True,low_confidence
oh_3921728_-8456427:c004,oh_3921728_-8456427,tennis,pickleball,2017,2021,0.491,1,True,low_confidence
oh_3931603_-8431550:c001,oh_3931603_-8431550,tennis,removed,2021,2023,0.491,1,True,low_confidence
oh_3932508_-8455465:c002,oh_3932508_-8455465,tennis,hybrid,2019,2021,0.491,1,True,low_confidence
oh_3933152_-8443277:c004,oh_3933152_-8443277,removed,tennis,2017,2019,0.491,1,True,low_confidence;reversion
oh_3978546_-8420199:c004,oh_3978546_-8420199,tennis,hybrid,2019,2021,0.491,1,True,low_confidence
oh_3995881_-8297586:c001,oh_3995881_-8297586,hybrid,tennis,2013,2015,0.491,1,True,low_confidence;reversion
oh_3995881_-8297586:c001,oh_3995881_-8297586,tennis,hybrid,2019,2023,0.491,1,True,low_confidence
oh_4011341_-8463104:c007,oh_4011341_-8463104,tennis,hybrid,2019,2021,0.491,1,True,low_confidence
oh_4012358_-8304591:c002,oh_4012358_-8304591,tennis,removed,2017,2019,0.491,1,True,low_confidence
oh_3931846_-8428896:c001,oh_3931846_-8428896,tennis,hybrid,2021,2023,0.492,1,True,low_confidence
oh_3939539_-8139943:c003,oh_3939539_-8139943,tennis,removed,2020,2021,0.492,1,True,low_confidence
oh_3987819_-8274340:c001,oh_3987819_-8274340,tennis,hybrid,2019,2021,0.492,1,True,low_confidence
oh_4050059_-8144239:c005,oh_4050059_-8144239,tennis,hybrid,2021,2023,0.492,1,True,low_confidence
oh_4055479_-8283008:c002,oh_4055479_-8283008,hybrid,tennis,2021,2023,0.492,1,True,low_confidence;reversion
oh_3915429_-8447109:c003,oh_3915429_-8447109,hybrid,tennis,2011,2013,0.493,1,True,low_confidence;reversion
oh_3915429_-8447109:c004,oh_3915429_-8447109,hybrid,tennis,2011,2013,0.493,1,True,low_confidence;reversion
oh_3929059_-8432359:c002,oh_3929059_-8432359,tennis,hybrid,2017,2021,0.493,1,True,low_confidence
oh_3938541_-8457297:c003,oh_3938541_-8457297,removed,hybrid,2021,2023,0.493,1,True,low_confidence;reversion
oh_3969132_-8419528:c001,oh_3969132_-8419528,tennis,pickleball,2015,2021,0.493,,True,low_confidence
oh_3976705_-8464528:c001,oh_3976705_-8464528,tennis,pickleball,2017,2019,0.493,,True,low_confidence
oh_3981557_-8419375:c006,oh_3981557_-8419375,tennis,hybrid,2019,2021,0.493,1,True,low_confidence
oh_3986858_-8304896:c001,oh_3986858_-8304896,hybrid,pickleball,2017,2019,0.493,,True,low_confidence
oh_3999972_-8301999:c001,oh_3999972_-8301999,tennis,hybrid,2017,2019,0.493,1,True,low_confidence
oh_4006730_-8307917:c002,oh_4006730_-8307917,tennis,removed,2021,2023,0.493,1,True,low_confidence
oh_4014986_-8286072:c001,oh_4014986_-8286072,removed,tennis,2015,2019,0.493,1,True,low_confidence;reversion
oh_3873055_-8298839:c003,oh_3873055_-8298839,hybrid,tennis,2019,2020,0.494,1,True,low_confidence;reversion
oh_3910198_-8438140:c001,oh_3910198_-8438140,tennis,hybrid,2017,2018,0.494,1,True,low_confidence
oh_3927019_-8432558:c002,oh_3927019_-8432558,tennis,hybrid,2021,2023,0.494,1,True,low_confidence
oh_3965642_-8410117:c008,oh_3965642_-8410117,tennis,hybrid,2021,2023,0.494,1,True,low_confidence
oh_3973457_-8464993:c004,oh_3973457_-8464993,removed,tennis,2019,2021,0.494,1,True,low_confidence;reversion
oh_3979134_-8430962:c004,oh_3979134_-8430962,tennis,removed,2013,2021,0.494,1,True,low_confidence
oh_3982906_-8363354:c001,oh_3982906_-8363354,tennis,hybrid,2019,2021,0.494,1,True,low_confidence
oh_3992872_-8284105:c002,oh_3992872_-8284105,tennis,hybrid,2019,2021,0.494,1,True,low_confidence
oh_4000296_-8320152:c008,oh_4000296_-8320152,tennis,hybrid,2021,2023,0.494,1,True,low_confidence
oh_4006686_-8282940:c011,oh_4006686_-8282940,tennis,hybrid,2019,2023,0.494,1,True,low_confidence
oh_4011805_-8292128:c001,oh_4011805_-8292128,tennis,removed,2017,2019,0.494,1,True,low_confidence
oh_4026455_-8287391:c001,oh_4026455_-8287391,removed,hybrid,2021,2023,0.494,1,True,low_confidence;reversion
oh_4058311_-8419296:c003,oh_4058311_-8419296,removed,tennis,2017,2019,0.494,1,True,low_confidence;reversion
oh_3917402_-8474933:c001,oh_3917402_-8474933,hybrid,tennis,2019,2020,0.495,1,True,low_confidence;reversion
oh_3926950_-8447004:c003,oh_3926950_-8447004,tennis,hybrid,2011,2013,0.495,1,True,low_confidence
oh_4006686_-8282940:c007,oh_4006686_-8282940,tennis,hybrid,2019,2021,0.495,1,True,low_confidence
oh_4013392_-8289608:c002,oh_4013392_-8289608,removed,tennis,2015,2017,0.495,1,True,low_confidence;reversion
oh_4058311_-8419296:c002,oh_4058311_-8419296,removed,tennis,2017,2019,0.495,1,True,low_confidence;reversion
oh_4058630_-8301277:c004,oh_4058630_-8301277,hybrid,tennis,2015,2017,0.495,1,True,low_confidence;reversion
oh_3888375_-8296506:c002,oh_3888375_-8296506,tennis,removed,2013,2015,0.496,1,True,low_confidence
oh_3918266_-8361227:c004,oh_3918266_-8361227,tennis,removed,2019,2021,0.496,1,True,low_confidence
oh_3922951_-8414842:c005,oh_3922951_-8414842,removed,tennis,2013,2015,0.496,1,True,low_confidence;reversion
oh_3925002_-8248628:c001,oh_3925002_-8248628,tennis,removed,2011,2013,0.496,1,True,low_confidence
oh_3936724_-8430117:c007,oh_3936724_-8430117,tennis,hybrid,2019,2021,0.496,1,True,low_confidence
oh_3946246_-8146118:c001,oh_3946246_-8146118,tennis,removed,2017,2019,0.496,1,True,low_confidence
oh_3951405_-8237330:c005,oh_3951405_-8237330,hybrid,tennis,2013,2015,0.496,1,True,low_confidence;reversion
oh_3970212_-8394022:c005,oh_3970212_-8394022,hybrid,tennis,2013,2015,0.496,1,True,low_confidence;reversion
oh_3985872_-8289236:c001,oh_3985872_-8289236,tennis,removed,2011,2013,0.496,1,True,low_confidence
oh_4008854_-8295902:c007,oh_4008854_-8295902,removed,tennis,2017,2019,0.496,1,True,low_confidence;reversion
oh_4013529_-8374599:c002,oh_4013529_-8374599,tennis,removed,2013,2015,0.496,1,True,low_confidence
oh_3916377_-8429343:c001,oh_3916377_-8429343,hybrid,tennis,2013,2015,0.497,1,True,low_confidence;reversion
oh_3916934_-8440111:c001,oh_3916934_-8440111,removed,tennis,2015,2019,0.497,1,True,low_confidence;reversion
oh_3928701_-8452419:c002,oh_3928701_-8452419,pickleball,tennis,2021,2023,0.497,1,True,low_confidence;reversion
oh_3976539_-8425989:c005,oh_3976539_-8425989,tennis,hybrid,2017,2019,0.497,1,True,low_confidence
oh_3984580_-8307415:c001,oh_3984580_-8307415,removed,hybrid,2017,2019,0.497,1,True,low_confidence;reversion
oh_4001374_-8306353:c010,oh_4001374_-8306353,pickleball,removed,2011,2015,0.497,1,True,low_confidence
oh_4005446_-8302344:c001,oh_4005446_-8302344,pickleball,removed,2011,2015,0.497,1,True,low_confidence
oh_3934274_-8456196:c001,oh_3934274_-8456196,hybrid,tennis,2013,2015,0.498,1,True,low_confidence;reversion
oh_3967130_-8412897:c003,oh_3967130_-8412897,removed,pickleball,2019,2021,0.498,1,True,low_confidence;reversion
oh_3989692_-8311634:c005,oh_3989692_-8311634,tennis,hybrid,2017,2019,0.498,1,True,low_confidence
oh_4000053_-8307502:c005,oh_4000053_-8307502,hybrid,pickleball,2021,2023,0.498,,True,low_confidence
oh_4001399_-8302402:c008,oh_4001399_-8302402,removed,tennis,2017,2019,0.498,1,True,low_confidence;reversion
oh_3911816_-8455138:c002,oh_3911816_-8455138,tennis,hybrid,2017,2018,0.499,1,True,low_confidence
oh_3934001_-8458543:c004,oh_3934001_-8458543,pickleball,tennis,2011,2013,0.499,1,True,low_confidence;reversion
oh_3976180_-8415116:c001,oh_3976180_-8415116,tennis,removed,2017,2019,0.499,1,True,low_confidence
oh_3981400_-8423140:c001,oh_3981400_-8423140,tennis,removed,2021,2023,0.499,1,True,low_confidence
oh_3986939_-8378006:c001,oh_3986939_-8378006,tennis,hybrid,2019,2021,0.499,1,True,low_confidence
oh_3987508_-8309387:c004,oh_3987508_-8309387,tennis,hybrid,2021,2023,0.499,1,True,low_confidence
oh_3989692_-8311634:c008,oh_3989692_-8311634,tennis,hybrid,2019,2021,0.499,1,True,low_confidence
oh_3997837_-8291874:c003,oh_3997837_-8291874,tennis,hybrid,2019,2021,0.499,1,True,low_confidence
oh_4006208_-8307043:c001,oh_4006208_-8307043,tennis,hybrid,2017,2019,0.499,1,True,low_confidence
oh_4029278_-8306518:c001,oh_4029278_-8306518,removed,tennis,2017,2019,0.499,1,True,low_confidence;reversion
oh_4032632_-8309865:c001,oh_4032632_-8309865,tennis,hybrid,2021,2023,0.499,1,True,low_confidence
oh_3896248_-8408355:c002,oh_3896248_-8408355,pickleball,tennis,2019,2021,0.5,1,True,low_confidence;reversion
oh_3911603_-8441090:c002,oh_3911603_-8441090,tennis,removed,2020,2021,0.5,1,True,low_confidence
oh_3921647_-8439014:c003,oh_3921647_-8439014,tennis,removed,2015,2019,0.5,0,True,low_confidence;inferred_removal
oh_3924625_-8431319:c002,oh_3924625_-8431319,tennis,hybrid,2019,2021,0.5,1,True,low_confidence
oh_3925187_-8432350:c001,oh_3925187_-8432350,removed,tennis,2017,2023,0.5,1,True,low_confidence;reversion
oh_3953319_-8423301:c001,oh_3953319_-8423301,tennis,hybrid,2021,2023,0.5,1,True,low_confidence
oh_3961642_-8421799:c001,oh_3961642_-8421799,tennis,removed,2017,2021,0.5,1,True,low_confidence
oh_3990460_-8344667:c001,oh_3990460_-8344667,tennis,hybrid,2017,2019,0.5,1,True,low_confidence
oh_3993950_-8368158:c001,oh_3993950_-8368158,hybrid,tennis,2013,2015,0.5,1,True,low_confidence;reversion
oh_3997837_-8291874:c005,oh_3997837_-8291874,tennis,pickleball,2019,2021,0.5,,True,low_confidence
oh_3998028_-8303435:c001,oh_3998028_-8303435,pickleball,removed,2021,2023,0.5,1,True,low_confidence
oh_4014002_-8315442:c005,oh_4014002_-8315442,tennis,hybrid,2019,2021,0.5,1,True,low_confidence
oh_4015701_-8310016:c007,oh_4015701_-8310016,tennis,removed,2017,2023,0.5,0,True,low_confidence;inferred_removal
oh_4017083_-8298267:c003,oh_4017083_-8298267,removed,tennis,2015,2019,0.5,1,True,low_confidence;reversion
oh_4025227_-8300360:c008,oh_4025227_-8300360,removed,tennis,2017,2019,0.5,1,True,low_confidence;reversion
oh_3874385_-8297608:c004,oh_3874385_-8297608,tennis,removed,2014,2015,0.501,1,True,low_confidence
oh_3888375_-8296506:c002,oh_3888375_-8296506,hybrid,tennis,2011,2013,0.501,1,True,low_confidence;reversion
oh_3888969_-8361618:c001,oh_3888969_-8361618,tennis,hybrid,2019,2021,0.501,1,True,low_confidence
oh_3911816_-8455138:c002,oh_3911816_-8455138,hybrid,tennis,2019,2021,0.501,1,True,low_confidence;reversion
oh_3918680_-8431954:c001,oh_3918680_-8431954,tennis,hybrid,2011,2013,0.501,1,True,low_confidence
oh_3981426_-8207466:c001,oh_3981426_-8207466,removed,hybrid,2019,2021,0.501,1,True,low_confidence;reversion
oh_4014002_-8315442:c007,oh_4014002_-8315442,tennis,removed,2013,2015,0.501,1,True,low_confidence
oh_4027484_-8184106:c002,oh_4027484_-8184106,removed,tennis,2015,2017,0.501,1,True,low_confidence;reversion
oh_4029381_-8306404:c001,oh_4029381_-8306404,removed,tennis,2017,2019,0.501,1,True,low_confidence;reversion
oh_4034918_-8375428:c003,oh_4034918_-8375428,tennis,removed,2011,2013,0.501,1,True,low_confidence
oh_4043011_-8330005:c002,oh_4043011_-8330005,removed,hybrid,2019,2021,0.501,1,True,low_confidence;reversion
oh_4055631_-8455658:c002,oh_4055631_-8455658,pickleball,tennis,2019,2021,0.501,1,True,low_confidence;reversion
oh_3874385_-8297608:c008,oh_3874385_-8297608,tennis,removed,2014,2015,0.502,1,True,low_confidence
oh_3930729_-8427396:c001,oh_3930729_-8427396,removed,pickleball,2013,2015,0.502,,True,low_confidence;reversion
oh_3942055_-8446925:c003,oh_3942055_-8446925,hybrid,removed,2011,2015,0.502,1,True,low_confidence
oh_3951147_-8408981:c001,oh_3951147_-8408981,hybrid,tennis,2011,2013,0.502,1,True,low_confidence;reversion
oh_3980577_-8411944:c002,oh_3980577_-8411944,tennis,hybrid,2017,2019,0.502,1,True,low_confidence
oh_3993804_-8381480:c004,oh_3993804_-8381480,tennis,removed,2017,2019,0.502,1,True,low_confidence
oh_4031437_-8417275:c012,oh_4031437_-8417275,hybrid,pickleball,2013,2015,0.502,,True,low_confidence
oh_3917919_-8441648:c004,oh_3917919_-8441648,removed,pickleball,2015,2019,0.503,1,True,low_confidence;reversion
oh_3927366_-8444324:c017,oh_3927366_-8444324,removed,pickleball,2015,2017,0.503,,True,low_confidence;reversion
oh_3957610_-8346969:c004,oh_3957610_-8346969,removed,pickleball,2013,2017,0.503,,True,low_confidence;reversion
oh_3962474_-8420512:c001,oh_3962474_-8420512,tennis,hybrid,2019,2021,0.503,1,True,low_confidence
oh_3994614_-8308222:c002,oh_3994614_-8308222,tennis,removed,2011,2013,0.503,1,True,low_confidence
oh_4008637_-8287457:c003,oh_4008637_-8287457,tennis,hybrid,2011,2013,0.503,1,True,low_confidence
oh_4014669_-8318005:c002,oh_4014669_-8318005,hybrid,tennis,2013,2015,0.503,1,True,low_confidence;reversion
oh_4016736_-8294557:c004,oh_4016736_-8294557,tennis,hybrid,2019,2021,0.503,1,True,low_confidence
oh_3917402_-8474933:c002,oh_3917402_-8474933,removed,tennis,2015,2016,0.504,1,True,low_confidence;reversion
oh_3918244_-8432196:c001,oh_3918244_-8432196,tennis,pickleball,2013,2023,0.504,,True,low_confidence
oh_3920473_-8368135:c001,oh_3920473_-8368135,tennis,removed,2011,2019,0.504,1,True,low_confidence
oh_3934001_-8458543:c004,oh_3934001_-8458543,tennis,pickleball,2017,2019,0.504,,True,low_confidence
oh_3955895_-8285340:c004,oh_3955895_-8285340,removed,tennis,2013,2015,0.504,1,True,low_confidence;reversion
oh_3972696_-8259509:c005,oh_3972696_-8259509,tennis,hybrid,2011,2013,0.504,1,True,low_confidence
oh_3995300_-8293687:c010,oh_3995300_-8293687,removed,pickleball,2013,2015,0.504,,True,low_confidence;reversion
oh_3996699_-8294884:c005,oh_3996699_-8294884,tennis,hybrid,2011,2013,0.504,1,True,low_confidence
oh_4016736_-8294557:c006,oh_4016736_-8294557,pickleball,tennis,2015,2017,0.504,1,True,low_confidence;reversion
oh_4034573_-8308867:c002,oh_4034573_-8308867,removed,hybrid,2019,2023,0.504,1,True,low_confidence;reversion
oh_4036671_-8374967:c003,oh_4036671_-8374967,tennis,removed,2011,2013,0.504,1,True,low_confidence
oh_3919765_-8431407:c001,oh_3919765_-8431407,tennis,hybrid,2021,2023,0.505,1,True,low_confidence
oh_3953787_-8253799:c001,oh_3953787_-8253799,removed,tennis,2013,2015,0.505,1,True,low_confidence;reversion
oh_3973758_-8428500:c003,oh_3973758_-8428500,tennis,hybrid,2019,2021,0.505,1,True,low_confidence
oh_3983897_-8281119:c002,oh_3983897_-8281119,removed,tennis,2011,2015,0.505,1,True,low_confidence;reversion
oh_4010444_-8313531:c001,oh_4010444_-8313531,tennis,removed,2011,2013,0.505,1,True,low_confidence
oh_4011341_-8463104:c009,oh_4011341_-8463104,tennis,hybrid,2019,2021,0.505,1,True,low_confidence
oh_4015308_-8307285:c001,oh_4015308_-8307285,tennis,hybrid,2019,2021,0.505,1,True,low_confidence
oh_4025227_-8300360:c002,oh_4025227_-8300360,removed,tennis,2017,2019,0.505,1,True,low_confidence;reversion
oh_3918266_-8361227:c006,oh_3918266_-8361227,tennis,hybrid,2021,2023,0.506,1,True,low_confidence
oh_3937970_-8461735:c006,oh_3937970_-8461735,tennis,pickleball,2019,2021,0.506,,True,low_confidence
oh_3938564_-8430547:c001,oh_3938564_-8430547,pickleball,hybrid,2017,2019,0.506,1,True,low_confidence
oh_3970212_-8394022:c001,oh_3970212_-8394022,hybrid,tennis,2015,2017,0.506,1,True,low_confidence;reversion
oh_3978546_-8420199:c005,oh_3978546_-8420199,tennis,hybrid,2019,2021,0.506,1,True,low_confidence
oh_3995559_-8349054:c001,oh_3995559_-8349054,tennis,pickleball,2021,2023,0.506,,True,low_confidence
oh_4006888_-8308932:c002,oh_4006888_-8308932,tennis,hybrid,2017,2019,0.506,1,True,low_confidence
oh_4021895_-8447977:c003,oh_4021895_-8447977,tennis,pickleball,2019,2021,0.506,,True,low_confidence
oh_4031437_-8417275:c005,oh_4031437_-8417275,hybrid,tennis,2015,2017,0.506,1,True,low_confidence;reversion
oh_3904966_-8434988:c002,oh_3904966_-8434988,tennis,hybrid,2011,2012,0.507,1,True,low_confidence
oh_3910279_-8449653:c007,oh_3910279_-8449653,hybrid,pickleball,2020,2021,0.507,4,True,low_confidence
oh_3915759_-8450227:c002,oh_3915759_-8450227,tennis,pickleball,2019,2021,0.507,,True,low_confidence
oh_3967873_-8413312:c005,oh_3967873_-8413312,tennis,hybrid,2021,2023,0.507,1,True,low_confidence
oh_3972696_-8259509:c006,oh_3972696_-8259509,hybrid,tennis,2013,2015,0.507,1,True,low_confidence;reversion
oh_3976322_-8411818:c001,oh_3976322_-8411818,removed,tennis,2015,2017,0.507,1,True,low_confidence;reversion
oh_3997157_-8294389:c001,oh_3997157_-8294389,pickleball,tennis,2021,2023,0.507,1,True,low_confidence;reversion
oh_3997677_-8278207:c002,oh_3997677_-8278207,hybrid,tennis,2013,2015,0.507,1,True,low_confidence;reversion
oh_4004495_-8307277:c001,oh_4004495_-8307277,tennis,hybrid,2019,2023,0.507,1,True,low_confidence
oh_3913401_-8446908:c004,oh_3913401_-8446908,tennis,hybrid,2019,2021,0.508,1,True,low_confidence
oh_3915429_-8431831:c003,oh_3915429_-8431831,pickleball,tennis,2019,2021,0.508,1,True,low_confidence;reversion
oh_3944122_-8222194:c001,oh_3944122_-8222194,removed,tennis,2013,2015,0.508,1,True,low_confidence;reversion
oh_3959499_-8415510:c001,oh_3959499_-8415510,pickleball,tennis,2011,2013,0.508,1,True,low_confidence;reversion
oh_3966876_-8410304:c003,oh_3966876_-8410304,pickleball,removed,2013,2015,0.508,1,True,low_confidence
oh_3981058_-8404394:c001,oh_3981058_-8404394,tennis,hybrid,2019,2021,0.508,1,True,low_confidence
oh_4006761_-8242161:c006,oh_4006761_-8242161,removed,tennis,2019,2021,0.508,1,True,low_confidence;reversion
oh_4006888_-8308932:c001,oh_4006888_-8308932,tennis,hybrid,2017,2019,0.508,1,True,low_confidence
oh_4012358_-8304591:c017,oh_4012358_-8304591,tennis,removed,2017,2019,0.508,1,True,low_confidence
oh_4018730_-8309907:c006,oh_4018730_-8309907,tennis,hybrid,2021,2023,0.508,1,True,low_confidence
oh_4040875_-8322147:c001,oh_4040875_-8322147,removed,pickleball,2019,2023,0.508,,True,low_confidence;reversion
oh_4054327_-8148974:c007,oh_4054327_-8148974,tennis,hybrid,2021,2023,0.508,1,True,low_confidence
oh_3917860_-8431053:c001,oh_3917860_-8431053,tennis,removed,2011,2013,0.509,1,True,low_confidence
oh_3919916_-8434957:c001,oh_3919916_-8434957,hybrid,tennis,2013,2015,0.509,1,True,low_confidence;reversion
oh_3931603_-8427097:c001,oh_3931603_-8427097,tennis,hybrid,2017,2019,0.509,1,True,low_confidence
oh_4027484_-8184106:c002,oh_4027484_-8184106,tennis,removed,2013,2015,0.509,1,True,low_confidence
oh_3949042_-8391996:c001,oh_3949042_-8391996,tennis,removed,2011,2013,0.51,1,True,low_confidence
oh_3962514_-8412076:c001,oh_3962514_-8412076,tennis,hybrid,2019,2021,0.51,1,True,low_confidence
oh_3970906_-8408485:c001,oh_3970906_-8408485,tennis,hybrid,2021,2023,0.51,1,True,low_confidence
oh_3973814_-8418411:c004,oh_3973814_-8418411,hybrid,tennis,2011,2013,0.51,1,True,low_confidence;reversion
oh_3991146_-8273173:c003,oh_3991146_-8273173,tennis,hybrid,2021,2023,0.51,1,True,low_confidence
oh_3997569_-8300759:c001,oh_3997569_-8300759,tennis,pickleball,2021,2023,0.51,,True,low_confidence
oh_4003002_-8304705:c007,oh_4003002_-8304705,hybrid,tennis,2013,2015,0.51,1,True,low_confidence;reversion
oh_4007229_-8298411:c001,oh_4007229_-8298411,removed,tennis,2015,2017,0.51,1,True,low_confidence;reversion
oh_4010995_-8303211:c001,oh_4010995_-8303211,tennis,hybrid,2021,2023,0.51,1,True,low_confidence
oh_3874385_-8297608:c005,oh_3874385_-8297608,tennis,removed,2014,2015,0.511,1,True,low_confidence
oh_3909546_-8464147:c001,oh_3909546_-8464147,hybrid,removed,2018,2019,0.511,1,True,low_confidence
oh_3912951_-8410246:c001,oh_3912951_-8410246,tennis,hybrid,2019,2021,0.511,1,True,low_confidence
oh_3920420_-8439547:c001,oh_3920420_-8439547,tennis,removed,2013,2015,0.511,1,True,low_confidence
oh_3932508_-8455465:c001,oh_3932508_-8455465,tennis,hybrid,2019,2021,0.511,1,True,low_confidence
oh_3936724_-8430117:c001,oh_3936724_-8430117,tennis,hybrid,2019,2021,0.511,1,True,low_confidence
oh_3981288_-8424984:c002,oh_3981288_-8424984,hybrid,tennis,2015,2017,0.511,1,True,low_confidence;reversion
oh_3993804_-8381480:c002,oh_3993804_-8381480,tennis,removed,2017,2019,0.511,1,True,low_confidence
oh_3993950_-8368158:c004,oh_3993950_-8368158,hybrid,tennis,2011,2013,0.511,1,True,low_confidence;reversion
oh_3995676_-8382124:c001,oh_3995676_-8382124,tennis,removed,2013,2015,0.511,1,True,low_confidence
oh_3999972_-8301999:c004,oh_3999972_-8301999,tennis,hybrid,2019,2021,0.511,1,True,low_confidence
oh_4006686_-8282940:c009,oh_4006686_-8282940,tennis,hybrid,2019,2021,0.511,1,True,low_confidence
oh_4030681_-8308177:c005,oh_4030681_-8308177,removed,tennis,2013,2017,0.511,1,True,low_confidence;reversion
oh_4030919_-8415451:c001,oh_4030919_-8415451,hybrid,tennis,2013,2015,0.511,1,True,low_confidence;reversion
oh_4195953_-8055340:c001,oh_4195953_-8055340,tennis,hybrid,2019,2021,0.511,1,True,low_confidence
oh_4195953_-8055340:c001,oh_4195953_-8055340,hybrid,tennis,2021,2022,0.511,1,True,low_confidence;reversion
oh_3908383_-8462934:c001,oh_3908383_-8462934,tennis,removed,2014,2015,0.512,1,True,low_confidence
oh_3909865_-8463312:c002,oh_3909865_-8463312,tennis,removed,2014,2015,0.512,1,True,low_confidence
oh_3917045_-8449215:c002,oh_3917045_-8449215,tennis,pickleball,2019,2021,0.512,,True,low_confidence
oh_3917045_-8449215:c002,oh_3917045_-8449215,pickleball,removed,2021,2023,0.512,1,True,low_confidence
oh_3921849_-8434833:c001,oh_3921849_-8434833,removed,tennis,2013,2019,0.512,1,True,low_confidence;reversion
oh_3923302_-8460472:c001,oh_3923302_-8460472,tennis,hybrid,2019,2021,0.512,1,True,low_confidence
oh_3925216_-8480120:c001,oh_3925216_-8480120,tennis,removed,2011,2013,0.512,1,True,low_confidence
oh_3965642_-8410117:c002,oh_3965642_-8410117,tennis,hybrid,2011,2013,0.512,1,True,low_confidence
oh_3991337_-8273422:c004,oh_3991337_-8273422,tennis,hybrid,2021,2023,0.512,1,True,low_confidence
oh_3996091_-8381065:c001,oh_3996091_-8381065,removed,tennis,2015,2017,0.512,1,True,low_confidence;reversion
oh_4005071_-8287684:c008,oh_4005071_-8287684,removed,tennis,2015,2017,0.512,1,True,low_confidence;reversion
oh_4040311_-8438106:c004,oh_4040311_-8438106,removed,tennis,2013,2015,0.512,1,True,low_confidence;reversion
oh_3916581_-8439636:c004,oh_3916581_-8439636,tennis,removed,2021,2023,0.513,1,True,low_confidence
oh_3919916_-8434957:c001,oh_3919916_-8434957,tennis,hybrid,2011,2013,0.513,1,True,low_confidence
oh_3940001_-8410621:c002,oh_3940001_-8410621,removed,tennis,2013,2015,0.513,1,True,low_confidence;reversion
oh_3978546_-8420199:c006,oh_3978546_-8420199,hybrid,tennis,2021,2023,0.513,1,True,low_confidence;reversion
oh_3995852_-8266036:c003,oh_3995852_-8266036,removed,tennis,2021,2023,0.513,1,True,low_confidence;reversion
oh_4003002_-8304705:c009,oh_4003002_-8304705,removed,tennis,2013,2015,0.513,1,True,low_confidence;reversion
oh_3931035_-8450494:c002,oh_3931035_-8450494,tennis,pickleball,2019,2023,0.514,3,True,low_confidence
oh_3974088_-8416067:c002,oh_3974088_-8416067,removed,pickleball,2017,2019,0.514,,True,low_confidence;reversion
oh_4015308_-8307285:c001,oh_4015308_-8307285,tennis,removed,2011,2013,0.514,1,True,low_confidence
oh_4025227_-8300360:c006,oh_4025227_-8300360,removed,tennis,2017,2019,0.514,1,True,low_confidence;reversion
oh_4034918_-8375428:c004,oh_4034918_-8375428,removed,tennis,2017,2019,0.514,1,True,low_confidence;reversion
oh_3910229_-8414936:c001,oh_3910229_-8414936,removed,pickleball,2019,2021,0.515,1,True,low_confidence;reversion
oh_3914711_-8458754:c001,oh_3914711_-8458754,tennis,hybrid,2021,2023,0.515,1,True,low_confidence
oh_3965916_-8413528:c001,oh_3965916_-8413528,tennis,removed,2011,2013,0.515,1,True,low_confidence
oh_4008854_-8295902:c002,oh_4008854_-8295902,tennis,hybrid,2019,2021,0.515,1,True,low_confidence
oh_4012358_-8304591:c017,oh_4012358_-8304591,hybrid,tennis,2015,2017,0.515,1,True,low_confidence;reversion
oh_4030681_-8308177:c007,oh_4030681_-8308177,tennis,hybrid,2021,2023,0.515,1,True,low_confidence
oh_4058311_-8419296:c001,oh_4058311_-8419296,pickleball,removed,2011,2013,0.515,1,True,low_confidence
oh_3904966_-8434988:c004,oh_3904966_-8434988,tennis,hybrid,2011,2012,0.516,1,True,low_confidence
oh_3946497_-8417872:c005,oh_3946497_-8417872,removed,tennis,2015,2017,0.516,1,True,low_confidence;reversion
oh_4010065_-8278684:c002,oh_4010065_-8278684,tennis,hybrid,2017,2019,0.516,1,True,low_confidence
oh_3871971_-8304723:c003,oh_3871971_-8304723,removed,tennis,2020,2021,0.517,1,True,low_confidence;reversion
oh_3972704_-8418670:c004,oh_3972704_-8418670,tennis,hybrid,2011,2013,0.517,1,True,low_confidence
oh_3985904_-8297240:c004,oh_3985904_-8297240,tennis,hybrid,2011,2013,0.517,1,True,low_confidence
oh_3994144_-8286582:c001,oh_3994144_-8286582,removed,pickleball,2019,2021,0.517,,True,low_confidence;reversion
oh_3994229_-8299180:c003,oh_3994229_-8299180,tennis,hybrid,2021,2023,0.517,1,True,low_confidence
oh_4005071_-8287684:c002,oh_4005071_-8287684,tennis,removed,2011,2013,0.517,1,True,low_confidence
oh_4016972_-8286303:c001,oh_4016972_-8286303,tennis,hybrid,2019,2021,0.517,1,True,low_confidence
oh_3919790_-8443191:c001,oh_3919790_-8443191,tennis,pickleball,2017,2019,0.518,,True,low_confidence
oh_3931611_-8457137:c001,oh_3931611_-8457137,hybrid,tennis,2013,2015,0.518,1,True,low_confidence;reversion
oh_3961116_-8291962:c003,oh_3961116_-8291962,removed,tennis,2017,2019,0.518,1,True,low_confidence;reversion
oh_4001374_-8306353:c005,oh_4001374_-8306353,tennis,hybrid,2017,2019,0.518,1,True,low_confidence
oh_4009521_-8306279:c004,oh_4009521_-8306279,hybrid,tennis,2013,2015,0.518,1,True,low_confidence;reversion
oh_4014669_-8318005:c003,oh_4014669_-8318005,tennis,hybrid,2017,2019,0.518,1,True,low_confidence
oh_3933014_-8300224:c005,oh_3933014_-8300224,hybrid,tennis,2013,2015,0.519,1,True,low_confidence;reversion
oh_3935197_-8437266:c004,oh_3935197_-8437266,hybrid,tennis,2019,2021,0.519,1,True,low_confidence;reversion
oh_3952096_-8473522:c008,oh_3952096_-8473522,pickleball,hybrid,2017,2019,0.519,1,True,low_confidence
oh_3990460_-8344667:c002,oh_3990460_-8344667,hybrid,tennis,2013,2015,0.519,1,True,low_confidence;reversion
oh_3914736_-8437836:c010,oh_3914736_-8437836,pickleball,tennis,2011,2013,0.52,1,True,low_confidence;reversion
oh_3914736_-8437836:c010,oh_3914736_-8437836,tennis,pickleball,2013,2015,0.52,,True,low_confidence
oh_3919672_-8425648:c001,oh_3919672_-8425648,tennis,hybrid,2011,2013,0.52,1,True,low_confidence
oh_3923302_-8460472:c004,oh_3923302_-8460472,tennis,hybrid,2019,2021,0.52,1,True,low_confidence
oh_3924289_-8453538:c002,oh_3924289_-8453538,hybrid,removed,2013,2015,0.52,1,True,low_confidence
oh_3931698_-8457242:c003,oh_3931698_-8457242,removed,pickleball,2021,2023,0.52,4,True,low_confidence;reversion
oh_3953941_-8344536:c003,oh_3953941_-8344536,tennis,removed,2013,2015,0.52,1,True,low_confidence
oh_3953941_-8344536:c003,oh_3953941_-8344536,removed,pickleball,2015,2019,0.52,1,True,low_confidence;reversion
oh_3999972_-8301999:c014,oh_3999972_-8301999,tennis,hybrid,2019,2021,0.52,1,True,low_confidence
oh_4007229_-8298411:c003,oh_4007229_-8298411,tennis,hybrid,2021,2023,0.52,1,True,low_confidence
oh_3957488_-8422330:c002,oh_3957488_-8422330,tennis,hybrid,2011,2013,0.521,1,True,low_confidence
oh_3965829_-8245295:c001,oh_3965829_-8245295,hybrid,tennis,2015,2017,0.521,1,True,low_confidence;reversion
oh_4001374_-8306353:c008,oh_4001374_-8306353,tennis,removed,2021,2023,0.521,1,True,low_confidence
oh_4008854_-8295902:c003,oh_4008854_-8295902,tennis,hybrid,2021,2023,0.521,1,True,low_confidence
oh_4023496_-8285642:c003,oh_4023496_-8285642,pickleball,hybrid,2021,2023,0.521,1,True,low_confidence
oh_3911603_-8441090:c004,oh_3911603_-8441090,tennis,hybrid,2017,2018,0.522,1,True,low_confidence
oh_3912657_-8451097:c002,oh_3912657_-8451097,pickleball,tennis,2020,2021,0.522,1,True,low_confidence;reversion
oh_3925002_-8248628:c002,oh_3925002_-8248628,tennis,hybrid,2021,2023,0.522,1,True,low_confidence
oh_3930598_-8459923:c001,oh_3930598_-8459923,tennis,hybrid,2017,2019,0.522,1,True,low_confidence
oh_3930806_-8450698:c001,oh_3930806_-8450698,tennis,removed,2013,2015,0.522,1,True,low_confidence
oh_3969236_-8410846:c001,oh_3969236_-8410846,tennis,removed,2015,2017,0.522,1,True,low_confidence
oh_3973136_-8406979:c001,oh_3973136_-8406979,removed,tennis,2021,2023,0.522,1,True,low_confidence;reversion
oh_3993305_-8327670:c002,oh_3993305_-8327670,tennis,hybrid,2021,2023,0.522,1,True,low_confidence
oh_3994144_-8286582:c006,oh_3994144_-8286582,tennis,hybrid,2021,2023,0.522,1,True,low_confidence
oh_4001374_-8306353:c003,oh_4001374_-8306353,tennis,hybrid,2011,2013,0.522,1,True,low_confidence
oh_4003633_-8422534:c001,oh_4003633_-8422534,removed,tennis,2021,2023,0.522,1,True,low_confidence;reversion
oh_4005071_-8287684:c005,oh_4005071_-8287684,tennis,hybrid,2019,2021,0.522,1,True,low_confidence
oh_4011341_-8463104:c005,oh_4011341_-8463104,tennis,hybrid,2019,2021,0.522,1,True,low_confidence
oh_4011341_-8463104:c007,oh_4011341_-8463104,hybrid,tennis,2021,2023,0.522,1,True,low_confidence;reversion
oh_3913401_-8446908:c007,oh_3913401_-8446908,tennis,hybrid,2019,2021,0.523,1,True,low_confidence
oh_3996754_-8418448:c003,oh_3996754_-8418448,tennis,removed,2021,2023,0.523,1,True,low_confidence
oh_4006208_-8307043:c001,oh_4006208_-8307043,tennis,hybrid,2011,2013,0.523,1,True,low_confidence
oh_4012997_-8301989:c002,oh_4012997_-8301989,removed,tennis,2015,2017,0.523,1,True,low_confidence;reversion
oh_4013493_-8314235:c001,oh_4013493_-8314235,tennis,hybrid,2021,2023,0.523,1,True,low_confidence
oh_4016557_-8070325:c001,oh_4016557_-8070325,removed,hybrid,2021,2022,0.523,1,True,low_confidence;reversion
oh_3912297_-8434477:c002,oh_3912297_-8434477,tennis,removed,2021,2023,0.524,1,True,low_confidence
oh_3915619_-8436503:c001,oh_3915619_-8436503,pickleball,hybrid,2021,2023,0.524,1,True,low_confidence
oh_3929059_-8432359:c001,oh_3929059_-8432359,tennis,pickleball,2015,2021,0.524,,True,low_confidence
oh_3933152_-8443277:c003,oh_3933152_-8443277,removed,tennis,2017,2019,0.524,1,True,low_confidence;reversion
oh_3934001_-8458543:c004,oh_3934001_-8458543,pickleball,hybrid,2021,2023,0.524,1,True,low_confidence
oh_3943996_-8381774:c001,oh_3943996_-8381774,pickleball,hybrid,2021,2023,0.524,1,True,low_confidence
oh_3991146_-8273173:c006,oh_3991146_-8273173,tennis,hybrid,2021,2023,0.524,1,True,low_confidence
oh_3995356_-8307660:c002,oh_3995356_-8307660,tennis,hybrid,2019,2021,0.524,1,True,low_confidence
oh_4005446_-8302344:c001,oh_4005446_-8302344,removed,tennis,2015,2017,0.524,1,True,low_confidence;reversion
oh_4011148_-8291205:c001,oh_4011148_-8291205,removed,tennis,2015,2017,0.524,1,True,low_confidence;reversion
oh_4012225_-8315993:c002,oh_4012225_-8315993,pickleball,tennis,2021,2023,0.524,1,True,low_confidence;reversion
oh_4014363_-8316438:c001,oh_4014363_-8316438,tennis,hybrid,2021,2023,0.524,1,True,low_confidence
oh_3926344_-8432088:c001,oh_3926344_-8432088,hybrid,tennis,2013,2015,0.525,1,True,low_confidence;reversion
oh_3936724_-8430117:c005,oh_3936724_-8430117,tennis,hybrid,2019,2021,0.525,1,True,low_confidence
oh_3969132_-8419528:c001,oh_3969132_-8419528,removed,tennis,2013,2015,0.525,1,True,low_confidence;reversion
oh_3992872_-8284105:c001,oh_3992872_-8284105,tennis,hybrid,2019,2021,0.525,1,True,low_confidence
oh_3992872_-8284105:c006,oh_3992872_-8284105,tennis,removed,2011,2013,0.525,1,True,low_confidence
oh_3995922_-8433166:c002,oh_3995922_-8433166,tennis,removed,2021,2023,0.525,1,True,low_confidence
oh_4001424_-8278173:c001,oh_4001424_-8278173,tennis,removed,2011,2015,0.525,1,True,low_confidence
oh_4016930_-8291218:c003,oh_4016930_-8291218,tennis,hybrid,2017,2019,0.525,1,True,low_confidence
oh_3911603_-8441090:c015,oh_3911603_-8441090,hybrid,tennis,2019,2020,0.526,1,True,low_confidence;reversion
oh_3911603_-8441090:c015,oh_3911603_-8441090,tennis,removed,2020,2021,0.526,1,True,low_confidence
oh_3922905_-8436038:c001,oh_3922905_-8436038,tennis,pickleball,2017,2019,0.526,,True,low_confidence
oh_3927740_-8444537:c002,oh_3927740_-8444537,hybrid,tennis,2013,2015,0.526,1,True,low_confidence;reversion
oh_3965916_-8413528:c002,oh_3965916_-8413528,tennis,removed,2011,2013,0.526,1,True,low_confidence
oh_4006720_-8284291:c001,oh_4006720_-8284291,removed,hybrid,2017,2019,0.526,1,True,low_confidence;reversion
oh_4015629_-8309838:c006,oh_4015629_-8309838,tennis,hybrid,2019,2021,0.526,1,True,low_confidence
oh_3878544_-8297793:c001,oh_3878544_-8297793,removed,tennis,2013,2017,0.527,1,True,low_confidence;reversion
oh_3878544_-8297793:c001,oh_3878544_-8297793,tennis,pickleball,2017,2021,0.527,,True,low_confidence
oh_3934257_-8434321:c002,oh_3934257_-8434321,removed,hybrid,2017,2021,0.527,1,True,low_confidence;reversion
oh_3976260_-8403125:c002,oh_3976260_-8403125,removed,pickleball,2017,2021,0.527,,True,low_confidence;reversion
oh_3997681_-8202832:c003,oh_3997681_-8202832,tennis,hybrid,2017,2019,0.527,1,True,low_confidence
oh_3999972_-8301999:c008,oh_3999972_-8301999,hybrid,tennis,2015,2017,0.527,1,True,low_confidence;reversion
oh_4023496_-8285642:c005,oh_4023496_-8285642,pickleball,hybrid,2021,2023,0.527,1,True,low_confidence
oh_4026429_-8100509:c002,oh_4026429_-8100509,removed,tennis,2017,2019,0.527,1,True,low_confidence;reversion
oh_3910279_-8449653:c001,oh_3910279_-8449653,tennis,hybrid,2017,2018,0.528,1,True,low_confidence
oh_3912714_-8446137:c001,oh_3912714_-8446137,tennis,removed,2016,2018,0.528,1,True,low_confidence
oh_3932113_-8209757:c006,oh_3932113_-8209757,removed,tennis,2017,2019,0.528,1,True,low_confidence;reversion
oh_3932508_-8455465:c003,oh_3932508_-8455465,tennis,hybrid,2019,2021,0.528,1,True,low_confidence
oh_3938202_-8458198:c001,oh_3938202_-8458198,tennis,pickleball,2017,2019,0.528,,True,low_confidence
oh_3990856_-8296791:c005,oh_3990856_-8296791,tennis,removed,2011,2013,0.528,1,True,low_confidence
oh_3995356_-8307660:c003,oh_3995356_-8307660,tennis,hybrid,2021,2023,0.528,1,True,low_confidence
oh_4015308_-8307285:c005,oh_4015308_-8307285,removed,tennis,2015,2017,0.528,1,True,low_confidence;reversion
oh_4016736_-8294557:c008,oh_4016736_-8294557,tennis,hybrid,2019,2021,0.528,1,True,low_confidence
oh_4030681_-8308177:c004,oh_4030681_-8308177,removed,tennis,2015,2017,0.528,1,True,low_confidence;reversion
oh_4057587_-8182912:c001,oh_4057587_-8182912,removed,hybrid,2017,2019,0.528,1,True,low_confidence;reversion
oh_3911603_-8441090:c016,oh_3911603_-8441090,hybrid,removed,2019,2020,0.529,1,True,low_confidence
oh_3933014_-8300224:c004,oh_3933014_-8300224,hybrid,tennis,2015,2017,0.529,1,True,low_confidence;reversion
oh_3949106_-8429745:c004,oh_3949106_-8429745,hybrid,removed,2013,2017,0.529,1,True,low_confidence
oh_3949106_-8429745:c004,oh_3949106_-8429745,removed,tennis,2017,2019,0.529,1,True,low_confidence;reversion
oh_3975877_-8405769:c001,oh_3975877_-8405769,tennis,hybrid,2017,2019,0.529,1,True,low_confidence
oh_3993305_-8327670:c003,oh_3993305_-8327670,tennis,hybrid,2021,2023,0.529,1,True,low_confidence
oh_3993936_-8298028:c001,oh_3993936_-8298028,tennis,hybrid,2021,2023,0.529,1,True,low_confidence
oh_4004136_-8306038:c001,oh_4004136_-8306038,removed,tennis,2015,2017,0.529,1,True,low_confidence;reversion
oh_4004258_-8281783:c001,oh_4004258_-8281783,pickleball,removed,2011,2013,0.529,1,True,low_confidence
oh_4011805_-8292128:c001,oh_4011805_-8292128,removed,tennis,2021,2023,0.529,1,True,low_confidence;reversion
oh_3917325_-8430254:c001,oh_3917325_-8430254,removed,tennis,2013,2015,0.53,1,True,low_confidence;reversion
oh_3929365_-8437855:c001,oh_3929365_-8437855,tennis,hybrid,2019,2021,0.53,1,True,low_confidence
oh_3940961_-8421241:c002,oh_3940961_-8421241,tennis,hybrid,2019,2021,0.53,1,True,low_confidence
oh_3965169_-8420023:c001,oh_3965169_-8420023,tennis,pickleball,2019,2021,0.53,,True,low_confidence
oh_3975376_-8419256:c010,oh_3975376_-8419256,tennis,hybrid,2021,2023,0.53,1,True,low_confidence
oh_4005911_-8251706:c005,oh_4005911_-8251706,tennis,removed,2011,2013,0.53,1,True,low_confidence
oh_4011511_-8316645:c005,oh_4011511_-8316645,removed,tennis,2015,2021,0.53,1,True,low_confidence;reversion
oh_3911603_-8441090:c016,oh_3911603_-8441090,removed,tennis,2021,2022,0.531,1,True,low_confidence;reversion
oh_3911603_-8441090:c016,oh_3911603_-8441090,tennis,hybrid,2022,2023,0.531,1,True,low_confidence
oh_3927366_-8444324:c007,oh_3927366_-8444324,removed,pickleball,2017,2019,0.531,,True,low_confidence;reversion
oh_3935354_-8426634:c002,oh_3935354_-8426634,tennis,hybrid,2017,2019,0.531,1,True,low_confidence
oh_3946497_-8417872:c004,oh_3946497_-8417872,removed,tennis,2015,2017,0.531,1,True,low_confidence;reversion
oh_3987306_-8434346:c006,oh_3987306_-8434346,removed,tennis,2011,2013,0.531,1,True,low_confidence;reversion
oh_3994614_-8308222:c006,oh_3994614_-8308222,tennis,pickleball,2021,2023,0.531,,True,low_confidence
oh_3995016_-8195186:c001,oh_3995016_-8195186,removed,tennis,2015,2017,0.531,1,True,low_confidence;reversion
oh_3997367_-8286954:c001,oh_3997367_-8286954,tennis,hybrid,2019,2021,0.531,1,True,low_confidence
oh_4000053_-8307502:c001,oh_4000053_-8307502,tennis,hybrid,2017,2019,0.531,1,True,low_confidence
oh_4038470_-8247401:c006,oh_4038470_-8247401,hybrid,tennis,2013,2015,0.531,1,True,low_confidence;reversion
oh_3911603_-8441090:c010,oh_3911603_-8441090,tennis,hybrid,2014,2015,0.532,1,True,low_confidence
oh_3921591_-8434555:c001,oh_3921591_-8434555,tennis,pickleball,2019,2021,0.532,,True,low_confidence
oh_3949042_-8391996:c001,oh_3949042_-8391996,tennis,hybrid,2017,2023,0.532,1,True,low_confidence
oh_3967609_-8420552:c001,oh_3967609_-8420552,tennis,pickleball,2019,2023,0.532,1,True,low_confidence
oh_3970587_-8260894:c001,oh_3970587_-8260894,pickleball,hybrid,2011,2013,0.532,1,True,low_confidence
oh_3973758_-8428500:c008,oh_3973758_-8428500,tennis,hybrid,2019,2021,0.532,1,True,low_confidence
oh_3974088_-8416067:c003,oh_3974088_-8416067,tennis,hybrid,2021,2023,0.532,1,True,low_confidence
oh_3976539_-8425989:c003,oh_3976539_-8425989,tennis,hybrid,2017,2019,0.532,1,True,low_confidence
oh_3983893_-8422053:c001,oh_3983893_-8422053,hybrid,tennis,2021,2023,0.532,1,True,low_confidence;reversion
oh_4005631_-8303609:c001,oh_4005631_-8303609,tennis,hybrid,2021,2023,0.532,1,True,low_confidence
oh_4008873_-8296827:c001,oh_4008873_-8296827,tennis,removed,2019,2023,0.532,1,True,low_confidence
oh_4017012_-8289129:c003,oh_4017012_-8289129,removed,tennis,2015,2017,0.532,1,True,low_confidence;reversion
oh_3911603_-8441090:c005,oh_3911603_-8441090,tennis,hybrid,2017,2018,0.533,1,True,low_confidence
oh_3914188_-8448862:c001,oh_3914188_-8448862,removed,tennis,2015,2017,0.533,1,True,low_confidence;reversion
oh_3914277_-8447945:c006,oh_3914277_-8447945,removed,tennis,2013,2017,0.533,1,True,low_confidence;reversion
oh_3934848_-8444274:c001,oh_3934848_-8444274,tennis,removed,2019,2021,0.533,1,True,low_confidence
oh_3940843_-8387851:c001,oh_3940843_-8387851,removed,tennis,2015,2017,0.533,1,True,low_confidence;reversion
oh_3959059_-8414822:c001,oh_3959059_-8414822,tennis,removed,2017,2019,0.533,1,True,low_confidence
oh_3967873_-8413312:c004,oh_3967873_-8413312,tennis,hybrid,2019,2021,0.533,1,True,low_confidence
oh_3976539_-8425989:c001,oh_3976539_-8425989,tennis,hybrid,2017,2019,0.533,1,True,low_confidence
oh_4007766_-8329006:c002,oh_4007766_-8329006,tennis,hybrid,2019,2021,0.533,1,True,low_confidence
oh_4012358_-8304591:c013,oh_4012358_-8304591,hybrid,tennis,2013,2015,0.533,1,True,low_confidence;reversion
oh_4023496_-8285642:c001,oh_4023496_-8285642,tennis,pickleball,2017,2019,0.533,,True,low_confidence
oh_3873882_-8384085:c002,oh_3873882_-8384085,hybrid,removed,2018,2019,0.534,1,True,low_confidence
oh_3887702_-8347387:c001,oh_3887702_-8347387,hybrid,tennis,2015,2017,0.534,1,True,low_confidence;reversion
oh_3926134_-8423245:c001,oh_3926134_-8423245,tennis,pickleball,2017,2021,0.534,,True,low_confidence
oh_3975690_-8275904:c001,oh_3975690_-8275904,removed,tennis,2017,2019,0.534,1,True,low_confidence;reversion
oh_3981422_-8423604:c002,oh_3981422_-8423604,removed,tennis,2013,2017,0.534,1,True,low_confidence;reversion
oh_3987508_-8309387:c001,oh_3987508_-8309387,tennis,hybrid,2021,2023,0.534,1,True,low_confidence
oh_4004258_-8281783:c002,oh_4004258_-8281783,pickleball,removed,2011,2013,0.534,1,True,low_confidence
oh_4008633_-8299637:c001,oh_4008633_-8299637,tennis,hybrid,2019,2021,0.534,1,True,low_confidence
oh_4012268_-8294946:c002,oh_4012268_-8294946,removed,tennis,2015,2017,0.534,1,True,low_confidence;reversion
oh_4025708_-8184780:c003,oh_4025708_-8184780,tennis,hybrid,2021,2023,0.534,1,True,low_confidence
oh_4026125_-8063389:c001,oh_4026125_-8063389,tennis,hybrid,2018,2019,0.534,1,True,low_confidence
oh_4038470_-8247401:c009,oh_4038470_-8247401,removed,pickleball,2011,2017,0.534,1,True,low_confidence;reversion
oh_4050059_-8144239:c008,oh_4050059_-8144239,tennis,hybrid,2021,2023,0.534,1,True,low_confidence
oh_3922918_-8463207:c002,oh_3922918_-8463207,pickleball,tennis,2019,2021,0.535,1,True,low_confidence;reversion
oh_3924625_-8431319:c001,oh_3924625_-8431319,tennis,hybrid,2019,2021,0.535,1,True,low_confidence
oh_3944122_-8222194:c001,oh_3944122_-8222194,tennis,removed,2011,2013,0.535,1,True,low_confidence
oh_3973756_-8274811:c001,oh_3973756_-8274811,tennis,hybrid,2019,2021,0.535,1,True,low_confidence
oh_3986858_-8304896:c002,oh_3986858_-8304896,removed,hybrid,2015,2017,0.535,1,True,low_confidence;reversion
oh_3996974_-8274712:c010,oh_3996974_-8274712,tennis,hybrid,2019,2021,0.535,1,True,low_confidence
oh_3997837_-8291874:c002,oh_3997837_-8291874,removed,tennis,2015,2017,0.535,1,True,low_confidence;reversion
oh_3998825_-8292418:c001,oh_3998825_-8292418,tennis,hybrid,2021,2023,0.535,1,True,low_confidence
oh_3999972_-8301999:c008,oh_3999972_-8301999,tennis,hybrid,2019,2021,0.535,1,True,low_confidence
oh_4006768_-8280351:c001,oh_4006768_-8280351,tennis,hybrid,2017,2021,0.535,1,True,low_confidence
oh_4006829_-8308149:c001,oh_4006829_-8308149,removed,tennis,2015,2017,0.535,1,True,low_confidence;reversion
oh_3930435_-8456228:c001,oh_3930435_-8456228,tennis,removed,2019,2021,0.536,1,True,low_confidence
oh_3933014_-8300224:c005,oh_3933014_-8300224,tennis,removed,2019,2021,0.536,1,True,low_confidence
oh_3961588_-8422072:c001,oh_3961588_-8422072,tennis,hybrid,2019,2021,0.536,1,True,low_confidence
oh_3987306_-8434346:c002,oh_3987306_-8434346,tennis,hybrid,2021,2023,0.536,1,True,low_confidence
oh_3997367_-8286954:c004,oh_3997367_-8286954,tennis,hybrid,2017,2023,0.536,1,True,low_confidence
oh_4013420_-8426145:c003,oh_4013420_-8426145,tennis,hybrid,2019,2021,0.536,1,True,low_confidence
oh_3927366_-8444324:c018,oh_3927366_-8444324,pickleball,removed,2013,2015,0.537,1,True,low_confidence
oh_3933152_-8443277:c001,oh_3933152_-8443277,removed,tennis,2017,2019,0.537,1,True,low_confidence;reversion
oh_4003411_-8306952:c004,oh_4003411_-8306952,hybrid,removed,2021,2023,0.537,1,True,low_confidence
oh_4007229_-8298411:c004,oh_4007229_-8298411,pickleball,removed,2011,2013,0.537,1,True,low_confidence
oh_4008508_-8088236:c003,oh_4008508_-8088236,removed,pickleball,2015,2019,0.537,2,True,low_confidence;reversion
oh_4013351_-8298019:c001,oh_4013351_-8298019,tennis,hybrid,2021,2023,0.537,1,True,low_confidence
oh_3874142_-8320479:c001,oh_3874142_-8320479,tennis,removed,2011,2013,0.538,1,True,low_confidence
oh_3908555_-8459768:c004,oh_3908555_-8459768,tennis,removed,2014,2016,0.538,1,True,low_confidence
oh_3911603_-8441090:c014,oh_3911603_-8441090,tennis,hybrid,2014,2015,0.538,1,True,low_confidence
oh_3923908_-8455635:c005,oh_3923908_-8455635,removed,tennis,2011,2013,0.538,1,True,low_confidence;reversion
oh_3927019_-8432558:c005,oh_3927019_-8432558,tennis,hybrid,2021,2023,0.538,1,True,low_confidence
oh_3946497_-8417872:c003,oh_3946497_-8417872,removed,tennis,2015,2017,0.538,1,True,low_confidence;reversion
oh_3999462_-8294406:c006,oh_3999462_-8294406,hybrid,tennis,2013,2015,0.538,1,True,low_confidence;reversion
oh_4008854_-8295902:c022,oh_4008854_-8295902,removed,pickleball,2017,2019,0.538,,True,low_confidence;reversion
oh_4060165_-8306659:c002,oh_4060165_-8306659,hybrid,tennis,2015,2017,0.538,1,True,low_confidence;reversion
oh_3918602_-8458759:c003,oh_3918602_-8458759,removed,tennis,2017,2019,0.539,1,True,low_confidence;reversion
oh_3966329_-8414936:c002,oh_3966329_-8414936,hybrid,removed,2019,2021,0.539,1,True,low_confidence
oh_3888375_-8296506:c004,oh_3888375_-8296506,tennis,removed,2013,2015,0.54,1,True,low_confidence
oh_3916934_-8440111:c005,oh_3916934_-8440111,removed,tennis,2021,2023,0.54,1,True,low_confidence;reversion
oh_3918259_-8436274:c002,oh_3918259_-8436274,pickleball,hybrid,2021,2023,0.54,1,True,low_confidence
oh_3926344_-8432088:c002,oh_3926344_-8432088,tennis,hybrid,2021,2023,0.54,1,True,low_confidence
oh_3969132_-8419528:c002,oh_3969132_-8419528,tennis,removed,2017,2019,0.54,1,True,low_confidence
oh_3969391_-8402334:c001,oh_3969391_-8402334,tennis,hybrid,2019,2021,0.54,1,True,low_confidence
oh_3970163_-8242235:c001,oh_3970163_-8242235,removed,tennis,2013,2015,0.54,1,True,low_confidence;reversion
oh_3993021_-8322723:c001,oh_3993021_-8322723,hybrid,tennis,2011,2013,0.54,1,True,low_confidence;reversion
oh_3998825_-8292418:c001,oh_3998825_-8292418,tennis,removed,2011,2013,0.54,1,True,low_confidence
oh_3999462_-8294406:c006,oh_3999462_-8294406,tennis,removed,2019,2021,0.54,1,True,low_confidence
oh_3999972_-8301999:c002,oh_3999972_-8301999,tennis,hybrid,2019,2021,0.54,1,True,low_confidence
oh_4004258_-8281783:c001,oh_4004258_-8281783,pickleball,hybrid,2021,2023,0.54,1,True,low_confidence
oh_4012268_-8294946:c002,oh_4012268_-8294946,tennis,hybrid,2019,2021,0.54,1,True,low_confidence
oh_4052145_-8062897:c001,oh_4052145_-8062897,tennis,removed,2016,2017,0.54,1,True,low_confidence
oh_3899461_-8255687:c001,oh_3899461_-8255687,removed,tennis,2015,2017,0.541,1,True,low_confidence;reversion
oh_3918285_-8443055:c006,oh_3918285_-8443055,hybrid,tennis,2013,2015,0.541,1,True,low_confidence;reversion
oh_3967873_-8413312:c005,oh_3967873_-8413312,hybrid,tennis,2013,2015,0.541,1,True,low_confidence;reversion
oh_3970587_-8260894:c002,oh_3970587_-8260894,tennis,pickleball,2017,2019,0.541,1,True,low_confidence
oh_3974875_-8402757:c001,oh_3974875_-8402757,tennis,hybrid,2021,2023,0.541,1,True,low_confidence
oh_3913005_-8451561:c006,oh_3913005_-8451561,tennis,hybrid,2021,2023,0.542,1,True,low_confidence
oh_3999972_-8301999:c006,oh_3999972_-8301999,tennis,hybrid,2019,2021,0.542,1,True,low_confidence
oh_4020895_-8330878:c002,oh_4020895_-8330878,removed,tennis,2015,2017,0.542,1,True,low_confidence;reversion
oh_3890832_-8257287:c002,oh_3890832_-8257287,removed,tennis,2015,2017,0.543,1,True,low_confidence;reversion
oh_3955324_-8429837:c002,oh_3955324_-8429837,removed,tennis,2011,2013,0.543,1,True,low_confidence;reversion
oh_3957415_-8421539:c001,oh_3957415_-8421539,tennis,pickleball,2019,2021,0.543,,True,low_confidence
oh_3963933_-8419860:c002,oh_3963933_-8419860,pickleball,tennis,2021,2023,0.543,1,True,low_confidence;reversion
oh_3995559_-8349054:c001,oh_3995559_-8349054,removed,hybrid,2015,2017,0.543,1,True,low_confidence;reversion
oh_4014002_-8315442:c003,oh_4014002_-8315442,tennis,removed,2017,2021,0.543,1,True,low_confidence
oh_4055479_-8283008:c003,oh_4055479_-8283008,hybrid,tennis,2021,2023,0.543,1,True,low_confidence;reversion
oh_3909092_-8437299:c001,oh_3909092_-8437299,tennis,removed,2014,2015,0.544,1,True,low_confidence
oh_3912329_-8446671:c001,oh_3912329_-8446671,removed,tennis,2013,2014,0.544,1,True,low_confidence;reversion
oh_3924326_-8429241:c001,oh_3924326_-8429241,tennis,removed,2019,2021,0.544,1,True,low_confidence
oh_3924326_-8429241:c001,oh_3924326_-8429241,removed,pickleball,2021,2023,0.544,,True,low_confidence;reversion
oh_3998430_-8289068:c002,oh_3998430_-8289068,tennis,hybrid,2011,2013,0.544,1,True,low_confidence
oh_3999972_-8301999:c015,oh_3999972_-8301999,tennis,hybrid,2021,2023,0.544,1,True,low_confidence
oh_4007766_-8329006:c003,oh_4007766_-8329006,tennis,hybrid,2017,2019,0.544,1,True,low_confidence
oh_4012358_-8304591:c014,oh_4012358_-8304591,tennis,pickleball,2019,2021,0.544,,True,low_confidence
oh_4016930_-8291218:c003,oh_4016930_-8291218,hybrid,tennis,2013,2015,0.544,1,True,low_confidence;reversion
oh_4030681_-8308177:c006,oh_4030681_-8308177,removed,tennis,2015,2017,0.544,1,True,low_confidence;reversion
oh_4034918_-8375428:c002,oh_4034918_-8375428,tennis,removed,2011,2013,0.544,1,True,low_confidence
oh_3852671_-8266865:c004,oh_3852671_-8266865,tennis,hybrid,2015,2016,0.545,1,True,low_confidence
oh_3874385_-8297608:c003,oh_3874385_-8297608,removed,tennis,2013,2014,0.545,1,True,low_confidence;reversion
oh_3887702_-8347387:c001,oh_3887702_-8347387,tennis,hybrid,2019,2021,0.545,1,True,low_confidence
oh_3911603_-8441090:c014,oh_3911603_-8441090,removed,hybrid,2022,2023,0.545,1,True,low_confidence;reversion
oh_3917478_-8447020:c001,oh_3917478_-8447020,tennis,removed,2011,2019,0.545,1,True,low_confidence
oh_3929412_-8445296:c001,oh_3929412_-8445296,removed,tennis,2017,2019,0.545,1,True,low_confidence;reversion
oh_3936724_-8430117:c006,oh_3936724_-8430117,tennis,hybrid,2019,2021,0.545,1,True,low_confidence
oh_3943996_-8381774:c004,oh_3943996_-8381774,tennis,pickleball,2015,2019,0.545,,True,low_confidence
oh_3944655_-8380894:c002,oh_3944655_-8380894,tennis,hybrid,2021,2023,0.545,1,True,low_confidence
oh_3960450_-8416051:c003,oh_3960450_-8416051,pickleball,removed,2019,2021,0.545,1,True,low_confidence
oh_3987306_-8434346:c007,oh_3987306_-8434346,removed,tennis,2011,2013,0.545,1,True,low_confidence;reversion
oh_4013493_-8314235:c004,oh_4013493_-8314235,removed,tennis,2015,2017,0.545,1,True,low_confidence;reversion
oh_4038470_-8247401:c001,oh_4038470_-8247401,hybrid,tennis,2013,2015,0.545,1,True,low_confidence;reversion
oh_3888969_-8361618:c001,oh_3888969_-8361618,removed,tennis,2015,2017,0.546,1,True,low_confidence;reversion
oh_3914020_-8443910:c004,oh_3914020_-8443910,hybrid,tennis,2013,2015,0.546,1,True,low_confidence;reversion
oh_3919765_-8431407:c001,oh_3919765_-8431407,hybrid,tennis,2013,2015,0.546,1,True,low_confidence;reversion
oh_3927019_-8432558:c005,oh_3927019_-8432558,tennis,hybrid,2011,2013,0.546,1,True,low_confidence
oh_3978546_-8420199:c006,oh_3978546_-8420199,tennis,hybrid,2019,2021,0.546,1,True,low_confidence
oh_3912881_-8297695:c004,oh_3912881_-8297695,tennis,removed,2011,2013,0.547,1,True,low_confidence
oh_3984580_-8307415:c001,oh_3984580_-8307415,removed,hybrid,2021,2023,0.547,1,True,low_confidence;reversion
oh_3997885_-8294219:c001,oh_3997885_-8294219,removed,tennis,2015,2017,0.547,1,True,low_confidence;reversion
oh_3997885_-8294219:c001,oh_3997885_-8294219,tennis,removed,2017,2023,0.547,1,True,low_confidence
oh_4006686_-8282940:c008,oh_4006686_-8282940,tennis,hybrid,2019,2021,0.547,1,True,low_confidence
oh_4008226_-8292471:c002,oh_4008226_-8292471,hybrid,tennis,2015,2017,0.547,1,True,low_confidence;reversion
oh_4025241_-8185697:c002,oh_4025241_-8185697,removed,pickleball,2017,2021,0.547,2,True,low_confidence;reversion
oh_3888375_-8296506:c003,oh_3888375_-8296506,removed,hybrid,2017,2019,0.548,1,True,low_confidence;reversion
oh_3918634_-8433139:c002,oh_3918634_-8433139,removed,tennis,2011,2013,0.548,1,True,low_confidence;reversion
oh_3994229_-8299180:c004,oh_3994229_-8299180,removed,hybrid,2015,2023,0.548,1,True,low_confidence;reversion
oh_3907580_-8412721:c003,oh_3907580_-8412721,removed,hybrid,2013,2019,0.549,1,True,low_confidence;reversion
oh_3912297_-8434477:c003,oh_3912297_-8434477,hybrid,removed,2021,2023,0.549,1,True,low_confidence
oh_3933014_-8300224:c002,oh_3933014_-8300224,hybrid,tennis,2015,2017,0.549,1,True,low_confidence;reversion
oh_3934695_-8441650:c001,oh_3934695_-8441650,tennis,removed,2011,2013,0.549,1,True,low_confidence
oh_3937540_-8478298:c001,oh_3937540_-8478298,removed,tennis,2021,2023,0.549,1,True,low_confidence;reversion
oh_3997623_-8300865:c004,oh_3997623_-8300865,pickleball,tennis,2021,2023,0.549,1,True,low_confidence;reversion
oh_4036916_-8239076:c011,oh_4036916_-8239076,tennis,hybrid,2021,2023,0.549,1,True,low_confidence
oh_3912657_-8451097:c004,oh_3912657_-8451097,tennis,removed,2022,2023,0.55,1,True,low_confidence
oh_3962352_-8323664:c001,oh_3962352_-8323664,tennis,hybrid,2019,2021,0.55,1,True,low_confidence
oh_3969391_-8402334:c001,oh_3969391_-8402334,tennis,hybrid,2011,2013,0.55,1,True,low_confidence
oh_3981968_-8430000:c002,oh_3981968_-8430000,tennis,hybrid,2017,2019,0.55,1,True,low_confidence
oh_3999972_-8301999:c007,oh_3999972_-8301999,tennis,hybrid,2019,2021,0.55,1,True,low_confidence
oh_4034798_-8437284:c001,oh_4034798_-8437284,pickleball,removed,2021,2023,0.55,1,True,low_confidence
oh_3855592_-8271124:c006,oh_3855592_-8271124,removed,tennis,2016,2017,0.551,1,True,low_confidence;reversion
oh_3912916_-8445396:c003,oh_3912916_-8445396,tennis,removed,2015,2017,0.551,1,True,low_confidence
oh_3914188_-8448862:c003,oh_3914188_-8448862,tennis,removed,2013,2015,0.551,1,True,low_confidence
oh_3927019_-8432558:c002,oh_3927019_-8432558,tennis,pickleball,2015,2017,0.551,,True,low_confidence
oh_3927366_-8444324:c016,oh_3927366_-8444324,pickleball,removed,2013,2015,0.551,1,True,low_confidence
oh_3932113_-8209757:c005,oh_3932113_-8209757,tennis,hybrid,2021,2023,0.551,1,True,low_confidence
oh_3975707_-8417509:c003,oh_3975707_-8417509,removed,tennis,2013,2017,0.551,1,True,low_confidence;reversion
oh_3993305_-8327670:c001,oh_3993305_-8327670,tennis,hybrid,2019,2021,0.551,1,True,low_confidence
oh_3996324_-8434766:c005,oh_3996324_-8434766,removed,tennis,2011,2013,0.551,1,True,low_confidence;reversion
oh_4003002_-8304705:c002,oh_4003002_-8304705,tennis,hybrid,2019,2021,0.551,1,True,low_confidence
oh_4003411_-8306952:c003,oh_4003411_-8306952,tennis,hybrid,2017,2019,0.551,1,True,low_confidence
oh_4011124_-8327230:c001,oh_4011124_-8327230,removed,hybrid,2019,2023,0.551,1,True,low_confidence;reversion
oh_4044875_-8436326:c001,oh_4044875_-8436326,removed,tennis,2013,2015,0.551,1,True,low_confidence;reversion
oh_3888969_-8361618:c001,oh_3888969_-8361618,tennis,removed,2011,2013,0.552,1,True,low_confidence
oh_3940961_-8421241:c003,oh_3940961_-8421241,tennis,hybrid,2019,2021,0.552,1,True,low_confidence
oh_3940961_-8421241:c003,oh_3940961_-8421241,hybrid,removed,2021,2023,0.552,1,True,low_confidence
oh_3949106_-8429745:c002,oh_3949106_-8429745,hybrid,removed,2013,2017,0.552,1,True,low_confidence
oh_3949106_-8429745:c002,oh_3949106_-8429745,removed,tennis,2017,2019,0.552,1,True,low_confidence;reversion
oh_3951405_-8237330:c002,oh_3951405_-8237330,hybrid,tennis,2015,2017,0.552,1,True,low_confidence;reversion
oh_3997642_-8305022:c001,oh_3997642_-8305022,tennis,pickleball,2019,2021,0.552,,True,low_confidence
oh_4015701_-8310016:c006,oh_4015701_-8310016,removed,pickleball,2021,2023,0.552,,True,low_confidence;reversion
oh_3969236_-8410846:c002,oh_3969236_-8410846,tennis,removed,2015,2017,0.553,1,True,low_confidence
oh_3976260_-8403125:c002,oh_3976260_-8403125,pickleball,hybrid,2021,2023,0.553,1,True,low_confidence
oh_3977723_-8418023:c002,oh_3977723_-8418023,pickleball,removed,2019,2021,0.553,1,True,low_confidence
oh_3992872_-8284105:c016,oh_3992872_-8284105,tennis,removed,2011,2013,0.553,1,True,low_confidence
oh_3996754_-8418448:c002,oh_3996754_-8418448,hybrid,tennis,2019,2021,0.553,1,True,low_confidence;reversion
oh_3996754_-8418448:c002,oh_3996754_-8418448,tennis,removed,2021,2023,0.553,1,True,low_confidence
oh_4005020_-8294298:c001,oh_4005020_-8294298,removed,tennis,2015,2017,0.553,1,True,low_confidence;reversion
oh_4011341_-8463104:c006,oh_4011341_-8463104,tennis,hybrid,2019,2021,0.553,1,True,low_confidence
oh_3937354_-8212811:c004,oh_3937354_-8212811,tennis,removed,2011,2013,0.554,1,True,low_confidence
oh_3970212_-8394022:c004,oh_3970212_-8394022,tennis,hybrid,2021,2023,0.554,1,True,low_confidence
oh_3996436_-8290909:c002,oh_3996436_-8290909,tennis,hybrid,2021,2023,0.554,1,True,low_confidence
oh_4004655_-8315536:c005,oh_4004655_-8315536,tennis,removed,2013,2015,0.554,1,True,low_confidence
oh_4016930_-8291218:c004,oh_4016930_-8291218,tennis,hybrid,2017,2019,0.554,1,True,low_confidence
oh_3874142_-8320479:c002,oh_3874142_-8320479,tennis,removed,2011,2013,0.555,1,True,low_confidence
oh_3911603_-8441090:c014,oh_3911603_-8441090,tennis,removed,2020,2021,0.555,1,True,low_confidence
oh_3924864_-8434566:c001,oh_3924864_-8434566,hybrid,tennis,2013,2015,0.555,1,True,low_confidence;reversion
oh_3937354_-8212811:c001,oh_3937354_-8212811,removed,hybrid,2015,2017,0.555,1,True,low_confidence;reversion
oh_3967873_-8413312:c002,oh_3967873_-8413312,tennis,hybrid,2017,2019,0.555,1,True,low_confidence
oh_3967873_-8413312:c003,oh_3967873_-8413312,hybrid,tennis,2013,2015,0.555,1,True,low_confidence;reversion
oh_3989858_-8418335:c002,oh_3989858_-8418335,tennis,removed,2017,2021,0.555,1,True,low_confidence
oh_3903543_-8393910:c001,oh_3903543_-8393910,tennis,hybrid,2019,2021,0.556,1,True,low_confidence
oh_3923109_-8426897:c001,oh_3923109_-8426897,removed,tennis,2013,2015,0.556,1,True,low_confidence;reversion
oh_3935246_-8428428:c001,oh_3935246_-8428428,tennis,hybrid,2011,2013,0.556,1,True,low_confidence
oh_3935372_-8425383:c001,oh_3935372_-8425383,tennis,hybrid,2021,2023,0.556,1,True,low_confidence
oh_3943386_-8146916:c002,oh_3943386_-8146916,removed,tennis,2018,2020,0.556,1,True,low_confidence;reversion
oh_3991480_-8380788:c003,oh_3991480_-8380788,tennis,hybrid,2021,2023,0.556,1,True,low_confidence
oh_4000053_-8307502:c003,oh_4000053_-8307502,tennis,removed,2011,2013,0.556,1,True,low_confidence
oh_4004655_-8315536:c005,oh_4004655_-8315536,removed,tennis,2015,2017,0.556,1,True,low_confidence;reversion
oh_4009521_-8306279:c001,oh_4009521_-8306279,hybrid,tennis,2015,2017,0.556,1,True,low_confidence;reversion
oh_4031437_-8417275:c009,oh_4031437_-8417275,pickleball,tennis,2015,2017,0.556,1,True,low_confidence;reversion
oh_3911603_-8441090:c012,oh_3911603_-8441090,hybrid,tennis,2019,2020,0.557,1,True,low_confidence;reversion
oh_3914188_-8448862:c002,oh_3914188_-8448862,tennis,removed,2013,2015,0.557,1,True,low_confidence
oh_3979746_-8388928:c004,oh_3979746_-8388928,pickleball,tennis,2021,2023,0.557,1,True,low_confidence;reversion
oh_3993950_-8368158:c006,oh_3993950_-8368158,hybrid,tennis,2013,2015,0.557,1,True,low_confidence;reversion
oh_3997677_-8278207:c005,oh_3997677_-8278207,tennis,hybrid,2011,2013,0.557,1,True,low_confidence
oh_4003002_-8304705:c008,oh_4003002_-8304705,tennis,hybrid,2021,2023,0.557,1,True,low_confidence
oh_4007710_-8304350:c001,oh_4007710_-8304350,tennis,removed,2011,2015,0.557,1,True,low_confidence
oh_4015701_-8310016:c003,oh_4015701_-8310016,removed,pickleball,2021,2023,0.557,,True,low_confidence;reversion
oh_4023496_-8285642:c002,oh_4023496_-8285642,tennis,pickleball,2017,2019,0.557,,True,low_confidence
oh_4026125_-8063389:c001,oh_4026125_-8063389,tennis,hybrid,2022,2023,0.557,1,True,low_confidence
oh_3852671_-8266865:c003,oh_3852671_-8266865,tennis,removed,2015,2016,0.558,1,True,low_confidence
oh_3886580_-8391285:c001,oh_3886580_-8391285,tennis,hybrid,2019,2021,0.558,1,True,low_confidence
oh_3954483_-8342363:c003,oh_3954483_-8342363,removed,tennis,2021,2023,0.558,1,True,low_confidence;reversion
oh_3954483_-8342363:c004,oh_3954483_-8342363,removed,tennis,2021,2023,0.558,1,True,low_confidence;reversion
oh_3990460_-8344667:c005,oh_3990460_-8344667,tennis,hybrid,2017,2019,0.558,1,True,low_confidence
oh_3991146_-8273173:c004,oh_3991146_-8273173,tennis,hybrid,2021,2023,0.558,1,True,low_confidence
oh_4001399_-8302402:c001,oh_4001399_-8302402,removed,tennis,2017,2019,0.558,1,True,low_confidence;reversion
oh_4003980_-8306643:c001,oh_4003980_-8306643,removed,tennis,2015,2017,0.558,1,True,low_confidence;reversion
oh_4007400_-8252048:c004,oh_4007400_-8252048,tennis,hybrid,2021,2023,0.558,1,True,low_confidence
oh_4011341_-8463104:c003,oh_4011341_-8463104,tennis,hybrid,2019,2021,0.558,1,True,low_confidence
oh_4031252_-8414912:c001,oh_4031252_-8414912,removed,tennis,2013,2015,0.558,1,True,low_confidence;reversion
oh_3912881_-8297695:c002,oh_3912881_-8297695,tennis,removed,2015,2017,0.559,1,True,low_confidence
oh_3916880_-8433065:c001,oh_3916880_-8433065,pickleball,tennis,2021,2023,0.559,1,True,low_confidence;reversion
oh_3937354_-8212811:c002,oh_3937354_-8212811,tennis,removed,2011,2013,0.559,1,True,low_confidence
oh_3977723_-8418023:c001,oh_3977723_-8418023,pickleball,removed,2021,2023,0.559,1,True,low_confidence
oh_3991337_-8273422:c002,oh_3991337_-8273422,tennis,hybrid,2021,2023,0.559,1,True,low_confidence
oh_3995300_-8293687:c005,oh_3995300_-8293687,pickleball,removed,2011,2013,0.559,1,True,low_confidence
oh_4036916_-8239076:c012,oh_4036916_-8239076,tennis,hybrid,2019,2021,0.559,1,True,low_confidence
oh_3908282_-8462567:c001,oh_3908282_-8462567,tennis,removed,2015,2016,0.56,1,True,low_confidence
oh_3930598_-8459923:c001,oh_3930598_-8459923,hybrid,tennis,2019,2021,0.56,1,True,low_confidence;reversion
oh_3931717_-8423658:c002,oh_3931717_-8423658,tennis,hybrid,2021,2023,0.56,1,True,low_confidence
oh_3936440_-8450367:c001,oh_3936440_-8450367,tennis,removed,2015,2021,0.56,1,True,low_confidence
oh_3944111_-8380981:c001,oh_3944111_-8380981,removed,tennis,2015,2017,0.56,1,True,low_confidence;reversion
oh_3993804_-8381480:c001,oh_3993804_-8381480,tennis,removed,2017,2019,0.56,1,True,low_confidence
oh_4005527_-8305443:c002,oh_4005527_-8305443,tennis,hybrid,2021,2023,0.56,1,True,low_confidence
oh_4011288_-8072549:c002,oh_4011288_-8072549,tennis,hybrid,2018,2019,0.56,1,True,low_confidence
oh_4034918_-8375428:c001,oh_4034918_-8375428,removed,tennis,2017,2019,0.56,1,True,low_confidence;reversion
oh_3874385_-8297608:c006,oh_3874385_-8297608,removed,tennis,2016,2017,0.561,1,True,low_confidence;reversion
oh_3918602_-8458759:c002,oh_3918602_-8458759,removed,tennis,2017,2019,0.561,1,True,low_confidence;reversion
oh_3921131_-8439943:c004,oh_3921131_-8439943,removed,tennis,2017,2021,0.561,1,True,low_confidence;reversion
oh_3955895_-8285340:c001,oh_3955895_-8285340,removed,tennis,2013,2015,0.561,1,True,low_confidence;reversion
oh_3999375_-8390728:c004,oh_3999375_-8390728,removed,tennis,2013,2015,0.561,1,True,low_confidence;reversion
oh_4008226_-8292471:c001,oh_4008226_-8292471,removed,tennis,2013,2015,0.561,1,True,low_confidence;reversion
oh_4008854_-8295902:c005,oh_4008854_-8295902,tennis,hybrid,2021,2023,0.561,1,True,low_confidence
oh_4015160_-8316617:c003,oh_4015160_-8316617,tennis,removed,2021,2023,0.561,1,True,low_confidence
oh_4017083_-8298267:c002,oh_4017083_-8298267,hybrid,removed,2013,2015,0.561,1,True,low_confidence
oh_4032632_-8309865:c003,oh_4032632_-8309865,tennis,hybrid,2021,2023,0.561,1,True,low_confidence
oh_3910279_-8449653:c006,oh_3910279_-8449653,hybrid,tennis,2020,2021,0.562,1,True,low_confidence;reversion
oh_3910279_-8449653:c006,oh_3910279_-8449653,tennis,pickleball,2021,2022,0.562,4,True,low_confidence
oh_3917834_-8436675:c002,oh_3917834_-8436675,tennis,removed,2021,2023,0.562,1,True,low_confidence
oh_3922788_-8451047:c001,oh_3922788_-8451047,tennis,removed,2019,2021,0.562,1,True,low_confidence
oh_3914277_-8447945:c005,oh_3914277_-8447945,removed,tennis,2013,2017,0.563,1,True,low_confidence;reversion
oh_3953941_-8344536:c004,oh_3953941_-8344536,tennis,removed,2013,2015,0.563,1,True,low_confidence
oh_4004131_-8302172:c005,oh_4004131_-8302172,pickleball,hybrid,2021,2023,0.563,1,True,low_confidence
oh_4008508_-8088236:c001,oh_4008508_-8088236,removed,tennis,2015,2017,0.563,1,True,low_confidence;reversion
oh_4049460_-8288394:c001,oh_4049460_-8288394,tennis,removed,2017,2019,0.563,1,True,low_confidence
oh_4059535_-8309051:c006,oh_4059535_-8309051,tennis,removed,2011,2013,0.563,1,True,low_confidence
oh_3874385_-8297608:c002,oh_3874385_-8297608,tennis,hybrid,2020,2021,0.564,1,True,low_confidence
oh_3908546_-8438433:c001,oh_3908546_-8438433,tennis,hybrid,2017,2018,0.564,1,True,low_confidence
oh_3967873_-8413312:c009,oh_3967873_-8413312,pickleball,hybrid,2021,2023,0.564,1,True,low_confidence
oh_4012997_-8301989:c001,oh_4012997_-8301989,removed,tennis,2015,2017,0.564,1,True,low_confidence;reversion
oh_4019430_-8314982:c001,oh_4019430_-8314982,tennis,hybrid,2019,2021,0.564,1,True,low_confidence
oh_3909092_-8437299:c001,oh_3909092_-8437299,hybrid,tennis,2019,2020,0.565,1,True,low_confidence;reversion
oh_3912916_-8445396:c007,oh_3912916_-8445396,tennis,hybrid,2021,2023,0.565,1,True,low_confidence
oh_3918631_-8432390:c001,oh_3918631_-8432390,removed,tennis,2021,2023,0.565,1,True,low_confidence;reversion
oh_3983897_-8281119:c004,oh_3983897_-8281119,removed,tennis,2017,2019,0.565,1,True,low_confidence;reversion
oh_3995300_-8293687:c007,oh_3995300_-8293687,pickleball,removed,2011,2013,0.565,1,True,low_confidence
oh_4013392_-8289608:c003,oh_4013392_-8289608,tennis,hybrid,2021,2023,0.565,1,True,low_confidence
oh_4014002_-8315442:c001,oh_4014002_-8315442,tennis,hybrid,2011,2013,0.565,1,True,low_confidence
oh_3918285_-8443055:c004,oh_3918285_-8443055,hybrid,tennis,2013,2015,0.566,1,True,low_confidence;reversion
oh_3927366_-8444324:c016,oh_3927366_-8444324,pickleball,removed,2019,2021,0.566,1,True,low_confidence
oh_3964989_-8412234:c001,oh_3964989_-8412234,removed,tennis,2013,2015,0.566,1,True,low_confidence;reversion
oh_3966876_-8410304:c001,oh_3966876_-8410304,pickleball,removed,2013,2015,0.566,1,True,low_confidence
oh_3973457_-8464993:c001,oh_3973457_-8464993,hybrid,tennis,2021,2023,0.566,1,True,low_confidence;reversion
oh_3977350_-8420461:c001,oh_3977350_-8420461,tennis,removed,2017,2019,0.566,1,True,low_confidence
oh_3988216_-8298960:c002,oh_3988216_-8298960,hybrid,tennis,2013,2015,0.566,1,True,low_confidence;reversion
oh_4036671_-8374967:c004,oh_4036671_-8374967,removed,pickleball,2015,2017,0.566,2,True,low_confidence;reversion
oh_3892772_-8377921:c001,oh_3892772_-8377921,tennis,pickleball,2019,2021,0.567,,True,low_confidence
oh_3912881_-8297695:c001,oh_3912881_-8297695,removed,tennis,2017,2019,0.567,1,True,low_confidence;reversion
oh_3934315_-8441805:c004,oh_3934315_-8441805,tennis,removed,2017,2019,0.567,1,True,low_confidence
oh_3943996_-8381774:c005,oh_3943996_-8381774,pickleball,removed,2021,2023,0.567,1,True,low_confidence
oh_3951405_-8237330:c003,oh_3951405_-8237330,hybrid,tennis,2015,2017,0.567,1,True,low_confidence;reversion
oh_4017083_-8298267:c008,oh_4017083_-8298267,removed,tennis,2015,2019,0.567,1,True,low_confidence;reversion
oh_3892772_-8377921:c001,oh_3892772_-8377921,pickleball,hybrid,2021,2023,0.568,1,True,low_confidence
oh_3913038_-8297010:c001,oh_3913038_-8297010,removed,hybrid,2021,2023,0.568,1,True,low_confidence;reversion
oh_3921389_-8435144:c001,oh_3921389_-8435144,pickleball,hybrid,2011,2013,0.568,1,True,low_confidence
oh_3934001_-8458543:c002,oh_3934001_-8458543,pickleball,hybrid,2021,2023,0.568,1,True,low_confidence
oh_3936113_-8438441:c004,oh_3936113_-8438441,tennis,removed,2021,2023,0.568,1,True,low_confidence
oh_3991480_-8380788:c001,oh_3991480_-8380788,tennis,hybrid,2021,2023,0.568,1,True,low_confidence
oh_3994614_-8308222:c005,oh_3994614_-8308222,tennis,pickleball,2011,2015,0.568,,True,low_confidence
oh_3995300_-8293687:c001,oh_3995300_-8293687,removed,pickleball,2017,2019,0.568,,True,low_confidence;reversion
oh_4006686_-8282940:c005,oh_4006686_-8282940,tennis,hybrid,2021,2023,0.568,1,True,low_confidence
oh_4007879_-8303669:c004,oh_4007879_-8303669,pickleball,removed,2011,2013,0.568,1,True,low_confidence
oh_4013392_-8289608:c004,oh_4013392_-8289608,tennis,hybrid,2021,2023,0.569,1,True,low_confidence
oh_4014363_-8316438:c001,oh_4014363_-8316438,removed,tennis,2015,2017,0.569,1,True,low_confidence;reversion
oh_4050059_-8144239:c007,oh_4050059_-8144239,tennis,hybrid,2011,2013,0.569,1,True,low_confidence
oh_3912846_-8450078:c001,oh_3912846_-8450078,tennis,removed,2021,2023,0.57,1,True,low_confidence
oh_3912951_-8410246:c002,oh_3912951_-8410246,tennis,hybrid,2021,2023,0.57,1,True,low_confidence
oh_3918266_-8361227:c004,oh_3918266_-8361227,removed,hybrid,2021,2023,0.57,1,True,low_confidence;reversion
oh_3929059_-8432359:c001,oh_3929059_-8432359,pickleball,removed,2021,2023,0.57,1,True,low_confidence
oh_3932593_-8368573:c001,oh_3932593_-8368573,tennis,hybrid,2017,2019,0.57,1,True,low_confidence
oh_3959074_-8428968:c002,oh_3959074_-8428968,hybrid,pickleball,2019,2021,0.57,,True,low_confidence
oh_3971995_-8299144:c001,oh_3971995_-8299144,hybrid,removed,2011,2013,0.57,1,True,low_confidence
oh_3975422_-8381393:c003,oh_3975422_-8381393,tennis,hybrid,2021,2023,0.57,1,True,low_confidence
oh_3994144_-8286582:c005,oh_3994144_-8286582,removed,hybrid,2017,2021,0.57,1,True,low_confidence;reversion
oh_3995311_-8285830:c002,oh_3995311_-8285830,tennis,removed,2011,2013,0.57,1,True,low_confidence
oh_4008603_-8281487:c006,oh_4008603_-8281487,removed,tennis,2013,2015,0.57,1,True,low_confidence;reversion
oh_4058630_-8301277:c002,oh_4058630_-8301277,hybrid,tennis,2013,2015,0.57,1,True,low_confidence;reversion
oh_3917919_-8441648:c006,oh_3917919_-8441648,tennis,pickleball,2013,2019,0.571,1,True,low_confidence
oh_3955895_-8285340:c003,oh_3955895_-8285340,removed,tennis,2013,2015,0.571,1,True,low_confidence;reversion
oh_3964859_-8416946:c001,oh_3964859_-8416946,tennis,removed,2017,2019,0.571,1,True,low_confidence
oh_3965642_-8410117:c006,oh_3965642_-8410117,tennis,hybrid,2021,2023,0.571,1,True,low_confidence
oh_3993305_-8327670:c005,oh_3993305_-8327670,tennis,hybrid,2019,2021,0.571,1,True,low_confidence
oh_4000053_-8307502:c013,oh_4000053_-8307502,removed,pickleball,2015,2019,0.571,1,True,low_confidence;reversion
oh_4034798_-8437284:c001,oh_4034798_-8437284,tennis,pickleball,2015,2017,0.571,,True,low_confidence
oh_3937749_-8456079:c001,oh_3937749_-8456079,tennis,hybrid,2017,2019,0.572,1,True,low_confidence
oh_3959074_-8428968:c001,oh_3959074_-8428968,hybrid,pickleball,2019,2021,0.572,,True,low_confidence
oh_3964692_-8413195:c002,oh_3964692_-8413195,tennis,hybrid,2011,2013,0.572,1,True,low_confidence
oh_3965770_-8375675:c002,oh_3965770_-8375675,hybrid,tennis,2013,2015,0.572,1,True,low_confidence;reversion
oh_3995813_-8280577:c004,oh_3995813_-8280577,removed,tennis,2015,2017,0.572,1,True,low_confidence;reversion
oh_4015629_-8309838:c005,oh_4015629_-8309838,tennis,removed,2013,2015,0.572,1,True,low_confidence
oh_4030681_-8308177:c005,oh_4030681_-8308177,tennis,hybrid,2019,2021,0.572,1,True,low_confidence
oh_4050059_-8144239:c007,oh_4050059_-8144239,hybrid,tennis,2015,2017,0.572,1,True,low_confidence;reversion
oh_3898015_-8428843:c001,oh_3898015_-8428843,removed,tennis,2017,2018,0.573,1,True,low_confidence;reversion
oh_3903659_-8263494:c001,oh_3903659_-8263494,tennis,removed,2019,2023,0.573,1,True,low_confidence
oh_3911281_-8464175:c001,oh_3911281_-8464175,hybrid,removed,2018,2022,0.573,1,True,low_confidence
oh_3914020_-8443910:c011,oh_3914020_-8443910,tennis,hybrid,2021,2023,0.573,1,True,low_confidence
oh_3918750_-8434752:c004,oh_3918750_-8434752,removed,tennis,2019,2021,0.573,1,True,low_confidence;reversion
oh_3976060_-8404663:c001,oh_3976060_-8404663,tennis,hybrid,2017,2019,0.573,1,True,low_confidence
oh_4012358_-8304591:c016,oh_4012358_-8304591,tennis,hybrid,2017,2019,0.573,1,True,low_confidence
oh_3916377_-8429343:c001,oh_3916377_-8429343,tennis,hybrid,2017,2019,0.574,1,True,low_confidence
oh_3924341_-8431834:c001,oh_3924341_-8431834,removed,tennis,2017,2019,0.574,1,True,low_confidence;reversion
oh_4009455_-8301150:c003,oh_4009455_-8301150,removed,pickleball,2017,2019,0.574,,True,low_confidence;reversion
oh_4052734_-8172099:c001,oh_4052734_-8172099,tennis,hybrid,2017,2019,0.574,1,True,low_confidence
oh_3919853_-8424768:c001,oh_3919853_-8424768,tennis,hybrid,2017,2019,0.575,1,True,low_confidence
oh_3954462_-8240690:c001,oh_3954462_-8240690,removed,hybrid,2021,2023,0.575,1,True,low_confidence;reversion
oh_3966329_-8414936:c002,oh_3966329_-8414936,tennis,hybrid,2017,2019,0.575,1,True,low_confidence
oh_3996754_-8418448:c004,oh_3996754_-8418448,hybrid,tennis,2021,2023,0.575,1,True,low_confidence;reversion
oh_4008854_-8295902:c007,oh_4008854_-8295902,tennis,removed,2021,2023,0.575,1,True,low_confidence
oh_4016557_-8070325:c001,oh_4016557_-8070325,tennis,removed,2014,2015,0.575,1,True,low_confidence
oh_3922553_-8437384:c002,oh_3922553_-8437384,tennis,removed,2017,2019,0.576,1,True,low_confidence
oh_3928701_-8452419:c001,oh_3928701_-8452419,tennis,hybrid,2019,2021,0.576,1,True,low_confidence
oh_3971623_-8294748:c001,oh_3971623_-8294748,removed,pickleball,2021,2023,0.576,3,True,low_confidence;reversion
oh_4014669_-8318005:c005,oh_4014669_-8318005,tennis,removed,2019,2021,0.576,1,True,low_confidence
oh_3969750_-8416632:c001,oh_3969750_-8416632,tennis,hybrid,2021,2023,0.577,1,True,low_confidence
oh_3972696_-8259509:c001,oh_3972696_-8259509,hybrid,tennis,2013,2015,0.577,1,True,low_confidence;reversion
oh_3994843_-8290720:c001,oh_3994843_-8290720,tennis,removed,2019,2023,0.577,1,True,low_confidence
oh_3995300_-8293687:c002,oh_3995300_-8293687,removed,pickleball,2017,2019,0.577,,True,low_confidence;reversion
oh_3997837_-8291874:c001,oh_3997837_-8291874,removed,tennis,2015,2017,0.577,1,True,low_confidence;reversion
oh_4003002_-8304705:c004,oh_4003002_-8304705,hybrid,tennis,2015,2017,0.577,1,True,low_confidence;reversion
oh_4007400_-8252048:c001,oh_4007400_-8252048,tennis,removed,2011,2013,0.577,1,True,low_confidence
oh_4009521_-8306279:c003,oh_4009521_-8306279,tennis,hybrid,2019,2021,0.577,1,True,low_confidence
oh_4032834_-8061690:c002,oh_4032834_-8061690,removed,tennis,2015,2016,0.577,1,True,low_confidence;reversion
oh_3972704_-8418670:c001,oh_3972704_-8418670,tennis,hybrid,2017,2019,0.578,1,True,low_confidence
oh_4050059_-8144239:c004,oh_4050059_-8144239,tennis,removed,2017,2021,0.578,1,True,low_confidence
oh_3915447_-8455078:c001,oh_3915447_-8455078,hybrid,pickleball,2021,2023,0.579,,True,low_confidence
oh_3961016_-8417706:c004,oh_3961016_-8417706,tennis,hybrid,2019,2021,0.579,1,True,low_confidence
oh_4001424_-8278173:c002,oh_4001424_-8278173,tennis,removed,2011,2015,0.579,1,True,low_confidence
oh_4011288_-8072549:c001,oh_4011288_-8072549,tennis,hybrid,2018,2019,0.579,1,True,low_confidence
oh_4048702_-8463740:c005,oh_4048702_-8463740,hybrid,tennis,2021,2023,0.579,1,True,low_confidence;reversion
oh_4050059_-8144239:c005,oh_4050059_-8144239,tennis,hybrid,2011,2013,0.579,1,True,low_confidence
oh_3917747_-8436766:c003,oh_3917747_-8436766,tennis,hybrid,2021,2023,0.58,1,True,low_confidence
oh_3934017_-8430163:c002,oh_3934017_-8430163,tennis,pickleball,2021,2023,0.58,,True,low_confidence
oh_3936112_-8422262:c001,oh_3936112_-8422262,hybrid,tennis,2021,2023,0.58,1,True,low_confidence;reversion
oh_3952096_-8473522:c008,oh_3952096_-8473522,hybrid,pickleball,2013,2017,0.58,,True,low_confidence
oh_3973758_-8428500:c005,oh_3973758_-8428500,tennis,hybrid,2017,2019,0.58,1,True,low_confidence
oh_3992872_-8284105:c004,oh_3992872_-8284105,tennis,hybrid,2021,2023,0.58,1,True,low_confidence
oh_4011341_-8463104:c001,oh_4011341_-8463104,tennis,hybrid,2017,2019,0.58,1,True,low_confidence
oh_4016736_-8294557:c004,oh_4016736_-8294557,hybrid,tennis,2021,2023,0.58,1,True,low_confidence;reversion
oh_4017012_-8289129:c004,oh_4017012_-8289129,tennis,removed,2011,2013,0.58,1,True,low_confidence
oh_4031437_-8417275:c009,oh_4031437_-8417275,hybrid,pickleball,2013,2015,0.58,,True,low_confidence
oh_3905696_-8433418:c008,oh_3905696_-8433418,pickleball,removed,2021,2022,0.581,1,True,low_confidence
oh_3920364_-8425792:c002,oh_3920364_-8425792,pickleball,removed,2021,2023,0.581,1,True,low_confidence
oh_3940843_-8387851:c001,oh_3940843_-8387851,tennis,hybrid,2019,2021,0.581,1,True,low_confidence
oh_3967873_-8413312:c002,oh_3967873_-8413312,tennis,hybrid,2011,2013,0.581,1,True,low_confidence
oh_3972696_-8259509:c006,oh_3972696_-8259509,tennis,hybrid,2021,2023,0.581,1,True,low_confidence
oh_4007130_-8296503:c001,oh_4007130_-8296503,tennis,hybrid,2021,2023,0.581,1,True,low_confidence
oh_4009663_-8308016:c003,oh_4009663_-8308016,pickleball,tennis,2015,2017,0.581,1,True,low_confidence;reversion
oh_4016736_-8294557:c002,oh_4016736_-8294557,tennis,hybrid,2019,2021,0.581,1,True,low_confidence
oh_4016736_-8294557:c002,oh_4016736_-8294557,hybrid,pickleball,2021,2023,0.581,,True,low_confidence
oh_4033545_-8199940:c001,oh_4033545_-8199940,removed,hybrid,2017,2019,0.581,1,True,low_confidence;reversion
oh_4040781_-8478409:c001,oh_4040781_-8478409,removed,tennis,2017,2018,0.581,1,True,low_confidence;reversion
oh_3989692_-8311634:c006,oh_3989692_-8311634,hybrid,tennis,2013,2015,0.582,1,True,low_confidence;reversion
oh_3992872_-8284105:c014,oh_3992872_-8284105,tennis,removed,2011,2013,0.582,1,True,low_confidence
oh_4023496_-8285642:c002,oh_4023496_-8285642,pickleball,hybrid,2021,2023,0.582,1,True,low_confidence
oh_4030506_-8352527:c001,oh_4030506_-8352527,removed,tennis,2017,2019,0.582,1,True,low_confidence;reversion
oh_3881193_-8220553:c001,oh_3881193_-8220553,tennis,removed,2014,2015,0.583,1,True,low_confidence
oh_4009521_-8306279:c004,oh_4009521_-8306279,tennis,hybrid,2011,2013,0.583,1,True,low_confidence
oh_4016736_-8294557:c008,oh_4016736_-8294557,hybrid,tennis,2021,2023,0.583,1,True,low_confidence;reversion
oh_3852671_-8266865:c002,oh_3852671_-8266865,hybrid,removed,2020,2021,0.584,1,True,low_confidence
oh_3943996_-8381774:c001,oh_3943996_-8381774,hybrid,pickleball,2019,2021,0.584,,True,low_confidence
oh_3978546_-8420199:c008,oh_3978546_-8420199,tennis,hybrid,2021,2023,0.584,1,True,low_confidence
oh_3995468_-8380935:c002,oh_3995468_-8380935,tennis,hybrid,2017,2019,0.584,1,True,low_confidence
oh_3998028_-8303435:c002,oh_3998028_-8303435,pickleball,removed,2021,2023,0.584,1,True,low_confidence
oh_4011750_-8278845:c001,oh_4011750_-8278845,tennis,hybrid,2019,2021,0.584,1,True,low_confidence
oh_3979746_-8388928:c004,oh_3979746_-8388928,tennis,pickleball,2017,2019,0.585,,True,low_confidence
oh_3993305_-8327670:c004,oh_3993305_-8327670,tennis,hybrid,2019,2021,0.585,1,True,low_confidence
oh_4014669_-8318005:c003,oh_4014669_-8318005,hybrid,removed,2021,2023,0.585,1,True,low_confidence
oh_4017012_-8289129:c001,oh_4017012_-8289129,removed,pickleball,2015,2023,0.585,,True,low_confidence;reversion
oh_4031437_-8417275:c012,oh_4031437_-8417275,pickleball,hybrid,2011,2013,0.585,1,True,low_confidence
oh_4050059_-8144239:c003,oh_4050059_-8144239,tennis,hybrid,2021,2023,0.585,1,True,low_confidence
oh_3916574_-8432135:c001,oh_3916574_-8432135,removed,tennis,2013,2015,0.586,1,True,low_confidence;reversion
oh_3921131_-8439943:c001,oh_3921131_-8439943,tennis,hybrid,2021,2023,0.586,1,True,low_confidence
oh_3933014_-8300224:c003,oh_3933014_-8300224,hybrid,tennis,2015,2017,0.586,1,True,low_confidence;reversion
oh_3963546_-8416232:c005,oh_3963546_-8416232,tennis,pickleball,2017,2019,0.586,1,True,low_confidence
oh_3996754_-8418448:c005,oh_3996754_-8418448,hybrid,tennis,2021,2023,0.586,1,True,low_confidence;reversion
oh_4006888_-8308932:c001,oh_4006888_-8308932,hybrid,tennis,2013,2015,0.586,1,True,low_confidence;reversion
oh_4007766_-8329006:c004,oh_4007766_-8329006,tennis,hybrid,2019,2021,0.586,1,True,low_confidence
oh_4014002_-8315442:c006,oh_4014002_-8315442,tennis,hybrid,2011,2013,0.586,1,True,low_confidence
oh_4015267_-8289027:c001,oh_4015267_-8289027,removed,pickleball,2021,2023,0.586,,True,low_confidence;reversion
oh_4015308_-8307285:c002,oh_4015308_-8307285,tennis,hybrid,2019,2021,0.586,1,True,low_confidence
oh_4036916_-8239076:c012,oh_4036916_-8239076,hybrid,tennis,2013,2015,0.586,1,True,low_confidence;reversion
oh_3996699_-8294884:c008,oh_3996699_-8294884,tennis,pickleball,2021,2023,0.587,,True,low_confidence
oh_4000053_-8307502:c002,oh_4000053_-8307502,hybrid,tennis,2013,2015,0.587,1,True,low_confidence;reversion
oh_4040781_-8478409:c001,oh_4040781_-8478409,tennis,hybrid,2022,2023,0.587,1,True,low_confidence
oh_3911491_-8299375:c001,oh_3911491_-8299375,removed,hybrid,2019,2021,0.588,1,True,low_confidence;reversion
oh_3965829_-8245295:c002,oh_3965829_-8245295,tennis,removed,2013,2015,0.588,1,True,low_confidence
oh_3984981_-8289389:c001,oh_3984981_-8289389,tennis,pickleball,2017,2019,0.588,,True,low_confidence
oh_4001556_-8287528:c001,oh_4001556_-8287528,tennis,hybrid,2021,2023,0.588,1,True,low_confidence
oh_3918266_-8361227:c005,oh_3918266_-8361227,removed,tennis,2015,2019,0.589,1,True,low_confidence;reversion
oh_3923609_-8447074:c004,oh_3923609_-8447074,tennis,pickleball,2017,2019,0.589,1,True,low_confidence
oh_3934742_-8430554:c014,oh_3934742_-8430554,hybrid,tennis,2013,2015,0.589,1,True,low_confidence;reversion
oh_3980577_-8411944:c002,oh_3980577_-8411944,hybrid,tennis,2021,2023,0.589,1,True,low_confidence;reversion
oh_4007879_-8303669:c001,oh_4007879_-8303669,pickleball,removed,2011,2013,0.589,1,True,low_confidence
oh_4012997_-8301989:c002,oh_4012997_-8301989,tennis,removed,2011,2013,0.589,1,True,low_confidence
oh_4013392_-8289608:c001,oh_4013392_-8289608,tennis,hybrid,2021,2023,0.589,1,True,low_confidence
oh_3953258_-8343686:c002,oh_3953258_-8343686,tennis,hybrid,2021,2023,0.59,1,True,low_confidence
oh_3953941_-8344536:c004,oh_3953941_-8344536,removed,pickleball,2015,2019,0.59,1,True,low_confidence;reversion
oh_3965085_-8423718:c001,oh_3965085_-8423718,removed,tennis,2015,2017,0.59,1,True,low_confidence;reversion
oh_3965770_-8375675:c006,oh_3965770_-8375675,hybrid,tennis,2013,2015,0.59,1,True,low_confidence;reversion
oh_3973457_-8464993:c002,oh_3973457_-8464993,removed,tennis,2019,2021,0.59,1,True,low_confidence;reversion
oh_3996699_-8294884:c005,oh_3996699_-8294884,hybrid,removed,2013,2015,0.59,1,True,low_confidence
oh_4013375_-8317393:c005,oh_4013375_-8317393,tennis,hybrid,2021,2023,0.59,1,True,low_confidence
oh_4048702_-8463740:c005,oh_4048702_-8463740,tennis,hybrid,2019,2021,0.59,1,True,low_confidence
oh_3932113_-8209757:c006,oh_3932113_-8209757,tennis,removed,2013,2015,0.591,1,True,low_confidence
oh_3953787_-8253799:c001,oh_3953787_-8253799,tennis,removed,2011,2013,0.591,1,True,low_confidence
oh_3977723_-8418023:c003,oh_3977723_-8418023,pickleball,removed,2019,2021,0.591,1,True,low_confidence
oh_3991146_-8273173:c002,oh_3991146_-8273173,tennis,hybrid,2021,2023,0.591,1,True,low_confidence
oh_4005071_-8287684:c005,oh_4005071_-8287684,removed,tennis,2015,2017,0.591,1,True,low_confidence;reversion
oh_4011341_-8463104:c004,oh_4011341_-8463104,hybrid,tennis,2021,2023,0.591,1,True,low_confidence;reversion
oh_4012501_-8311437:c002,oh_4012501_-8311437,removed,tennis,2015,2017,0.591,1,True,low_confidence;reversion
oh_4029381_-8306404:c002,oh_4029381_-8306404,removed,tennis,2017,2019,0.591,1,True,low_confidence;reversion
oh_3924523_-8424823:c001,oh_3924523_-8424823,tennis,hybrid,2021,2023,0.592,1,True,low_confidence
oh_3950944_-8472593:c001,oh_3950944_-8472593,tennis,pickleball,2019,2021,0.592,,True,low_confidence
oh_4030681_-8308177:c004,oh_4030681_-8308177,tennis,hybrid,2019,2021,0.592,1,True,low_confidence
oh_3940961_-8421241:c001,oh_3940961_-8421241,tennis,hybrid,2017,2019,0.593,1,True,low_confidence
oh_3956787_-8423999:c002,oh_3956787_-8423999,tennis,hybrid,2021,2023,0.593,1,True,low_confidence
oh_3979884_-8290074:c001,oh_3979884_-8290074,tennis,removed,2011,2015,0.593,1,True,low_confidence
oh_4005911_-8251706:c006,oh_4005911_-8251706,pickleball,removed,2021,2023,0.593,1,True,low_confidence
oh_4005926_-8307610:c001,oh_4005926_-8307610,tennis,removed,2011,2013,0.593,1,True,low_confidence
oh_3927019_-8432558:c002,oh_3927019_-8432558,hybrid,tennis,2013,2015,0.594,1,True,low_confidence;reversion
oh_3927462_-8159118:c001,oh_3927462_-8159118,tennis,hybrid,2018,2019,0.594,1,True,low_confidence
oh_3928402_-8433063:c008,oh_3928402_-8433063,tennis,hybrid,2021,2023,0.594,1,True,low_confidence
oh_3972696_-8259509:c006,oh_3972696_-8259509,tennis,hybrid,2011,2013,0.594,1,True,low_confidence
oh_3990460_-8344667:c002,oh_3990460_-8344667,tennis,hybrid,2017,2019,0.594,1,True,low_confidence
oh_3991337_-8273422:c001,oh_3991337_-8273422,tennis,hybrid,2021,2023,0.594,1,True,low_confidence
oh_4003002_-8304705:c006,oh_4003002_-8304705,tennis,removed,2021,2023,0.594,1,True,low_confidence
oh_4004131_-8302172:c007,oh_4004131_-8302172,tennis,pickleball,2017,2019,0.594,,True,low_confidence
oh_4016736_-8294557:c005,oh_4016736_-8294557,hybrid,tennis,2013,2015,0.594,1,True,low_confidence;reversion
oh_3903552_-8427612:c002,oh_3903552_-8427612,tennis,pickleball,2021,2022,0.595,,True,low_confidence
oh_3915429_-8431831:c003,oh_3915429_-8431831,tennis,pickleball,2017,2019,0.595,,True,low_confidence
oh_3926807_-8434900:c003,oh_3926807_-8434900,pickleball,removed,2011,2013,0.595,1,True,low_confidence
oh_3997532_-8381084:c001,oh_3997532_-8381084,removed,tennis,2015,2017,0.595,1,True,low_confidence;reversion
oh_3997532_-8381084:c001,oh_3997532_-8381084,tennis,hybrid,2017,2019,0.595,1,True,low_confidence
oh_3997677_-8278207:c002,oh_3997677_-8278207,tennis,hybrid,2017,2019,0.595,1,True,low_confidence
oh_4008508_-8088236:c001,oh_4008508_-8088236,hybrid,removed,2013,2015,0.595,1,True,low_confidence
oh_4014002_-8315442:c004,oh_4014002_-8315442,hybrid,tennis,2013,2015,0.595,1,True,low_confidence;reversion
oh_3900831_-8388296:c001,oh_3900831_-8388296,tennis,removed,2017,2021,0.596,1,True,low_confidence
oh_3926762_-8470841:c001,oh_3926762_-8470841,tennis,removed,2011,2013,0.596,1,True,low_confidence
oh_3939539_-8139943:c001,oh_3939539_-8139943,tennis,removed,2020,2021,0.596,1,True,low_confidence
oh_4003133_-8281972:c001,oh_4003133_-8281972,removed,tennis,2015,2017,0.596,1,True,low_confidence;reversion
oh_4012247_-8309752:c002,oh_4012247_-8309752,tennis,hybrid,2021,2023,0.596,1,True,low_confidence
oh_4026455_-8287391:c002,oh_4026455_-8287391,removed,tennis,2021,2023,0.596,1,True,low_confidence;reversion
oh_3952324_-8435119:c002,oh_3952324_-8435119,removed,tennis,2017,2019,0.597,1,True,low_confidence;reversion
oh_3972704_-8263916:c001,oh_3972704_-8263916,tennis,hybrid,2017,2021,0.597,1,True,low_confidence
oh_3977876_-8407523:c002,oh_3977876_-8407523,tennis,hybrid,2021,2023,0.597,1,True,low_confidence
oh_3987803_-8275475:c012,oh_3987803_-8275475,tennis,hybrid,2021,2023,0.597,1,True,low_confidence
oh_4012024_-8307714:c005,oh_4012024_-8307714,tennis,hybrid,2021,2023,0.597,1,True,low_confidence
oh_4015308_-8307285:c001,oh_4015308_-8307285,removed,tennis,2015,2017,0.597,1,True,low_confidence;reversion
oh_3971680_-8415680:c001,oh_3971680_-8415680,tennis,hybrid,2021,2023,0.598,1,True,low_confidence
oh_3990460_-8344667:c003,oh_3990460_-8344667,tennis,hybrid,2017,2019,0.598,1,True,low_confidence
oh_3995300_-8293687:c008,oh_3995300_-8293687,pickleball,removed,2011,2013,0.598,1,True,low_confidence
oh_3904966_-8434988:c005,oh_3904966_-8434988,removed,tennis,2016,2017,0.599,1,True,low_confidence;reversion
oh_3972696_-8259509:c001,oh_3972696_-8259509,tennis,hybrid,2011,2013,0.599,1,True,low_confidence
oh_3981557_-8419375:c005,oh_3981557_-8419375,hybrid,tennis,2021,2023,0.599,1,True,low_confidence;reversion
oh_3995559_-8349054:c001,oh_3995559_-8349054,hybrid,tennis,2019,2021,0.599,1,True,low_confidence;reversion
oh_4006720_-8284291:c002,oh_4006720_-8284291,hybrid,removed,2019,2021,0.599,1,True,low_confidence
oh_4006720_-8284291:c002,oh_4006720_-8284291,removed,pickleball,2021,2023,0.599,,True,low_confidence;reversion
oh_4011963_-8302097:c001,oh_4011963_-8302097,tennis,hybrid,2019,2021,0.599,1,True,low_confidence
oh_4058311_-8419296:c001,oh_4058311_-8419296,removed,tennis,2021,2023,0.599,1,True,low_confidence;reversion
oh_3923302_-8460472:c005,oh_3923302_-8460472,tennis,hybrid,2017,2019,0.6,1,True,low_confidence
oh_3949106_-8429745:c003,oh_3949106_-8429745,removed,tennis,2017,2019,0.6,1,True,reversion
oh_4007400_-8252048:c005,oh_4007400_-8252048,pickleball,tennis,2021,2023,0.6,1,True,reversion
oh_3954462_-8240690:c002,oh_3954462_-8240690,removed,hybrid,2017,2023,0.601,1,True,reversion
oh_3978546_-8420199:c007,oh_3978546_-8420199,hybrid,tennis,2013,2015,0.601,1,True,reversion
oh_3999375_-8390728:c005,oh_3999375_-8390728,removed,tennis,2013,2015,0.601,1,True,reversion
oh_4005020_-8294298:c002,oh_4005020_-8294298,hybrid,tennis,2021,2023,0.601,1,True,reversion
oh_3900417_-8422192:c001,oh_3900417_-8422192,removed,pickleball,2013,2019,0.602,,True,reversion
oh_3922786_-8441229:c001,oh_3922786_-8441229,removed,hybrid,2021,2023,0.603,1,True,reversion
oh_3932055_-8432269:c001,oh_3932055_-8432269,hybrid,tennis,2013,2015,0.603,1,True,reversion
oh_3987424_-8309625:c001,oh_3987424_-8309625,removed,pickleball,2019,2021,0.603,1,True,reversion
oh_4001374_-8306353:c003,oh_4001374_-8306353,hybrid,tennis,2015,2017,0.603,1,True,reversion
oh_4007766_-8329006:c001,oh_4007766_-8329006,hybrid,tennis,2013,2015,0.603,1,True,reversion
oh_4013351_-8298019:c006,oh_4013351_-8298019,removed,tennis,2015,2017,0.603,1,True,reversion
oh_4029381_-8306404:c006,oh_4029381_-8306404,removed,tennis,2017,2019,0.603,1,True,reversion
oh_4034918_-8375428:c003,oh_4034918_-8375428,removed,tennis,2017,2019,0.603,1,True,reversion
oh_4001039_-8297298:c001,oh_4001039_-8297298,removed,tennis,2011,2013,0.604,1,True,reversion
oh_3927366_-8444324:c001,oh_3927366_-8444324,removed,tennis,2015,2017,0.605,1,True,reversion
oh_3995016_-8195186:c002,oh_3995016_-8195186,removed,tennis,2013,2019,0.605,1,True,reversion
oh_3987306_-8434346:c001,oh_3987306_-8434346,removed,tennis,2011,2013,0.606,1,True,reversion
oh_4059535_-8309051:c006,oh_4059535_-8309051,removed,tennis,2015,2017,0.606,1,True,reversion
oh_3927740_-8444537:c003,oh_3927740_-8444537,hybrid,tennis,2013,2015,0.607,1,True,reversion
oh_3952422_-8426554:c001,oh_3952422_-8426554,removed,tennis,2013,2015,0.607,1,True,reversion
oh_3976060_-8404663:c001,oh_3976060_-8404663,hybrid,tennis,2021,2023,0.607,1,True,reversion
oh_3998028_-8303435:c001,oh_3998028_-8303435,removed,pickleball,2017,2019,0.607,3,True,reversion
oh_3995300_-8293687:c003,oh_3995300_-8293687,removed,pickleball,2017,2019,0.608,,True,reversion
oh_4001374_-8306353:c002,oh_4001374_-8306353,hybrid,tennis,2015,2017,0.608,1,True,reversion
oh_3992872_-8284105:c019,oh_3992872_-8284105,pickleball,tennis,2011,2013,0.609,1,True,reversion
oh_3996324_-8434766:c004,oh_3996324_-8434766,removed,tennis,2011,2013,0.609,1,True,reversion
oh_4040781_-8478409:c002,oh_4040781_-8478409,removed,pickleball,2017,2018,0.609,2,True,reversion
oh_3874385_-8297608:c006,oh_3874385_-8297608,hybrid,tennis,2018,2019,0.61,1,True,reversion
oh_3999972_-8301999:c007,oh_3999972_-8301999,hybrid,tennis,2013,2015,0.61,1,True,reversion
oh_4025227_-8300360:c004,oh_4025227_-8300360,removed,tennis,2017,2019,0.61,1,True,reversion
oh_4038470_-8247401:c004,oh_4038470_-8247401,hybrid,tennis,2013,2015,0.61,1,True,reversion
oh_4039812_-8082658:c002,oh_4039812_-8082658,removed,hybrid,2019,2023,0.61,1,True,reversion
oh_3909556_-8456863:c005,oh_3909556_-8456863,hybrid,tennis,2018,2019,0.611,1,True,reversion
oh_3975230_-8418113:c001,oh_3975230_-8418113,removed,tennis,2013,2017,0.611,1,True,reversion
oh_3938221_-8439968:c001,oh_3938221_-8439968,hybrid,tennis,2013,2015,0.612,1,True,reversion
oh_3978546_-8420199:c005,oh_3978546_-8420199,hybrid,tennis,2013,2015,0.612,1,True,reversion
oh_4002514_-8311347:c002,oh_4002514_-8311347,removed,tennis,2015,2017,0.612,1,True,reversion
oh_3973578_-8422937:c001,oh_3973578_-8422937,hybrid,tennis,2019,2021,0.614,1,True,reversion
oh_3938746_-8435841:c001,oh_3938746_-8435841,hybrid,tennis,2013,2015,0.615,1,True,reversion
oh_3973578_-8422937:c002,oh_3973578_-8422937,hybrid,tennis,2021,2023,0.615,1,True,reversion
oh_4013351_-8298019:c005,oh_4013351_-8298019,removed,tennis,2015,2017,0.615,1,True,reversion
oh_3926807_-8434900:c003,oh_3926807_-8434900,removed,tennis,2013,2015,0.616,1,True,reversion
oh_4003950_-8304973:c002,oh_4003950_-8304973,pickleball,tennis,2017,2019,0.617,1,True,reversion
oh_3874385_-8297608:c008,oh_3874385_-8297608,removed,tennis,2013,2014,0.618,1,True,reversion
oh_3906997_-8425113:c003,oh_3906997_-8425113,removed,tennis,2015,2019,0.618,1,True,reversion
oh_4012358_-8304591:c017,oh_4012358_-8304591,removed,hybrid,2021,2023,0.618,1,True,reversion
oh_4023011_-8440913:c004,oh_4023011_-8440913,removed,pickleball,2021,2023,0.618,1,True,reversion
oh_3976705_-8464528:c001,oh_3976705_-8464528,removed,tennis,2013,2015,0.619,1,True,reversion
oh_3964901_-8422999:c002,oh_3964901_-8422999,hybrid,tennis,2021,2023,0.62,1,True,reversion
oh_3995852_-8266036:c004,oh_3995852_-8266036,removed,tennis,2021,2023,0.62,1,True,reversion
oh_4060165_-8306659:c001,oh_4060165_-8306659,hybrid,tennis,2015,2017,0.621,1,True,reversion
oh_3874385_-8297608:c004,oh_3874385_-8297608,removed,tennis,2016,2017,0.622,1,True,reversion
oh_3959960_-8413198:c002,oh_3959960_-8413198,pickleball,tennis,2013,2015,0.622,1,True,reversion
oh_3998028_-8303435:c002,oh_3998028_-8303435,removed,pickleball,2017,2019,0.622,3,True,reversion
oh_4013392_-8289608:c005,oh_4013392_-8289608,removed,tennis,2015,2017,0.622,1,True,reversion
oh_4050059_-8144239:c005,oh_4050059_-8144239,hybrid,tennis,2017,2019,0.622,1,True,reversion
oh_3919702_-8437095:c002,oh_3919702_-8437095,pickleball,tennis,2015,2017,0.623,1,True,reversion
oh_3926950_-8447004:c003,oh_3926950_-8447004,hybrid,tennis,2013,2015,0.624,1,True,reversion
oh_3954483_-8342363:c002,oh_3954483_-8342363,removed,tennis,2021,2023,0.624,1,True,reversion
oh_3981557_-8419375:c002,oh_3981557_-8419375,hybrid,tennis,2021,2023,0.624,1,True,reversion
oh_3989970_-8270254:c001,oh_3989970_-8270254,removed,tennis,2015,2017,0.624,1,True,reversion
oh_4002514_-8311347:c001,oh_4002514_-8311347,removed,tennis,2015,2017,0.624,1,True,reversion
oh_4018857_-8148542:c001,oh_4018857_-8148542,removed,hybrid,2021,2023,0.624,1,True,reversion
oh_3973457_-8464993:c001,oh_3973457_-8464993,removed,hybrid,2019,2021,0.625,1,True,reversion
oh_3972704_-8418670:c004,oh_3972704_-8418670,hybrid,tennis,2021,2023,0.626,1,True,reversion
oh_4038470_-8247401:c003,oh_4038470_-8247401,hybrid,tennis,2013,2015,0.626,1,True,reversion
oh_3874385_-8297608:c005,oh_3874385_-8297608,removed,tennis,2016,2017,0.627,1,True,reversion
oh_3909556_-8456863:c002,oh_3909556_-8456863,hybrid,tennis,2018,2019,0.627,1,True,reversion
oh_3928994_-8429292:c002,oh_3928994_-8429292,pickleball,tennis,2019,2021,0.627,1,True,reversion
oh_3982416_-8422851:c002,oh_3982416_-8422851,pickleball,tennis,2019,2021,0.628,1,True,reversion
oh_3888375_-8296506:c004,oh_3888375_-8296506,removed,hybrid,2017,2019,0.629,1,True,reversion
oh_3909546_-8464147:c004,oh_3909546_-8464147,pickleball,tennis,2014,2015,0.629,1,True,reversion
oh_3919790_-8443191:c001,oh_3919790_-8443191,pickleball,tennis,2021,2023,0.629,1,True,reversion
oh_4016736_-8294557:c008,oh_4016736_-8294557,removed,tennis,2015,2017,0.629,1,True,reversion
oh_3916860_-8436178:c001,oh_3916860_-8436178,hybrid,tennis,2019,2021,0.63,1,True,reversion
oh_3951405_-8237330:c004,oh_3951405_-8237330,hybrid,tennis,2013,2015,0.63,1,True,reversion
oh_4011750_-8278845:c001,oh_4011750_-8278845,hybrid,tennis,2013,2015,0.63,1,True,reversion
oh_3995676_-8382124:c003,oh_3995676_-8382124,pickleball,tennis,2011,2015,0.631,1,True,reversion
oh_4015701_-8310016:c005,oh_4015701_-8310016,removed,pickleball,2021,2023,0.631,,True,reversion
oh_4034918_-8375428:c002,oh_4034918_-8375428,removed,tennis,2017,2019,0.631,1,True,reversion
oh_3923908_-8455635:c002,oh_3923908_-8455635,removed,tennis,2011,2013,0.632,1,True,reversion
oh_4026455_-8287391:c004,oh_4026455_-8287391,removed,hybrid,2021,2023,0.633,1,True,reversion
oh_3917402_-8474933:c003,oh_3917402_-8474933,removed,tennis,2015,2016,0.635,1,True,reversion
oh_4027484_-8184106:c003,oh_4027484_-8184106,removed,pickleball,2017,2021,0.635,1,True,reversion
oh_3899591_-8205964:c002,oh_3899591_-8205964,removed,hybrid,2018,2019,0.637,1,True,reversion
oh_4007879_-8303669:c003,oh_4007879_-8303669,removed,pickleball,2015,2017,0.637,,True,reversion
oh_3885242_-8214567:c001,oh_3885242_-8214567,removed,tennis,2011,2014,0.638,1,True,reversion
oh_3916934_-8440111:c002,oh_3916934_-8440111,removed,tennis,2015,2019,0.638,1,True,reversion
oh_3917305_-8470508:c002,oh_3917305_-8470508,hybrid,tennis,2018,2019,0.638,1,True,reversion
oh_3996511_-8264845:c005,oh_3996511_-8264845,hybrid,tennis,2013,2015,0.639,1,True,reversion
oh_4017083_-8298267:c004,oh_4017083_-8298267,removed,tennis,2015,2019,0.639,1,True,reversion
oh_3937812_-8434674:c006,oh_3937812_-8434674,removed,pickleball,2015,2017,0.64,1,True,reversion
oh_4005071_-8287684:c001,oh_4005071_-8287684,removed,tennis,2015,2017,0.64,1,True,reversion
oh_3907580_-8412721:c001,oh_3907580_-8412721,removed,tennis,2013,2019,0.641,1,True,reversion
oh_3933668_-8453549:c002,oh_3933668_-8453549,hybrid,tennis,2019,2021,0.641,1,True,reversion
oh_3928652_-8438189:c002,oh_3928652_-8438189,pickleball,tennis,2019,2021,0.642,1,True,reversion
oh_3932452_-8453353:c001,oh_3932452_-8453353,removed,hybrid,2021,2023,0.642,1,True,reversion
oh_4030681_-8308177:c001,oh_4030681_-8308177,removed,tennis,2015,2017,0.642,1,True,reversion
oh_4038470_-8247401:c008,oh_4038470_-8247401,removed,pickleball,2015,2017,0.642,1,True,reversion
oh_3952324_-8435119:c004,oh_3952324_-8435119,hybrid,tennis,2013,2015,0.644,1,True,reversion
oh_3996274_-8287019:c001,oh_3996274_-8287019,removed,pickleball,2017,2019,0.644,1,True,reversion
oh_4055479_-8283008:c001,oh_4055479_-8283008,hybrid,tennis,2021,2023,0.644,1,True,reversion
oh_3888228_-8390146:c001,oh_3888228_-8390146,hybrid,tennis,2013,2015,0.645,1,True,reversion
oh_3906036_-8422960:c002,oh_3906036_-8422960,hybrid,tennis,2021,2023,0.645,1,True,reversion
oh_3996324_-8434766:c006,oh_3996324_-8434766,removed,tennis,2011,2013,0.645,1,True,reversion
oh_4019430_-8314982:c002,oh_4019430_-8314982,removed,tennis,2013,2015,0.645,1,True,reversion
oh_4034573_-8308867:c005,oh_4034573_-8308867,removed,hybrid,2019,2023,0.646,1,True,reversion
oh_3920701_-8433103:c001,oh_3920701_-8433103,pickleball,tennis,2019,2021,0.647,1,True,reversion
oh_3963546_-8416232:c004,oh_3963546_-8416232,removed,pickleball,2017,2019,0.647,1,True,reversion
oh_3987819_-8274340:c001,oh_3987819_-8274340,hybrid,tennis,2013,2015,0.647,1,True,reversion
oh_3997623_-8300865:c001,oh_3997623_-8300865,removed,tennis,2015,2017,0.647,1,True,reversion
oh_4013392_-8289608:c001,oh_4013392_-8289608,removed,tennis,2015,2017,0.647,1,True,reversion
oh_4015701_-8310016:c004,oh_4015701_-8310016,removed,pickleball,2021,2023,0.647,2,True,reversion
oh_3967873_-8413312:c002,oh_3967873_-8413312,hybrid,tennis,2013,2015,0.648,1,True,reversion
oh_3970587_-8260894:c002,oh_3970587_-8260894,hybrid,tennis,2013,2015,0.648,1,True,reversion
oh_3973220_-8413772:c001,oh_3973220_-8413772,removed,tennis,2013,2015,0.648,1,True,reversion
oh_3973578_-8422937:c001,oh_3973578_-8422937,hybrid,tennis,2013,2015,0.648,1,True,reversion
oh_4030681_-8308177:c008,oh_4030681_-8308177,removed,tennis,2015,2017,0.648,1,True,reversion
oh_3912951_-8410246:c001,oh_3912951_-8410246,hybrid,tennis,2013,2015,0.649,1,True,reversion
oh_3937354_-8212811:c004,oh_3937354_-8212811,removed,tennis,2015,2017,0.649,1,True,reversion
oh_3888228_-8390146:c002,oh_3888228_-8390146,hybrid,tennis,2013,2015,0.65,1,True,reversion
oh_3965770_-8375675:c001,oh_3965770_-8375675,hybrid,tennis,2013,2015,0.65,1,True,reversion
oh_3972696_-8259509:c005,oh_3972696_-8259509,hybrid,tennis,2015,2017,0.651,1,True,reversion
oh_4055199_-8454826:c001,oh_4055199_-8454826,removed,pickleball,2021,2023,0.651,2,True,reversion
oh_3871971_-8304723:c001,oh_3871971_-8304723,hybrid,tennis,2018,2019,0.652,1,True,reversion
oh_3914736_-8437836:c007,oh_3914736_-8437836,removed,tennis,2017,2019,0.652,1,True,reversion
oh_4011341_-8463104:c009,oh_4011341_-8463104,hybrid,tennis,2021,2023,0.652,1,True,reversion
oh_4012358_-8304591:c016,oh_4012358_-8304591,hybrid,tennis,2015,2017,0.654,1,True,reversion
oh_3904462_-8263853:c001,oh_3904462_-8263853,removed,hybrid,2021,2023,0.655,1,True,reversion
oh_3952324_-8435119:c003,oh_3952324_-8435119,removed,tennis,2017,2019,0.655,1,True,reversion
oh_3973578_-8422937:c002,oh_3973578_-8422937,hybrid,tennis,2013,2015,0.655,1,True,reversion
oh_3990460_-8344667:c003,oh_3990460_-8344667,hybrid,tennis,2013,2015,0.656,1,True,reversion
oh_4027484_-8184106:c004,oh_4027484_-8184106,removed,pickleball,2017,2021,0.656,2,True,reversion
oh_4029381_-8306404:c004,oh_4029381_-8306404,removed,tennis,2017,2019,0.656,1,True,reversion
oh_3909092_-8437299:c001,oh_3909092_-8437299,removed,hybrid,2017,2018,0.657,1,True,reversion
oh_4011438_-8300446:c001,oh_4011438_-8300446,removed,pickleball,2015,2017,0.657,,True,reversion
oh_4015308_-8307285:c003,oh_4015308_-8307285,removed,tennis,2015,2017,0.657,1,True,reversion
oh_4023553_-8338849:c001,oh_4023553_-8338849,removed,pickleball,2019,2023,0.657,1,True,reversion
oh_3916801_-8419356:c001,oh_3916801_-8419356,hybrid,tennis,2015,2017,0.658,1,True,reversion
oh_3997547_-8200227:c001,oh_3997547_-8200227,removed,tennis,2015,2017,0.658,1,True,reversion
oh_4053765_-8438110:c004,oh_4053765_-8438110,removed,pickleball,2013,2015,0.658,2,True,reversion
oh_3995016_-8195186:c002,oh_3995016_-8195186,hybrid,tennis,2021,2023,0.659,1,True,reversion
oh_3912916_-8445396:c008,oh_3912916_-8445396,hybrid,tennis,2013,2015,0.66,1,True,reversion
oh_4007879_-8303669:c001,oh_4007879_-8303669,removed,pickleball,2015,2017,0.66,,True,reversion
oh_3906748_-8428411:c001,oh_3906748_-8428411,removed,tennis,2013,2017,0.661,1,True,reversion
oh_3906997_-8425113:c002,oh_3906997_-8425113,removed,tennis,2015,2019,0.661,1,True,reversion
oh_3955534_-8439793:c004,oh_3955534_-8439793,hybrid,tennis,2013,2015,0.661,1,True,reversion
oh_3995300_-8293687:c007,oh_3995300_-8293687,removed,pickleball,2017,2019,0.661,,True,reversion
oh_3923777_-8424575:c001,oh_3923777_-8424575,hybrid,tennis,2013,2015,0.662,1,True,reversion
oh_3948866_-8473374:c001,oh_3948866_-8473374,removed,tennis,2011,2013,0.662,1,True,reversion
oh_3963516_-8408244:c001,oh_3963516_-8408244,hybrid,tennis,2013,2015,0.662,1,True,reversion
oh_3995559_-8349054:c002,oh_3995559_-8349054,removed,hybrid,2015,2017,0.662,1,True,reversion
oh_4017083_-8298267:c002,oh_4017083_-8298267,removed,tennis,2015,2019,0.662,1,True,reversion
oh_3933352_-8453245:c001,oh_3933352_-8453245,removed,tennis,2015,2021,0.663,1,True,reversion
oh_3987306_-8434346:c005,oh_3987306_-8434346,removed,tennis,2011,2013,0.663,1,True,reversion
oh_3939490_-8451745:c001,oh_3939490_-8451745,removed,tennis,2011,2013,0.665,1,True,reversion
oh_3972704_-8418670:c003,oh_3972704_-8418670,hybrid,tennis,2013,2015,0.665,1,True,reversion
oh_4018359_-8319694:c002,oh_4018359_-8319694,removed,tennis,2019,2021,0.665,1,True,reversion
oh_3911603_-8441090:c014,oh_3911603_-8441090,hybrid,tennis,2019,2020,0.666,1,True,reversion
oh_3916143_-8436473:c001,oh_3916143_-8436473,hybrid,tennis,2013,2019,0.666,1,True,reversion
oh_3927462_-8159118:c001,oh_3927462_-8159118,hybrid,tennis,2022,2023,0.666,1,True,reversion
oh_3988842_-8310357:c003,oh_3988842_-8310357,removed,pickleball,2021,2023,0.667,1,True,reversion
oh_3976571_-8419992:c002,oh_3976571_-8419992,removed,pickleball,2015,2019,0.668,6,True,reversion
oh_4013493_-8314235:c001,oh_4013493_-8314235,removed,tennis,2017,2019,0.668,1,True,reversion
oh_3934742_-8430554:c002,oh_3934742_-8430554,hybrid,tennis,2013,2015,0.669,1,True,reversion
oh_3999972_-8301999:c014,oh_3999972_-8301999,hybrid,tennis,2013,2015,0.669,1,True,reversion
oh_3988842_-8310357:c002,oh_3988842_-8310357,removed,pickleball,2021,2023,0.671,2,True,reversion
oh_3955534_-8439793:c001,oh_3955534_-8439793,hybrid,tennis,2013,2015,0.672,1,True,reversion
oh_4014669_-8318005:c005,oh_4014669_-8318005,removed,hybrid,2021,2023,0.673,1,True,reversion
oh_4020895_-8330878:c001,oh_4020895_-8330878,removed,tennis,2015,2017,0.673,1,True,reversion
oh_4025227_-8300360:c005,oh_4025227_-8300360,removed,tennis,2017,2019,0.673,1,True,reversion
oh_4058630_-8301277:c003,oh_4058630_-8301277,hybrid,tennis,2015,2017,0.673,1,True,reversion
oh_3916934_-8440111:c006,oh_3916934_-8440111,removed,tennis,2021,2023,0.674,1,True,reversion
oh_3934742_-8430554:c013,oh_3934742_-8430554,hybrid,tennis,2013,2015,0.674,1,True,reversion
oh_3999462_-8294406:c001,oh_3999462_-8294406,hybrid,tennis,2013,2015,0.674,1,True,reversion
oh_4016736_-8294557:c005,oh_4016736_-8294557,hybrid,tennis,2021,2023,0.675,1,True,reversion
oh_3987306_-8434346:c008,oh_3987306_-8434346,removed,tennis,2011,2013,0.676,1,True,reversion
oh_3872376_-8284629:c002,oh_3872376_-8284629,removed,tennis,2016,2018,0.678,1,True,reversion
oh_3963546_-8416232:c001,oh_3963546_-8416232,removed,pickleball,2017,2019,0.678,1,True,reversion
oh_3986939_-8378006:c003,oh_3986939_-8378006,hybrid,tennis,2013,2015,0.678,1,True,reversion
oh_3931508_-8426244:c002,oh_3931508_-8426244,hybrid,tennis,2013,2015,0.679,1,True,reversion
oh_3948866_-8473374:c003,oh_3948866_-8473374,removed,tennis,2011,2013,0.679,1,True,reversion
oh_4017083_-8298267:c006,oh_4017083_-8298267,removed,tennis,2015,2019,0.679,1,True,reversion
oh_3874385_-8297608:c004,oh_3874385_-8297608,removed,tennis,2013,2014,0.68,1,True,reversion
oh_3988216_-8298960:c001,oh_3988216_-8298960,hybrid,tennis,2013,2015,0.68,1,True,reversion
oh_3953941_-8344536:c002,oh_3953941_-8344536,removed,pickleball,2015,2019,0.681,1,True,reversion
oh_4015701_-8310016:c005,oh_4015701_-8310016,removed,pickleball,2013,2015,0.681,,True,reversion
oh_3912881_-8297695:c002,oh_3912881_-8297695,removed,tennis,2017,2019,0.682,1,True,reversion
oh_3992765_-8313462:c002,oh_3992765_-8313462,hybrid,tennis,2013,2015,0.682,1,True,reversion
oh_4010444_-8313531:c003,oh_4010444_-8313531,removed,tennis,2015,2017,0.682,1,True,reversion
oh_4045856_-8190388:c002,oh_4045856_-8190388,removed,tennis,2019,2021,0.682,1,True,reversion
oh_3905696_-8433418:c005,oh_3905696_-8433418,pickleball,tennis,2019,2020,0.683,1,True,reversion
oh_3934742_-8430554:c015,oh_3934742_-8430554,hybrid,tennis,2013,2015,0.683,1,True,reversion
oh_3855592_-8271124:c003,oh_3855592_-8271124,removed,hybrid,2022,2023,0.684,1,True,reversion
oh_4000650_-8286276:c001,oh_4000650_-8286276,removed,hybrid,2015,2019,0.684,1,True,reversion
oh_4014669_-8318005:c006,oh_4014669_-8318005,hybrid,tennis,2015,2017,0.684,1,True,reversion
oh_3931698_-8457242:c002,oh_3931698_-8457242,removed,pickleball,2021,2023,0.685,2,True,reversion
oh_3921126_-8450752:c006,oh_3921126_-8450752,removed,tennis,2017,2019,0.686,1,True,reversion
oh_3996324_-8434766:c002,oh_3996324_-8434766,removed,tennis,2011,2013,0.686,1,True,reversion
oh_3912657_-8451097:c001,oh_3912657_-8451097,pickleball,tennis,2013,2014,0.688,1,True,reversion
oh_3997681_-8202832:c002,oh_3997681_-8202832,hybrid,tennis,2013,2015,0.688,1,True,reversion
oh_3985368_-8427473:c001,oh_3985368_-8427473,hybrid,tennis,2013,2017,0.689,1,True,reversion
oh_4003002_-8304705:c001,oh_4003002_-8304705,hybrid,tennis,2013,2015,0.689,1,True,reversion
oh_4000838_-8301498:c001,oh_4000838_-8301498,removed,tennis,2015,2017,0.69,1,True,reversion
oh_3940961_-8421241:c001,oh_3940961_-8421241,hybrid,tennis,2013,2015,0.691,1,True,reversion
oh_3995852_-8266036:c005,oh_3995852_-8266036,removed,tennis,2021,2023,0.691,1,True,reversion
oh_4030651_-8305905:c001,oh_4030651_-8305905,pickleball,tennis,2021,2023,0.691,1,True,reversion
oh_4054377_-8191796:c001,oh_4054377_-8191796,hybrid,tennis,2019,2021,0.691,1,True,reversion
oh_3913401_-8446908:c006,oh_3913401_-8446908,hybrid,tennis,2013,2015,0.692,1,True,reversion
oh_4002014_-8263953:c003,oh_4002014_-8263953,removed,hybrid,2021,2023,0.692,1,True,reversion
oh_4005071_-8287684:c002,oh_4005071_-8287684,removed,tennis,2015,2017,0.692,1,True,reversion
oh_4014669_-8318005:c004,oh_4014669_-8318005,removed,tennis,2015,2017,0.693,1,True,reversion
oh_3993950_-8368158:c002,oh_3993950_-8368158,hybrid,tennis,2013,2015,0.694,1,True,reversion
oh_4015297_-8314204:c005,oh_4015297_-8314204,removed,tennis,2015,2017,0.695,1,True,reversion
oh_4020139_-8302240:c004,oh_4020139_-8302240,hybrid,tennis,2013,2015,0.695,1,True,reversion
oh_3906997_-8425113:c004,oh_3906997_-8425113,removed,tennis,2015,2019,0.696,1,True,reversion
oh_4006208_-8307043:c001,oh_4006208_-8307043,hybrid,tennis,2013,2015,0.697,1,True,reversion
oh_4006720_-8284291:c002,oh_4006720_-8284291,removed,pickleball,2015,2017,0.697,,True,reversion
oh_3916077_-8452009:c002,oh_3916077_-8452009,hybrid,tennis,2013,2015,0.698,1,True,reversion
oh_3916934_-8440111:c008,oh_3916934_-8440111,removed,tennis,2021,2023,0.698,1,True,reversion
oh_3927740_-8444537:c006,oh_3927740_-8444537,hybrid,tennis,2019,2021,0.698,1,True,reversion
oh_3921126_-8450752:c011,oh_3921126_-8450752,removed,tennis,2017,2019,0.699,1,True,reversion
oh_4006208_-8307043:c002,oh_4006208_-8307043,hybrid,tennis,2013,2015,0.699,1,True,reversion
oh_4010444_-8313531:c001,oh_4010444_-8313531,removed,tennis,2015,2017,0.699,1,True,reversion
oh_4012358_-8304591:c012,oh_4012358_-8304591,removed,hybrid,2019,2021,0.7,1,True,reversion
oh_3997642_-8305022:c001,oh_3997642_-8305022,pickleball,tennis,2021,2023,0.701,1,True,reversion
oh_3855592_-8271124:c005,oh_3855592_-8271124,removed,hybrid,2022,2023,0.702,1,True,reversion
oh_3980577_-8411944:c002,oh_3980577_-8411944,hybrid,tennis,2013,2015,0.702,1,True,reversion
oh_4008603_-8281487:c004,oh_4008603_-8281487,removed,tennis,2013,2015,0.702,1,True,reversion
oh_3955324_-8429837:c003,oh_3955324_-8429837,hybrid,tennis,2013,2015,0.703,1,True,reversion
oh_4017083_-8298267:c005,oh_4017083_-8298267,removed,tennis,2015,2019,0.703,1,True,reversion
oh_3915429_-8447109:c005,oh_3915429_-8447109,hybrid,tennis,2013,2015,0.705,1,True,reversion
oh_3984981_-8289389:c001,oh_3984981_-8289389,pickleball,tennis,2011,2013,0.705,1,True,reversion
oh_3934315_-8441805:c004,oh_3934315_-8441805,hybrid,tennis,2013,2015,0.706,1,True,reversion
oh_3934742_-8430554:c016,oh_3934742_-8430554,hybrid,tennis,2013,2015,0.706,1,True,reversion
oh_3935820_-8298046:c001,oh_3935820_-8298046,hybrid,tennis,2015,2017,0.706,1,True,reversion
oh_3975917_-8110813:c001,oh_3975917_-8110813,removed,tennis,2015,2017,0.706,1,True,reversion
oh_3981288_-8424984:c001,oh_3981288_-8424984,hybrid,tennis,2021,2023,0.706,1,True,reversion
oh_4007766_-8329006:c003,oh_4007766_-8329006,hybrid,tennis,2013,2015,0.706,1,True,reversion
oh_4008873_-8296827:c001,oh_4008873_-8296827,removed,tennis,2015,2017,0.706,1,True,reversion
oh_3998663_-8303472:c001,oh_3998663_-8303472,removed,pickleball,2017,2019,0.707,1,True,reversion
oh_4020139_-8302240:c008,oh_4020139_-8302240,hybrid,tennis,2013,2015,0.707,1,True,reversion
oh_3905531_-8430391:c001,oh_3905531_-8430391,removed,tennis,2016,2017,0.708,1,True,reversion
oh_3973578_-8422937:c003,oh_3973578_-8422937,hybrid,tennis,2021,2023,0.708,1,True,reversion
oh_3999462_-8294406:c002,oh_3999462_-8294406,hybrid,tennis,2013,2015,0.708,1,True,reversion
oh_3911603_-8441090:c015,oh_3911603_-8441090,hybrid,tennis,2015,2016,0.709,1,True,reversion
oh_3987508_-8309387:c002,oh_3987508_-8309387,removed,tennis,2015,2017,0.709,1,True,reversion
oh_4009521_-8306279:c002,oh_4009521_-8306279,hybrid,tennis,2015,2017,0.709,1,True,reversion
oh_3874385_-8297608:c001,oh_3874385_-8297608,hybrid,tennis,2018,2019,0.71,1,True,reversion
oh_3932508_-8455465:c002,oh_3932508_-8455465,hybrid,tennis,2013,2015,0.711,1,True,reversion
oh_3989692_-8311634:c004,oh_3989692_-8311634,hybrid,tennis,2013,2015,0.711,1,True,reversion
oh_3999375_-8390728:c003,oh_3999375_-8390728,removed,tennis,2013,2015,0.711,1,True,reversion
oh_4010195_-8314136:c001,oh_4010195_-8314136,removed,pickleball,2019,2021,0.713,4,True,reversion
oh_4029381_-8306404:c005,oh_4029381_-8306404,removed,tennis,2017,2019,0.713,1,True,reversion
oh_4040781_-8478409:c003,oh_4040781_-8478409,removed,pickleball,2017,2018,0.713,2,True,reversion
oh_3912429_-8442980:c001,oh_3912429_-8442980,hybrid,tennis,2020,2021,0.715,1,True,reversion
oh_3932508_-8455465:c005,oh_3932508_-8455465,hybrid,tennis,2013,2015,0.715,1,True,reversion
oh_4015297_-8314204:c003,oh_4015297_-8314204,removed,tennis,2015,2017,0.715,1,True,reversion
oh_4003002_-8317065:c001,oh_4003002_-8317065,removed,tennis,2015,2017,0.716,1,True,reversion
oh_3987424_-8309625:c004,oh_3987424_-8309625,removed,pickleball,2015,2021,0.717,2,True,reversion
oh_3927019_-8432558:c003,oh_3927019_-8432558,hybrid,tennis,2013,2015,0.718,1,True,reversion
oh_3934315_-8441805:c003,oh_3934315_-8441805,hybrid,tennis,2013,2015,0.718,1,True,reversion
oh_3977723_-8418023:c002,oh_3977723_-8418023,removed,pickleball,2013,2019,0.718,1,True,reversion
oh_4005071_-8287684:c007,oh_4005071_-8287684,removed,tennis,2015,2017,0.718,1,True,reversion
oh_4037061_-8247955:c004,oh_4037061_-8247955,removed,tennis,2015,2017,0.719,1,True,reversion
oh_4060497_-8066363:c002,oh_4060497_-8066363,removed,tennis,2013,2014,0.719,1,True,reversion
oh_4025227_-8300360:c001,oh_4025227_-8300360,removed,tennis,2011,2019,0.72,1,True,reversion
oh_4059430_-8152263:c002,oh_4059430_-8152263,hybrid,tennis,2013,2015,0.72,1,True,reversion
oh_3955324_-8429837:c004,oh_3955324_-8429837,hybrid,tennis,2013,2015,0.721,1,True,reversion
oh_3962352_-8323664:c001,oh_3962352_-8323664,hybrid,tennis,2021,2023,0.721,1,True,reversion
oh_3972704_-8418670:c003,oh_3972704_-8418670,hybrid,tennis,2021,2023,0.721,1,True,reversion
oh_3964692_-8413195:c001,oh_3964692_-8413195,hybrid,tennis,2013,2015,0.722,1,True,reversion
oh_3969750_-8416632:c002,oh_3969750_-8416632,hybrid,tennis,2013,2015,0.722,1,True,reversion
oh_3999375_-8390728:c002,oh_3999375_-8390728,removed,tennis,2013,2015,0.722,1,True,reversion
oh_3999375_-8390728:c006,oh_3999375_-8390728,removed,tennis,2013,2015,0.722,1,True,reversion
oh_4006686_-8282940:c006,oh_4006686_-8282940,removed,tennis,2015,2017,0.724,1,True,reversion
oh_3979832_-8269034:c001,oh_3979832_-8269034,removed,tennis,2019,2021,0.725,1,True,reversion
oh_4008124_-8314413:c002,oh_4008124_-8314413,removed,tennis,2015,2017,0.725,1,True,reversion
oh_4055631_-8455658:c004,oh_4055631_-8455658,hybrid,tennis,2013,2015,0.725,1,True,reversion
oh_4031437_-8417275:c003,oh_4031437_-8417275,hybrid,tennis,2013,2015,0.726,1,True,reversion
oh_3997157_-8294389:c003,oh_3997157_-8294389,removed,pickleball,2015,2021,0.729,2,True,reversion
oh_3976571_-8419992:c003,oh_3976571_-8419992,removed,tennis,2017,2019,0.73,1,True,reversion
oh_3992865_-8275554:c001,oh_3992865_-8275554,removed,tennis,2015,2017,0.73,1,True,reversion
oh_3906036_-8422960:c002,oh_3906036_-8422960,hybrid,tennis,2013,2015,0.731,1,True,reversion
oh_3948866_-8473374:c002,oh_3948866_-8473374,removed,tennis,2011,2013,0.731,1,True,reversion
oh_4001835_-8297495:c001,oh_4001835_-8297495,removed,tennis,2019,2021,0.732,1,True,reversion
oh_4058630_-8301277:c001,oh_4058630_-8301277,hybrid,tennis,2015,2017,0.733,1,True,reversion
oh_3914020_-8443910:c003,oh_3914020_-8443910,hybrid,tennis,2013,2015,0.734,1,True,reversion
oh_3973814_-8418411:c005,oh_3973814_-8418411,hybrid,tennis,2013,2015,0.734,1,True,reversion
oh_3995852_-8266036:c002,oh_3995852_-8266036,removed,tennis,2021,2023,0.734,1,True,reversion
oh_3915429_-8431831:c004,oh_3915429_-8431831,pickleball,tennis,2021,2023,0.735,1,True,reversion
oh_3932508_-8455465:c001,oh_3932508_-8455465,hybrid,tennis,2013,2015,0.735,1,True,reversion
oh_3950944_-8472593:c003,oh_3950944_-8472593,hybrid,tennis,2013,2015,0.735,1,True,reversion
oh_3905696_-8433418:c002,oh_3905696_-8433418,pickleball,tennis,2021,2022,0.736,1,True,reversion
oh_3967130_-8412897:c005,oh_3967130_-8412897,removed,pickleball,2021,2023,0.736,2,True,reversion
oh_4012167_-8200770:c001,oh_4012167_-8200770,removed,tennis,2015,2017,0.738,1,True,reversion
oh_4020139_-8302240:c002,oh_4020139_-8302240,hybrid,tennis,2021,2023,0.738,1,True,reversion
oh_4017083_-8298267:c007,oh_4017083_-8298267,removed,tennis,2015,2019,0.74,1,True,reversion
oh_3934891_-8427577:c002,oh_3934891_-8427577,removed,tennis,2015,2017,0.741,1,True,reversion
oh_3955534_-8439793:c003,oh_3955534_-8439793,removed,hybrid,2017,2019,0.741,1,True,reversion
oh_3969750_-8416632:c004,oh_3969750_-8416632,hybrid,tennis,2013,2015,0.741,1,True,reversion
oh_3994722_-8314854:c008,oh_3994722_-8314854,removed,tennis,2013,2015,0.741,1,True,reversion
oh_3998825_-8292418:c001,oh_3998825_-8292418,removed,tennis,2015,2017,0.741,1,True,reversion
oh_4031437_-8417275:c004,oh_4031437_-8417275,hybrid,tennis,2013,2015,0.741,1,True,reversion
oh_3928276_-8427539:c003,oh_3928276_-8427539,removed,tennis,2013,2017,0.743,1,True,reversion
oh_3967873_-8413312:c006,oh_3967873_-8413312,hybrid,tennis,2013,2015,0.744,1,True,reversion
oh_3925751_-8441934:c002,oh_3925751_-8441934,hybrid,tennis,2013,2015,0.745,1,True,reversion
oh_4036671_-8374967:c001,oh_4036671_-8374967,removed,tennis,2015,2017,0.745,1,True,reversion
oh_3934742_-8430554:c008,oh_3934742_-8430554,hybrid,tennis,2013,2015,0.746,1,True,reversion
oh_3986939_-8378006:c004,oh_3986939_-8378006,hybrid,tennis,2013,2015,0.746,1,True,reversion
oh_3995676_-8382124:c001,oh_3995676_-8382124,removed,tennis,2015,2017,0.746,1,True,reversion
oh_3902923_-8427071:c001,oh_3902923_-8427071,hybrid,tennis,2020,2021,0.749,1,True,reversion
oh_4030681_-8308177:c007,oh_4030681_-8308177,removed,tennis,2015,2017,0.749,1,True,reversion
oh_4031437_-8417275:c002,oh_4031437_-8417275,hybrid,tennis,2013,2015,0.75,1,True,reversion
oh_3927019_-8432558:c005,oh_3927019_-8432558,hybrid,tennis,2013,2015,0.751,1,True,reversion
oh_4007766_-8329006:c002,oh_4007766_-8329006,hybrid,tennis,2013,2015,0.751,1,True,reversion
oh_3995852_-8266036:c001,oh_3995852_-8266036,removed,tennis,2021,2023,0.753,1,True,reversion
oh_3906997_-8425113:c001,oh_3906997_-8425113,removed,tennis,2015,2019,0.754,1,True,reversion
oh_3910623_-8438309:c005,oh_3910623_-8438309,hybrid,tennis,2018,2019,0.754,1,True,reversion
oh_3927019_-8432558:c001,oh_3927019_-8432558,hybrid,tennis,2013,2015,0.755,1,True,reversion
oh_4011341_-8463104:c003,oh_4011341_-8463104,hybrid,tennis,2021,2023,0.755,1,True,reversion
oh_3917914_-8434401:c004,oh_3917914_-8434401,hybrid,tennis,2013,2015,0.756,1,True,reversion
oh_3927159_-8457489:c003,oh_3927159_-8457489,hybrid,tennis,2013,2015,0.756,1,True,reversion
oh_3954011_-8416712:c001,oh_3954011_-8416712,hybrid,tennis,2019,2021,0.756,1,True,reversion
oh_3968108_-8409411:c001,oh_3968108_-8409411,removed,pickleball,2021,2023,0.756,,True,reversion
oh_3979832_-8269034:c005,oh_3979832_-8269034,removed,tennis,2019,2021,0.756,1,True,reversion
oh_3874385_-8297608:c002,oh_3874385_-8297608,hybrid,tennis,2021,2022,0.757,1,True,reversion
oh_3918285_-8443055:c003,oh_3918285_-8443055,hybrid,tennis,2013,2015,0.757,1,True,reversion
oh_3941064_-8304045:c001,oh_3941064_-8304045,removed,tennis,2019,2021,0.757,1,True,reversion
oh_3952096_-8473522:c007,oh_3952096_-8473522,removed,pickleball,2015,2017,0.757,,True,reversion
oh_3951405_-8237330:c003,oh_3951405_-8237330,hybrid,tennis,2019,2021,0.758,1,True,reversion
oh_3973814_-8418411:c006,oh_3973814_-8418411,hybrid,tennis,2013,2015,0.758,1,True,reversion
oh_3972704_-8418670:c004,oh_3972704_-8418670,hybrid,tennis,2013,2015,0.759,1,True,reversion
oh_3878603_-8297074:c002,oh_3878603_-8297074,removed,pickleball,2017,2019,0.76,,True,reversion
oh_3934315_-8441805:c002,oh_3934315_-8441805,hybrid,tennis,2013,2015,0.761,1,True,reversion
oh_3973457_-8464993:c005,oh_3973457_-8464993,removed,tennis,2019,2021,0.761,1,True,reversion
oh_3996699_-8294884:c005,oh_3996699_-8294884,removed,tennis,2015,2017,0.761,1,True,reversion
oh_4004708_-8297096:c002,oh_4004708_-8297096,removed,pickleball,2013,2015,0.762,,True,reversion
oh_4007842_-8311962:c002,oh_4007842_-8311962,removed,tennis,2015,2017,0.762,1,True,reversion
oh_3969750_-8416632:c005,oh_3969750_-8416632,hybrid,tennis,2013,2015,0.763,1,True,reversion
oh_3977723_-8418023:c003,oh_3977723_-8418023,removed,pickleball,2013,2019,0.763,1,True,reversion
oh_3878603_-8297074:c001,oh_3878603_-8297074,removed,pickleball,2017,2019,0.764,,True,reversion
oh_4017858_-8306992:c001,oh_4017858_-8306992,hybrid,tennis,2021,2023,0.764,1,True,reversion
oh_3981288_-8424984:c003,oh_3981288_-8424984,hybrid,tennis,2013,2015,0.767,1,True,reversion
oh_4031437_-8417275:c001,oh_4031437_-8417275,hybrid,tennis,2013,2015,0.767,1,True,reversion
oh_3921126_-8450752:c008,oh_3921126_-8450752,removed,tennis,2017,2019,0.768,1,True,reversion
oh_3928276_-8427539:c002,oh_3928276_-8427539,removed,tennis,2013,2017,0.768,1,True,reversion
oh_3953800_-8163908:c001,oh_3953800_-8163908,removed,tennis,2013,2015,0.768,1,True,reversion
oh_3946636_-8147286:c001,oh_3946636_-8147286,removed,tennis,2017,2019,0.769,1,True,reversion
oh_4036916_-8239076:c002,oh_4036916_-8239076,hybrid,tennis,2013,2015,0.769,1,True,reversion
oh_4006720_-8284291:c004,oh_4006720_-8284291,hybrid,tennis,2013,2015,0.77,1,True,reversion
oh_3913401_-8446908:c004,oh_3913401_-8446908,hybrid,tennis,2013,2015,0.771,1,True,reversion
oh_3927740_-8444537:c006,oh_3927740_-8444537,hybrid,tennis,2013,2015,0.771,1,True,reversion
oh_3900831_-8388296:c001,oh_3900831_-8388296,hybrid,tennis,2013,2015,0.773,1,True,reversion
oh_4038470_-8247401:c002,oh_4038470_-8247401,hybrid,tennis,2013,2015,0.773,1,True,reversion
oh_4055479_-8283008:c004,oh_4055479_-8283008,hybrid,tennis,2021,2023,0.773,1,True,reversion
oh_4036916_-8239076:c009,oh_4036916_-8239076,hybrid,tennis,2013,2015,0.774,1,True,reversion
oh_3910623_-8438309:c004,oh_3910623_-8438309,hybrid,tennis,2018,2019,0.776,1,True,reversion
oh_3926762_-8470841:c001,oh_3926762_-8470841,removed,hybrid,2015,2019,0.776,1,True,reversion
oh_3874385_-8297608:c002,oh_3874385_-8297608,hybrid,tennis,2018,2019,0.777,1,True,reversion
oh_3918015_-8433149:c006,oh_3918015_-8433149,hybrid,tennis,2013,2015,0.777,1,True,reversion
oh_3986858_-8304896:c001,oh_3986858_-8304896,removed,hybrid,2015,2017,0.779,1,True,reversion
oh_4005713_-8304124:c001,oh_4005713_-8304124,removed,tennis,2015,2017,0.78,1,True,reversion
oh_3975917_-8110813:c002,oh_3975917_-8110813,removed,tennis,2015,2017,0.781,1,True,reversion
oh_4005911_-8251706:c004,oh_4005911_-8251706,removed,pickleball,2017,2019,0.781,,True,reversion
oh_4014002_-8315442:c007,oh_4014002_-8315442,removed,tennis,2015,2017,0.781,1,True,reversion
oh_3979832_-8269034:c002,oh_3979832_-8269034,removed,tennis,2019,2021,0.782,1,True,reversion
oh_3984494_-8421336:c003,oh_3984494_-8421336,hybrid,tennis,2011,2015,0.782,1,True,reversion
oh_3923302_-8460472:c005,oh_3923302_-8460472,hybrid,tennis,2013,2015,0.783,1,True,reversion
oh_3939490_-8451745:c002,oh_3939490_-8451745,removed,tennis,2011,2013,0.786,1,True,reversion
oh_4036916_-8239076:c004,oh_4036916_-8239076,hybrid,tennis,2013,2015,0.786,1,True,reversion
oh_3914599_-8439976:c001,oh_3914599_-8439976,hybrid,tennis,2013,2015,0.787,1,True,reversion
oh_3969750_-8416632:c006,oh_3969750_-8416632,hybrid,tennis,2013,2015,0.787,1,True,reversion
oh_3987508_-8309387:c001,oh_3987508_-8309387,removed,tennis,2015,2017,0.787,1,True,reversion
oh_4015701_-8310016:c004,oh_4015701_-8310016,removed,pickleball,2013,2015,0.787,,True,reversion
oh_3999462_-8294406:c005,oh_3999462_-8294406,hybrid,tennis,2013,2015,0.788,1,True,reversion
oh_4025227_-8300360:c003,oh_4025227_-8300360,removed,tennis,2011,2019,0.788,1,True,reversion
oh_3917402_-8474933:c003,oh_3917402_-8474933,hybrid,tennis,2018,2019,0.789,1,True,reversion
oh_3938541_-8457297:c005,oh_3938541_-8457297,hybrid,tennis,2013,2015,0.789,1,True,reversion
oh_3966521_-8420243:c001,oh_3966521_-8420243,hybrid,tennis,2013,2015,0.789,1,True,reversion
oh_4048702_-8463740:c002,oh_4048702_-8463740,hybrid,tennis,2021,2023,0.79,1,True,reversion
oh_3979832_-8269034:c003,oh_3979832_-8269034,removed,tennis,2019,2021,0.792,1,True,reversion
oh_4037061_-8247955:c003,oh_4037061_-8247955,removed,tennis,2015,2017,0.792,1,True,reversion
oh_3904966_-8434988:c004,oh_3904966_-8434988,hybrid,tennis,2013,2015,0.793,1,True,reversion
oh_3970212_-8394022:c002,oh_3970212_-8394022,hybrid,tennis,2013,2015,0.794,1,True,reversion
oh_3914206_-8435502:c001,oh_3914206_-8435502,removed,hybrid,2017,2019,0.795,1,True,reversion
oh_3948866_-8473374:c005,oh_3948866_-8473374,removed,tennis,2011,2013,0.795,1,True,reversion
oh_3978546_-8420199:c008,oh_3978546_-8420199,hybrid,tennis,2013,2015,0.796,1,True,reversion
oh_3993341_-8309245:c008,oh_3993341_-8309245,removed,tennis,2015,2017,0.796,1,True,reversion
oh_3918634_-8433139:c001,oh_3918634_-8433139,removed,tennis,2011,2013,0.798,1,True,reversion
oh_3927159_-8457489:c001,oh_3927159_-8457489,hybrid,tennis,2013,2015,0.798,1,True,reversion
oh_3991480_-8380788:c001,oh_3991480_-8380788,removed,tennis,2013,2017,0.798,1,True,reversion
oh_4008676_-8286758:c001,oh_4008676_-8286758,hybrid,tennis,2015,2017,0.798,1,True,reversion
oh_3921126_-8450752:c001,oh_3921126_-8450752,removed,tennis,2017,2019,0.799,1,True,reversion
oh_4015629_-8309838:c001,oh_4015629_-8309838,removed,tennis,2015,2017,0.8,1,True,reversion
oh_3921126_-8450752:c009,oh_3921126_-8450752,removed,tennis,2017,2019,0.802,1,True,reversion
oh_3959960_-8413198:c001,oh_3959960_-8413198,hybrid,tennis,2013,2015,0.802,1,True,reversion
oh_3888228_-8390146:c003,oh_3888228_-8390146,hybrid,tennis,2013,2015,0.803,1,True,reversion
oh_3987424_-8309625:c003,oh_3987424_-8309625,removed,pickleball,2015,2021,0.803,1,True,reversion
oh_3988842_-8310357:c001,oh_3988842_-8310357,removed,pickleball,2021,2023,0.803,1,True,reversion
oh_3936112_-8422262:c002,oh_3936112_-8422262,hybrid,tennis,2013,2015,0.804,1,True,reversion
oh_3955895_-8285340:c002,oh_3955895_-8285340,removed,tennis,2011,2015,0.804,1,True,reversion
oh_3928140_-8434140:c002,oh_3928140_-8434140,hybrid,tennis,2013,2015,0.806,1,True,reversion
oh_3932113_-8209757:c004,oh_3932113_-8209757,removed,tennis,2015,2017,0.806,1,True,reversion
oh_4030029_-8307924:c002,oh_4030029_-8307924,removed,tennis,2015,2017,0.806,1,True,reversion
oh_3993341_-8309245:c001,oh_3993341_-8309245,removed,tennis,2015,2017,0.807,1,True,reversion
oh_3993341_-8309245:c003,oh_3993341_-8309245,removed,tennis,2015,2017,0.807,1,True,reversion
oh_4009151_-8306813:c001,oh_4009151_-8306813,removed,tennis,2019,2021,0.807,1,True,reversion
oh_4015308_-8307285:c004,oh_4015308_-8307285,removed,tennis,2015,2017,0.807,1,True,reversion
oh_3973457_-8464993:c006,oh_3973457_-8464993,removed,tennis,2019,2021,0.808,1,True,reversion
oh_4006028_-8280585:c001,oh_4006028_-8280585,removed,tennis,2015,2017,0.81,1,True,reversion
oh_3921126_-8450752:c004,oh_3921126_-8450752,removed,tennis,2017,2019,0.811,1,True,reversion
oh_3931698_-8457242:c001,oh_3931698_-8457242,removed,pickleball,2021,2023,0.811,2,True,reversion
oh_3981288_-8424984:c002,oh_3981288_-8424984,hybrid,tennis,2021,2023,0.811,1,True,reversion
oh_3932516_-8434071:c001,oh_3932516_-8434071,hybrid,tennis,2013,2015,0.812,1,True,reversion
oh_3923302_-8460472:c003,oh_3923302_-8460472,hybrid,tennis,2013,2015,0.813,1,True,reversion
oh_3934742_-8430554:c003,oh_3934742_-8430554,hybrid,tennis,2013,2015,0.813,1,True,reversion
oh_3989692_-8311634:c008,oh_3989692_-8311634,hybrid,tennis,2021,2023,0.816,1,True,reversion
oh_3986939_-8378006:c002,oh_3986939_-8378006,hybrid,tennis,2013,2015,0.817,1,True,reversion
oh_3908769_-8332067:c001,oh_3908769_-8332067,removed,tennis,2013,2015,0.819,1,True,reversion
oh_4011341_-8463104:c006,oh_4011341_-8463104,hybrid,tennis,2021,2023,0.819,1,True,reversion
oh_3927159_-8457489:c004,oh_3927159_-8457489,hybrid,tennis,2013,2015,0.82,1,True,reversion
oh_3986939_-8378006:c001,oh_3986939_-8378006,hybrid,tennis,2013,2015,0.822,1,True,reversion
oh_3906036_-8422960:c001,oh_3906036_-8422960,hybrid,tennis,2021,2023,0.823,1,True,reversion
oh_3919853_-8424768:c001,oh_3919853_-8424768,hybrid,tennis,2013,2015,0.823,1,True,reversion
oh_3923302_-8460472:c004,oh_3923302_-8460472,hybrid,tennis,2013,2015,0.823,1,True,reversion
oh_3920498_-8186384:c001,oh_3920498_-8186384,removed,tennis,2015,2017,0.825,1,True,reversion
oh_3873055_-8298839:c002,oh_3873055_-8298839,hybrid,tennis,2020,2021,0.826,1,True,reversion
oh_4015701_-8310016:c008,oh_4015701_-8310016,pickleball,tennis,2017,2023,0.826,1,True,reversion
oh_3914599_-8439976:c003,oh_3914599_-8439976,hybrid,tennis,2013,2015,0.828,1,True,reversion
oh_3935354_-8426634:c002,oh_3935354_-8426634,hybrid,tennis,2013,2015,0.829,1,True,reversion
oh_4010890_-8281468:c002,oh_4010890_-8281468,removed,pickleball,2019,2021,0.831,1,True,reversion
oh_3996324_-8434766:c003,oh_3996324_-8434766,removed,tennis,2011,2013,0.833,1,True,reversion
oh_3948866_-8473374:c004,oh_3948866_-8473374,removed,tennis,2011,2013,0.835,1,True,reversion
oh_3931610_-8442143:c001,oh_3931610_-8442143,removed,tennis,2015,2017,0.836,1,True,reversion
oh_3984494_-8421336:c001,oh_3984494_-8421336,hybrid,tennis,2013,2015,0.836,1,True,reversion
oh_4003002_-8304705:c015,oh_4003002_-8304705,removed,tennis,2015,2017,0.836,1,True,reversion
oh_4036916_-8239076:c001,oh_4036916_-8239076,hybrid,tennis,2013,2015,0.836,1,True,reversion
oh_3957488_-8422330:c002,oh_3957488_-8422330,hybrid,tennis,2013,2015,0.837,1,True,reversion
oh_3981288_-8424984:c001,oh_3981288_-8424984,hybrid,tennis,2013,2015,0.837,1,True,reversion
oh_3913401_-8446908:c007,oh_3913401_-8446908,hybrid,tennis,2013,2015,0.838,1,True,reversion
oh_3940961_-8421241:c005,oh_3940961_-8421241,hybrid,tennis,2013,2015,0.838,1,True,reversion
oh_3991480_-8380788:c002,oh_3991480_-8380788,removed,tennis,2013,2017,0.84,1,True,reversion
oh_4004708_-8297096:c001,oh_4004708_-8297096,removed,pickleball,2013,2015,0.84,,True,reversion
oh_3938895_-8443615:c002,oh_3938895_-8443615,hybrid,tennis,2013,2015,0.841,1,True,reversion
oh_3916934_-8440111:c007,oh_3916934_-8440111,removed,tennis,2021,2023,0.843,1,True,reversion
oh_3918285_-8443055:c001,oh_3918285_-8443055,hybrid,tennis,2013,2015,0.843,1,True,reversion
oh_3924379_-8440534:c002,oh_3924379_-8440534,hybrid,tennis,2013,2015,0.843,1,True,reversion
oh_4016447_-8420297:c006,oh_4016447_-8420297,hybrid,tennis,2013,2015,0.843,1,True,reversion
oh_3873055_-8298839:c004,oh_3873055_-8298839,hybrid,tennis,2020,2021,0.845,1,True,reversion
oh_3922788_-8451047:c002,oh_3922788_-8451047,hybrid,tennis,2013,2015,0.846,1,True,reversion
oh_3970212_-8394022:c003,oh_3970212_-8394022,hybrid,tennis,2013,2015,0.846,1,True,reversion
oh_3936112_-8422262:c004,oh_3936112_-8422262,hybrid,tennis,2013,2015,0.847,1,True,reversion
oh_3981288_-8424984:c003,oh_3981288_-8424984,hybrid,tennis,2021,2023,0.847,1,True,reversion
oh_3927159_-8457489:c005,oh_3927159_-8457489,hybrid,tennis,2013,2015,0.85,1,True,reversion
oh_3984494_-8421336:c006,oh_3984494_-8421336,hybrid,tennis,2013,2015,0.85,1,True,reversion
oh_3918508_-8438883:c003,oh_3918508_-8438883,hybrid,tennis,2013,2015,0.852,1,True,reversion
oh_3964692_-8413195:c002,oh_3964692_-8413195,hybrid,tennis,2013,2015,0.852,1,True,reversion
oh_4011341_-8463104:c005,oh_4011341_-8463104,hybrid,tennis,2021,2023,0.852,1,True,reversion
oh_3934742_-8430554:c001,oh_3934742_-8430554,hybrid,tennis,2013,2015,0.853,1,True,reversion
oh_3993950_-8368158:c003,oh_3993950_-8368158,hybrid,tennis,2013,2015,0.854,1,True,reversion
oh_3935852_-8446547:c002,oh_3935852_-8446547,hybrid,tennis,2013,2015,0.855,1,True,reversion
oh_3993341_-8309245:c007,oh_3993341_-8309245,removed,tennis,2015,2017,0.855,1,True,reversion
oh_3927740_-8444537:c007,oh_3927740_-8444537,hybrid,tennis,2013,2015,0.856,1,True,reversion
oh_4010195_-8314136:c002,oh_4010195_-8314136,removed,pickleball,2019,2021,0.856,4,True,reversion
oh_3921126_-8450752:c003,oh_3921126_-8450752,removed,tennis,2017,2019,0.857,1,True,reversion
oh_3925918_-8481040:c004,oh_3925918_-8481040,removed,pickleball,2018,2019,0.857,1,True,reversion
oh_3951405_-8237330:c001,oh_3951405_-8237330,hybrid,tennis,2019,2021,0.857,1,True,reversion
oh_3992765_-8313462:c001,oh_3992765_-8313462,hybrid,tennis,2013,2015,0.857,1,True,reversion
oh_3952096_-8473522:c005,oh_3952096_-8473522,hybrid,tennis,2011,2017,0.858,1,True,reversion
oh_3987508_-8309387:c004,oh_3987508_-8309387,removed,tennis,2015,2017,0.858,1,True,reversion
oh_3906036_-8422960:c001,oh_3906036_-8422960,hybrid,tennis,2013,2015,0.859,1,True,reversion
oh_4008603_-8281487:c007,oh_4008603_-8281487,removed,tennis,2013,2015,0.86,1,True,reversion
oh_4020139_-8302240:c003,oh_4020139_-8302240,hybrid,tennis,2013,2015,0.861,1,True,reversion
oh_4037061_-8247955:c001,oh_4037061_-8247955,removed,tennis,2015,2017,0.862,1,True,reversion
oh_3912297_-8434477:c002,oh_3912297_-8434477,hybrid,tennis,2013,2015,0.864,1,True,reversion
oh_3999375_-8390728:c001,oh_3999375_-8390728,removed,tennis,2011,2015,0.864,1,True,reversion
oh_3914599_-8439976:c002,oh_3914599_-8439976,hybrid,tennis,2013,2015,0.866,1,True,reversion
oh_3917342_-8435595:c001,oh_3917342_-8435595,hybrid,tennis,2013,2015,0.866,1,True,reversion
oh_3993341_-8309245:c005,oh_3993341_-8309245,removed,tennis,2015,2017,0.866,1,True,reversion
oh_4059430_-8152263:c001,oh_4059430_-8152263,hybrid,tennis,2013,2015,0.866,1,True,reversion
oh_3852671_-8266865:c004,oh_3852671_-8266865,hybrid,tennis,2013,2014,0.867,1,True,reversion
oh_3928276_-8427539:c001,oh_3928276_-8427539,removed,tennis,2013,2017,0.868,1,True,reversion
oh_3936112_-8422262:c001,oh_3936112_-8422262,hybrid,tennis,2013,2015,0.868,1,True,reversion
oh_3918015_-8433149:c002,oh_3918015_-8433149,hybrid,tennis,2013,2015,0.869,1,True,reversion
oh_4049460_-8288394:c001,oh_4049460_-8288394,hybrid,tennis,2013,2015,0.87,1,True,reversion
oh_3921126_-8450752:c012,oh_3921126_-8450752,removed,tennis,2017,2019,0.872,1,True,reversion
oh_3938895_-8443615:c003,oh_3938895_-8443615,hybrid,tennis,2013,2015,0.872,1,True,reversion
oh_3962514_-8412076:c002,oh_3962514_-8412076,hybrid,tennis,2013,2015,0.872,1,True,reversion
oh_4055631_-8455658:c005,oh_4055631_-8455658,hybrid,tennis,2013,2015,0.877,1,True,reversion
oh_3984494_-8421336:c005,oh_3984494_-8421336,hybrid,tennis,2013,2015,0.878,1,True,reversion
oh_3991480_-8380788:c003,oh_3991480_-8380788,removed,tennis,2013,2017,0.878,1,True,reversion
oh_3994880_-8379260:c003,oh_3994880_-8379260,hybrid,tennis,2021,2023,0.878,1,True,reversion
oh_4003002_-8304705:c016,oh_4003002_-8304705,removed,tennis,2015,2017,0.878,1,True,reversion
oh_3952324_-8435119:c005,oh_3952324_-8435119,hybrid,tennis,2013,2015,0.879,1,True,reversion
oh_4037061_-8247955:c002,oh_4037061_-8247955,removed,tennis,2015,2017,0.881,1,True,reversion
oh_3991480_-8380788:c004,oh_3991480_-8380788,removed,tennis,2013,2017,0.882,1,True,reversion
oh_4015629_-8309838:c005,oh_4015629_-8309838,removed,tennis,2015,2017,0.882,1,True,reversion
oh_3923302_-8460472:c001,oh_3923302_-8460472,hybrid,tennis,2013,2015,0.883,1,True,reversion
oh_3965642_-8410117:c002,oh_3965642_-8410117,hybrid,tennis,2013,2015,0.883,1,True,reversion
oh_4020139_-8302240:c002,oh_4020139_-8302240,hybrid,tennis,2013,2015,0.883,1,True,reversion
oh_3925918_-8481040:c003,oh_3925918_-8481040,removed,pickleball,2018,2019,0.885,1,True,reversion
oh_3906389_-8435838:c001,oh_3906389_-8435838,hybrid,tennis,2013,2014,0.886,1,True,reversion
oh_3915429_-8447109:c006,oh_3915429_-8447109,hybrid,tennis,2013,2015,0.886,1,True,reversion
oh_3930598_-8459923:c001,oh_3930598_-8459923,hybrid,tennis,2013,2015,0.886,1,True,reversion
oh_3979832_-8269034:c004,oh_3979832_-8269034,removed,tennis,2019,2021,0.886,1,True,reversion
oh_3989692_-8311634:c005,oh_3989692_-8311634,hybrid,tennis,2021,2023,0.886,1,True,reversion
oh_3918015_-8433149:c001,oh_3918015_-8433149,hybrid,tennis,2013,2015,0.887,1,True,reversion
oh_3937812_-8434674:c005,oh_3937812_-8434674,hybrid,tennis,2013,2015,0.887,1,True,reversion
oh_3930435_-8456228:c001,oh_3930435_-8456228,hybrid,tennis,2013,2015,0.888,1,True,reversion
oh_3931603_-8431550:c001,oh_3931603_-8431550,hybrid,tennis,2013,2017,0.888,1,True,reversion
oh_3996527_-8419561:c001,oh_3996527_-8419561,hybrid,tennis,2019,2021,0.89,1,True,reversion
oh_3918015_-8433149:c005,oh_3918015_-8433149,hybrid,tennis,2013,2015,0.891,1,True,reversion
oh_3918901_-8459899:c001,oh_3918901_-8459899,hybrid,tennis,2013,2015,0.891,1,True,reversion
oh_3972079_-8403198:c004,oh_3972079_-8403198,hybrid,tennis,2013,2015,0.892,1,True,reversion
oh_3917258_-8420321:c001,oh_3917258_-8420321,removed,pickleball,2021,2023,0.895,1,True,reversion
oh_3931623_-8428146:c001,oh_3931623_-8428146,hybrid,tennis,2013,2015,0.895,1,True,reversion
oh_3921126_-8450752:c005,oh_3921126_-8450752,removed,tennis,2017,2019,0.896,1,True,reversion
oh_3972079_-8403198:c001,oh_3972079_-8403198,hybrid,tennis,2013,2015,0.897,1,True,reversion
oh_3935063_-8445656:c001,oh_3935063_-8445656,hybrid,tennis,2013,2015,0.899,1,True,reversion
oh_3914599_-8439976:c004,oh_3914599_-8439976,hybrid,tennis,2013,2015,0.903,1,True,reversion
oh_3935354_-8426634:c001,oh_3935354_-8426634,hybrid,tennis,2013,2015,0.903,1,True,reversion
oh_3957488_-8422330:c001,oh_3957488_-8422330,hybrid,tennis,2013,2015,0.903,1,True,reversion
oh_3994880_-8379260:c005,oh_3994880_-8379260,hybrid,tennis,2021,2023,0.904,1,True,reversion
oh_3917258_-8420321:c002,oh_3917258_-8420321,removed,pickleball,2021,2023,0.905,1,True,reversion
oh_3954011_-8416712:c001,oh_3954011_-8416712,hybrid,tennis,2013,2015,0.907,1,True,reversion
oh_3921126_-8450752:c002,oh_3921126_-8450752,removed,tennis,2017,2019,0.908,1,True,reversion
oh_3954011_-8416712:c002,oh_3954011_-8416712,hybrid,tennis,2013,2015,0.908,1,True,reversion
oh_3969391_-8402334:c001,oh_3969391_-8402334,hybrid,tennis,2013,2015,0.908,1,True,reversion
oh_3993341_-8309245:c002,oh_3993341_-8309245,removed,tennis,2015,2017,0.908,1,True,reversion
oh_3928140_-8434140:c001,oh_3928140_-8434140,hybrid,tennis,2013,2015,0.91,1,True,reversion
oh_3938895_-8443615:c001,oh_3938895_-8443615,hybrid,tennis,2013,2015,0.911,1,True,reversion
oh_3996527_-8419561:c001,oh_3996527_-8419561,hybrid,tennis,2013,2015,0.911,1,True,reversion
oh_4008603_-8281487:c008,oh_4008603_-8281487,removed,tennis,2013,2015,0.911,1,True,reversion
oh_3991480_-8380788:c005,oh_3991480_-8380788,removed,tennis,2013,2017,0.912,1,True,reversion
oh_4047459_-8417085:c001,oh_4047459_-8417085,hybrid,tennis,2013,2015,0.913,1,True,reversion
oh_3993341_-8309245:c006,oh_3993341_-8309245,removed,tennis,2015,2017,0.914,1,True,reversion
oh_3993341_-8309245:c004,oh_3993341_-8309245,removed,tennis,2015,2017,0.916,1,True,reversion
oh_3965829_-8245295:c002,oh_3965829_-8245295,removed,tennis,2015,2017,0.919,1,True,reversion
oh_3915846_-8435136:c001,oh_3915846_-8435136,hybrid,tennis,2013,2015,0.921,1,True,reversion
oh_3926344_-8432088:c004,oh_3926344_-8432088,hybrid,tennis,2013,2015,0.921,1,True,reversion
oh_3932508_-8455465:c004,oh_3932508_-8455465,hybrid,tennis,2013,2015,0.921,1,True,reversion
oh_3965536_-8425662:c001,oh_3965536_-8425662,hybrid,tennis,2013,2015,0.921,1,True,reversion
oh_3924100_-8440516:c001,oh_3924100_-8440516,hybrid,tennis,2013,2015,0.924,1,True,reversion
oh_3914206_-8435502:c001,oh_3914206_-8435502,hybrid,tennis,2013,2015,0.926,1,True,reversion
oh_3957415_-8421539:c002,oh_3957415_-8421539,hybrid,tennis,2013,2015,0.926,1,True,reversion
oh_3904966_-8434988:c002,oh_3904966_-8434988,hybrid,tennis,2013,2014,0.927,1,True,reversion
oh_3931603_-8427097:c001,oh_3931603_-8427097,hybrid,tennis,2013,2015,0.928,1,True,reversion
oh_3924864_-8434566:c002,oh_3924864_-8434566,hybrid,tennis,2013,2015,0.932,1,True,reversion
oh_3921126_-8450752:c010,oh_3921126_-8450752,removed,tennis,2017,2019,0.934,1,True,reversion
oh_3996527_-8419561:c002,oh_3996527_-8419561,hybrid,tennis,2013,2015,0.935,1,True,reversion
oh_3984494_-8421336:c004,oh_3984494_-8421336,hybrid,tennis,2013,2015,0.936,1,True,reversion
oh_3962178_-8419758:c001,oh_3962178_-8419758,hybrid,tennis,2013,2015,0.937,1,True,reversion
oh_3918015_-8433149:c004,oh_3918015_-8433149,hybrid,tennis,2013,2015,0.939,1,True,reversion
oh_3902923_-8427071:c002,oh_3902923_-8427071,hybrid,tennis,2013,2014,0.94,1,True,reversion
oh_3995959_-8288866:c001,oh_3995959_-8288866,hybrid,tennis,2013,2015,0.941,1,True,reversion
oh_3926344_-8432088:c003,oh_3926344_-8432088,hybrid,tennis,2013,2015,0.943,1,True,reversion
oh_3904966_-8434988:c003,oh_3904966_-8434988,hybrid,tennis,2013,2014,0.944,1,True,reversion
oh_3931623_-8428146:c002,oh_3931623_-8428146,hybrid,tennis,2013,2015,0.944,1,True,reversion
oh_3954543_-8422264:c001,oh_3954543_-8422264,hybrid,tennis,2013,2015,0.945,1,True,reversion
oh_3925746_-8436127:c001,oh_3925746_-8436127,hybrid,tennis,2013,2015,0.947,1,True,reversion
oh_4008603_-8281487:c010,oh_4008603_-8281487,removed,tennis,2013,2015,0.947,1,True,reversion
oh_3926344_-8432088:c002,oh_3926344_-8432088,hybrid,tennis,2013,2015,0.948,1,True,reversion
oh_3918285_-8443055:c002,oh_3918285_-8443055,hybrid,tennis,2013,2015,0.953,1,True,reversion
oh_3921126_-8450752:c007,oh_3921126_-8450752,removed,tennis,2017,2019,0.953,1,True,reversion
oh_3932842_-8427875:c002,oh_3932842_-8427875,hybrid,tennis,2013,2015,0.955,1,True,reversion
oh_4008603_-8281487:c009,oh_4008603_-8281487,removed,tennis,2013,2015,0.958,1,True,reversion
oh_3918015_-8433149:c007,oh_3918015_-8433149,hybrid,tennis,2013,2015,0.962,1,True,reversion
oh_3969391_-8402334:c002,oh_3969391_-8402334,hybrid,tennis,2013,2015,0.968,1,True,reversion
oh_3918680_-8431954:c001,oh_3918680_-8431954,hybrid,tennis,2013,2015,0.975,1,True,reversion
